연도,월,시도 명,시군구 명,읍면동 명,동리 명,측정소 명,수온,수소이온농도,용존산소,생화학적 산소요구량,화학적 산소요구량,부유물질,총질소,총인
2010,01,전라북도,익산시,망성면,무형리,마산천,4.0,8.7,15.2,4.2,8.7,11.3,8.143,0.508
2010,01,전라북도,부안군,동진면,하장리,고부천2,1.0,7.3,13.7,7.0,16.6,27.2,12.564,0.283
2010,01,전라북도,부안군,동진면,하장리,고부천3,2.0,7.3,14.1,3.8,11.6,29.7,10.823,0.275
2010,01,전라북도,정읍시,영원면,앵성리,고부천1,2.0,7.5,13.3,9.1,12.4,17.2,9.256,0.232
2010,01,전라북도,김제시,부량면,옥정리,동진강3,2.8,7.5,13.7,2.9,9.7,17.3,7.767,0.284
2010,01,전라북도,정읍시,신태인읍,,동진강2,3.0,7.5,14.7,2.5,6.2,5.3,3.561,0.063
2010,01,전라북도,정읍시,옹동면,산성리,동진강1,4.0,7.5,14.0,0.7,2.5,0.5,1.850,0.029
2010,01,전라북도,김제시,죽산면,대창리,원평천3,3.0,8.0,12.9,5.6,11.5,47.2,8.090,0.278
2010,01,전라북도,김제시,봉남면,용신리,원평천1,2.0,7.8,16.0,4.3,7.8,13.1,5.790,0.062
2010,01,전라북도,김제시,죽산면,죽산리,원평천2,3.0,7.5,12.7,3.8,9.7,8.3,4.961,0.157
2010,01,전라북도,정읍시,공평동,,정읍천3,1.0,7.6,12.3,2.2,3.8,1.4,3.488,0.015
2010,01,전라북도,정읍시,송산동,,정읍천1,2.0,7.9,13.1,1.0,1.8,2.7,2.291,0.004
2010,01,전라북도,정읍시,연지동,,정읍천2,3.0,7.8,14.1,1.1,1.9,0.3,3.707,0.009
2010,01,전라북도,정읍시,이평면,하송리,정읍천4,3.3,7.3,12.5,5.0,13.8,26.2,8.528,0.410
2010,01,전라북도,정읍시,하모동,,천원천,2.0,7.6,13.4,3.0,5.5,1.7,3.876,0.020
2010,01,전라북도,완주군,삼례읍,,삼례,8.5,7.3,10.9,7.9,16.5,9.7,10.062,0.429
2010,01,전라북도,군산시,대야면,광교리,탑천,2.3,7.6,12.9,3.5,9.8,15.5,9.495,0.403
2010,01,전라북도,김제시,백구면,백구리,김제,4.8,7.6,10.9,8.8,18.6,16.5,10.300,0.824
2010,01,전라북도,전주시완산구,서신동,,삼천3,3.0,7.7,13.1,4.0,6.3,4.2,3.968,0.123
2010,01,전라북도,전주시완산구,평화동3가,,삼천1,4.0,7.6,13.2,2.4,3.8,3.6,2.297,0.039
2010,01,전라북도,전주시완산구,효자동2가,,삼천2,3.0,7.7,14.5,4.3,7.2,9.8,3.719,0.116
2010,01,전라북도,완주군,소양면,황운리,소양천1,4.0,7.9,13.9,1.0,1.8,0.6,3.790,0.010
2010,01,전라북도,완주군,용진읍,상운리,소양천2,3.0,8.2,14.8,1.8,3.2,1.9,6.977,0.021
2010,01,전라북도,익산시,춘포면,용연리,익산천3,3.5,7.7,4.0,160.1,93.2,87.9,78.148,3.990
2010,01,전라북도,전주시덕진구,고랑동,,전주천7,10.7,6.9,4.6,6.4,24.5,11.4,9.776,0.683
2010,01,전라북도,전주시덕진구,전미동1가,,전주,4.0,7.6,14.1,2.4,4.1,5.5,4.763,0.065
2010,01,전라북도,전주시완산구,대성동,,전주천1,4.0,7.9,15.0,0.7,1.2,0.2,2.510,0.026
2010,01,전라북도,완주군,고산면,읍내리,고산,3.0,7.7,14.3,0.4,2.5,0.7,1.513,0.010
2010,01,전라북도,무주군,무주읍,대차리,무주남대천2,3.0,7.4,15.6,1.2,2.6,0.1,3.539,0.052
2010,01,전라북도,무주군,무주읍,읍내리,무주남대천1,3.0,7.5,14.7,0.8,3.1,0.9,3.055,0.015
2010,01,전라북도,부안군,상서면,청림리,백천내,5.0,6.7,9.8,0.4,0.9,1.2,1.520,0.005
2010,01,전라북도,진안군,진안읍,운산리,진안천,7.0,7.7,7.9,1.5,3.3,2.4,3.646,0.136
2010,01,전라북도,진안군,진안읍,가막리,가막,0.0,7.5,15.1,0.8,2.5,0.6,4.479,0.010
2010,01,전라북도,무주군,무주읍,용포리,용포,3.0,7.6,14.9,1.1,4.2,1.6,1.444,0.009
2010,01,전라북도,진안군,용담면,송풍리,용담,5.0,7.5,12.6,0.8,3.0,2.5,1.460,0.010
2010,01,전라북도,남원시,운봉읍,,람천2,2.0,7.7,14.4,1.0,3.5,1.6,1.936,0.014
2010,01,전라북도,남원시,인월면,중군리,람천1,3.0,7.9,14.9,2.1,4.4,3.5,3.158,0.034
2010,01,전라북도,임실군,관촌면,방수리,관촌,3.5,7.2,14.0,1.0,2.0,1.8,2.545,0.006
2010,01,전라북도,임실군,운암면,학암리,운암,2.0,8.1,16.3,2.6,5.5,5.8,1.279,0.025
2010,01,전라북도,정읍시,산내면,매죽리,추령천,3.0,7.1,13.8,0.7,2.1,0.7,3.343,0.011
2010,01,전라북도,임실군,강진면,용수리,임실,4.0,7.4,13.9,1.0,3.8,0.9,1.813,0.010
2010,01,전라북도,순창군,동계면,구미리,동계,1.0,8.0,16.0,0.5,3.0,0.2,1.567,0.014
2010,01,전라북도,순창군,적성면,고원리,적성,2.8,8.2,17.1,0.8,2.9,1.9,1.936,0.021
2010,01,전라북도,남원시,금지면,귀석리,남원,2.0,8.6,17.6,0.7,4.6,0.6,1.788,0.015
2010,01,전라북도,남원시,대강면,월탄리,대강,3.0,7.7,13.3,1.5,4.1,2.7,2.406,0.032
2010,01,전라북도,순창군,동계면,서호리,오수천2,3.0,8.0,13.5,1.2,3.3,4.4,1.964,0.017
2010,01,전라북도,남원시,산동면,월석리,요천1,3.0,7.3,13.9,0.7,2.3,4.6,2.048,0.006
2010,01,전라북도,남원시,금지면,창산리,요천2,2.0,8.2,16.7,1.0,5.3,1.9,4.450,0.235
2010,01,전라북도,남원시,송동면,세전리,요천3,4.5,8.2,13.9,1.6,4.6,3.9,3.817,0.138
2010,01,전라북도,고창군,아산면,구암리,주진천1,2.0,7.8,17.7,1.2,4.5,2.4,4.682,0.154
2010,01,전라북도,고창군,아산면,반암리,주진천2,3.0,8.2,17.1,1.2,5.2,3.2,4.656,0.162
2010,02,전라북도,익산시,망성면,무형리,마산천,7.0,8.3,13.4,3.6,7.1,11.7,5.445,0.369
2010,02,전라북도,부안군,동진면,하장리,고부천2,3.0,7.5,14.5,3.0,9.5,18.1,7.229,0.304
2010,02,전라북도,부안군,동진면,하장리,고부천3,5.7,6.8,11.3,4.5,11.5,99.3,12.673,0.358
2010,02,전라북도,정읍시,영원면,앵성리,고부천1,4.0,7.6,14.3,2.2,8.5,10.9,6.753,0.160
2010,02,전라북도,김제시,부량면,옥정리,동진강3,6.0,7.5,12.7,3.0,8.7,38.4,11.057,0.247
2010,02,전라북도,정읍시,신태인읍,,동진강2,5.0,7.6,13.9,1.5,3.7,9.0,4.592,0.105
2010,02,전라북도,정읍시,옹동면,산성리,동진강1,7.0,7.8,16.2,0.7,2.6,0.3,3.576,0.027
2010,02,전라북도,김제시,죽산면,대창리,원평천3,5.7,7.0,12.0,5.1,15.3,142.7,12.894,0.516
2010,02,전라북도,김제시,봉남면,용신리,원평천1,9.0,7.7,13.7,2.0,7.1,17.9,6.267,0.095
2010,02,전라북도,김제시,죽산면,죽산리,원평천2,4.0,7.4,13.2,3.7,11.0,34.0,8.100,0.225
2010,02,전라북도,정읍시,공평동,,정읍천3,4.0,7.5,12.7,2.3,4.9,2.4,5.948,0.032
2010,02,전라북도,정읍시,송산동,,정읍천1,3.0,7.8,13.0,1.1,2.4,0.6,5.808,0.022
2010,02,전라북도,정읍시,연지동,,정읍천2,3.0,7.8,12.2,1.8,4.7,0.4,6.304,0.009
2010,02,전라북도,정읍시,이평면,하송리,정읍천4,7.3,7.2,11.7,4.2,13.3,212.3,11.153,0.430
2010,02,전라북도,정읍시,하모동,,천원천,3.0,7.6,12.9,1.6,3.0,0.8,6.156,0.030
2010,02,전라북도,완주군,삼례읍,,삼례,9.5,7.5,11.0,5.3,13.3,6.2,9.327,0.349
2010,02,전라북도,군산시,대야면,광교리,탑천,5.7,7.0,11.0,4.9,12.2,90.6,11.282,0.400
2010,02,전라북도,김제시,백구면,백구리,김제,8.0,7.5,9.1,8.5,20.4,64.4,13.552,0.990
2010,02,전라북도,전주시완산구,서신동,,삼천3,5.0,8.3,12.2,2.2,5.2,3.0,4.856,0.070
2010,02,전라북도,전주시완산구,평화동3가,,삼천1,3.0,7.8,13.2,1.5,3.4,0.4,4.848,0.020
2010,02,전라북도,전주시완산구,효자동2가,,삼천2,6.0,8.3,14.1,1.9,4.9,5.8,5.042,0.068
2010,02,전라북도,완주군,소양면,황운리,소양천1,6.0,8.0,12.9,1.2,1.8,0.4,6.234,0.006
2010,02,전라북도,완주군,용진읍,상운리,소양천2,5.0,8.2,13.4,1.8,3.4,1.0,6.392,0.004
2010,02,전라북도,익산시,춘포면,용연리,익산천3,6.5,7.6,3.5,102.6,82.3,76.2,61.333,4.158
2010,02,전라북도,전주시덕진구,고랑동,,전주천7,10.7,7.1,6.7,7.4,23.6,60.1,12.018,0.636
2010,02,전라북도,전주시덕진구,전미동1가,,전주,5.3,7.7,13.2,2.1,4.3,9.7,5.904,0.072
2010,02,전라북도,전주시완산구,대성동,,전주천1,4.0,8.3,13.0,0.6,1.2,0.4,4.710,0.026
2010,02,전라북도,완주군,고산면,읍내리,고산,6.0,7.6,14.3,0.6,3.3,0.7,2.801,0.021
2010,02,전라북도,무주군,무주읍,대차리,무주남대천2,4.0,8.1,15.8,1.2,2.6,1.3,3.267,0.043
2010,02,전라북도,무주군,무주읍,읍내리,무주남대천1,3.0,7.6,14.5,0.7,2.2,0.2,3.104,0.015
2010,02,전라북도,부안군,상서면,청림리,백천내,4.0,6.5,12.1,0.7,1.5,0.8,2.648,0.020
2010,02,전라북도,진안군,진안읍,운산리,진안천,8.0,7.6,8.3,1.7,3.3,5.0,3.215,0.070
2010,02,전라북도,진안군,진안읍,가막리,가막,2.0,7.2,14.1,0.9,2.8,1.3,4.182,0.012
2010,02,전라북도,무주군,무주읍,용포리,용포,3.0,8.0,14.4,0.5,3.3,0.6,1.452,0.021
2010,02,전라북도,진안군,용담면,송풍리,용담,4.0,7.7,13.0,0.8,3.1,2.2,2.115,0.007
2010,02,전라북도,남원시,운봉읍,,람천2,2.0,8.3,15.4,0.4,2.6,0.7,2.087,0.023
2010,02,전라북도,남원시,인월면,중군리,람천1,3.0,8.1,15.2,0.9,3.7,1.6,3.404,0.047
2010,02,전라북도,임실군,관촌면,방수리,관촌,4.5,7.5,13.5,1.0,2.7,4.9,3.237,0.017
2010,02,전라북도,임실군,운암면,학암리,운암,6.0,8.1,13.8,1.9,4.5,7.8,2.063,0.039
2010,02,전라북도,정읍시,산내면,매죽리,추령천,4.5,7.4,13.2,0.9,2.9,7.0,3.854,0.021
2010,02,전라북도,임실군,강진면,용수리,임실,5.3,7.3,13.2,1.0,3.7,4.0,1.977,0.022
2010,02,전라북도,순창군,동계면,구미리,동계,4.0,8.1,14.4,0.9,3.2,0.9,1.779,0.031
2010,02,전라북도,순창군,적성면,고원리,적성,4.5,8.0,14.4,0.9,3.5,1.4,2.149,0.020
2010,02,전라북도,남원시,금지면,귀석리,남원,6.0,9.1,15.3,1.4,3.5,1.8,1.733,0.021
2010,02,전라북도,남원시,대강면,월탄리,대강,4.8,7.0,12.5,2.4,6.0,29.0,2.583,0.079
2010,02,전라북도,순창군,동계면,서호리,오수천2,5.8,7.6,12.7,2.3,6.7,23.0,2.420,0.069
2010,02,전라북도,남원시,산동면,월석리,요천1,4.0,6.9,13.5,0.9,3.1,3.5,2.762,0.015
2010,02,전라북도,남원시,금지면,창산리,요천2,7.0,7.9,13.6,1.5,4.5,4.2,4.465,0.186
2010,02,전라북도,남원시,송동면,세전리,요천3,6.8,7.7,12.9,2.5,6.4,18.8,3.506,0.118
2010,02,전라북도,고창군,아산면,구암리,주진천1,5.0,7.6,14.6,1.8,3.8,6.9,4.669,0.206
2010,02,전라북도,고창군,아산면,반암리,주진천2,6.0,7.9,14.5,1.6,4.0,6.4,4.440,0.144
2010,03,전라북도,익산시,망성면,무형리,마산천,11.0,7.9,12.6,9.0,9.3,22.8,6.060,0.228
2010,03,전라북도,부안군,동진면,하장리,고부천2,8.0,7.6,7.2,3.2,10.2,59.5,5.152,0.230
2010,03,전라북도,부안군,동진면,하장리,고부천3,7.8,7.1,10.9,3.6,11.4,83.8,8.145,0.293
2010,03,전라북도,정읍시,영원면,앵성리,고부천1,8.0,7.7,7.6,3.4,9.2,74.6,4.188,0.157
2010,03,전라북도,김제시,부량면,옥정리,동진강3,7.6,7.5,11.4,3.2,6.8,23.3,7.010,0.170
2010,03,전라북도,정읍시,신태인읍,,동진강2,8.0,7.7,8.0,1.2,3.8,7.8,3.371,0.038
2010,03,전라북도,정읍시,옹동면,산성리,동진강1,8.0,8.1,8.9,0.6,2.8,0.6,3.429,0.024
2010,03,전라북도,김제시,죽산면,대창리,원평천3,8.8,7.4,11.9,3.6,9.5,42.8,7.145,0.194
2010,03,전라북도,김제시,봉남면,용신리,원평천1,8.0,8.0,8.9,1.2,3.3,20.3,4.299,0.060
2010,03,전라북도,김제시,죽산면,죽산리,원평천2,8.0,7.7,7.3,3.1,10.0,102.0,4.162,0.213
2010,03,전라북도,정읍시,공평동,,정읍천3,9.0,7.8,10.3,1.4,3.0,7.4,4.816,0.032
2010,03,전라북도,정읍시,송산동,,정읍천1,8.0,7.9,9.9,1.3,3.1,1.2,3.117,0.030
2010,03,전라북도,정읍시,연지동,,정읍천2,8.0,7.7,9.4,1.2,2.8,1.2,3.586,0.020
2010,03,전라북도,정읍시,이평면,하송리,정읍천4,8.8,7.5,11.7,3.9,7.4,28.3,6.281,0.191
2010,03,전라북도,정읍시,하모동,,천원천,9.0,7.9,9.5,1.5,3.4,6.4,5.226,0.035
2010,03,전라북도,완주군,삼례읍,,삼례,10.0,7.5,9.0,5.6,9.5,8.6,6.785,0.436
2010,03,전라북도,군산시,대야면,광교리,탑천,8.5,7.3,8.5,5.2,11.7,42.8,8.555,0.298
2010,03,전라북도,김제시,백구면,백구리,김제,9.4,7.2,8.4,7.5,13.2,19.2,9.950,0.622
2010,03,전라북도,전주시완산구,서신동,,삼천3,9.0,7.7,9.8,2.7,4.8,7.6,4.576,0.092
2010,03,전라북도,전주시완산구,평화동3가,,삼천1,9.0,7.4,11.1,1.7,3.3,3.2,4.414,0.042
2010,03,전라북도,전주시완산구,효자동2가,,삼천2,9.0,7.7,11.0,2.6,4.7,6.8,4.600,0.106
2010,03,전라북도,완주군,소양면,황운리,소양천1,10.0,7.7,11.5,0.8,1.6,2.0,6.451,0.016
2010,03,전라북도,완주군,용진읍,상운리,소양천2,9.0,8.3,11.5,1.3,2.4,3.0,7.184,0.019
2010,03,전라북도,익산시,춘포면,용연리,익산천3,8.5,7.7,5.6,91.9,63.5,34.8,33.064,2.993
2010,03,전라북도,전주시덕진구,고랑동,,전주천7,12.0,7.1,7.9,8.2,17.5,11.4,10.811,0.648
2010,03,전라북도,전주시덕진구,전미동1가,,전주,8.5,7.4,12.7,1.4,3.4,7.2,5.598,0.040
2010,03,전라북도,전주시완산구,대성동,,전주천1,9.0,7.9,11.6,0.7,1.4,0.4,5.236,0.036
2010,03,전라북도,완주군,고산면,읍내리,고산,6.0,7.5,13.4,0.4,2.1,0.3,2.439,0.009
2010,03,전라북도,무주군,무주읍,대차리,무주남대천2,5.0,8.2,14.6,0.6,2.0,0.1,2.273,0.013
2010,03,전라북도,무주군,무주읍,읍내리,무주남대천1,4.0,7.9,14.1,0.5,1.9,0.1,2.122,0.005
2010,03,전라북도,부안군,상서면,청림리,백천내,7.0,7.0,11.0,0.9,2.2,1.3,2.726,0.006
2010,03,전라북도,진안군,진안읍,운산리,진안천,6.0,7.2,10.5,1.6,3.2,2.0,3.112,0.080
2010,03,전라북도,진안군,진안읍,가막리,가막,6.8,7.5,14.2,1.0,2.9,2.4,3.932,0.019
2010,03,전라북도,무주군,무주읍,용포리,용포,5.0,8.3,14.1,0.5,2.6,1.0,1.511,0.007
2010,03,전라북도,진안군,용담면,송풍리,용담,5.8,7.2,13.0,0.8,2.9,2.6,2.105,0.009
2010,03,전라북도,남원시,운봉읍,,람천2,5.0,7.8,13.7,0.7,2.4,0.2,1.102,0.009
2010,03,전라북도,남원시,인월면,중군리,람천1,7.0,7.8,13.3,1.1,2.8,1.7,2.293,0.027
2010,03,전라북도,임실군,관촌면,방수리,관촌,7.6,7.3,12.9,0.8,2.2,4.8,3.351,0.015
2010,03,전라북도,임실군,운암면,학암리,운암,9.0,8.4,13.4,0.8,2.6,3.9,3.225,0.020
2010,03,전라북도,정읍시,산내면,매죽리,추령천,7.8,7.3,12.9,0.9,2.2,2.8,3.541,0.012
2010,03,전라북도,임실군,강진면,용수리,임실,8.0,7.5,12.8,1.0,3.3,2.2,1.904,0.012
2010,03,전라북도,순창군,동계면,구미리,동계,9.0,8.0,14.1,0.9,2.8,2.2,2.030,0.021
2010,03,전라북도,순창군,적성면,고원리,적성,9.3,7.8,11.2,0.7,3.3,2.0,2.052,0.020
2010,03,전라북도,남원시,금지면,귀석리,남원,10.0,8.1,12.2,1.1,3.3,5.2,2.005,0.026
2010,03,전라북도,남원시,대강면,월탄리,대강,8.2,7.4,11.9,1.4,3.7,5.5,2.248,0.035
2010,03,전라북도,순창군,동계면,서호리,오수천2,8.2,7.5,12.5,1.3,3.7,4.2,2.053,0.023
2010,03,전라북도,남원시,산동면,월석리,요천1,6.2,7.2,12.9,0.8,1.9,1.4,2.912,0.011
2010,03,전라북도,남원시,금지면,창산리,요천2,10.0,8.2,13.5,1.4,4.0,6.0,2.492,0.074
2010,03,전라북도,남원시,송동면,세전리,요천3,9.8,7.8,13.3,1.4,3.7,6.0,3.061,0.068
2010,03,전라북도,고창군,아산면,구암리,주진천1,10.0,7.9,13.8,2.2,7.3,15.1,3.851,0.125
2010,03,전라북도,고창군,아산면,반암리,주진천2,10.0,7.7,13.1,1.7,7.1,15.2,4.039,0.118
2010,04,전라북도,익산시,망성면,무형리,마산천,17.0,8.3,9.8,13.0,10.0,26.7,7.405,0.321
2010,04,전라북도,부안군,동진면,하장리,고부천2,12.0,8.5,8.2,2.8,7.7,12.3,2.849,0.077
2010,04,전라북도,부안군,동진면,하장리,고부천3,12.3,7.9,12.2,4.2,8.6,30.1,6.888,0.125
2010,04,전라북도,정읍시,영원면,앵성리,고부천1,10.0,8.1,8.3,1.0,6.5,5.9,2.039,0.034
2010,04,전라북도,김제시,부량면,옥정리,동진강3,9.3,7.5,12.3,2.0,4.6,23.3,5.787,0.077
2010,04,전라북도,정읍시,신태인읍,,동진강2,9.0,7.8,8.3,0.7,4.0,5.9,2.310,0.025
2010,04,전라북도,정읍시,옹동면,산성리,동진강1,11.0,8.0,7.9,0.7,4.5,1.3,2.164,0.015
2010,04,전라북도,김제시,죽산면,대창리,원평천3,12.8,7.8,11.3,3.2,7.8,28.0,4.632,0.102
2010,04,전라북도,김제시,봉남면,용신리,원평천1,14.0,8.3,8.4,4.3,7.8,19.6,3.064,0.080
2010,04,전라북도,김제시,죽산면,죽산리,원평천2,12.0,8.4,7.8,1.5,6.8,11.0,2.253,0.027
2010,04,전라북도,정읍시,공평동,,정읍천3,14.0,7.6,9.0,1.8,3.3,4.0,3.418,0.041
2010,04,전라북도,정읍시,송산동,,정읍천1,11.0,7.6,10.6,1.5,2.7,0.9,2.607,0.014
2010,04,전라북도,정읍시,연지동,,정읍천2,11.0,7.6,10.5,1.6,2.7,3.4,2.895,0.016
2010,04,전라북도,정읍시,이평면,하송리,정읍천4,10.3,7.5,12.7,2.2,5.1,15.9,4.849,0.089
2010,04,전라북도,정읍시,하모동,,천원천,12.0,7.5,9.9,1.9,3.7,8.4,3.638,0.023
2010,04,전라북도,완주군,삼례읍,,삼례,14.0,7.6,6.4,6.8,8.6,11.0,6.177,0.343
2010,04,전라북도,익산시,춘포면,인수리,익산천2,15.0,7.9,4.0,158.1,135.0,123.0,84.178,8.526
2010,04,전라북도,군산시,대야면,광교리,탑천,12.3,7.6,10.5,4.3,10.2,21.2,6.116,0.155
2010,04,전라북도,김제시,백구면,백구리,김제,13.3,7.5,8.6,6.2,12.3,14.4,7.441,0.479
2010,04,전라북도,김제시,백구면,월봉리,용암천,14.0,8.9,8.8,13.2,27.3,27.6,10.102,0.372
2010,04,전라북도,전주시완산구,서신동,,삼천3,11.0,7.9,9.3,3.0,5.5,3.6,3.922,0.088
2010,04,전라북도,전주시완산구,평화동3가,,삼천1,11.0,7.8,11.1,1.9,3.4,3.8,3.770,0.028
2010,04,전라북도,전주시완산구,효자동2가,,삼천2,11.0,8.0,12.3,2.4,4.4,5.2,4.005,0.062
2010,04,전라북도,완주군,소양면,황운리,소양천1,13.0,8.4,12.4,0.9,1.8,2.3,4.478,0.019
2010,04,전라북도,완주군,용진읍,상운리,소양천2,13.0,8.0,13.0,1.8,3.4,4.1,4.662,0.028
2010,04,전라북도,익산시,춘포면,용연리,익산천3,14.0,7.6,1.1,129.3,116.6,83.3,85.330,8.058
2010,04,전라북도,전주시덕진구,고랑동,,전주천7,14.8,7.2,5.5,9.0,18.8,17.7,10.245,0.610
2010,04,전라북도,전주시덕진구,전미동1가,,전주,10.8,7.6,11.8,1.3,3.6,7.5,5.293,0.025
2010,04,전라북도,전주시완산구,대성동,,전주천1,10.0,8.2,9.6,0.7,1.3,1.1,4.015,0.009
2010,04,전라북도,완주군,고산면,읍내리,고산,10.0,8.0,8.1,0.6,2.2,1.8,1.792,0.013
2010,04,전라북도,무주군,무주읍,대차리,무주남대천2,12.0,8.9,12.4,1.2,3.6,1.4,2.331,0.022
2010,04,전라북도,무주군,무주읍,읍내리,무주남대천1,13.0,8.0,10.7,1.1,2.7,0.7,2.237,0.009
2010,04,전라북도,부안군,상서면,청림리,백천내,14.0,6.5,9.1,0.3,2.7,0.2,2.877,0.003
2010,04,전라북도,진안군,진안읍,운산리,진안천,7.0,7.6,11.1,2.1,3.8,10.8,3.015,0.065
2010,04,전라북도,진안군,진안읍,가막리,가막,12.3,8.1,12.1,1.2,3.3,3.3,3.915,0.014
2010,04,전라북도,무주군,무주읍,용포리,용포,12.0,8.1,12.0,1.0,3.1,2.7,1.667,0.013
2010,04,전라북도,진안군,용담면,송풍리,용담,8.8,7.3,12.0,0.8,3.0,3.2,1.898,0.030
2010,04,전라북도,남원시,운봉읍,,람천2,8.0,8.9,8.2,0.9,2.8,0.8,1.251,0.013
2010,04,전라북도,남원시,인월면,중군리,람천1,9.0,8.8,8.9,1.6,4.3,2.1,2.645,0.052
2010,04,전라북도,임실군,관촌면,방수리,관촌,10.8,7.6,11.3,1.1,2.2,5.2,2.720,0.018
2010,04,전라북도,임실군,운암면,학암리,운암,12.0,8.6,8.1,1.1,3.1,4.6,2.702,0.013
2010,04,전라북도,정읍시,산내면,매죽리,추령천,11.5,7.5,11.5,1.0,2.4,4.1,3.010,0.015
2010,04,전라북도,임실군,강진면,용수리,임실,10.8,7.6,12.1,1.5,3.2,8.1,1.875,0.014
2010,04,전라북도,순창군,동계면,구미리,동계,13.0,7.8,7.4,0.9,2.9,2.5,1.974,0.028
2010,04,전라북도,순창군,적성면,고원리,적성,13.5,8.1,9.5,1.3,3.4,2.6,1.708,0.023
2010,04,전라북도,남원시,금지면,귀석리,남원,15.0,8.5,8.2,1.3,3.9,3.6,1.751,0.031
2010,04,전라북도,남원시,대강면,월탄리,대강,12.0,7.2,11.2,2.5,4.6,16.8,1.998,0.060
2010,04,전라북도,순창군,동계면,서호리,오수천2,12.0,7.7,11.7,1.5,4.3,10.0,1.827,0.038
2010,04,전라북도,남원시,산동면,월석리,요천1,9.3,7.4,12.2,1.2,2.8,10.2,2.614,0.026
2010,04,전라북도,남원시,금지면,창산리,요천2,15.0,8.7,8.4,1.7,4.3,7.0,2.605,0.125
2010,04,전라북도,남원시,송동면,세전리,요천3,13.8,7.7,11.7,2.4,4.8,11.9,2.348,0.108
2010,04,전라북도,고창군,아산면,구암리,주진천1,16.0,8.2,7.8,2.0,5.0,14.2,3.671,0.112
2010,04,전라북도,고창군,아산면,반암리,주진천2,17.0,8.2,7.4,2.1,5.9,23.0,3.148,0.073
2010,05,전라북도,익산시,망성면,무형리,마산천,19.0,7.4,5.8,7.2,11.2,75.7,5.665,0.443
2010,05,전라북도,부안군,동진면,하장리,고부천2,21.0,8.9,10.9,5.9,9.9,9.9,2.280,0.097
2010,05,전라북도,부안군,동진면,하장리,고부천3,18.5,7.8,7.8,4.0,8.8,17.6,4.075,0.139
2010,05,전라북도,정읍시,영원면,앵성리,고부천1,22.0,8.6,9.9,4.0,7.1,12.1,1.849,0.066
2010,05,전라북도,김제시,부량면,옥정리,동진강3,19.0,7.7,8.4,5.2,9.0,27.3,5.118,0.216
2010,05,전라북도,정읍시,신태인읍,,동진강2,20.0,7.8,9.7,3.5,8.8,32.7,2.283,0.140
2010,05,전라북도,정읍시,옹동면,산성리,동진강1,16.0,8.0,10.0,1.1,3.7,5.0,1.905,0.023
2010,05,전라북도,김제시,죽산면,대창리,원평천3,18.8,7.8,8.0,4.0,8.4,18.6,3.275,0.122
2010,05,전라북도,김제시,봉남면,용신리,원평천1,20.0,9.5,11.1,9.1,12.4,26.5,1.178,0.073
2010,05,전라북도,김제시,죽산면,죽산리,원평천2,19.0,8.9,9.7,4.5,7.9,15.7,1.894,0.059
2010,05,전라북도,정읍시,공평동,,정읍천3,20.0,7.6,10.8,3.1,5.6,2.4,2.303,0.011
2010,05,전라북도,정읍시,송산동,,정읍천1,17.0,7.5,11.4,1.2,2.7,1.2,2.193,0.004
2010,05,전라북도,정읍시,연지동,,정읍천2,19.0,7.4,10.9,1.7,3.2,2.0,2.671,0.005
2010,05,전라북도,정읍시,이평면,하송리,정읍천4,17.5,7.7,8.9,3.1,7.3,28.2,4.592,0.178
2010,05,전라북도,정읍시,하모동,,천원천,20.0,7.4,11.7,3.9,6.9,6.0,2.661,0.019
2010,05,전라북도,완주군,삼례읍,,삼례,16.0,7.4,6.2,2.4,5.2,19.8,3.118,0.128
2010,05,전라북도,익산시,춘포면,인수리,익산천2,17.0,7.4,4.7,37.7,35.1,80.7,14.544,3.685
2010,05,전라북도,군산시,대야면,광교리,탑천,19.8,7.8,8.2,5.8,10.0,28.1,4.653,0.195
2010,05,전라북도,김제시,백구면,백구리,김제,19.8,7.3,7.5,4.7,11.9,13.7,8.654,0.452
2010,05,전라북도,김제시,백구면,월봉리,용암천,18.0,7.3,4.9,4.7,13.9,80.6,6.873,0.439
2010,05,전라북도,전주시완산구,서신동,,삼천3,21.0,7.5,6.9,3.0,5.7,7.4,2.658,0.069
2010,05,전라북도,전주시완산구,평화동3가,,삼천1,20.0,7.9,10.1,2.1,3.9,1.8,2.664,0.027
2010,05,전라북도,전주시완산구,효자동2가,,삼천2,22.0,8.0,10.3,3.0,5.4,3.2,2.779,0.073
2010,05,전라북도,완주군,소양면,황운리,소양천1,20.0,9.0,12.4,1.0,1.9,2.8,3.760,0.018
2010,05,전라북도,완주군,용진읍,상운리,소양천2,21.0,8.1,10.2,1.7,3.1,2.8,3.592,0.023
2010,05,전라북도,익산시,춘포면,용연리,익산천3,16.0,7.3,3.8,19.7,24.9,64.5,11.561,3.042
2010,05,전라북도,전주시덕진구,고랑동,,전주천7,19.8,7.2,4.5,5.6,17.8,8.1,8.405,0.505
2010,05,전라북도,전주시덕진구,전미동1가,,전주,18.3,7.6,10.6,1.7,3.9,6.3,4.505,0.039
2010,05,전라북도,전주시완산구,대성동,,전주천1,17.0,8.0,11.4,0.9,1.8,0.6,3.180,0.000
2010,05,전라북도,완주군,고산면,읍내리,고산,14.0,7.7,6.9,0.5,2.9,4.5,2.781,0.049
2010,05,전라북도,무주군,무주읍,대차리,무주남대천2,23.0,8.7,11.5,1.5,4.1,3.1,1.779,0.044
2010,05,전라북도,무주군,무주읍,읍내리,무주남대천1,24.0,8.2,9.8,1.0,3.3,3.2,1.780,0.018
2010,05,전라북도,부안군,상서면,청림리,백천내,18.0,6.8,9.9,0.4,2.3,0.2,1.999,0.004
2010,05,전라북도,진안군,진안읍,운산리,진안천,17.0,8.0,10.6,2.4,3.1,8.4,3.174,0.081
2010,05,전라북도,진안군,진안읍,가막리,가막,18.3,7.5,11.7,1.2,3.9,9.2,2.340,0.047
2010,05,전라북도,무주군,무주읍,용포리,용포,17.0,8.3,10.7,0.9,3.2,3.0,1.749,0.015
2010,05,전라북도,진안군,용담면,송풍리,용담,13.8,7.6,11.3,0.9,2.9,3.6,2.026,0.015
2010,05,전라북도,남원시,운봉읍,,람천2,18.0,7.6,8.9,1.4,4.8,11.1,1.876,0.073
2010,05,전라북도,남원시,인월면,중군리,람천1,21.0,7.5,7.9,2.1,8.6,33.5,3.840,0.168
2010,05,전라북도,임실군,관촌면,방수리,관촌,18.7,7.5,9.4,1.2,3.1,7.3,2.651,0.030
2010,05,전라북도,임실군,운암면,학암리,운암,21.0,8.1,9.1,1.6,4.3,8.9,3.392,0.049
2010,05,전라북도,정읍시,산내면,매죽리,추령천,20.3,7.7,9.4,1.1,2.7,6.6,3.190,0.024
2010,05,전라북도,임실군,강진면,용수리,임실,18.3,7.7,10.3,1.7,4.0,3.5,1.711,0.022
2010,05,전라북도,순창군,동계면,구미리,동계,21.0,8.0,9.3,1.0,3.6,6.8,2.251,0.068
2010,05,전라북도,순창군,적성면,고원리,적성,20.8,8.0,8.4,1.6,4.5,8.1,1.721,0.059
2010,05,전라북도,남원시,금지면,귀석리,남원,22.0,7.7,8.5,1.4,5.3,12.8,2.292,0.087
2010,05,전라북도,남원시,대강면,월탄리,대강,19.3,7.7,9.1,2.8,5.7,22.3,1.708,0.069
2010,05,전라북도,순창군,동계면,서호리,오수천2,20.3,8.0,10.1,1.6,4.8,12.0,1.355,0.048
2010,05,전라북도,남원시,산동면,월석리,요천1,14.3,7.2,10.5,1.1,2.7,3.2,1.908,0.019
2010,05,전라북도,남원시,금지면,창산리,요천2,23.0,7.7,9.1,1.8,4.4,9.4,2.426,0.111
2010,05,전라북도,남원시,송동면,세전리,요천3,21.3,7.9,10.1,2.0,5.0,10.2,2.014,0.114
2010,05,전라북도,고창군,아산면,구암리,주진천1,23.0,9.0,12.5,6.8,10.6,22.7,2.355,0.103
2010,05,전라북도,고창군,아산면,반암리,주진천2,24.0,9.5,14.3,8.9,13.1,26.4,2.211,0.177
2010,06,전라북도,익산시,망성면,무형리,마산천,28.0,7.5,13.0,7.0,14.2,26.2,4.223,0.235
2010,06,전라북도,부안군,동진면,하장리,고부천2,27.0,9.0,8.4,6.4,12.8,14.6,4.143,0.081
2010,06,전라북도,부안군,동진면,하장리,고부천3,24.5,7.4,6.4,6.1,13.7,212.4,6.273,0.115
2010,06,전라북도,정읍시,영원면,앵성리,고부천1,27.0,8.2,7.1,6.0,12.0,11.0,3.573,0.091
2010,06,전라북도,김제시,부량면,옥정리,동진강3,22.4,7.2,9.4,4.9,10.7,193.7,6.856,0.151
2010,06,전라북도,정읍시,신태인읍,,동진강2,24.0,7.3,4.9,2.6,8.4,10.1,2.862,0.101
2010,06,전라북도,정읍시,옹동면,산성리,동진강1,20.0,8.0,6.2,1.0,3.8,3.2,2.210,0.027
2010,06,전라북도,김제시,죽산면,대창리,원평천3,24.0,7.5,6.8,4.5,9.7,30.4,6.543,0.094
2010,06,전라북도,김제시,봉남면,용신리,원평천1,30.0,7.9,6.2,4.4,12.2,8.3,2.713,0.058
2010,06,전라북도,김제시,죽산면,죽산리,원평천2,28.0,8.6,6.5,2.9,7.8,10.1,3.715,0.057
2010,06,전라북도,정읍시,공평동,,정읍천3,26.0,7.4,7.1,3.0,6.5,3.8,2.150,0.037
2010,06,전라북도,정읍시,송산동,,정읍천1,19.0,7.7,9.6,1.0,2.6,6.8,1.206,0.019
2010,06,전라북도,정읍시,연지동,,정읍천2,20.0,7.7,8.5,1.8,4.0,2.2,1.785,0.025
2010,06,전라북도,정읍시,이평면,하송리,정읍천4,21.8,7.5,8.3,4.4,9.6,79.8,7.925,0.171
2010,06,전라북도,정읍시,하모동,,천원천,23.0,6.9,4.7,3.9,7.8,6.2,3.845,0.060
2010,06,전라북도,완주군,삼례읍,,삼례,25.0,7.8,7.9,3.4,7.8,13.0,3.359,0.198
2010,06,전라북도,익산시,춘포면,인수리,익산천2,27.0,7.8,0.8,96.0,130.0,131.4,79.349,7.047
2010,06,전라북도,군산시,대야면,광교리,탑천,25.8,7.3,4.8,6.0,12.1,19.3,5.470,0.139
2010,06,전라북도,김제시,백구면,백구리,김제,24.6,7.7,10.7,6.1,11.9,17.7,9.129,0.301
2010,06,전라북도,김제시,백구면,월봉리,용암천,29.0,9.2,16.1,13.4,28.3,30.1,6.237,0.187
2010,06,전라북도,전주시완산구,서신동,,삼천3,24.0,7.4,5.8,2.7,6.4,5.8,2.510,0.069
2010,06,전라북도,전주시완산구,평화동3가,,삼천1,24.0,7.3,7.9,2.0,5.5,2.2,2.397,0.044
2010,06,전라북도,전주시완산구,효자동2가,,삼천2,24.0,7.3,7.9,2.5,6.0,4.2,2.608,0.079
2010,06,전라북도,완주군,소양면,황운리,소양천1,24.0,7.6,8.8,0.8,1.9,2.6,3.812,0.022
2010,06,전라북도,완주군,용진읍,상운리,소양천2,26.0,8.1,10.0,2.0,4.9,3.0,3.751,0.039
2010,06,전라북도,익산시,춘포면,용연리,익산천3,26.0,7.5,3.8,17.3,25.7,26.5,18.057,1.994
2010,06,전라북도,전주시덕진구,고랑동,,전주천7,24.3,7.2,4.5,9.3,21.1,11.8,8.035,0.890
2010,06,전라북도,전주시덕진구,전미동1가,,전주,24.3,7.8,9.2,1.5,4.1,5.6,6.467,0.075
2010,06,전라북도,전주시완산구,대성동,,전주천1,21.0,7.6,8.2,0.7,1.8,1.2,2.988,0.012
2010,06,전라북도,완주군,고산면,읍내리,고산,20.0,8.4,9.2,0.8,3.0,3.6,2.328,0.022
2010,06,전라북도,무주군,무주읍,대차리,무주남대천2,24.0,8.6,9.9,1.5,3.1,2.8,2.156,0.041
2010,06,전라북도,무주군,무주읍,읍내리,무주남대천1,24.0,8.0,8.7,1.0,2.9,4.9,2.070,0.033
2010,06,전라북도,부안군,상서면,청림리,백천내,22.0,6.4,7.9,0.2,2.4,0.4,1.968,0.008
2010,06,전라북도,진안군,진안읍,운산리,진안천,23.0,8.1,10.2,2.3,3.8,16.4,3.517,0.022
2010,06,전라북도,진안군,진안읍,가막리,가막,23.5,8.0,10.2,1.2,4.4,16.0,2.715,0.068
2010,06,전라북도,무주군,무주읍,용포리,용포,21.0,7.9,9.3,1.0,3.2,1.8,1.900,0.019
2010,06,전라북도,진안군,용담면,송풍리,용담,18.8,7.7,10.5,0.9,3.2,6.3,2.177,0.018
2010,06,전라북도,남원시,운봉읍,,람천2,25.0,8.4,5.5,1.2,4.1,4.0,1.508,0.034
2010,06,전라북도,남원시,인월면,중군리,람천1,26.0,8.2,6.1,1.8,6.3,9.5,2.596,0.115
2010,06,전라북도,임실군,관촌면,방수리,관촌,22.2,7.3,8.7,2.1,5.2,35.4,3.591,0.148
2010,06,전라북도,임실군,운암면,학암리,운암,27.0,8.9,7.6,1.9,4.5,4.8,2.084,0.036
2010,06,전라북도,정읍시,산내면,매죽리,추령천,23.2,7.7,9.4,1.1,3.3,4.4,2.525,0.027
2010,06,전라북도,임실군,강진면,용수리,임실,22.0,7.3,9.5,1.6,4.2,3.6,1.417,0.026
2010,06,전라북도,순창군,동계면,구미리,동계,26.0,8.2,6.0,1.6,4.8,5.2,1.782,0.046
2010,06,전라북도,순창군,적성면,고원리,적성,26.5,7.9,6.6,2.1,6.3,7.0,2.254,0.083
2010,06,전라북도,남원시,금지면,귀석리,남원,27.0,8.5,6.4,1.6,5.9,5.9,2.154,0.075
2010,06,전라북도,남원시,대강면,월탄리,대강,24.2,7.4,7.9,2.7,6.8,12.9,2.348,0.080
2010,06,전라북도,순창군,동계면,서호리,오수천2,24.4,7.7,8.8,1.9,6.2,9.7,2.257,0.081
2010,06,전라북도,남원시,산동면,월석리,요천1,18.6,7.1,9.9,0.9,2.7,2.2,1.807,0.025
2010,06,전라북도,남원시,금지면,창산리,요천2,24.0,8.4,6.3,3.3,5.5,9.4,2.509,0.187
2010,06,전라북도,남원시,송동면,세전리,요천3,25.2,7.8,9.2,1.6,5.5,5.5,2.192,0.140
2010,06,전라북도,고창군,아산면,구암리,주진천1,27.0,8.3,7.2,6.2,12.4,38.4,2.356,0.122
2010,06,전라북도,고창군,아산면,반암리,주진천2,28.0,8.5,7.7,5.5,11.4,45.5,2.121,0.109
2010,07,전라북도,익산시,망성면,무형리,마산천,25.0,7.4,8.2,7.2,9.4,71.3,3.408,0.384
2010,07,전라북도,부안군,동진면,하장리,고부천2,31.0,8.9,10.6,4.2,7.8,12.9,2.822,0.077
2010,07,전라북도,부안군,동진면,하장리,고부천3,27.0,7.7,8.4,4.2,9.0,18.2,6.409,0.125
2010,07,전라북도,정읍시,영원면,앵성리,고부천1,31.0,9.2,12.7,9.5,10.1,24.2,2.486,0.092
2010,07,전라북도,김제시,부량면,옥정리,동진강3,27.0,7.4,8.6,3.6,7.1,18.4,4.160,0.174
2010,07,전라북도,정읍시,신태인읍,,동진강2,27.0,7.7,8.5,2.1,5.5,13.4,2.611,0.074
2010,07,전라북도,정읍시,옹동면,산성리,동진강1,22.0,8.1,8.6,1.1,2.7,6.7,2.739,0.010
2010,07,전라북도,김제시,죽산면,대창리,원평천3,26.3,7.5,6.6,3.5,9.3,19.1,7.350,0.158
2010,07,전라북도,김제시,봉남면,용신리,원평천1,31.0,8.8,10.9,3.8,8.6,12.9,2.622,0.034
2010,07,전라북도,김제시,죽산면,죽산리,원평천2,33.0,9.6,14.7,9.4,7.8,18.9,2.964,0.094
2010,07,전라북도,정읍시,공평동,,정읍천3,25.0,7.0,7.6,3.2,5.5,8.8,3.921,0.040
2010,07,전라북도,정읍시,송산동,,정읍천1,23.0,7.2,8.5,1.4,2.6,1.2,2.462,0.024
2010,07,전라북도,정읍시,연지동,,정읍천2,24.0,7.1,7.2,2.0,3.0,1.6,4.084,0.041
2010,07,전라북도,정읍시,이평면,하송리,정읍천4,26.0,7.5,8.1,2.7,6.4,21.2,4.593,0.187
2010,07,전라북도,정읍시,하모동,,천원천,25.0,6.9,7.7,4.4,7.9,19.8,4.336,0.046
2010,07,전라북도,완주군,삼례읍,,삼례,26.0,7.4,6.6,3.1,8.4,15.2,3.719,0.301
2010,07,전라북도,익산시,춘포면,인수리,익산천2,29.0,7.7,5.1,15.2,25.3,45.6,15.100,3.202
2010,07,전라북도,군산시,대야면,광교리,탑천,27.3,7.6,7.3,5.7,11.6,20.6,6.433,0.163
2010,07,전라북도,김제시,백구면,백구리,김제,27.8,7.8,9.5,5.5,11.5,16.4,5.746,0.543
2010,07,전라북도,김제시,백구면,월봉리,용암천,27.0,7.6,3.7,7.3,15.8,34.5,6.469,0.373
2010,07,전라북도,전주시완산구,서신동,,삼천3,27.0,7.0,5.0,3.4,6.1,6.2,1.940,0.111
2010,07,전라북도,전주시완산구,평화동3가,,삼천1,27.0,7.1,7.2,2.6,4.5,2.4,1.706,0.048
2010,07,전라북도,전주시완산구,효자동2가,,삼천2,27.0,7.2,7.4,3.3,5.8,5.8,1.780,0.094
2010,07,전라북도,완주군,소양면,황운리,소양천1,26.0,7.3,9.7,1.2,2.2,2.2,2.472,0.018
2010,07,전라북도,완주군,용진읍,상운리,소양천2,27.0,7.3,8.4,3.6,6.0,2.8,3.744,0.053
2010,07,전라북도,익산시,춘포면,용연리,익산천3,29.0,7.5,5.4,5.4,16.0,42.3,8.695,1.468
2010,07,전라북도,전주시덕진구,고랑동,,전주천7,26.0,7.2,3.9,10.0,19.7,11.9,7.231,1.005
2010,07,전라북도,전주시덕진구,전미동1가,,전주,26.7,8.0,8.4,2.0,5.2,5.9,3.197,0.074
2010,07,전라북도,전주시완산구,대성동,,전주천1,24.0,7.3,8.9,0.6,1.2,1.0,2.538,0.010
2010,07,전라북도,완주군,고산면,읍내리,고산,21.0,7.7,9.1,0.6,2.4,1.7,3.401,0.018
2010,07,전라북도,무주군,무주읍,대차리,무주남대천2,25.0,8.4,9.1,0.6,2.3,2.6,2.338,0.010
2010,07,전라북도,무주군,무주읍,읍내리,무주남대천1,24.0,8.5,8.7,0.5,2.2,0.8,2.242,0.000
2010,07,전라북도,부안군,상서면,청림리,백천내,29.0,6.0,6.6,0.6,2.6,0.2,1.888,0.007
2010,07,전라북도,진안군,진안읍,운산리,진안천,25.0,7.5,6.9,2.7,5.6,55.2,3.368,0.023
2010,07,전라북도,진안군,진안읍,가막리,가막,23.0,8.0,10.1,1.1,5.4,25.8,2.860,0.109
2010,07,전라북도,무주군,무주읍,용포리,용포,23.0,8.8,9.8,0.6,2.2,2.4,1.913,0.000
2010,07,전라북도,진안군,용담면,송풍리,용담,21.0,7.4,9.1,0.6,3.2,3.1,1.919,0.024
2010,07,전라북도,남원시,운봉읍,,람천2,28.0,8.6,7.4,0.6,4.6,6.1,1.587,0.050
2010,07,전라북도,남원시,인월면,중군리,람천1,28.0,8.0,7.6,1.2,6.3,11.6,2.371,0.102
2010,07,전라북도,임실군,관촌면,방수리,관촌,24.7,7.5,8.5,1.0,3.3,6.6,2.781,0.038
2010,07,전라북도,임실군,운암면,학암리,운암,28.0,8.4,8.3,0.8,3.8,9.7,2.927,0.043
2010,07,전라북도,정읍시,산내면,매죽리,추령천,26.0,7.8,8.6,0.9,3.3,4.1,3.296,0.025
2010,07,전라북도,임실군,강진면,용수리,임실,23.0,7.5,8.1,1.3,4.1,2.2,1.644,0.022
2010,07,전라북도,순창군,동계면,구미리,동계,28.0,8.3,8.0,0.7,3.9,5.0,1.779,0.056
2010,07,전라북도,순창군,적성면,고원리,적성,26.3,7.9,6.8,0.9,4.7,9.4,1.869,0.057
2010,07,전라북도,남원시,금지면,귀석리,남원,29.0,8.1,7.6,0.9,6.1,10.6,2.206,0.068
2010,07,전라북도,남원시,대강면,월탄리,대강,25.3,7.3,8.6,1.9,5.6,10.4,1.995,0.073
2010,07,전라북도,순창군,동계면,서호리,오수천2,25.7,7.7,9.2,1.4,6.2,12.0,1.976,0.071
2010,07,전라북도,남원시,산동면,월석리,요천1,20.7,7.0,9.3,1.0,3.1,2.1,2.070,0.035
2010,07,전라북도,남원시,금지면,창산리,요천2,29.0,8.3,8.1,0.9,4.2,7.6,2.082,0.223
2010,07,전라북도,남원시,송동면,세전리,요천3,26.7,7.4,8.4,1.5,6.0,13.7,2.160,0.149
2010,07,전라북도,고창군,아산면,구암리,주진천1,27.0,7.9,7.3,2.1,9.4,51.3,3.301,0.080
2010,07,전라북도,고창군,아산면,반암리,주진천2,26.0,8.0,6.9,2.0,8.5,63.4,3.370,0.076
2010,08,전라북도,익산시,망성면,무형리,마산천,29.0,8.0,13.2,2.9,8.8,14.4,3.021,0.261
2010,08,전라북도,부안군,동진면,하장리,고부천2,30.0,7.9,7.6,3.0,7.2,17.4,1.693,0.110
2010,08,전라북도,부안군,동진면,하장리,고부천3,29.3,7.5,7.4,3.4,9.0,55.2,2.464,0.260
2010,08,전라북도,정읍시,영원면,앵성리,고부천1,30.0,7.7,5.5,1.9,6.5,30.2,1.712,0.165
2010,08,전라북도,김제시,부량면,옥정리,동진강3,25.4,7.2,7.5,2.5,7.1,60.7,3.346,0.225
2010,08,전라북도,정읍시,신태인읍,,동진강2,25.0,7.5,7.3,1.1,4.6,45.1,2.553,0.195
2010,08,전라북도,정읍시,옹동면,산성리,동진강1,27.0,7.8,8.6,0.7,4.0,12.5,2.082,0.106
2010,08,전라북도,김제시,죽산면,대창리,원평천3,28.8,7.5,8.5,3.5,9.1,35.0,2.727,0.267
2010,08,전라북도,김제시,봉남면,용신리,원평천1,31.0,9.2,13.4,5.3,8.1,13.8,3.808,0.046
2010,08,전라북도,김제시,죽산면,죽산리,원평천2,31.0,8.8,11.5,3.9,7.4,9.8,2.234,0.018
2010,08,전라북도,정읍시,공평동,,정읍천3,28.0,7.6,8.4,2.4,4.4,4.2,2.514,0.056
2010,08,전라북도,정읍시,송산동,,정읍천1,26.0,8.1,10.2,1.4,2.7,3.2,1.569,0.023
2010,08,전라북도,정읍시,연지동,,정읍천2,26.0,7.8,9.8,1.6,2.8,3.6,2.371,0.033
2010,08,전라북도,정읍시,이평면,하송리,정읍천4,27.3,7.3,7.9,2.3,6.5,45.0,2.984,0.257
2010,08,전라북도,정읍시,하모동,,천원천,27.0,7.5,8.4,2.8,4.9,5.0,2.626,0.053
2010,08,전라북도,완주군,삼례읍,,삼례,27.0,7.3,7.7,1.5,3.8,12.7,3.058,0.080
2010,08,전라북도,익산시,춘포면,인수리,익산천2,29.0,7.7,3.3,40.5,39.5,109.5,24.637,5.520
2010,08,전라북도,군산시,대야면,광교리,탑천,28.5,7.1,5.6,3.5,7.5,25.4,2.739,0.218
2010,08,전라북도,김제시,백구면,백구리,김제,29.8,7.7,8.8,4.8,9.0,50.6,4.327,0.372
2010,08,전라북도,김제시,백구면,월봉리,용암천,30.0,7.7,7.6,7.1,13.4,28.9,5.968,0.396
2010,08,전라북도,전주시완산구,서신동,,삼천3,28.0,7.2,6.1,3.0,5.4,17.8,2.563,0.084
2010,08,전라북도,전주시완산구,평화동3가,,삼천1,27.0,7.0,7.0,2.2,4.0,2.8,2.090,0.036
2010,08,전라북도,전주시완산구,효자동2가,,삼천2,28.0,7.4,8.3,2.6,4.7,10.0,2.211,0.072
2010,08,전라북도,완주군,소양면,황운리,소양천1,29.0,8.9,12.2,1.5,2.9,2.0,3.571,0.017
2010,08,전라북도,완주군,용진읍,상운리,소양천2,29.0,8.1,10.5,2.0,3.7,3.0,4.055,0.042
2010,08,전라북도,익산시,춘포면,용연리,익산천3,28.0,7.4,4.9,4.9,12.7,39.2,8.609,4.634
2010,08,전라북도,전주시덕진구,고랑동,,전주천7,26.5,7.1,5.3,6.8,12.4,16.6,5.294,0.721
2010,08,전라북도,전주시덕진구,전미동1가,,전주,26.3,7.5,9.0,1.4,4.3,12.2,2.351,0.090
2010,08,전라북도,전주시완산구,대성동,,전주천1,25.0,7.5,9.7,0.9,1.8,0.4,3.776,0.019
2010,08,전라북도,완주군,고산면,읍내리,고산,23.0,7.9,8.1,0.7,3.9,8.2,2.453,0.065
2010,08,전라북도,무주군,무주읍,대차리,무주남대천2,26.0,8.1,8.6,0.7,2.8,2.3,2.163,0.008
2010,08,전라북도,무주군,무주읍,읍내리,무주남대천1,25.0,8.3,8.1,0.6,2.9,1.1,2.120,0.000
2010,08,전라북도,부안군,상서면,청림리,백천내,23.0,5.7,7.2,0.4,2.6,0.4,1.960,0.005
2010,08,전라북도,진안군,진안읍,운산리,진안천,26.0,7.6,8.7,2.1,3.5,5.2,2.946,0.058
2010,08,전라북도,진안군,진안읍,가막리,가막,24.8,8.0,9.3,0.9,4.9,34.9,2.804,0.092
2010,08,전라북도,무주군,무주읍,용포리,용포,24.0,8.1,8.3,0.6,3.7,3.9,1.528,0.000
2010,08,전라북도,진안군,용담면,송풍리,용담,23.0,7.4,9.2,0.7,3.7,6.6,1.772,0.032
2010,08,전라북도,남원시,운봉읍,,람천2,26.0,8.5,7.6,0.6,3.7,1.6,0.908,0.027
2010,08,전라북도,남원시,인월면,중군리,람천1,28.0,8.2,7.8,1.1,4.9,6.6,1.695,0.100
2010,08,전라북도,임실군,관촌면,방수리,관촌,23.7,7.4,8.6,1.6,3.7,6.9,2.141,0.047
2010,08,전라북도,임실군,운암면,학암리,운암,26.0,8.8,8.1,0.8,2.9,11.1,2.527,0.055
2010,08,전라북도,정읍시,산내면,매죽리,추령천,25.7,7.5,8.9,1.4,2.9,3.4,2.715,0.029
2010,08,전라북도,임실군,강진면,용수리,임실,24.0,7.9,9.1,2.2,4.8,5.4,1.664,0.036
2010,08,전라북도,순창군,동계면,구미리,동계,27.0,7.9,7.3,0.7,3.2,8.8,1.414,0.062
2010,08,전라북도,순창군,적성면,고원리,적성,27.3,7.7,7.3,0.9,4.1,10.6,1.568,0.091
2010,08,전라북도,남원시,금지면,귀석리,남원,28.0,8.0,7.4,0.8,3.9,11.4,1.395,0.096
2010,08,전라북도,남원시,대강면,월탄리,대강,25.3,7.2,8.4,2.7,5.5,21.2,1.649,0.127
2010,08,전라북도,순창군,동계면,서호리,오수천2,26.0,7.4,8.1,2.4,5.2,18.4,1.792,0.112
2010,08,전라북도,남원시,산동면,월석리,요천1,21.7,7.4,8.8,1.4,3.6,7.9,1.771,0.032
2010,08,전라북도,남원시,금지면,창산리,요천2,26.0,8.1,8.0,0.9,3.5,9.4,1.618,0.097
2010,08,전라북도,남원시,송동면,세전리,요천3,25.3,7.4,8.3,2.6,5.4,13.1,1.786,0.093
2010,08,전라북도,고창군,아산면,구암리,주진천1,30.0,7.9,6.0,2.8,6.7,11.2,2.223,0.053
2010,08,전라북도,고창군,아산면,반암리,주진천2,30.0,8.3,6.9,3.5,6.9,9.2,2.198,0.070
2010,09,전라북도,익산시,망성면,무형리,마산천,22.0,8.9,8.1,1.8,5.0,4.9,3.865,0.258
2010,09,전라북도,부안군,동진면,하장리,고부천2,28.0,9.4,8.4,5.3,7.2,12.4,1.992,0.074
2010,09,전라북도,부안군,동진면,하장리,고부천3,23.0,7.6,8.9,2.8,7.9,53.6,1.993,0.140
2010,09,전라북도,정읍시,영원면,앵성리,고부천1,29.0,9.3,8.7,4.4,9.0,22.1,1.114,0.061
2010,09,전라북도,김제시,부량면,옥정리,동진강3,23.3,7.4,9.1,1.8,5.9,15.4,2.486,0.110
2010,09,전라북도,정읍시,신태인읍,,동진강2,24.0,8.0,6.0,0.7,3.4,10.7,2.001,0.033
2010,09,전라북도,정읍시,옹동면,산성리,동진강1,24.0,7.8,5.9,0.7,3.2,3.9,1.833,0.037
2010,09,전라북도,김제시,죽산면,대창리,원평천3,23.5,7.9,9.7,2.6,7.5,29.6,2.150,0.115
2010,09,전라북도,김제시,봉남면,용신리,원평천1,28.0,8.3,6.6,1.4,5.1,6.2,2.273,0.082
2010,09,전라북도,김제시,죽산면,죽산리,원평천2,29.0,9.6,10.1,6.2,9.3,13.5,1.871,0.076
2010,09,전라북도,정읍시,공평동,,정읍천3,25.0,7.0,7.7,2.0,4.6,14.2,2.351,0.017
2010,09,전라북도,정읍시,송산동,,정읍천1,23.0,7.3,8.6,2.0,4.0,1.7,1.644,0.001
2010,09,전라북도,정읍시,연지동,,정읍천2,23.0,7.4,8.5,1.7,4.0,5.7,2.004,0.003
2010,09,전라북도,정읍시,이평면,하송리,정읍천4,23.0,7.5,8.8,1.9,6.1,27.1,2.458,0.123
2010,09,전라북도,정읍시,하모동,,천원천,25.0,7.0,7.7,2.3,4.4,26.4,2.428,0.018
2010,09,전라북도,완주군,삼례읍,,삼례,26.0,7.6,5.5,1.2,6.0,13.7,2.772,0.086
2010,09,전라북도,익산시,춘포면,인수리,익산천2,29.0,7.8,3.3,13.5,29.9,25.7,15.280,2.717
2010,09,전라북도,군산시,대야면,광교리,탑천,22.5,7.3,6.8,2.9,8.2,77.0,3.146,0.230
2010,09,전라북도,김제시,백구면,백구리,김제,23.8,7.6,9.9,3.2,8.9,14.6,3.755,0.223
2010,09,전라북도,김제시,백구면,월봉리,용암천,28.0,9.5,11.4,10.0,9.0,29.0,5.914,0.326
2010,09,전라북도,전주시완산구,서신동,,삼천3,26.0,7.6,8.4,2.3,5.8,15.4,2.721,0.077
2010,09,전라북도,전주시완산구,평화동3가,,삼천1,26.0,7.5,9.6,1.6,4.3,7.2,2.439,0.035
2010,09,전라북도,전주시완산구,효자동2가,,삼천2,26.0,7.5,9.5,2.1,5.1,9.0,2.760,0.073
2010,09,전라북도,완주군,소양면,황운리,소양천1,25.0,7.9,11.6,1.7,3.5,1.6,2.691,0.000
2010,09,전라북도,완주군,용진읍,상운리,소양천2,26.0,7.7,10.2,1.7,3.7,6.6,3.865,0.027
2010,09,전라북도,익산시,춘포면,용연리,익산천3,27.0,7.5,3.0,3.7,17.2,17.4,6.041,1.494
2010,09,전라북도,전주시덕진구,고랑동,,전주천7,24.5,7.1,6.4,5.6,14.5,86.7,6.154,0.263
2010,09,전라북도,전주시덕진구,전미동1가,,전주,21.0,7.5,10.2,1.1,4.8,16.9,2.487,0.049
2010,09,전라북도,전주시완산구,대성동,,전주천1,24.0,7.6,11.3,1.0,2.4,0.7,2.578,0.021
2010,09,전라북도,완주군,고산면,읍내리,고산,24.0,7.5,6.1,0.4,2.8,4.0,2.169,0.018
2010,09,전라북도,무주군,무주읍,대차리,무주남대천2,22.0,7.3,8.6,1.0,5.3,61.0,1.510,0.059
2010,09,전라북도,무주군,무주읍,읍내리,무주남대천1,22.0,7.3,8.3,0.6,4.4,52.0,1.458,0.072
2010,09,전라북도,부안군,상서면,청림리,백천내,24.0,6.0,7.7,0.5,2.5,0.2,2.214,0.007
2010,09,전라북도,진안군,진안읍,운산리,진안천,24.0,8.3,7.3,1.9,4.2,33.6,2.415,0.072
2010,09,전라북도,진안군,진안읍,가막리,가막,21.0,8.4,10.4,1.0,3.8,8.1,2.571,0.035
2010,09,전라북도,무주군,무주읍,용포리,용포,23.0,7.4,8.2,0.9,4.2,5.0,2.675,0.031
2010,09,전라북도,진안군,용담면,송풍리,용담,21.5,7.4,9.4,1.3,5.5,6.4,1.420,0.059
2010,09,전라북도,남원시,운봉읍,,람천2,20.0,7.7,6.2,0.4,2.7,2.3,1.159,0.025
2010,09,전라북도,남원시,인월면,중군리,람천1,21.0,7.7,6.1,0.6,2.9,5.4,1.995,0.037
2010,09,전라북도,임실군,관촌면,방수리,관촌,22.7,7.1,9.0,1.5,2.6,2.5,1.759,0.015
2010,09,전라북도,임실군,운암면,학암리,운암,24.0,7.2,7.8,1.4,4.7,29.6,1.873,0.074
2010,09,전라북도,정읍시,산내면,매죽리,추령천,23.3,7.6,8.9,1.2,2.9,2.2,2.159,0.011
2010,09,전라북도,임실군,강진면,용수리,임실,21.0,7.7,9.7,2.5,4.6,3.5,1.479,0.020
2010,09,전라북도,순창군,동계면,구미리,동계,24.0,7.3,8.2,1.3,4.9,20.8,1.821,0.052
2010,09,전라북도,순창군,적성면,고원리,적성,24.3,7.6,7.8,0.9,3.7,9.2,1.749,0.053
2010,09,전라북도,남원시,금지면,귀석리,남원,25.0,7.4,8.1,1.0,4.4,29.0,1.510,0.050
2010,09,전라북도,남원시,대강면,월탄리,대강,22.3,7.4,8.6,2.1,4.4,10.9,1.522,0.054
2010,09,전라북도,순창군,동계면,서호리,오수천2,22.0,7.6,8.9,1.8,4.0,12.7,1.728,0.055
2010,09,전라북도,남원시,산동면,월석리,요천1,20.3,7.7,9.7,1.5,3.8,9.6,1.353,0.028
2010,09,전라북도,남원시,금지면,창산리,요천2,25.0,7.5,8.4,1.0,4.2,16.5,1.318,0.044
2010,09,전라북도,남원시,송동면,세전리,요천3,23.7,7.6,9.5,2.1,4.5,10.9,1.474,0.084
2010,09,전라북도,고창군,아산면,구암리,주진천1,26.0,7.4,7.7,1.2,3.8,22.0,2.631,0.127
2010,09,전라북도,고창군,아산면,반암리,주진천2,27.0,7.2,7.5,1.1,4.3,35.4,2.502,0.155
2010,10,전라북도,익산시,망성면,무형리,마산천,19.0,9.0,9.2,1.9,6.2,11.6,4.646,0.362
2010,10,전라북도,부안군,동진면,하장리,고부천2,17.0,7.2,6.0,6.8,11.5,97.8,4.193,0.194
2010,10,전라북도,부안군,동진면,하장리,고부천3,16.8,7.8,10.8,4.4,11.4,52.5,3.797,0.297
2010,10,전라북도,정읍시,영원면,앵성리,고부천1,17.0,7.1,6.4,5.5,10.5,90.0,4.542,0.224
2010,10,전라북도,김제시,부량면,옥정리,동진강3,18.0,7.7,10.5,1.6,5.6,17.4,2.633,0.207
2010,10,전라북도,정읍시,신태인읍,,동진강2,17.0,6.8,6.9,1.2,4.2,14.2,2.249,0.083
2010,10,전라북도,정읍시,옹동면,산성리,동진강1,17.0,6.7,6.9,0.7,3.0,1.3,1.709,0.043
2010,10,전라북도,김제시,죽산면,대창리,원평천3,17.5,8.4,12.1,4.0,9.6,32.1,1.953,0.223
2010,10,전라북도,김제시,봉남면,용신리,원평천1,18.0,8.6,8.5,1.9,6.8,25.5,1.971,0.098
2010,10,전라북도,김제시,죽산면,죽산리,원평천2,17.0,8.0,9.0,11.2,15.9,62.0,1.555,0.059
2010,10,전라북도,정읍시,공평동,,정읍천3,19.0,7.7,9.7,2.0,4.1,21.6,2.853,0.140
2010,10,전라북도,정읍시,송산동,,정읍천1,19.0,8.4,10.3,0.6,1.7,0.4,1.044,0.039
2010,10,전라북도,정읍시,연지동,,정읍천2,18.0,7.9,9.8,2.5,3.9,52.4,2.354,0.182
2010,10,전라북도,정읍시,이평면,하송리,정읍천4,18.5,7.7,9.5,1.7,6.5,9.6,4.974,0.328
2010,10,전라북도,정읍시,하모동,,천원천,19.0,7.7,10.0,1.8,3.6,10.6,2.388,0.085
2010,10,전라북도,완주군,삼례읍,,삼례,22.0,7.4,5.9,3.7,9.4,10.4,3.994,0.267
2010,10,전라북도,익산시,춘포면,인수리,익산천2,21.0,7.8,5.7,31.3,47.4,68.2,15.544,7.790
2010,10,전라북도,군산시,대야면,광교리,탑천,17.5,7.7,8.4,3.6,8.0,34.1,4.663,0.273
2010,10,전라북도,김제시,백구면,백구리,김제,18.3,8.2,12.1,6.5,14.4,24.0,6.233,0.476
2010,10,전라북도,김제시,백구면,월봉리,용암천,20.0,8.0,1.4,51.0,78.9,76.4,48.794,1.258
2010,10,전라북도,전주시완산구,서신동,,삼천3,18.0,7.0,4.8,3.3,6.7,10.2,3.767,0.191
2010,10,전라북도,전주시완산구,평화동3가,,삼천1,19.0,7.1,6.9,2.0,4.0,2.6,2.425,0.093
2010,10,전라북도,전주시완산구,효자동2가,,삼천2,18.0,7.3,9.4,2.3,5.0,5.8,3.589,0.160
2010,10,전라북도,완주군,소양면,황운리,소양천1,19.0,6.9,9.9,1.2,2.7,1.6,2.595,0.032
2010,10,전라북도,완주군,용진읍,상운리,소양천2,18.0,7.1,8.3,1.4,3.0,5.8,4.659,0.057
2010,10,전라북도,익산시,춘포면,용연리,익산천3,21.0,7.4,3.7,7.1,13.7,36.4,7.236,2.471
2010,10,전라북도,전주시덕진구,고랑동,,전주천7,21.3,7.2,7.1,7.2,19.8,10.9,7.160,0.741
2010,10,전라북도,전주시덕진구,전미동1가,,전주,17.3,7.9,11.5,1.4,4.8,7.7,2.570,0.156
2010,10,전라북도,전주시완산구,대성동,,전주천1,18.0,7.1,8.3,0.7,1.6,0.2,2.121,0.039
2010,10,전라북도,완주군,고산면,읍내리,고산,20.0,7.9,6.3,0.5,3.3,3.6,1.525,0.025
2010,10,전라북도,무주군,무주읍,대차리,무주남대천2,19.0,7.6,7.3,0.8,2.4,1.7,1.824,0.014
2010,10,전라북도,무주군,무주읍,읍내리,무주남대천1,18.0,7.6,7.1,0.6,2.6,0.3,1.931,0.006
2010,10,전라북도,부안군,상서면,청림리,백천내,18.0,6.2,8.8,0.5,2.0,0.2,1.552,0.008
2010,10,전라북도,진안군,진안읍,운산리,진안천,17.0,7.5,9.5,1.4,3.5,25.6,3.537,0.123
2010,10,전라북도,진안군,진안읍,가막리,가막,16.0,8.2,11.1,0.7,4.1,4.0,2.798,0.019
2010,10,전라북도,무주군,무주읍,용포리,용포,18.0,7.0,6.5,1.5,5.2,2.9,1.167,0.020
2010,10,전라북도,진안군,용담면,송풍리,용담,18.8,7.2,9.4,0.9,6.1,5.0,1.408,0.025
2010,10,전라북도,남원시,운봉읍,,람천2,18.0,8.0,6.6,0.3,2.7,1.4,1.782,0.043
2010,10,전라북도,남원시,인월면,중군리,람천1,18.0,8.0,6.8,0.5,3.0,3.6,2.348,0.058
2010,10,전라북도,임실군,관촌면,방수리,관촌,17.0,7.7,10.3,1.5,3.0,1.7,1.649,0.024
2010,10,전라북도,임실군,운암면,학암리,운암,20.0,7.0,5.3,2.0,4.4,4.0,1.383,0.022
2010,10,전라북도,정읍시,산내면,매죽리,추령천,16.8,7.9,11.1,1.0,2.7,0.9,1.751,0.015
2010,10,전라북도,임실군,강진면,용수리,임실,14.0,7.7,12.1,1.7,4.2,0.7,1.580,0.015
2010,10,전라북도,순창군,동계면,구미리,동계,19.0,7.2,6.3,0.7,3.0,2.3,1.168,0.017
2010,10,전라북도,순창군,적성면,고원리,적성,18.8,7.6,8.2,0.9,3.2,3.2,1.543,0.033
2010,10,전라북도,남원시,금지면,귀석리,남원,19.0,7.8,6.6,0.8,3.4,4.6,1.682,0.054
2010,10,전라북도,남원시,대강면,월탄리,대강,17.8,7.8,11.1,1.7,4.1,2.7,1.613,0.044
2010,10,전라북도,순창군,동계면,서호리,오수천2,16.8,8.2,11.6,1.2,3.2,2.6,1.714,0.033
2010,10,전라북도,남원시,산동면,월석리,요천1,15.3,7.5,10.3,0.9,3.0,0.8,1.471,0.017
2010,10,전라북도,남원시,금지면,창산리,요천2,19.0,7.6,6.5,1.0,3.8,6.5,1.663,0.086
2010,10,전라북도,남원시,송동면,세전리,요천3,18.0,8.0,10.7,1.4,4.1,5.2,1.989,0.138
2010,10,전라북도,고창군,아산면,구암리,주진천1,21.0,7.5,7.1,1.2,4.0,10.6,3.651,0.086
2010,10,전라북도,고창군,아산면,반암리,주진천2,20.0,7.5,6.4,1.4,4.3,27.6,3.480,0.072
2010,11,전라북도,익산시,망성면,무형리,마산천,11.0,8.7,10.7,2.0,6.7,5.8,5.872,0.369
2010,11,전라북도,부안군,동진면,하장리,고부천2,10.0,8.0,7.4,5.2,10.0,77.3,4.908,0.254
2010,11,전라북도,부안군,동진면,하장리,고부천3,9.5,7.7,11.9,2.7,9.0,45.2,5.003,0.307
2010,11,전라북도,정읍시,영원면,앵성리,고부천1,9.0,8.1,7.6,2.4,6.6,42.0,4.053,0.181
2010,11,전라북도,김제시,부량면,옥정리,동진강3,11.8,7.6,11.1,1.2,4.5,16.4,2.507,0.108
2010,11,전라북도,정읍시,신태인읍,,동진강2,9.0,8.2,7.9,0.9,3.3,17.2,1.908,0.074
2010,11,전라북도,정읍시,옹동면,산성리,동진강1,12.0,8.6,7.6,0.7,3.5,6.5,1.620,0.043
2010,11,전라북도,김제시,죽산면,대창리,원평천3,11.3,9.1,14.1,6.1,10.7,44.3,2.860,0.193
2010,11,전라북도,김제시,봉남면,용신리,원평천1,9.0,8.5,9.0,1.5,5.0,12.6,4.137,0.169
2010,11,전라북도,김제시,죽산면,죽산리,원평천2,10.0,8.1,7.6,11.1,10.6,69.9,2.789,0.180
2010,11,전라북도,정읍시,공평동,,정읍천3,12.0,7.2,8.2,1.7,3.8,11.0,2.055,0.077
2010,11,전라북도,정읍시,송산동,,정읍천1,12.0,7.2,8.9,0.8,1.8,1.3,0.617,0.018
2010,11,전라북도,정읍시,연지동,,정읍천2,12.0,7.1,8.9,0.9,2.0,0.4,1.847,0.039
2010,11,전라북도,정읍시,이평면,하송리,정읍천4,12.5,7.6,11.3,1.7,6.9,10.8,4.918,0.149
2010,11,전라북도,정읍시,하모동,,천원천,12.0,7.1,8.9,1.8,4.1,3.4,2.486,0.063
2010,11,전라북도,완주군,삼례읍,,삼례,14.0,8.4,7.1,2.1,6.2,11.0,2.659,0.178
2010,11,전라북도,익산시,춘포면,인수리,익산천2,12.0,7.9,7.9,9.0,18.0,15.6,11.207,1.478
2010,11,전라북도,군산시,대야면,광교리,탑천,10.8,8.5,12.8,4.9,8.8,26.2,7.682,0.167
2010,11,전라북도,김제시,백구면,백구리,김제,13.3,7.8,10.9,3.4,9.6,17.8,4.579,0.426
2010,11,전라북도,김제시,백구면,월봉리,용암천,12.0,8.3,8.3,7.8,15.8,40.8,12.370,0.236
2010,11,전라북도,전주시완산구,서신동,,삼천3,10.0,8.1,7.9,3.2,5.5,3.2,1.893,0.081
2010,11,전라북도,전주시완산구,평화동3가,,삼천1,12.0,7.8,7.4,1.7,3.1,1.1,1.405,0.058
2010,11,전라북도,전주시완산구,효자동2가,,삼천2,10.0,8.0,7.8,2.8,5.6,19.2,2.324,0.069
2010,11,전라북도,완주군,소양면,황운리,소양천1,10.0,8.0,7.7,1.5,2.2,2.6,2.323,0.032
2010,11,전라북도,완주군,용진읍,상운리,소양천2,13.0,8.4,8.7,1.5,2.9,1.4,4.651,0.031
2010,11,전라북도,익산시,춘포면,용연리,익산천3,12.0,7.8,6.5,5.6,30.8,17.3,16.645,2.883
2010,11,전라북도,전주시덕진구,고랑동,,전주천7,17.3,7.1,5.6,7.5,21.4,10.9,8.686,1.099
2010,11,전라북도,전주시덕진구,전미동1가,,전주,11.3,7.9,11.6,0.8,4.3,4.5,1.675,0.068
2010,11,전라북도,전주시완산구,대성동,,전주천1,11.0,8.2,7.6,0.7,1.6,0.3,1.964,0.021
2010,11,전라북도,완주군,고산면,읍내리,고산,15.0,8.6,6.9,0.6,3.4,1.6,1.386,0.021
2010,11,전라북도,무주군,무주읍,대차리,무주남대천2,11.0,8.1,10.3,1.0,2.0,0.4,2.114,0.027
2010,11,전라북도,무주군,무주읍,읍내리,무주남대천1,8.0,7.7,8.4,0.7,1.9,0.2,2.606,0.016
2010,11,전라북도,부안군,상서면,청림리,백천내,13.0,6.5,9.0,1.5,2.8,0.5,1.493,0.005
2010,11,전라북도,진안군,진안읍,운산리,진안천,12.0,7.1,9.7,2.1,3.4,66.8,3.362,0.409
2010,11,전라북도,진안군,진안읍,가막리,가막,9.0,7.8,13.0,0.8,2.7,1.1,3.251,0.019
2010,11,전라북도,무주군,무주읍,용포리,용포,11.0,8.1,8.4,0.9,3.6,1.2,1.256,0.024
2010,11,전라북도,진안군,용담면,송풍리,용담,15.0,7.8,10.9,0.8,3.6,3.1,1.396,0.035
2010,11,전라북도,남원시,운봉읍,,람천2,12.0,8.9,7.5,1.2,3.4,1.6,2.298,0.027
2010,11,전라북도,남원시,인월면,중군리,람천1,12.0,8.4,7.5,2.5,4.0,4.8,3.217,0.076
2010,11,전라북도,임실군,관촌면,방수리,관촌,9.0,7.6,11.3,0.9,2.4,0.7,1.713,0.014
2010,11,전라북도,임실군,운암면,학암리,운암,12.0,8.6,8.2,5.9,7.0,6.6,1.372,0.070
2010,11,전라북도,정읍시,산내면,매죽리,추령천,8.8,7.8,11.9,1.0,2.7,0.5,1.984,0.010
2010,11,전라북도,임실군,강진면,용수리,임실,8.5,7.8,12.3,1.2,3.8,1.0,1.581,0.012
2010,11,전라북도,순창군,동계면,구미리,동계,10.0,8.1,8.0,1.2,4.3,1.0,2.048,0.220
2010,11,전라북도,순창군,적성면,고원리,적성,11.3,8.0,7.9,1.1,3.0,3.1,1.594,0.034
2010,11,전라북도,남원시,금지면,귀석리,남원,11.0,8.4,8.7,1.0,4.0,1.4,1.359,0.019
2010,11,전라북도,남원시,대강면,월탄리,대강,8.8,7.8,12.7,1.3,3.5,2.0,1.730,0.031
2010,11,전라북도,순창군,동계면,서호리,오수천2,9.8,8.1,13.0,1.4,3.4,3.5,1.741,0.020
2010,11,전라북도,남원시,산동면,월석리,요천1,7.8,7.4,12.3,1.1,2.0,0.3,1.678,0.008
2010,11,전라북도,남원시,금지면,창산리,요천2,12.0,8.1,8.3,1.0,4.1,4.6,2.871,0.220
2010,11,전라북도,남원시,송동면,세전리,요천3,11.3,8.3,12.4,1.4,4.2,6.1,2.685,0.162
2010,11,전라북도,고창군,아산면,구암리,주진천1,13.0,8.2,8.6,1.1,3.9,4.7,4.319,0.088
2010,11,전라북도,고창군,아산면,반암리,주진천2,13.0,8.1,7.5,1.0,4.2,17.2,3.988,0.100
2010,12,전라북도,익산시,망성면,무형리,마산천,7.0,8.2,11.2,3.3,6.3,7.0,7.175,0.383
2010,12,전라북도,부안군,동진면,하장리,고부천2,5.0,8.0,8.3,5.6,8.4,35.2,3.938,0.251
2010,12,전라북도,부안군,동진면,하장리,고부천3,5.0,7.8,12.2,2.7,9.4,67.8,5.724,0.416
2010,12,전라북도,정읍시,영원면,앵성리,고부천1,6.0,8.4,8.7,2.1,6.1,17.8,2.552,0.108
2010,12,전라북도,김제시,부량면,옥정리,동진강3,7.8,7.5,11.4,1.8,5.2,16.1,2.710,0.093
2010,12,전라북도,정읍시,신태인읍,,동진강2,8.0,8.2,8.9,0.8,3.5,17.6,1.815,0.094
2010,12,전라북도,정읍시,옹동면,산성리,동진강1,9.0,8.1,8.2,0.6,3.2,3.2,1.454,0.034
2010,12,전라북도,김제시,죽산면,대창리,원평천3,5.5,9.2,16.3,4.7,11.0,32.8,3.711,0.144
2010,12,전라북도,김제시,봉남면,용신리,원평천1,7.0,9.4,10.7,2.4,7.9,18.6,2.909,0.125
2010,12,전라북도,김제시,죽산면,죽산리,원평천2,7.0,9.0,12.4,5.5,13.2,51.8,4.092,0.242
2010,12,전라북도,정읍시,공평동,,정읍천3,7.0,7.1,10.9,1.6,3.6,11.2,2.264,0.036
2010,12,전라북도,정읍시,송산동,,정읍천1,8.0,6.9,10.7,0.7,1.5,1.0,0.806,0.006
2010,12,전라북도,정읍시,연지동,,정읍천2,9.0,7.2,10.6,1.5,2.8,14.0,1.771,0.042
2010,12,전라북도,정읍시,이평면,하송리,정읍천4,8.0,7.4,10.5,2.6,8.8,8.8,7.064,0.166
2010,12,전라북도,정읍시,하모동,,천원천,8.0,7.1,11.0,1.5,3.1,6.4,2.872,0.032
2010,12,전라북도,완주군,삼례읍,,삼례,11.0,7.6,9.5,4.3,8.1,9.7,3.860,0.240
2010,12,전라북도,익산시,춘포면,인수리,익산천2,10.0,7.7,9.1,11.6,23.7,28.3,11.998,1.371
2010,12,전라북도,군산시,대야면,광교리,탑천,5.5,8.7,14.6,4.7,8.8,15.2,5.969,0.203
2010,12,전라북도,김제시,백구면,백구리,김제,7.3,7.7,11.9,5.9,10.8,17.2,5.920,0.426
2010,12,전라북도,김제시,백구면,월봉리,용암천,8.0,8.6,12.4,7.1,19.5,23.0,20.830,0.420
2010,12,전라북도,전주시완산구,서신동,,삼천3,4.0,7.9,11.5,4.4,5.9,4.7,2.351,0.088
2010,12,전라북도,전주시완산구,평화동3가,,삼천1,5.0,7.9,11.8,1.8,3.3,2.8,1.810,0.046
2010,12,전라북도,전주시완산구,효자동2가,,삼천2,6.0,7.7,12.5,4.0,6.2,12.3,2.131,0.088
2010,12,전라북도,완주군,소양면,황운리,소양천1,4.0,8.2,12.7,1.2,2.2,1.8,2.739,0.014
2010,12,전라북도,완주군,용진읍,상운리,소양천2,5.0,7.8,12.3,1.9,3.4,1.2,5.436,0.015
2010,12,전라북도,익산시,춘포면,용연리,익산천3,11.0,7.6,9.7,8.3,18.8,13.2,10.324,1.212
2010,12,전라북도,전주시덕진구,고랑동,,전주천7,13.5,7.2,5.7,10.0,20.9,9.2,9.026,0.728
2010,12,전라북도,전주시덕진구,전미동1가,,전주,6.5,8.4,12.8,1.0,3.8,4.1,1.836,0.067
2010,12,전라북도,전주시완산구,대성동,,전주천1,7.0,7.8,10.9,0.6,1.6,0.2,2.346,0.014
2010,12,전라북도,완주군,고산면,읍내리,고산,11.0,8.3,10.1,0.5,3.4,1.6,1.274,0.027
2010,12,전라북도,무주군,무주읍,대차리,무주남대천2,6.0,6.9,9.5,0.5,2.0,0.1,2.097,0.023
2010,12,전라북도,무주군,무주읍,읍내리,무주남대천1,4.0,7.4,8.9,0.4,2.1,0.2,2.725,0.016
2010,12,전라북도,부안군,상서면,청림리,백천내,11.0,6.6,9.0,0.8,1.6,0.2,1.923,0.002
2010,12,전라북도,진안군,진안읍,운산리,진안천,10.0,7.6,8.0,1.5,5.2,42.4,3.588,0.150
2010,12,전라북도,진안군,진안읍,가막리,가막,4.0,7.8,16.1,0.8,3.1,1.2,3.334,0.017
2010,12,전라북도,무주군,무주읍,용포리,용포,8.0,7.3,8.2,0.7,3.4,0.6,1.244,0.024
2010,12,전라북도,진안군,용담면,송풍리,용담,11.0,7.9,13.4,0.8,3.3,2.2,1.275,0.013
2010,12,전라북도,남원시,운봉읍,,람천2,1.0,7.9,13.7,0.9,3.5,1.4,2.530,0.037
2010,12,전라북도,남원시,인월면,중군리,람천1,2.0,7.8,13.5,2.1,4.5,4.2,3.668,0.069
2010,12,전라북도,임실군,관촌면,방수리,관촌,5.3,7.6,13.4,0.9,2.0,0.3,1.854,0.011
2010,12,전라북도,임실군,운암면,학암리,운암,6.0,9.2,9.8,4.6,6.5,8.6,1.560,0.058
2010,12,전라북도,정읍시,산내면,매죽리,추령천,6.0,7.7,12.6,1.2,2.0,0.3,1.960,0.008
2010,12,전라북도,임실군,강진면,용수리,임실,6.0,7.7,13.1,2.1,4.2,1.7,1.367,0.011
2010,12,전라북도,순창군,동계면,구미리,동계,4.0,8.0,9.2,0.6,3.5,0.4,1.632,0.049
2010,12,전라북도,순창군,적성면,고원리,적성,5.8,7.9,10.0,0.7,3.0,4.0,1.981,0.047
2010,12,전라북도,남원시,금지면,귀석리,남원,5.0,8.4,9.6,1.1,3.3,1.4,1.640,0.024
2010,12,전라북도,남원시,대강면,월탄리,대강,6.3,7.1,13.5,1.6,3.7,2.7,1.747,0.025
2010,12,전라북도,순창군,동계면,서호리,오수천2,6.7,7.6,13.8,1.7,3.4,3.9,1.979,0.021
2010,12,전라북도,남원시,산동면,월석리,요천1,7.0,7.5,13.1,1.3,2.2,0.6,1.836,0.008
2010,12,전라북도,남원시,금지면,창산리,요천2,6.0,8.3,9.1,1.2,3.1,2.8,2.344,0.123
2010,12,전라북도,남원시,송동면,세전리,요천3,6.7,7.8,13.0,1.6,4.1,2.7,3.003,0.133
2010,12,전라북도,고창군,아산면,구암리,주진천1,6.0,8.7,14.4,1.6,4.2,3.4,5.197,0.077
2010,12,전라북도,고창군,아산면,반암리,주진천2,6.0,9.1,15.5,2.0,4.4,2.9,4.760,0.065
2011,01,전라북도,익산시,망성면,무형리,마산천,1.0,8.3,14.7,2.7,6.5,8.6,7.625,0.285
2011,01,전라북도,부안군,동진면,하장리,고부천2,2.0,7.6,13.4,2.7,9.3,9.4,10.971,0.279
2011,01,전라북도,부안군,동진면,하장리,고부천3,1.5,7.7,14.3,3.4,8.9,12.4,9.665,0.346
2011,01,전라북도,정읍시,영원면,앵성리,고부천1,2.0,7.5,13.3,3.2,6.8,8.0,11.831,0.262
2011,01,전라북도,김제시,부량면,옥정리,동진강3,2.3,7.3,13.8,1.5,5.3,20.6,3.317,0.150
2011,01,전라북도,정읍시,신태인읍,,동진강2,3.0,7.6,13.2,9.8,9.0,17.3,4.604,0.228
2011,01,전라북도,정읍시,옹동면,산성리,동진강1,5.0,7.7,13.1,0.4,2.9,1.3,1.545,0.017
2011,01,전라북도,김제시,죽산면,대창리,원평천3,2.0,7.9,14.6,4.1,9.3,12.7,7.005,0.229
2011,01,전라북도,김제시,봉남면,용신리,원평천1,1.0,7.5,14.7,2.0,6.0,9.1,4.914,0.094
2011,01,전라북도,정읍시,공평동,,정읍천3,1.0,8.0,11.5,1.5,2.9,1.8,2.776,0.024
2011,01,전라북도,정읍시,송산동,,정읍천1,2.0,8.2,11.9,0.7,1.7,0.5,1.018,0.020
2011,01,전라북도,정읍시,연지동,,정읍천2,2.0,8.1,10.9,1.0,1.8,1.1,1.753,0.029
2011,01,전라북도,정읍시,이평면,하송리,정읍천4,3.5,7.4,12.0,3.2,9.4,23.9,8.135,0.664
2011,01,전라북도,정읍시,하모동,,천원천,1.0,7.6,12.3,1.3,3.2,3.0,3.276,0.026
2011,01,전라북도,완주군,삼례읍,,삼례,4.0,7.3,11.9,2.2,6.3,4.0,5.264,0.304
2011,01,전라북도,익산시,춘포면,인수리,익산천2,2.0,8.1,10.9,57.3,67.2,73.4,63.009,3.844
2011,01,전라북도,군산시,대야면,광교리,탑천,3.0,8.5,13.9,5.8,9.6,11.9,7.122,0.362
2011,01,전라북도,김제시,백구면,백구리,김제,3.5,7.5,13.8,4.1,8.9,7.6,5.823,0.346
2011,01,전라북도,전주시완산구,서신동,,삼천3,9.0,8.0,12.6,5.5,6.7,10.4,3.144,0.107
2011,01,전라북도,전주시완산구,평화동3가,,삼천1,2.0,7.7,12.3,0.7,2.5,3.0,2.353,0.040
2011,01,전라북도,전주시완산구,효자동2가,,삼천2,2.0,8.4,13.1,2.4,5.3,4.7,3.281,0.086
2011,01,전라북도,완주군,소양면,황운리,소양천1,0.0,7.6,11.7,0.7,1.4,0.9,3.423,0.022
2011,01,전라북도,완주군,용진읍,상운리,소양천2,3.0,7.5,12.5,1.2,2.3,2.2,6.555,0.037
2011,01,전라북도,익산시,춘포면,용연리,익산천3,1.0,8.0,8.4,38.7,59.0,38.1,75.534,4.827
2011,01,전라북도,전주시덕진구,고랑동,,전주천7,7.0,7.4,9.9,10.2,22.0,7.6,10.424,0.716
2011,01,전라북도,전주시덕진구,전미동1가,,전주,3.0,7.9,14.3,0.8,3.4,2.7,1.637,0.030
2011,01,전라북도,전주시완산구,대성동,,전주천1,4.0,8.6,13.5,0.4,1.3,0.4,2.574,0.020
2011,01,전라북도,완주군,고산면,읍내리,고산,6.0,7.6,12.0,0.7,3.5,0.8,1.412,0.005
2011,01,전라북도,무주군,무주읍,대차리,무주남대천2,1.0,7.2,14.5,1.0,2.9,0.3,4.540,0.058
2011,01,전라북도,무주군,무주읍,읍내리,무주남대천1,1.0,7.5,12.8,0.5,2.1,0.1,4.593,0.041
2011,01,전라북도,부안군,상서면,청림리,백천내,5.0,6.7,8.9,0.8,1.5,0.3,1.921,0.003
2011,01,전라북도,진안군,진안읍,운산리,진안천,2.0,7.4,9.7,1.1,3.1,4.8,4.115,0.157
2011,01,전라북도,진안군,진안읍,가막리,가막,-0.5,7.3,14.1,0.7,2.1,1.4,4.544,0.012
2011,01,전라북도,무주군,무주읍,용포리,용포,2.0,7.5,12.4,0.6,3.9,1.0,1.447,0.006
2011,01,전라북도,진안군,용담면,송풍리,용담,5.0,7.4,13.6,0.7,3.3,2.3,1.327,0.012
2011,01,전라북도,남원시,운봉읍,,람천2,1.0,7.9,12.8,1.4,3.5,0.3,3.288,0.044
2011,01,전라북도,남원시,인월면,중군리,람천1,2.0,7.9,13.4,1.1,3.5,1.2,3.511,0.024
2011,01,전라북도,임실군,관촌면,방수리,관촌,1.0,6.9,13.8,1.1,2.0,4.2,2.440,0.012
2011,01,전라북도,정읍시,산내면,매죽리,추령천,0.0,7.4,13.8,1.1,2.9,6.7,2.630,0.010
2011,01,전라북도,임실군,강진면,용수리,임실,1.5,7.3,13.4,2.0,4.1,0.8,1.395,0.008
2011,01,전라북도,순창군,동계면,구미리,동계,1.0,7.8,13.4,0.7,3.0,0.1,2.514,0.199
2011,01,전라북도,순창군,적성면,고원리,적성,1.0,7.9,12.2,0.7,3.3,3.0,2.460,0.034
2011,01,전라북도,남원시,금지면,귀석리,남원,1.0,8.1,13.4,0.6,2.8,1.2,2.496,0.011
2011,01,전라북도,남원시,대강면,월탄리,대강,0.5,7.2,13.6,1.9,3.7,2.8,2.515,0.032
2011,01,전라북도,순창군,동계면,서호리,오수천2,0.0,7.7,13.7,1.4,3.5,4.8,2.479,0.022
2011,01,전라북도,남원시,산동면,월석리,요천1,0.0,7.7,13.9,1.0,2.5,0.4,2.250,0.008
2011,01,전라북도,남원시,금지면,창산리,요천2,3.0,7.9,13.1,1.5,4.0,2.5,4.922,0.253
2011,01,전라북도,남원시,송동면,세전리,요천3,1.5,7.8,13.8,1.5,4.2,1.9,4.216,0.223
2011,01,전라북도,고창군,아산면,구암리,주진천1,3.0,8.2,10.3,1.2,4.8,2.5,6.226,0.081
2011,01,전라북도,고창군,아산면,반암리,주진천2,3.0,8.1,9.7,1.1,4.5,3.0,5.547,0.040
2011,02,전라북도,익산시,망성면,무형리,마산천,2.0,8.3,7.5,4.1,6.1,16.3,7.836,0.352
2011,02,전라북도,부안군,동진면,하장리,고부천2,3.0,7.3,12.5,3.4,8.0,34.0,6.938,0.248
2011,02,전라북도,부안군,동진면,하장리,고부천3,3.3,7.5,12.7,4.3,10.0,27.0,10.696,0.269
2011,02,전라북도,정읍시,영원면,앵성리,고부천1,4.0,7.6,12.8,3.0,7.6,25.2,6.384,0.198
2011,02,전라북도,김제시,부량면,옥정리,동진강3,5.3,7.6,13.7,3.3,7.6,37.7,5.574,0.201
2011,02,전라북도,정읍시,신태인읍,,동진강2,5.0,7.5,12.2,1.0,3.8,8.6,2.087,0.142
2011,02,전라북도,정읍시,옹동면,산성리,동진강1,4.0,7.5,12.2,0.8,3.3,1.9,1.397,0.033
2011,02,전라북도,김제시,죽산면,대창리,원평천3,5.0,7.9,16.1,6.2,9.9,11.0,7.587,0.231
2011,02,전라북도,김제시,봉남면,용신리,원평천1,5.0,7.9,13.1,2.7,6.8,24.7,4.096,0.170
2011,02,전라북도,김제시,죽산면,죽산리,원평천2,4.0,7.8,12.4,5.0,9.0,11.5,7.118,0.169
2011,02,전라북도,정읍시,공평동,,정읍천3,3.0,7.8,12.2,2.3,5.2,4.1,4.002,0.056
2011,02,전라북도,정읍시,송산동,,정읍천1,3.0,7.8,11.4,1.1,2.0,0.6,1.424,0.018
2011,02,전라북도,정읍시,연지동,,정읍천2,3.0,7.8,11.8,1.3,2.1,1.6,1.996,0.025
2011,02,전라북도,정읍시,이평면,하송리,정읍천4,5.3,7.5,13.1,3.8,8.6,16.3,7.214,0.176
2011,02,전라북도,정읍시,하모동,,천원천,2.0,7.6,11.4,3.1,6.0,6.1,4.665,0.071
2011,02,전라북도,완주군,삼례읍,,삼례,6.0,7.4,11.9,2.7,8.0,3.7,4.066,0.219
2011,02,전라북도,익산시,춘포면,인수리,익산천2,5.0,7.6,11.9,8.9,31.5,14.2,21.633,1.582
2011,02,전라북도,군산시,대야면,광교리,탑천,5.0,8.0,15.0,7.8,10.9,20.8,11.040,0.540
2011,02,전라북도,김제시,백구면,백구리,김제,7.0,7.5,12.8,6.3,11.5,20.3,7.952,0.470
2011,02,전라북도,전주시완산구,서신동,,삼천3,4.0,8.1,14.2,7.0,14.2,5.2,2.971,0.123
2011,02,전라북도,전주시완산구,평화동3가,,삼천1,4.0,7.3,12.0,1.5,12.0,1.8,2.798,0.095
2011,02,전라북도,전주시완산구,효자동2가,,삼천2,3.0,7.6,12.9,4.9,12.9,7.0,3.018,0.136
2011,02,전라북도,완주군,소양면,황운리,소양천1,5.0,8.1,12.1,4.0,12.1,12.4,4.188,0.031
2011,02,전라북도,완주군,용진읍,상운리,소양천2,6.0,7.9,13.4,2.3,13.4,5.8,5.012,0.039
2011,02,전라북도,익산시,춘포면,용연리,익산천3,6.0,7.6,11.6,12.9,27.1,20.2,15.219,1.306
2011,02,전라북도,전주시덕진구,고랑동,,전주천7,11.3,7.1,3.7,11.7,26.4,11.2,18.096,0.860
2011,02,전라북도,전주시덕진구,전미동1가,,전주,4.7,8.0,14.9,0.9,3.8,3.0,2.139,0.035
2011,02,전라북도,전주시완산구,대성동,,전주천1,3.0,8.0,11.6,0.5,0.9,0.8,2.743,0.020
2011,02,전라북도,완주군,고산면,읍내리,고산,6.0,8.2,12.6,0.4,3.3,0.5,1.384,0.031
2011,02,전라북도,무주군,무주읍,대차리,무주남대천2,5.0,8.1,13.8,1.5,3.0,0.1,4.432,0.052
2011,02,전라북도,무주군,무주읍,읍내리,무주남대천1,3.0,7.9,13.6,1.0,2.4,0.1,4.298,0.025
2011,02,전라북도,부안군,상서면,청림리,백천내,5.0,6.4,9.2,0.5,2.0,0.3,2.968,0.010
2011,02,전라북도,진안군,진안읍,운산리,진안천,1.0,7.4,8.4,1.2,3.0,4.4,4.482,0.140
2011,02,전라북도,진안군,진안읍,가막리,가막,0.3,7.3,15.5,0.8,3.3,3.8,4.542,0.031
2011,02,전라북도,무주군,무주읍,용포리,용포,5.0,7.7,12.2,0.9,3.3,0.2,1.324,0.020
2011,02,전라북도,진안군,용담면,송풍리,용담,4.0,7.2,13.0,0.7,3.2,2.5,1.434,0.012
2011,02,전라북도,남원시,운봉읍,,람천2,1.0,7.7,12.7,1.4,3.5,1.3,3.229,0.044
2011,02,전라북도,남원시,인월면,중군리,람천1,5.0,8.0,10.2,2.0,3.9,1.3,3.411,0.059
2011,02,전라북도,임실군,관촌면,방수리,관촌,3.0,7.5,13.6,1.4,2.4,0.4,2.308,0.011
2011,02,전라북도,임실군,운암면,학암리,운암,2.0,7.7,13.4,1.2,3.4,1.7,4.737,0.127
2011,02,전라북도,정읍시,산내면,매죽리,추령천,3.0,7.5,13.6,1.1,2.3,0.8,3.105,0.010
2011,02,전라북도,임실군,강진면,용수리,임실,4.3,7.8,13.2,1.6,3.7,0.7,1.318,0.011
2011,02,전라북도,순창군,동계면,구미리,동계,1.0,7.9,13.1,0.9,3.4,0.1,1.846,0.050
2011,02,전라북도,순창군,적성면,고원리,적성,3.0,7.7,13.3,1.1,3.4,2.2,2.133,0.035
2011,02,전라북도,남원시,금지면,귀석리,남원,3.0,8.1,13.4,1.3,3.5,0.6,2.025,0.026
2011,02,전라북도,남원시,대강면,월탄리,대강,3.0,7.2,13.6,2.3,4.2,3.0,2.273,0.039
2011,02,전라북도,순창군,동계면,서호리,오수천2,4.7,7.5,13.3,1.7,4.3,2.7,2.179,0.024
2011,02,전라북도,남원시,산동면,월석리,요천1,2.0,7.8,13.6,0.9,2.5,0.5,2.130,0.008
2011,02,전라북도,남원시,금지면,창산리,요천2,5.0,7.9,13.5,1.5,4.8,2.2,3.966,0.231
2011,02,전라북도,남원시,송동면,세전리,요천3,5.7,8.0,13.8,2.8,4.9,3.5,3.624,0.180
2011,02,전라북도,고창군,아산면,구암리,주진천1,7.0,7.3,14.2,1.4,4.6,5.5,5.371,0.250
2011,02,전라북도,고창군,아산면,반암리,주진천2,7.0,7.1,11.9,2.0,6.1,8.0,4.719,0.118
2011,03,전라북도,익산시,망성면,무형리,마산천,7.0,8.4,16.5,4.0,8.1,13.4,8.306,0.370
2011,03,전라북도,부안군,동진면,하장리,고부천3,8.5,7.8,12.4,5.3,11.1,39.2,8.237,0.279
2011,03,전라북도,김제시,부량면,옥정리,동진강3,6.5,7.7,14.5,1.3,4.5,14.7,2.581,0.065
2011,03,전라북도,정읍시,신태인읍,,동진강2,10.0,7.7,11.6,1.4,5.0,45.5,2.532,0.077
2011,03,전라북도,정읍시,옹동면,산성리,동진강1,8.0,7.9,12.3,1.0,3.7,1.2,1.951,0.024
2011,03,전라북도,김제시,죽산면,대창리,원평천3,9.0,8.8,16.4,5.3,10.9,38.8,6.298,0.201
2011,03,전라북도,김제시,봉남면,용신리,원평천1,12.0,9.0,12.8,2.8,8.7,32.4,3.253,0.133
2011,03,전라북도,김제시,죽산면,죽산리,원평천2,10.0,8.1,11.5,5.1,13.5,22.6,5.100,0.217
2011,03,전라북도,정읍시,공평동,,정읍천3,6.0,7.4,11.7,1.9,3.1,12.7,4.631,0.055
2011,03,전라북도,정읍시,송산동,,정읍천1,5.0,7.4,10.5,1.0,1.7,0.4,3.468,0.036
2011,03,전라북도,정읍시,연지동,,정읍천2,5.0,7.5,11.2,1.1,1.9,1.4,4.128,0.042
2011,03,전라북도,정읍시,이평면,하송리,정읍천4,7.3,7.8,14.3,1.4,4.1,15.2,2.817,0.054
2011,03,전라북도,정읍시,하모동,,천원천,6.0,7.5,10.8,1.7,3.0,7.8,4.940,0.056
2011,03,전라북도,완주군,삼례읍,,삼례,10.0,7.9,12.2,2.9,9.2,3.9,4.254,0.136
2011,03,전라북도,익산시,춘포면,인수리,익산천2,9.0,8.0,12.8,5.5,13.3,8.1,7.765,1.009
2011,03,전라북도,군산시,대야면,광교리,탑천,9.3,8.8,14.6,7.2,13.2,27.4,13.348,0.242
2011,03,전라북도,김제시,백구면,백구리,김제,9.5,7.6,12.2,3.7,9.8,11.7,6.062,0.221
2011,03,전라북도,김제시,백구면,월봉리,용암천,11.0,9.0,15.0,18.0,20.5,34.6,19.570,0.240
2011,03,전라북도,전주시완산구,서신동,,삼천3,5.0,7.9,11.1,1.5,3.7,2.2,2.971,0.078
2011,03,전라북도,전주시완산구,평화동3가,,삼천1,3.0,7.6,10.7,1.0,3.1,1.8,2.550,0.048
2011,03,전라북도,전주시완산구,효자동2가,,삼천2,4.0,7.8,11.4,1.4,3.4,1.4,3.078,0.086
2011,03,전라북도,완주군,소양면,황운리,소양천1,7.0,7.8,11.5,0.9,1.6,0.8,13.505,0.190
2011,03,전라북도,완주군,용진읍,상운리,소양천2,7.0,7.8,11.0,1.5,2.6,1.3,5.644,0.051
2011,03,전라북도,익산시,춘포면,용연리,익산천3,10.0,7.8,12.9,4.4,11.5,4.8,7.016,0.926
2011,03,전라북도,전주시덕진구,고랑동,,전주천7,12.5,7.3,9.0,5.9,19.8,8.8,12.769,0.424
2011,03,전라북도,전주시덕진구,전미동1가,,전주,7.5,8.1,14.2,0.9,4.2,4.9,1.624,0.035
2011,03,전라북도,전주시완산구,대성동,,전주천1,8.0,7.4,11.0,0.4,0.7,0.8,5.034,0.032
2011,03,전라북도,완주군,고산면,읍내리,고산,8.0,7.9,14.8,0.5,3.1,1.4,1.547,0.011
2011,03,전라북도,무주군,무주읍,대차리,무주남대천2,11.0,8.1,12.9,0.7,2.8,0.8,3.270,0.033
2011,03,전라북도,무주군,무주읍,읍내리,무주남대천1,12.0,8.4,12.8,0.4,2.8,0.2,3.053,0.012
2011,03,전라북도,부안군,상서면,청림리,백천내,5.0,6.5,13.1,0.3,3.0,0.4,4.335,0.010
2011,03,전라북도,진안군,진안읍,운산리,진안천,6.0,7.5,9.2,1.1,3.0,26.0,5.639,0.160
2011,03,전라북도,진안군,진안읍,가막리,가막,7.8,7.4,14.2,1.1,3.5,6.1,3.746,0.031
2011,03,전라북도,무주군,무주읍,용포리,용포,10.0,8.2,14.1,0.3,3.5,1.4,1.372,0.014
2011,03,전라북도,진안군,용담면,송풍리,용담,6.3,7.3,13.7,0.7,3.9,3.3,1.364,0.014
2011,03,전라북도,남원시,운봉읍,,람천2,6.0,8.2,13.2,1.1,3.3,0.7,1.958,0.025
2011,03,전라북도,남원시,인월면,중군리,람천1,6.0,8.5,14.8,1.8,3.5,2.0,2.956,0.031
2011,03,전라북도,임실군,관촌면,방수리,관촌,7.4,7.4,12.7,1.1,2.6,1.2,3.439,0.013
2011,03,전라북도,임실군,운암면,학암리,운암,10.0,7.8,12.8,1.1,3.0,2.6,3.413,0.026
2011,03,전라북도,정읍시,산내면,매죽리,추령천,8.2,7.7,13.0,1.0,2.4,1.3,3.941,0.011
2011,03,전라북도,임실군,강진면,용수리,임실,7.4,7.8,13.1,1.3,3.4,1.1,1.717,0.011
2011,03,전라북도,순창군,동계면,구미리,동계,12.0,7.8,11.6,1.0,3.3,1.8,2.758,0.157
2011,03,전라북도,순창군,적성면,고원리,적성,9.8,7.5,11.9,1.0,3.9,5.8,2.829,0.041
2011,03,전라북도,남원시,금지면,귀석리,남원,13.0,7.8,11.4,1.2,3.9,3.4,2.584,0.049
2011,03,전라북도,남원시,대강면,월탄리,대강,7.8,7.4,11.8,1.8,4.0,6.4,2.737,0.046
2011,03,전라북도,순창군,동계면,서호리,오수천2,8.8,7.7,12.6,1.5,4.1,6.4,2.475,0.037
2011,03,전라북도,남원시,산동면,월석리,요천1,6.2,7.4,12.9,1.0,1.8,0.5,2.680,0.009
2011,03,전라북도,남원시,금지면,창산리,요천2,14.0,8.4,12.1,1.8,5.2,7.1,3.300,0.191
2011,03,전라북도,남원시,송동면,세전리,요천3,8.6,7.7,12.3,2.4,4.6,12.3,3.400,0.158
2011,03,전라북도,고창군,아산면,구암리,주진천1,7.0,7.9,12.3,1.5,5.9,20.6,4.782,0.169
2011,03,전라북도,고창군,아산면,반암리,주진천2,7.0,7.8,12.7,1.2,5.6,16.1,4.738,0.120
2011,04,전라북도,익산시,망성면,무형리,마산천,16.0,8.9,6.8,13.8,9.5,23.0,9.548,0.421
2011,04,전라북도,부안군,동진면,하장리,고부천2,16.0,9.4,11.9,8.8,7.0,23.4,2.765,0.044
2011,04,전라북도,부안군,동진면,하장리,고부천3,13.3,8.2,12.0,3.7,8.0,13.7,2.970,0.089
2011,04,전라북도,정읍시,영원면,앵성리,고부천1,16.0,9.2,11.5,5.0,11.1,44.4,3.881,0.157
2011,04,전라북도,김제시,부량면,옥정리,동진강3,11.3,7.9,12.5,2.3,5.7,13.0,2.476,0.087
2011,04,전라북도,정읍시,신태인읍,,동진강2,11.0,7.9,10.2,1.1,4.2,20.7,2.032,0.059
2011,04,전라북도,정읍시,옹동면,산성리,동진강1,11.0,7.9,10.8,1.0,3.6,2.6,1.771,0.011
2011,04,전라북도,김제시,죽산면,대창리,원평천3,13.0,8.4,12.2,4.3,8.0,16.5,2.417,0.084
2011,04,전라북도,김제시,봉남면,용신리,원평천1,18.0,9.5,14.2,12.3,12.1,10.7,2.485,0.098
2011,04,전라북도,김제시,죽산면,죽산리,원평천2,15.0,8.6,10.3,2.7,5.9,15.1,2.354,0.121
2011,04,전라북도,정읍시,공평동,,정읍천3,13.0,7.9,11.2,5.1,6.6,21.4,3.052,0.116
2011,04,전라북도,정읍시,송산동,,정읍천1,10.0,7.6,9.6,1.1,1.9,3.4,2.601,0.036
2011,04,전라북도,정읍시,연지동,,정읍천2,13.0,7.5,9.7,2.4,2.7,4.4,3.576,0.052
2011,04,전라북도,정읍시,이평면,하송리,정읍천4,11.0,8.1,13.4,1.9,5.3,11.3,2.527,0.073
2011,04,전라북도,정읍시,하모동,,천원천,12.0,7.4,10.3,3.0,4.6,9.8,3.397,0.097
2011,04,전라북도,완주군,삼례읍,,삼례,14.0,7.4,9.6,3.1,7.8,10.0,4.543,0.129
2011,04,전라북도,익산시,춘포면,인수리,익산천2,15.0,7.5,8.3,35.5,18.2,22.6,10.816,1.241
2011,04,전라북도,군산시,대야면,광교리,탑천,13.5,8.4,12.0,12.0,15.0,29.7,11.656,0.328
2011,04,전라북도,김제시,백구면,백구리,김제,14.8,7.9,11.7,5.7,11.3,15.3,6.622,0.319
2011,04,전라북도,김제시,백구면,월봉리,용암천,15.0,8.7,12.5,24.6,20.5,30.4,12.070,0.274
2011,04,전라북도,전주시완산구,서신동,,삼천3,13.0,7.6,7.8,4.9,7.9,16.3,3.943,0.176
2011,04,전라북도,전주시완산구,평화동3가,,삼천1,13.0,7.9,10.7,2.3,4.9,8.0,2.265,0.134
2011,04,전라북도,전주시완산구,효자동2가,,삼천2,16.0,8.2,11.6,4.2,7.3,12.8,3.086,0.148
2011,04,전라북도,완주군,소양면,황운리,소양천1,14.0,8.9,10.0,2.6,4.7,5.0,4.912,0.080
2011,04,전라북도,완주군,용진읍,상운리,소양천2,16.0,9.5,12.2,2.0,3.2,5.8,3.884,0.045
2011,04,전라북도,익산시,춘포면,용연리,익산천3,13.0,7.1,4.2,29.5,18.6,21.6,12.033,1.923
2011,04,전라북도,전주시덕진구,고랑동,,전주천7,16.3,7.2,4.3,7.8,22.2,11.4,17.513,0.575
2011,04,전라북도,전주시덕진구,전미동1가,,전주,13.5,8.4,12.1,2.2,5.2,8.9,1.783,0.052
2011,04,전라북도,전주시완산구,대성동,,전주천1,11.0,7.1,11.4,0.5,1.5,0.8,4.021,0.029
2011,04,전라북도,완주군,고산면,읍내리,고산,8.0,7.7,11.3,1.3,3.6,2.6,1.825,0.009
2011,04,전라북도,무주군,무주읍,대차리,무주남대천2,16.0,8.8,12.0,1.1,3.3,2.6,2.748,0.018
2011,04,전라북도,무주군,무주읍,읍내리,무주남대천1,15.0,8.1,10.8,0.8,3.0,0.9,2.418,0.026
2011,04,전라북도,부안군,상서면,청림리,백천내,10.0,6.8,11.3,0.4,4.0,0.5,2.960,0.010
2011,04,전라북도,진안군,진안읍,운산리,진안천,15.0,7.8,10.0,1.5,3.0,4.8,3.963,0.060
2011,04,전라북도,진안군,진안읍,가막리,가막,11.5,7.8,11.1,1.3,3.5,5.6,3.228,0.027
2011,04,전라북도,무주군,무주읍,용포리,용포,12.0,8.1,11.7,0.7,3.7,1.5,1.581,0.008
2011,04,전라북도,진안군,용담면,송풍리,용담,9.8,7.3,13.0,0.9,3.9,4.8,1.408,0.012
2011,04,전라북도,남원시,운봉읍,,람천2,13.0,8.5,9.7,1.2,2.6,1.0,1.392,0.052
2011,04,전라북도,남원시,인월면,중군리,람천1,14.0,9.3,11.0,4.0,6.4,7.2,2.603,0.046
2011,04,전라북도,임실군,관촌면,방수리,관촌,13.0,7.3,11.4,1.2,2.7,3.9,2.488,0.021
2011,04,전라북도,임실군,운암면,학암리,운암,13.0,7.6,10.2,0.9,4.4,17.4,3.043,0.019
2011,04,전라북도,정읍시,산내면,매죽리,추령천,14.5,7.7,11.6,1.4,3.0,2.7,3.082,0.015
2011,04,전라북도,임실군,강진면,용수리,임실,12.3,7.5,12.1,1.6,3.3,1.7,1.778,0.013
2011,04,전라북도,순창군,동계면,구미리,동계,16.0,7.5,10.9,0.7,3.3,3.9,2.763,0.061
2011,04,전라북도,순창군,적성면,고원리,적성,15.0,8.0,9.8,1.3,4.0,7.7,2.067,0.039
2011,04,전라북도,남원시,금지면,귀석리,남원,16.0,8.5,11.1,2.0,5.1,8.9,2.420,0.027
2011,04,전라북도,남원시,대강면,월탄리,대강,13.5,7.7,10.9,2.5,4.9,10.9,2.296,0.067
2011,04,전라북도,순창군,동계면,서호리,오수천2,14.8,7.9,12.0,2.3,4.6,11.9,2.030,0.064
2011,04,전라북도,남원시,산동면,월석리,요천1,10.8,7.6,11.9,1.4,2.9,7.3,2.481,0.022
2011,04,전라북도,남원시,금지면,창산리,요천2,18.0,8.8,12.1,1.3,5.0,6.5,2.726,0.195
2011,04,전라북도,남원시,송동면,세전리,요천3,15.0,7.9,11.5,3.1,5.1,11.6,2.815,0.165
2011,04,전라북도,고창군,아산면,구암리,주진천1,18.0,8.8,13.0,3.3,7.0,15.4,3.560,0.062
2011,04,전라북도,고창군,아산면,반암리,주진천2,17.0,8.7,12.2,3.0,6.7,16.2,3.549,0.059
2011,05,전라북도,익산시,망성면,무형리,마산천,22.0,8.3,7.8,5.1,11.4,44.2,5.227,0.260
2011,05,전라북도,부안군,동진면,하장리,고부천2,20.0,7.9,11.9,2.2,11.3,25.2,7.266,0.134
2011,05,전라북도,부안군,동진면,하장리,고부천3,19.2,7.8,9.4,5.4,11.0,32.5,5.696,0.152
2011,05,전라북도,정읍시,영원면,앵성리,고부천1,20.0,7.5,11.5,2.8,9.1,34.6,3.448,0.129
2011,05,전라북도,김제시,부량면,옥정리,동진강3,18.4,7.6,8.5,3.8,9.7,28.0,3.575,0.153
2011,05,전라북도,정읍시,신태인읍,,동진강2,19.0,7.4,10.2,3.0,7.5,45.8,3.550,0.129
2011,05,전라북도,정읍시,옹동면,산성리,동진강1,16.0,7.6,10.8,1.1,3.7,9.4,2.444,0.027
2011,05,전라북도,김제시,죽산면,대창리,원평천3,19.4,8.0,9.5,4.9,10.3,34.1,4.662,0.179
2011,05,전라북도,김제시,봉남면,용신리,원평천1,22.0,8.2,10.0,5.3,9.6,27.2,4.111,0.086
2011,05,전라북도,김제시,죽산면,죽산리,원평천2,21.0,8.0,10.3,5.2,10.1,22.0,5.090,0.104
2011,05,전라북도,정읍시,공평동,,정읍천3,15.0,7.5,9.1,1.7,5.1,21.4,2.570,0.071
2011,05,전라북도,정읍시,송산동,,정읍천1,13.0,7.7,10.3,1.2,3.0,1.4,1.817,0.034
2011,05,전라북도,정읍시,연지동,,정읍천2,13.0,7.7,10.2,1.3,3.4,51.6,2.284,0.067
2011,05,전라북도,정읍시,이평면,하송리,정읍천4,17.6,7.7,9.2,3.5,8.3,24.2,3.709,0.174
2011,05,전라북도,정읍시,하모동,,천원천,15.0,7.5,9.1,2.1,5.4,30.6,3.414,0.139
2011,05,전라북도,완주군,삼례읍,,삼례,22.0,8.2,7.5,3.4,8.2,10.4,6.419,0.206
2011,05,전라북도,익산시,춘포면,인수리,익산천2,21.0,7.8,5.6,132.0,127.6,186.0,99.715,10.800
2011,05,전라북도,군산시,대야면,광교리,탑천,19.8,7.5,8.0,7.4,10.5,32.6,7.206,0.189
2011,05,전라북도,김제시,백구면,백구리,김제,19.4,7.5,9.1,5.7,9.4,16.0,6.915,0.418
2011,05,전라북도,김제시,백구면,월봉리,용암천,26.0,8.1,3.7,5.2,19.6,24.0,10.735,0.169
2011,05,전라북도,전주시완산구,서신동,,삼천3,19.0,7.5,9.0,1.8,4.5,13.4,2.955,0.091
2011,05,전라북도,전주시완산구,평화동3가,,삼천1,17.0,7.4,9.4,1.3,3.8,3.2,2.907,0.041
2011,05,전라북도,전주시완산구,효자동2가,,삼천2,18.0,7.6,9.6,1.5,4.1,8.0,3.152,0.077
2011,05,전라북도,완주군,소양면,황운리,소양천1,19.0,7.5,9.3,0.8,2.0,2.0,5.310,0.049
2011,05,전라북도,완주군,용진읍,상운리,소양천2,19.0,7.8,10.2,1.0,2.9,3.4,5.812,0.037
2011,05,전라북도,익산시,춘포면,용연리,익산천3,20.0,7.5,3.6,40.9,53.3,87.4,22.035,2.797
2011,05,전라북도,전주시덕진구,고랑동,,전주천7,19.6,7.3,5.9,7.5,16.7,11.2,10.831,0.621
2011,05,전라북도,전주시덕진구,전미동1가,,전주,18.2,8.1,10.6,1.5,6.1,11.0,2.881,0.058
2011,05,전라북도,전주시완산구,대성동,,전주천1,16.0,7.4,9.5,0.9,1.8,0.8,5.544,0.059
2011,05,전라북도,완주군,고산면,읍내리,고산,16.0,7.9,8.7,0.5,3.1,4.6,2.452,0.034
2011,05,전라북도,무주군,무주읍,대차리,무주남대천2,18.0,8.1,9.5,1.3,3.0,3.6,3.030,0.044
2011,05,전라북도,무주군,무주읍,읍내리,무주남대천1,18.0,8.2,9.4,1.0,2.4,3.4,2.660,0.024
2011,05,전라북도,부안군,상서면,청림리,백천내,18.0,7.0,10.0,1.2,2.2,0.5,1.988,0.039
2011,05,전라북도,진안군,진안읍,운산리,진안천,19.0,8.1,8.6,1.7,3.5,5.2,2.931,0.108
2011,05,전라북도,진안군,진안읍,가막리,가막,16.8,7.8,11.0,1.1,3.9,8.0,3.370,0.043
2011,05,전라북도,무주군,무주읍,용포리,용포,20.0,8.3,9.8,1.0,3.5,5.4,1.727,0.027
2011,05,전라북도,진안군,용담면,송풍리,용담,14.8,7.3,12.2,0.8,4.2,6.1,1.689,0.018
2011,05,전라북도,남원시,운봉읍,,람천2,16.0,7.9,8.9,1.0,3.2,3.8,2.103,0.054
2011,05,전라북도,남원시,인월면,중군리,람천1,18.0,7.9,8.4,1.6,5.1,17.2,3.973,0.127
2011,05,전라북도,임실군,관촌면,방수리,관촌,18.8,7.3,9.9,1.3,2.8,4.8,3.164,0.032
2011,05,전라북도,임실군,운암면,학암리,운암,20.0,8.0,8.3,0.9,3.2,7.6,3.626,0.059
2011,05,전라북도,정읍시,산내면,매죽리,추령천,19.0,7.9,10.8,1.2,2.7,5.1,3.677,0.027
2011,05,전라북도,임실군,강진면,용수리,임실,17.0,7.6,10.7,1.4,3.6,2.5,1.443,0.015
2011,05,전라북도,순창군,동계면,구미리,동계,21.0,8.1,9.2,1.0,3.6,8.4,3.153,0.076
2011,05,전라북도,순창군,적성면,고원리,적성,19.0,8.1,9.6,1.5,4.3,13.4,3.331,0.064
2011,05,전라북도,남원시,금지면,귀석리,남원,21.0,8.1,8.8,0.8,4.1,11.5,2.854,0.050
2011,05,전라북도,남원시,대강면,월탄리,대강,20.0,7.6,9.6,2.2,5.2,13.2,2.449,0.070
2011,05,전라북도,순창군,동계면,서호리,오수천2,20.2,7.7,10.3,1.8,4.8,10.4,2.310,0.063
2011,05,전라북도,남원시,산동면,월석리,요천1,16.2,7.7,10.2,1.2,2.5,2.7,2.311,0.015
2011,05,전라북도,남원시,금지면,창산리,요천2,21.0,8.1,8.6,1.0,3.8,12.0,3.015,0.102
2011,05,전라북도,남원시,송동면,세전리,요천3,19.8,7.9,10.3,2.2,5.1,13.5,2.663,0.118
2011,05,전라북도,고창군,아산면,구암리,주진천1,22.0,8.8,11.3,4.3,7.2,19.4,4.020,0.243
2011,05,전라북도,고창군,아산면,반암리,주진천2,24.0,8.1,10.4,4.1,7.5,65.4,3.614,0.193
2011,06,전라북도,익산시,망성면,무형리,마산천,25.0,7.5,6.2,7.6,12.6,84.5,6.973,0.712
2011,06,전라북도,부안군,동진면,하장리,고부천2,21.0,7.9,11.4,6.5,12.7,11.6,7.008,0.045
2011,06,전라북도,부안군,동진면,하장리,고부천3,23.8,7.4,7.8,5.2,12.9,33.8,3.807,0.171
2011,06,전라북도,정읍시,영원면,앵성리,고부천1,20.0,7.4,11.5,6.3,12.4,18.2,4.622,0.084
2011,06,전라북도,김제시,부량면,옥정리,동진강3,23.3,7.8,9.2,4.4,9.7,23.4,3.337,0.182
2011,06,전라북도,정읍시,신태인읍,,동진강2,20.0,7.5,10.2,3.3,9.1,21.6,2.936,0.033
2011,06,전라북도,정읍시,옹동면,산성리,동진강1,17.0,7.7,11.3,1.2,4.2,5.7,2.234,0.011
2011,06,전라북도,김제시,죽산면,대창리,원평천3,23.8,7.5,7.7,4.2,10.4,23.0,3.496,0.143
2011,06,전라북도,김제시,봉남면,용신리,원평천1,22.0,8.1,10.2,4.7,13.1,13.8,3.249,0.027
2011,06,전라북도,김제시,죽산면,죽산리,원평천2,22.0,7.9,10.5,2.8,8.7,11.5,3.627,0.045
2011,06,전라북도,정읍시,공평동,,정읍천3,18.0,7.5,8.2,3.3,7.8,8.4,4.258,0.155
2011,06,전라북도,정읍시,송산동,,정읍천1,16.0,8.0,9.4,0.7,2.8,1.4,2.011,0.019
2011,06,전라북도,정읍시,연지동,,정읍천2,16.0,7.7,9.4,1.4,3.0,4.0,2.735,0.026
2011,06,전라북도,정읍시,이평면,하송리,정읍천4,22.3,7.7,9.1,4.4,9.4,29.0,3.723,0.229
2011,06,전라북도,정읍시,하모동,,천원천,18.0,7.4,7.7,6.1,11.6,51.2,5.155,0.292
2011,06,전라북도,완주군,삼례읍,,삼례,22.0,7.5,6.6,4.1,9.0,12.1,5.103,0.064
2011,06,전라북도,익산시,춘포면,인수리,익산천2,22.0,7.8,1.4,285.5,303.3,603.5,55.827,10.971
2011,06,전라북도,군산시,대야면,광교리,탑천,23.8,7.4,6.4,5.7,11.6,35.5,4.195,0.210
2011,06,전라북도,김제시,백구면,백구리,김제,25.0,7.7,8.1,7.2,12.7,22.7,5.262,0.383
2011,06,전라북도,김제시,백구면,월봉리,용암천,24.0,7.5,4.4,13.3,42.3,32.0,11.891,0.288
2011,06,전라북도,전주시완산구,서신동,,삼천3,22.0,7.6,8.2,6.0,7.0,8.8,3.320,0.170
2011,06,전라북도,전주시완산구,평화동3가,,삼천1,20.0,7.4,7.4,1.7,4.1,4.5,2.828,0.034
2011,06,전라북도,전주시완산구,효자동2가,,삼천2,21.0,7.7,8.2,2.1,4.9,11.8,2.640,0.078
2011,06,전라북도,완주군,소양면,황운리,소양천1,23.0,7.9,8.4,1.0,2.3,4.6,2.980,0.095
2011,06,전라북도,완주군,용진읍,상운리,소양천2,25.0,8.4,12.5,2.3,5.1,3.4,3.390,0.036
2011,06,전라북도,익산시,춘포면,용연리,익산천3,20.0,7.5,4.7,33.1,33.0,53.7,8.908,0.647
2011,06,전라북도,전주시덕진구,고랑동,,전주천7,24.0,7.2,4.0,8.5,19.3,11.4,9.106,0.587
2011,06,전라북도,전주시덕진구,전미동1가,,전주,21.8,8.0,9.3,1.4,4.6,10.2,2.312,0.069
2011,06,전라북도,전주시완산구,대성동,,전주천1,19.0,7.2,7.9,0.8,1.1,1.0,3.602,0.023
2011,06,전라북도,완주군,고산면,읍내리,고산,13.0,8.0,9.6,0.5,3.1,3.3,2.240,0.029
2011,06,전라북도,무주군,무주읍,대차리,무주남대천2,27.0,9.1,8.0,1.2,4.2,5.7,2.355,0.031
2011,06,전라북도,무주군,무주읍,읍내리,무주남대천1,26.0,8.8,8.0,0.9,3.3,4.2,2.411,0.015
2011,06,전라북도,부안군,상서면,청림리,백천내,16.0,6.9,7.1,1.6,2.6,1.7,1.607,0.037
2011,06,전라북도,진안군,진안읍,운산리,진안천,21.0,7.0,8.3,1.4,3.5,3.2,3.626,0.068
2011,06,전라북도,진안군,진안읍,가막리,가막,22.3,8.0,9.9,1.3,5.1,9.0,3.152,0.070
2011,06,전라북도,무주군,무주읍,용포리,용포,23.0,9.0,8.3,0.8,3.6,3.7,1.740,0.007
2011,06,전라북도,진안군,용담면,송풍리,용담,19.3,7.6,11.1,0.8,3.7,3.8,1.909,0.028
2011,06,전라북도,남원시,운봉읍,,람천2,21.0,8.1,8.8,1.8,8.6,28.6,9.263,0.283
2011,06,전라북도,남원시,인월면,중군리,람천1,22.0,7.8,8.7,2.2,10.8,38.4,7.870,0.118
2011,06,전라북도,임실군,관촌면,방수리,관촌,26.0,7.2,8.5,1.8,4.1,4.8,2.814,0.032
2011,06,전라북도,임실군,운암면,학암리,운암,21.0,8.4,8.1,2.5,6.0,17.0,1.980,0.015
2011,06,전라북도,정읍시,산내면,매죽리,추령천,24.7,7.9,9.2,1.1,3.5,3.8,3.316,0.022
2011,06,전라북도,임실군,강진면,용수리,임실,23.0,7.7,9.7,1.4,4.5,2.0,1.434,0.016
2011,06,전라북도,순창군,동계면,구미리,동계,23.0,8.4,7.8,2.4,7.2,11.3,1.809,0.210
2011,06,전라북도,순창군,적성면,고원리,적성,25.5,9.0,9.7,3.1,8.3,12.4,2.070,0.038
2011,06,전라북도,남원시,금지면,귀석리,남원,23.0,7.9,7.1,1.5,7.1,10.1,1.773,0.023
2011,06,전라북도,남원시,대강면,월탄리,대강,26.3,7.5,8.9,3.4,7.5,10.8,1.683,0.070
2011,06,전라북도,순창군,동계면,서호리,오수천2,26.7,8.2,10.5,4.1,7.9,14.9,1.759,0.081
2011,06,전라북도,남원시,산동면,월석리,요천1,21.3,7.7,9.5,1.0,2.6,2.8,1.851,0.015
2011,06,전라북도,남원시,금지면,창산리,요천2,22.0,7.9,7.6,1.7,6.1,11.7,2.710,0.110
2011,06,전라북도,남원시,송동면,세전리,요천3,26.3,7.8,9.7,3.1,6.0,10.7,2.701,0.154
2011,06,전라북도,고창군,아산면,구암리,주진천1,25.0,8.3,9.3,4.2,12.0,18.8,3.266,0.090
2011,06,전라북도,고창군,아산면,반암리,주진천2,24.0,8.2,9.1,4.3,12.5,41.4,2.763,0.094
2011,07,전라북도,익산시,망성면,무형리,마산천,22.2,7.5,9.4,1.8,6.0,50.0,3.273,0.269
2011,07,전라북도,부안군,동진면,하장리,고부천2,30.0,9.2,11.0,3.0,8.8,20.8,1.835,0.038
2011,07,전라북도,부안군,동진면,하장리,고부천3,26.7,8.0,8.5,5.1,10.6,22.3,2.964,0.198
2011,07,전라북도,정읍시,영원면,앵성리,고부천1,29.0,7.6,8.7,3.1,9.3,39.2,1.870,0.058
2011,07,전라북도,김제시,부량면,옥정리,동진강3,24.0,7.2,8.2,2.5,6.8,51.8,3.250,0.215
2011,07,전라북도,정읍시,신태인읍,,동진강2,25.0,7.3,8.4,1.3,4.3,22.2,3.029,0.062
2011,07,전라북도,정읍시,신태인읍,구석리,용호천,22.0,7.0,5.3,3.0,7.8,37.0,2.347,0.167
2011,07,전라북도,정읍시,옹동면,산성리,동진강1,23.0,7.3,8.9,1.2,4.1,14.7,3.112,0.052
2011,07,전라북도,김제시,성덕면,남포리,신평천,30.0,8.2,9.9,2.5,8.0,26.6,3.531,0.065
2011,07,전라북도,김제시,죽산면,대창리,원평천3,26.0,7.8,7.5,4.0,7.6,26.6,3.447,0.187
2011,07,전라북도,김제시,봉남면,용신리,원평천1,31.0,8.7,10.3,2.5,7.6,22.7,5.126,0.072
2011,07,전라북도,김제시,죽산면,죽산리,원평천2,33.0,9.5,11.0,3.9,9.8,24.2,3.272,0.061
2011,07,전라북도,정읍시,공평동,,정읍천3,24.0,6.9,5.8,2.9,7.4,23.2,3.092,0.114
2011,07,전라북도,정읍시,송산동,,정읍천1,21.0,7.0,7.8,0.9,2.2,2.0,1.572,0.032
2011,07,전라북도,정읍시,연지동,,정읍천2,22.0,7.0,6.0,1.7,3.7,18.6,4.153,0.096
2011,07,전라북도,정읍시,이평면,하송리,정읍천4,24.3,7.2,7.8,3.3,7.2,42.1,3.629,0.239
2011,07,전라북도,정읍시,하모동,,천원천,23.0,6.9,6.1,2.7,6.8,18.4,3.398,0.129
2011,07,전라북도,김제시,백구면,마산리,마산천,29.0,7.1,6.7,9.4,12.5,230.5,4.494,0.389
2011,07,전라북도,완주군,삼례읍,,삼례,26.0,7.3,8.6,1.5,3.5,13.1,3.306,0.069
2011,07,전라북도,익산시,춘포면,인수리,익산천1,31.0,7.4,8.0,3.0,9.3,36.1,4.628,0.413
2011,07,전라북도,익산시,춘포면,인수리,익산천2,32.0,7.5,6.4,23.3,40.4,56.7,20.548,3.096
2011,07,전라북도,군산시,대야면,광교리,탑천,27.0,7.8,7.3,5.0,8.3,23.3,3.623,0.194
2011,07,전라북도,김제시,백구면,백구리,김제,24.0,7.5,8.7,3.5,7.7,52.3,4.274,0.280
2011,07,전라북도,김제시,백구면,월봉리,용암천,32.0,8.7,12.8,13.1,26.4,42.0,11.736,0.317
2011,07,전라북도,전주시완산구,서신동,,삼천3,27.0,8.8,7.1,1.1,4.3,30.7,3.334,0.108
2011,07,전라북도,전주시완산구,평화동3가,,삼천1,24.0,8.3,7.4,0.6,4.7,14.6,3.102,0.099
2011,07,전라북도,전주시완산구,효자동2가,,삼천2,26.0,8.5,7.7,0.9,4.6,9.6,3.327,0.131
2011,07,전라북도,완주군,소양면,황운리,소양천1,27.0,8.3,9.6,0.8,2.0,0.6,4.097,0.015
2011,07,전라북도,완주군,용진읍,상운리,소양천2,21.0,7.9,9.0,1.3,2.8,1.2,5.724,0.039
2011,07,전라북도,익산시,춘포면,용연리,익산천3,27.0,7.4,4.4,25.2,50.6,36.0,28.107,3.422
2011,07,전라북도,전주시덕진구,고랑동,,전주천7,25.7,7.3,4.9,8.4,14.6,12.3,5.930,0.513
2011,07,전라북도,전주시덕진구,전미동1가,,전주,24.0,8.1,8.7,1.3,4.8,11.6,3.040,0.080
2011,07,전라북도,전주시완산구,대성동,,전주천1,24.0,7.5,7.8,0.3,1.3,1.0,4.564,0.022
2011,07,전라북도,완주군,고산면,읍내리,고산,20.0,6.6,9.4,0.5,3.0,15.2,2.305,0.024
2011,07,전라북도,무주군,무주읍,대차리,무주남대천2,28.0,8.3,8.3,0.7,2.6,1.9,2.775,0.022
2011,07,전라북도,무주군,무주읍,읍내리,무주남대천1,27.0,8.4,8.5,0.7,2.2,1.4,2.801,0.010
2011,07,전라북도,무주군,무주읍,읍내리,무주남대천3,23.4,7.8,9.0,0.5,4.5,10.3,2.447,0.057
2011,07,전라북도,부안군,상서면,청림리,백천내,21.0,6.5,6.6,0.5,1.8,0.4,2.305,0.009
2011,07,전라북도,무주군,안성면,진도리,구량천,22.8,8.1,8.5,1.0,4.2,13.0,2.208,0.067
2011,07,전라북도,진안군,정천면,월평리,정자천,22.4,7.3,9.6,0.6,3.1,25.3,3.618,0.061
2011,07,전라북도,진안군,진안읍,운산리,진안천,23.0,7.7,9.0,1.4,3.7,2.8,3.191,0.053
2011,07,전라북도,진안군,진안읍,가막리,가막,22.7,8.1,8.8,1.5,5.2,29.0,3.297,0.112
2011,07,전라북도,무주군,무주읍,용포리,용포,26.0,8.0,8.5,0.7,3.4,5.6,2.261,0.026
2011,07,전라북도,진안군,용담면,송풍리,용담,21.0,7.3,10.1,0.9,4.1,8.5,2.018,0.050
2011,07,전라북도,남원시,운봉읍,,람천2,25.0,8.2,8.3,0.5,2.5,1.2,1.447,0.064
2011,07,전라북도,남원시,인월면,중군리,람천1,25.0,8.4,8.4,1.4,3.9,5.3,2.546,0.078
2011,07,전라북도,임실군,관촌면,방수리,관촌,22.8,7.0,8.4,1.4,3.6,51.7,2.735,0.143
2011,07,전라북도,임실군,운암면,학암리,운암,27.0,8.1,8.9,1.5,3.4,4.0,3.038,0.045
2011,07,전라북도,정읍시,산내면,매죽리,추령천,24.3,7.6,8.6,1.3,3.2,5.3,3.589,0.029
2011,07,전라북도,임실군,강진면,용수리,임실,20.0,7.3,9.0,1.5,3.4,4.1,1.872,0.030
2011,07,전라북도,순창군,동계면,구미리,동계,29.0,7.8,7.9,0.7,2.9,3.2,2.001,0.023
2011,07,전라북도,순창군,구림면,안정리,치천,22.3,7.4,8.9,0.8,3.1,6.4,2.208,0.045
2011,07,전라북도,남원시,대강면,풍산리,수홍천,22.8,7.4,8.4,1.8,5.2,35.5,2.819,0.126
2011,07,전라북도,순창군,유등면,유촌리,옥택천,24.0,7.3,9.0,1.4,5.2,53.8,2.526,0.132
2011,07,전라북도,순창군,적성면,고원리,적성,26.3,7.8,7.7,1.2,4.5,16.1,2.500,0.079
2011,07,전라북도,남원시,금지면,귀석리,남원,29.0,8.3,8.7,1.5,3.7,5.6,1.868,0.034
2011,07,전라북도,남원시,대강면,월탄리,대강,25.8,7.3,7.8,2.2,5.5,27.3,2.053,0.113
2011,07,전라북도,장수군,산서면,사상리,오수천1,22.3,7.2,8.8,1.6,5.1,22.6,2.865,0.103
2011,07,전라북도,남원시,덕과면,사율리,율천,25.2,7.3,8.0,2.3,6.6,63.9,2.272,0.168
2011,07,전라북도,남원시,사매면,서도리,월평천,23.6,7.2,8.9,1.5,5.4,15.8,2.098,0.114
2011,07,전라북도,순창군,동계면,서호리,오수천2,25.3,7.3,8.5,2.2,5.4,23.5,2.148,0.105
2011,07,전라북도,임실군,삼계면,후천리,후곡천,23.1,7.3,8.8,1.2,4.5,12.7,1.917,0.217
2011,07,전라북도,남원시,산동면,월석리,요천1,21.0,7.1,8.2,1.4,2.8,5.2,1.992,0.022
2011,07,전라북도,남원시,금지면,창산리,요천2,23.0,7.8,8.1,0.7,3.5,6.8,2.176,0.078
2011,07,전라북도,남원시,송동면,세전리,요천3,24.8,7.5,9.1,1.8,4.3,13.6,2.149,0.091
2011,07,전라북도,고창군,아산면,구암리,주진천1,29.0,7.7,8.3,1.9,6.4,47.1,3.775,0.116
2011,07,전라북도,고창군,아산면,반암리,주진천2,30.0,7.6,8.5,1.3,5.7,31.8,3.903,0.110
2011,08,전라북도,익산시,망성면,무형리,마산천,24.3,7.5,8.2,4.6,16.1,511.2,2.402,0.775
2011,08,전라북도,부안군,동진면,하장리,고부천2,31.0,7.4,7.4,3.1,9.5,26.4,2.353,0.067
2011,08,전라북도,부안군,동진면,하장리,고부천3,26.5,7.8,7.1,3.2,8.8,31.0,2.709,0.232
2011,08,전라북도,정읍시,영원면,앵성리,고부천1,30.0,7.4,8.0,3.1,9.0,34.2,2.731,0.048
2011,08,전라북도,김제시,부량면,옥정리,동진강3,24.6,7.5,8.0,2.4,7.3,35.9,3.161,0.233
2011,08,전라북도,정읍시,신태인읍,,동진강2,23.0,7.3,8.3,1.3,4.6,16.4,2.749,0.048
2011,08,전라북도,정읍시,신태인읍,구석리,용호천,23.0,7.1,7.1,1.3,6.4,10.3,2.581,0.181
2011,08,전라북도,정읍시,옹동면,산성리,동진강1,22.0,7.4,8.6,1.1,4.0,11.8,2.658,0.016
2011,08,전라북도,김제시,성덕면,남포리,신평천,29.0,7.4,7.6,2.1,7.2,18.8,2.672,0.043
2011,08,전라북도,김제시,죽산면,대창리,원평천3,26.0,7.6,7.6,2.8,7.5,19.3,2.781,0.161
2011,08,전라북도,김제시,봉남면,용신리,원평천1,30.0,7.4,7.2,1.2,5.3,8.4,3.241,0.049
2011,08,전라북도,김제시,죽산면,죽산리,원평천2,30.0,8.1,8.6,2.0,6.7,13.0,2.598,0.040
2011,08,전라북도,정읍시,공평동,,정읍천3,23.0,7.1,7.8,1.0,4.4,5.7,2.802,0.073
2011,08,전라북도,정읍시,송산동,,정읍천1,22.0,7.2,8.3,1.6,6.6,17.3,2.072,0.184
2011,08,전라북도,정읍시,연지동,,정읍천2,22.0,7.3,8.4,1.2,4.5,33.0,2.421,0.207
2011,08,전라북도,정읍시,이평면,하송리,정읍천4,25.3,7.4,8.2,2.8,7.0,32.8,3.450,0.232
2011,08,전라북도,정읍시,하모동,,천원천,23.0,7.2,7.7,1.1,4.2,3.7,3.135,0.080
2011,08,전라북도,김제시,백구면,마산리,마산천,31.0,7.4,6.2,4.8,10.3,60.5,3.946,0.465
2011,08,전라북도,완주군,삼례읍,,삼례,22.0,7.4,7.9,1.7,3.7,7.1,2.321,0.031
2011,08,전라북도,익산시,춘포면,인수리,익산천1,25.0,7.4,7.2,1.5,7.8,15.8,3.145,0.220
2011,08,전라북도,익산시,춘포면,인수리,익산천2,25.0,7.4,6.1,5.1,12.7,24.0,7.025,0.778
2011,08,전라북도,군산시,대야면,광교리,탑천,26.3,7.4,6.1,4.0,8.1,23.4,3.184,0.211
2011,08,전라북도,김제시,백구면,백구리,김제,25.4,7.6,7.7,3.4,7.6,27.4,3.551,0.278
2011,08,전라북도,김제시,백구면,월봉리,용암천,27.0,8.5,10.6,5.0,18.8,42.8,10.357,0.321
2011,08,전라북도,전주시완산구,서신동,,삼천3,23.0,7.3,7.8,1.0,3.9,11.0,2.308,0.087
2011,08,전라북도,전주시완산구,평화동3가,,삼천1,23.0,7.1,8.0,1.1,4.0,11.6,2.025,0.080
2011,08,전라북도,전주시완산구,효자동2가,,삼천2,22.0,7.3,7.8,1.1,4.0,12.2,2.270,0.091
2011,08,전라북도,완주군,소양면,황운리,소양천1,23.0,8.3,9.4,0.3,1.7,1.0,2.059,0.020
2011,08,전라북도,완주군,용진읍,상운리,소양천2,23.0,7.4,8.9,0.9,1.9,2.0,3.291,0.024
2011,08,전라북도,익산시,춘포면,용연리,익산천3,24.0,7.2,5.4,3.8,10.8,33.4,4.738,0.370
2011,08,전라북도,전주시덕진구,고랑동,,전주천7,25.0,7.3,6.7,3.2,11.0,7.9,4.022,0.322
2011,08,전라북도,전주시덕진구,전미동1가,,전주,24.0,7.8,8.9,1.1,4.1,8.2,2.494,0.087
2011,08,전라북도,전주시완산구,대성동,,전주천1,22.0,9.2,12.9,0.6,2.2,0.4,2.160,0.060
2011,08,전라북도,완주군,고산면,읍내리,고산,20.0,7.6,8.6,0.4,2.6,4.0,1.831,0.013
2011,08,전라북도,무주군,무주읍,대차리,무주남대천2,28.0,8.4,8.0,1.0,3.2,1.6,1.746,0.014
2011,08,전라북도,무주군,무주읍,읍내리,무주남대천1,27.0,7.9,7.4,1.0,2.8,1.3,1.872,0.017
2011,08,전라북도,무주군,무주읍,읍내리,무주남대천3,25.0,7.9,8.7,1.0,3.2,2.4,1.805,0.042
2011,08,전라북도,부안군,상서면,청림리,백천내,26.0,6.4,10.0,0.5,3.8,1.0,1.416,0.028
2011,08,전라북도,무주군,안성면,진도리,구량천,22.0,7.9,9.3,1.2,4.0,10.2,1.764,0.067
2011,08,전라북도,진안군,정천면,월평리,정자천,23.8,7.7,9.8,0.7,3.4,20.2,2.111,0.061
2011,08,전라북도,진안군,진안읍,운산리,진안천,25.0,8.0,9.9,1.1,3.0,0.8,3.007,0.053
2011,08,전라북도,진안군,진안읍,가막리,가막,22.3,7.3,8.8,1.3,3.6,10.1,2.395,0.060
2011,08,전라북도,무주군,무주읍,용포리,용포,25.0,7.9,7.4,0.8,3.6,1.9,1.523,0.013
2011,08,전라북도,진안군,용담면,송풍리,용담,22.8,7.3,9.7,1.0,4.1,4.8,1.716,0.046
2011,08,전라북도,남원시,운봉읍,,람천2,19.0,7.7,9.5,0.5,2.7,1.7,0.974,0.039
2011,08,전라북도,남원시,인월면,중군리,람천1,19.0,7.5,9.3,0.7,3.5,4.2,1.709,0.055
2011,08,전라북도,임실군,관촌면,방수리,관촌,23.7,7.4,8.6,1.1,2.2,2.6,2.003,0.025
2011,08,전라북도,임실군,운암면,학암리,운암,26.0,8.1,9.8,1.2,4.5,2.8,2.041,0.023
2011,08,전라북도,정읍시,산내면,매죽리,추령천,25.0,7.8,9.0,1.0,2.5,2.5,2.840,0.024
2011,08,전라북도,임실군,강진면,용수리,임실,22.0,7.9,9.2,2.0,4.2,6.2,1.512,0.027
2011,08,전라북도,순창군,동계면,구미리,동계,24.0,8.1,9.5,0.8,3.2,1.8,1.626,0.021
2011,08,전라북도,순창군,구림면,안정리,치천,23.9,7.7,8.8,1.0,2.4,2.9,1.649,0.018
2011,08,전라북도,남원시,대강면,풍산리,수홍천,22.3,7.3,8.2,0.9,3.1,7.7,2.280,0.049
2011,08,전라북도,순창군,유등면,유촌리,옥택천,24.5,7.3,9.2,1.2,3.3,9.0,1.583,0.030
2011,08,전라북도,순창군,적성면,고원리,적성,25.3,7.9,8.0,1.5,3.9,15.2,2.136,0.042
2011,08,전라북도,남원시,금지면,귀석리,남원,24.0,8.4,9.9,1.6,4.0,6.2,1.862,0.031
2011,08,전라북도,남원시,대강면,월탄리,대강,25.0,7.0,8.0,1.3,3.8,15.8,1.759,0.065
2011,08,전라북도,장수군,산서면,사상리,오수천1,22.3,7.3,10.9,1.0,3.1,5.6,1.967,0.035
2011,08,전라북도,남원시,덕과면,사율리,율천,25.8,7.4,11.4,1.3,4.1,9.8,1.601,0.047
2011,08,전라북도,남원시,사매면,서도리,월평천,23.4,7.2,9.7,1.1,3.9,3.7,1.915,0.054
2011,08,전라북도,순창군,동계면,서호리,오수천2,25.3,7.5,9.4,1.2,3.5,5.9,1.898,0.052
2011,08,전라북도,임실군,삼계면,후천리,후곡천,23.6,7.3,8.6,1.1,3.5,6.4,1.340,0.035
2011,08,전라북도,남원시,산동면,월석리,요천1,21.3,7.9,9.6,1.1,2.8,1.7,1.500,0.015
2011,08,전라북도,남원시,금지면,창산리,요천2,24.0,8.0,9.5,1.1,3.0,6.4,2.069,0.062
2011,08,전라북도,남원시,송동면,세전리,요천3,25.7,7.7,8.9,1.4,3.5,7.4,1.867,0.073
2011,08,전라북도,고창군,아산면,구암리,주진천1,24.0,7.4,8.4,1.2,5.1,9.8,2.870,0.091
2011,08,전라북도,고창군,아산면,반암리,주진천2,23.0,7.5,8.6,1.0,5.0,40.4,2.791,0.069
2011,09,전라북도,익산시,망성면,무형리,마산천,22.1,7.7,5.2,4.1,7.9,24.6,3.220,0.217
2011,09,전라북도,부안군,동진면,하장리,고부천2,28.0,8.8,8.4,4.8,8.1,11.4,1.529,0.163
2011,09,전라북도,부안군,동진면,하장리,고부천3,21.6,7.9,7.5,2.7,8.1,20.9,1.968,0.115
2011,09,전라북도,정읍시,영원면,앵성리,고부천1,29.0,9.2,8.3,3.8,7.5,11.2,1.404,0.067
2011,09,전라북도,김제시,부량면,옥정리,동진강3,23.2,7.9,8.9,2.2,6.4,20.2,2.452,0.147
2011,09,전라북도,정읍시,신태인읍,,동진강2,26.0,7.4,7.3,2.2,4.3,9.8,1.747,0.056
2011,09,전라북도,정읍시,신태인읍,구석리,용호천,28.0,7.5,7.9,1.3,5.3,5.6,2.560,0.131
2011,09,전라북도,정읍시,옹동면,산성리,동진강1,24.0,7.3,7.1,1.6,4.5,12.0,1.862,0.037
2011,09,전라북도,김제시,성덕면,남포리,신평천,29.0,8.4,7.1,3.5,6.2,14.4,1.801,0.134
2011,09,전라북도,김제시,죽산면,대창리,원평천3,22.1,8.0,8.5,2.8,7.1,12.2,1.807,0.087
2011,09,전라북도,김제시,봉남면,용신리,원평천1,30.0,9.1,9.7,5.6,9.3,12.5,1.576,0.039
2011,09,전라북도,김제시,죽산면,죽산리,원평천2,28.0,9.3,8.8,4.6,8.6,15.9,1.453,0.049
2011,09,전라북도,정읍시,공평동,,정읍천3,27.0,7.4,8.5,1.5,3.8,4.8,2.614,0.083
2011,09,전라북도,정읍시,송산동,,정읍천1,24.0,8.5,9.2,1.1,2.6,13.0,2.527,0.043
2011,09,전라북도,정읍시,연지동,,정읍천2,24.0,8.1,9.1,1.5,2.5,8.8,2.669,0.094
2011,09,전라북도,정읍시,이평면,하송리,정읍천4,21.2,7.9,8.9,3.2,6.7,25.8,3.321,0.220
2011,09,전라북도,정읍시,하모동,,천원천,27.0,7.5,8.9,1.7,4.0,5.2,2.519,0.074
2011,09,전라북도,김제시,백구면,마산리,마산천,31.0,9.4,17.5,7.9,14.7,8.0,2.864,0.154
2011,09,전라북도,완주군,삼례읍,,삼례,27.0,7.9,9.0,4.4,8.3,9.6,3.230,0.146
2011,09,전라북도,익산시,춘포면,인수리,익산천1,27.0,8.5,11.7,3.5,8.6,16.2,1.910,0.279
2011,09,전라북도,익산시,춘포면,인수리,익산천2,30.0,7.7,1.5,47.2,67.8,82.2,16.471,5.275
2011,09,전라북도,군산시,대야면,광교리,탑천,21.4,8.1,6.7,4.0,8.1,20.9,2.247,0.169
2011,09,전라북도,김제시,백구면,백구리,김제,23.3,7.6,8.9,4.8,10.6,17.9,4.926,0.394
2011,09,전라북도,김제시,백구면,월봉리,용암천,27.0,9.3,12.9,9.6,17.5,18.3,4.045,0.199
2011,09,전라북도,전주시완산구,서신동,,삼천3,25.0,7.3,7.1,3.1,5.6,7.0,2.320,0.115
2011,09,전라북도,전주시완산구,평화동3가,,삼천1,24.0,7.2,7.1,2.6,4.8,6.2,1.857,0.066
2011,09,전라북도,전주시완산구,효자동2가,,삼천2,25.0,7.5,8.0,2.6,5.0,8.4,2.320,0.101
2011,09,전라북도,완주군,소양면,황운리,소양천1,25.0,7.4,8.9,0.8,1.7,0.4,2.879,0.021
2011,09,전라북도,완주군,용진읍,상운리,소양천2,25.0,7.3,7.8,0.7,2.9,0.8,3.335,0.041
2011,09,전라북도,익산시,춘포면,용연리,익산천3,25.0,7.3,7.5,5.0,13.0,32.8,2.154,0.310
2011,09,전라북도,전주시덕진구,고랑동,,전주천7,22.0,7.4,6.3,7.8,16.0,8.6,7.014,0.471
2011,09,전라북도,전주시덕진구,전미동1가,,전주,20.4,8.4,9.6,1.5,3.7,6.4,1.971,0.070
2011,09,전라북도,전주시완산구,대성동,,전주천1,25.0,7.2,8.2,0.6,1.7,1.2,1.968,0.020
2011,09,전라북도,완주군,고산면,읍내리,고산,23.0,7.3,8.9,0.7,2.9,2.2,1.851,0.013
2011,09,전라북도,무주군,무주읍,대차리,무주남대천2,26.0,8.7,9.7,1.0,2.9,2.4,1.915,0.030
2011,09,전라북도,무주군,무주읍,읍내리,무주남대천1,25.0,8.3,8.7,2.1,2.6,1.6,1.617,0.007
2011,09,전라북도,무주군,무주읍,읍내리,무주남대천3,21.9,8.1,12.1,0.7,3.5,1.4,1.842,0.045
2011,09,전라북도,부안군,상서면,청림리,백천내,24.0,6.5,6.2,0.9,1.7,1.8,1.970,0.025
2011,09,전라북도,무주군,안성면,진도리,구량천,18.6,8.1,10.7,0.6,3.5,3.0,2.099,0.029
2011,09,전라북도,진안군,정천면,월평리,정자천,21.9,9.2,11.7,0.5,3.0,8.6,2.149,0.029
2011,09,전라북도,진안군,진안읍,운산리,진안천,29.0,8.6,10.4,1.6,3.7,1.6,3.787,0.051
2011,09,전라북도,진안군,진안읍,가막리,가막,20.0,8.1,10.1,1.1,3.4,4.3,2.794,0.029
2011,09,전라북도,무주군,무주읍,용포리,용포,24.0,9.0,9.2,1.1,3.7,1.4,1.333,0.008
2011,09,전라북도,진안군,용담면,송풍리,용담,21.1,8.5,10.9,1.0,3.8,2.6,1.563,0.030
2011,09,전라북도,남원시,운봉읍,,람천2,20.0,8.4,8.2,0.8,2.3,1.4,1.627,0.034
2011,09,전라북도,남원시,인월면,중군리,람천1,20.0,8.7,8.6,1.2,3.4,6.2,2.842,0.061
2011,09,전라북도,임실군,관촌면,방수리,관촌,23.8,7.6,9.7,0.8,2.5,1.4,1.609,0.018
2011,09,전라북도,임실군,운암면,학암리,운암,26.0,7.5,8.8,2.2,4.8,4.4,1.500,0.038
2011,09,전라북도,정읍시,산내면,매죽리,추령천,24.6,8.1,10.1,1.0,2.6,2.1,1.813,0.016
2011,09,전라북도,임실군,강진면,용수리,임실,21.0,8.3,11.3,1.1,3.6,2.6,1.159,0.012
2011,09,전라북도,순창군,동계면,구미리,동계,25.0,8.0,8.5,1.6,4.1,4.3,0.837,0.042
2011,09,전라북도,순창군,구림면,안정리,치천,24.0,7.9,9.5,1.1,2.5,1.6,0.992,0.014
2011,09,전라북도,남원시,대강면,풍산리,수홍천,20.3,7.5,9.4,1.1,2.8,4.5,2.124,0.031
2011,09,전라북도,순창군,유등면,유촌리,옥택천,22.5,7.5,10.4,1.3,3.2,5.5,1.525,0.035
2011,09,전라북도,순창군,적성면,고원리,적성,25.5,7.4,7.8,2.0,4.0,5.7,1.462,0.053
2011,09,전라북도,남원시,금지면,귀석리,남원,26.0,8.8,8.9,1.6,4.1,5.2,1.020,0.038
2011,09,전라북도,남원시,대강면,월탄리,대강,24.4,7.8,9.9,1.3,3.5,3.9,1.470,0.043
2011,09,전라북도,장수군,산서면,사상리,오수천1,20.7,7.2,8.9,1.2,3.3,3.6,2.087,0.034
2011,09,전라북도,남원시,덕과면,사율리,율천,23.9,7.3,9.4,1.4,3.5,7.8,1.092,0.039
2011,09,전라북도,남원시,사매면,서도리,월평천,22.1,7.3,10.5,1.4,3.9,3.1,1.516,0.041
2011,09,전라북도,순창군,동계면,서호리,오수천2,25.2,7.8,10.9,1.2,3.6,3.9,1.583,0.039
2011,09,전라북도,임실군,삼계면,후천리,후곡천,23.4,7.6,9.9,1.6,3.5,2.9,1.327,0.035
2011,09,전라북도,남원시,산동면,월석리,요천1,20.8,7.5,10.0,0.8,2.4,1.4,1.321,0.014
2011,09,전라북도,남원시,금지면,창산리,요천2,25.0,8.0,8.6,1.3,3.8,3.4,2.164,0.121
2011,09,전라북도,남원시,송동면,세전리,요천3,25.6,8.0,10.3,1.1,3.7,4.7,1.563,0.076
2011,09,전라북도,고창군,아산면,구암리,주진천1,27.0,7.2,8.4,1.7,6.4,19.4,2.407,0.134
2011,09,전라북도,고창군,아산면,반암리,주진천2,27.0,5.3,8.4,1.6,5.9,37.9,2.365,0.134
2011,10,전라북도,익산시,망성면,무형리,마산천,12.7,8.4,10.3,2.8,6.9,8.1,3.932,0.160
2011,10,전라북도,부안군,동진면,하장리,고부천2,21.0,8.9,12.9,4.6,14.5,19.0,0.775,0.100
2011,10,전라북도,부안군,동진면,하장리,고부천3,16.8,8.4,13.0,5.3,9.9,39.4,2.707,0.206
2011,10,전라북도,정읍시,영원면,앵성리,고부천1,20.0,7.6,8.5,4.1,11.0,21.4,3.550,0.110
2011,10,전라북도,김제시,부량면,옥정리,동진강3,16.8,8.9,13.1,4.4,7.7,21.5,2.991,0.149
2011,10,전라북도,정읍시,신태인읍,,동진강2,19.0,7.7,9.6,1.1,3.3,7.1,1.856,0.026
2011,10,전라북도,정읍시,신태인읍,구석리,용호천,17.0,7.8,7.8,1.1,3.9,5.2,2.200,0.061
2011,10,전라북도,정읍시,옹동면,산성리,동진강1,18.0,7.7,9.7,0.9,3.5,3.4,1.967,0.021
2011,10,전라북도,김제시,성덕면,남포리,신평천,21.0,8.8,12.1,8.2,14.2,107.6,8.020,0.648
2011,10,전라북도,김제시,죽산면,대창리,원평천3,17.8,8.7,14.7,6.6,10.7,30.9,2.042,0.168
2011,10,전라북도,김제시,봉남면,용신리,원평천1,21.0,8.2,10.1,1.6,6.0,122.9,2.286,0.036
2011,10,전라북도,김제시,죽산면,죽산리,원평천2,21.0,9.5,14.1,1.1,10.7,49.7,1.666,0.049
2011,10,전라북도,정읍시,공평동,,정읍천3,18.0,7.4,7.4,1.8,3.8,5.0,1.676,0.093
2011,10,전라북도,정읍시,송산동,,정읍천1,17.0,7.2,7.0,0.7,1.9,2.0,0.802,0.033
2011,10,전라북도,정읍시,연지동,,정읍천2,17.0,7.7,7.6,1.2,1.7,45.7,2.179,0.295
2011,10,전라북도,정읍시,이평면,하송리,정읍천4,15.5,8.6,13.7,5.0,9.3,22.5,5.478,0.360
2011,10,전라북도,정읍시,하모동,,천원천,18.0,7.4,7.7,1.9,3.9,4.6,1.949,0.060
2011,10,전라북도,김제시,백구면,마산리,마산천,22.0,8.8,11.9,9.9,12.5,28.9,9.345,0.310
2011,10,전라북도,완주군,삼례읍,,삼례,21.0,7.8,8.6,3.3,9.3,10.0,3.804,0.334
2011,10,전라북도,익산시,춘포면,인수리,익산천1,19.0,7.5,5.5,3.4,7.4,13.8,3.472,0.298
2011,10,전라북도,익산시,춘포면,인수리,익산천2,20.0,8.2,10.6,7.7,9.7,13.6,1.612,0.513
2011,10,전라북도,군산시,대야면,광교리,탑천,16.9,8.0,10.6,6.5,9.3,41.7,4.941,0.206
2011,10,전라북도,김제시,백구면,백구리,김제,17.3,7.8,9.9,6.2,13.6,22.3,5.388,0.462
2011,10,전라북도,김제시,백구면,월봉리,용암천,22.0,9.2,12.9,10.6,16.9,60.0,14.935,0.139
2011,10,전라북도,전주시완산구,서신동,,삼천3,20.0,8.2,8.6,2.4,4.8,2.8,1.959,0.105
2011,10,전라북도,전주시완산구,평화동3가,,삼천1,20.0,7.4,7.3,1.4,3.4,1.6,1.756,0.040
2011,10,전라북도,전주시완산구,효자동2가,,삼천2,20.0,8.0,8.2,2.1,4.4,2.8,2.105,0.086
2011,10,전라북도,완주군,소양면,황운리,소양천1,16.0,7.9,9.6,0.5,1.3,2.0,2.568,0.034
2011,10,전라북도,완주군,용진읍,상운리,소양천2,16.0,7.5,7.2,0.9,2.5,3.0,4.007,0.042
2011,10,전라북도,익산시,춘포면,용연리,익산천3,21.0,8.1,9.7,9.5,13.6,19.2,5.559,0.892
2011,10,전라북도,전주시덕진구,고랑동,,전주천7,20.2,7.2,5.4,7.4,20.9,6.0,6.685,0.745
2011,10,전라북도,전주시덕진구,전미동1가,,전주,16.8,8.2,10.2,1.9,4.5,7.3,2.354,0.140
2011,10,전라북도,전주시완산구,대성동,,전주천1,18.0,7.4,7.4,0.5,0.9,0.6,1.899,0.026
2011,10,전라북도,완주군,고산면,읍내리,고산,17.0,8.6,9.2,1.4,3.6,2.8,1.619,0.020
2011,10,전라북도,무주군,무주읍,대차리,무주남대천2,15.0,8.7,11.9,1.6,3.4,1.1,2.310,0.078
2011,10,전라북도,무주군,무주읍,읍내리,무주남대천1,14.0,8.6,10.8,1.0,2.9,0.6,2.275,0.024
2011,10,전라북도,무주군,무주읍,읍내리,무주남대천3,17.2,8.4,12.4,1.2,2.7,1.9,2.125,0.036
2011,10,전라북도,부안군,상서면,청림리,백천내,18.0,6.5,6.7,0.0,1.1,1.8,1.086,0.013
2011,10,전라북도,무주군,안성면,진도리,구량천,14.3,7.8,11.9,0.8,2.7,3.0,2.916,0.019
2011,10,전라북도,진안군,정천면,월평리,정자천,17.7,8.7,12.1,0.6,2.3,6.4,2.130,0.019
2011,10,전라북도,진안군,진안읍,운산리,진안천,20.0,8.5,12.4,1.3,3.2,1.2,3.098,0.106
2011,10,전라북도,진안군,진안읍,가막리,가막,15.0,7.7,11.8,0.7,3.3,2.5,3.174,0.020
2011,10,전라북도,무주군,무주읍,용포리,용포,16.0,8.6,9.9,1.7,3.9,1.4,1.745,0.020
2011,10,전라북도,진안군,용담면,송풍리,용담,18.7,8.3,10.7,0.9,4.2,3.0,1.581,0.015
2011,10,전라북도,남원시,운봉읍,,람천2,16.0,8.7,10.1,0.6,2.4,0.9,3.168,0.113
2011,10,전라북도,남원시,인월면,중군리,람천1,16.0,9.0,11.0,1.5,3.6,3.5,3.136,0.125
2011,10,전라북도,임실군,관촌면,방수리,관촌,16.7,7.8,10.5,0.7,2.5,1.0,1.448,0.025
2011,10,전라북도,임실군,운암면,학암리,운암,19.0,7.7,8.8,1.1,3.2,5.9,1.152,0.007
2011,10,전라북도,정읍시,산내면,매죽리,추령천,16.2,8.0,11.0,0.7,2.2,1.1,1.472,0.014
2011,10,전라북도,임실군,강진면,용수리,임실,14.1,8.1,12.2,0.8,3.5,1.2,1.164,0.014
2011,10,전라북도,순창군,동계면,구미리,동계,20.0,7.9,9.2,1.1,2.8,1.9,0.555,0.014
2011,10,전라북도,순창군,구림면,안정리,치천,14.8,7.7,11.1,0.6,2.0,0.7,1.018,0.013
2011,10,전라북도,남원시,대강면,풍산리,수홍천,13.3,7.4,10.5,0.6,1.8,1.4,2.795,0.019
2011,10,전라북도,순창군,유등면,유촌리,옥택천,13.0,7.5,11.4,0.7,2.6,2.3,1.686,0.018
2011,10,전라북도,순창군,적성면,고원리,적성,18.5,7.8,9.0,2.2,3.1,2.8,1.834,0.027
2011,10,전라북도,남원시,금지면,귀석리,남원,21.0,8.3,10.2,1.3,3.1,4.0,1.095,0.020
2011,10,전라북도,남원시,대강면,월탄리,대강,15.3,7.6,10.8,1.0,3.4,2.7,1.396,0.025
2011,10,전라북도,장수군,산서면,사상리,오수천1,14.5,7.3,10.5,1.4,3.2,2.1,2.170,0.034
2011,10,전라북도,남원시,덕과면,사율리,율천,17.0,7.4,11.0,0.9,2.8,2.8,1.005,0.031
2011,10,전라북도,남원시,사매면,서도리,월평천,15.0,7.3,12.2,0.8,2.6,1.1,1.994,0.025
2011,10,전라북도,순창군,동계면,서호리,오수천2,16.7,8.5,12.4,0.8,3.0,2.0,1.843,0.038
2011,10,전라북도,임실군,삼계면,후천리,후곡천,14.8,7.6,10.8,0.7,2.7,1.5,1.293,0.019
2011,10,전라북도,남원시,산동면,월석리,요천1,12.8,7.8,11.0,0.5,2.1,0.8,1.436,0.013
2011,10,전라북도,남원시,금지면,창산리,요천2,21.0,7.8,10.0,0.9,4.0,5.4,3.217,0.173
2011,10,전라북도,남원시,송동면,세전리,요천3,17.5,8.4,11.7,0.9,3.8,3.9,2.199,0.117
2011,10,전라북도,고창군,아산면,구암리,주진천1,16.0,8.0,10.8,2.0,5.3,5.4,4.178,0.092
2011,10,전라북도,고창군,아산면,반암리,주진천2,17.0,8.0,10.1,1.9,5.1,13.3,4.176,0.076
2011,11,전라북도,익산시,망성면,무형리,마산천,8.4,8.0,7.7,2.6,6.0,0.7,5.808,0.110
2011,11,전라북도,부안군,동진면,하장리,고부천2,11.0,8.2,7.3,3.1,9.1,44.9,3.176,0.136
2011,11,전라북도,부안군,동진면,하장리,고부천3,12.8,8.0,10.5,5.3,9.9,47.3,4.620,0.258
2011,11,전라북도,정읍시,영원면,앵성리,고부천1,13.0,8.7,8.6,2.9,8.7,16.4,3.625,0.202
2011,11,전라북도,김제시,부량면,옥정리,동진강3,12.2,7.9,11.9,3.8,7.1,23.6,3.730,0.205
2011,11,전라북도,정읍시,신태인읍,,동진강2,12.0,7.7,7.6,2.3,3.2,16.6,2.153,0.056
2011,11,전라북도,정읍시,신태인읍,구석리,용호천,17.0,7.8,10.2,1.1,3.5,7.6,2.157,0.050
2011,11,전라북도,정읍시,옹동면,산성리,동진강1,14.0,8.0,6.5,1.9,2.8,0.8,1.913,0.022
2011,11,전라북도,김제시,성덕면,남포리,신평천,16.0,9.4,7.4,7.0,15.0,24.3,6.848,0.314
2011,11,전라북도,김제시,죽산면,대창리,원평천3,12.2,8.0,11.3,6.8,10.4,51.5,3.820,0.217
2011,11,전라북도,김제시,봉남면,용신리,원평천1,10.0,9.0,7.3,3.5,4.9,31.6,2.684,0.038
2011,11,전라북도,김제시,죽산면,죽산리,원평천2,16.0,8.3,6.6,6.0,9.8,36.6,2.820,0.076
2011,11,전라북도,정읍시,공평동,,정읍천3,18.0,7.4,8.8,2.1,3.6,18.3,1.735,0.084
2011,11,전라북도,정읍시,송산동,,정읍천1,17.0,7.3,9.2,0.6,1.6,23.7,0.677,0.088
2011,11,전라북도,정읍시,연지동,,정읍천2,17.0,7.2,8.2,3.9,3.7,16.7,2.884,0.129
2011,11,전라북도,정읍시,이평면,하송리,정읍천4,13.0,7.7,12.2,3.8,8.4,18.5,6.357,0.344
2011,11,전라북도,정읍시,하모동,,천원천,17.0,7.3,9.8,2.1,3.6,7.2,1.568,0.046
2011,11,전라북도,김제시,백구면,마산리,마산천,21.0,8.6,8.1,10.3,13.7,11.8,11.405,0.425
2011,11,전라북도,완주군,삼례읍,,삼례,13.0,7.3,7.0,2.6,11.7,6.0,5.333,0.449
2011,11,전라북도,익산시,춘포면,인수리,익산천1,8.0,7.6,8.7,3.1,6.2,4.6,5.894,0.509
2011,11,전라북도,익산시,춘포면,인수리,익산천2,8.0,7.5,7.5,10.4,14.0,13.4,10.923,0.971
2011,11,전라북도,군산시,대야면,광교리,탑천,13.2,7.9,10.9,6.3,9.2,41.9,5.511,0.209
2011,11,전라북도,김제시,백구면,백구리,김제,13.7,7.7,10.4,7.2,13.0,22.5,6.304,0.537
2011,11,전라북도,김제시,백구면,월봉리,용암천,10.0,8.6,5.7,3.6,11.7,20.2,10.830,0.181
2011,11,전라북도,전주시완산구,서신동,,삼천3,12.0,7.7,7.4,2.2,5.2,15.6,2.857,0.127
2011,11,전라북도,전주시완산구,평화동3가,,삼천1,12.0,7.4,8.9,0.8,2.9,2.6,2.300,0.035
2011,11,전라북도,전주시완산구,효자동2가,,삼천2,12.0,7.5,9.3,1.5,4.4,9.6,2.887,0.115
2011,11,전라북도,완주군,소양면,황운리,소양천1,12.0,7.6,9.3,0.6,1.3,1.0,3.257,0.026
2011,11,전라북도,완주군,용진읍,상운리,소양천2,12.0,7.5,9.2,0.8,1.7,1.2,3.987,0.027
2011,11,전라북도,익산시,춘포면,용연리,익산천3,8.0,7.3,5.3,5.7,15.8,14.2,12.786,1.230
2011,11,전라북도,전주시덕진구,고랑동,,전주천7,16.7,7.3,6.2,7.3,16.5,13.8,5.768,0.586
2011,11,전라북도,전주시덕진구,전미동1가,,전주,12.9,8.0,12.0,1.5,4.1,7.9,2.756,0.181
2011,11,전라북도,전주시완산구,대성동,,전주천1,17.0,7.1,8.9,1.7,3.8,0.6,3.327,0.025
2011,11,전라북도,완주군,고산면,읍내리,고산,10.0,7.9,9.0,0.8,2.8,1.7,1.909,0.013
2011,11,전라북도,무주군,무주읍,대차리,무주남대천2,10.0,8.3,11.8,1.0,2.4,0.1,2.565,0.028
2011,11,전라북도,무주군,무주읍,읍내리,무주남대천1,9.0,8.2,10.2,0.9,2.2,0.1,2.696,0.017
2011,11,전라북도,무주군,무주읍,읍내리,무주남대천3,12.0,8.0,12.2,0.9,3.3,2.5,2.318,0.024
2011,11,전라북도,부안군,상서면,청림리,백천내,18.0,6.9,7.3,0.3,1.1,1.8,1.231,0.013
2011,11,전라북도,무주군,안성면,진도리,구량천,10.0,8.3,13.6,0.8,3.1,5.7,3.002,0.031
2011,11,전라북도,진안군,정천면,월평리,정자천,12.4,7.8,12.9,0.7,2.9,12.5,2.740,0.022
2011,11,전라북도,진안군,진안읍,운산리,진안천,17.0,7.4,10.1,1.0,3.0,1.6,2.833,0.112
2011,11,전라북도,진안군,진안읍,가막리,가막,10.7,8.2,11.9,0.8,3.5,4.5,3.123,0.032
2011,11,전라북도,무주군,무주읍,용포리,용포,11.0,8.1,10.2,1.1,3.1,0.5,1.743,0.012
2011,11,전라북도,진안군,용담면,송풍리,용담,15.6,8.1,11.1,0.7,3.8,3.4,1.524,0.014
2011,11,전라북도,남원시,운봉읍,,람천2,16.0,8.7,10.1,1.7,2.9,0.2,2.347,0.039
2011,11,전라북도,남원시,인월면,중군리,람천1,16.0,9.0,11.0,2.0,4.0,4.3,3.671,0.071
2011,11,전라북도,임실군,관촌면,방수리,관촌,11.7,6.8,12.7,0.8,2.8,4.1,2.722,0.031
2011,11,전라북도,임실군,운암면,학암리,운암,15.0,8.4,9.3,2.3,2.6,4.1,2.927,0.041
2011,11,전라북도,정읍시,산내면,매죽리,추령천,12.5,7.2,12.8,0.5,2.1,1.0,2.209,0.012
2011,11,전라북도,임실군,강진면,용수리,임실,11.1,7.2,13.1,0.6,3.3,1.4,1.552,0.012
2011,11,전라북도,순창군,동계면,구미리,동계,12.0,8.2,7.5,2.3,2.7,1.5,1.517,0.016
2011,11,전라북도,순창군,구림면,안정리,치천,11.7,7.0,13.2,0.8,3.6,1.3,2.020,0.021
2011,11,전라북도,남원시,대강면,풍산리,수홍천,11.3,7.2,10.4,2.2,5.1,2.2,2.507,0.024
2011,11,전라북도,순창군,유등면,유촌리,옥택천,10.7,7.3,11.1,0.8,2.9,11.3,1.891,0.032
2011,11,전라북도,순창군,적성면,고원리,적성,14.0,8.1,8.9,1.6,4.0,4.7,2.100,0.040
2011,11,전라북도,남원시,금지면,귀석리,남원,13.0,8.3,9.1,1.4,3.6,4.2,1.697,0.037
2011,11,전라북도,남원시,대강면,월탄리,대강,12.8,7.2,10.0,1.2,4.7,6.5,1.993,0.058
2011,11,전라북도,장수군,산서면,사상리,오수천1,11.7,7.3,10.2,1.2,3.8,3.8,2.390,0.048
2011,11,전라북도,남원시,덕과면,사율리,율천,13.3,7.3,9.6,1.5,5.0,7.0,1.717,0.064
2011,11,전라북도,남원시,사매면,서도리,월평천,12.7,7.8,10.4,1.1,4.7,3.4,2.209,0.051
2011,11,전라북도,순창군,동계면,서호리,오수천2,12.9,7.8,10.6,1.1,4.8,8.1,1.941,0.063
2011,11,전라북도,임실군,삼계면,후천리,후곡천,12.0,7.4,10.3,2.3,5.1,2.1,1.448,0.033
2011,11,전라북도,남원시,산동면,월석리,요천1,11.2,7.5,11.8,0.7,2.0,1.3,2.126,0.014
2011,11,전라북도,남원시,금지면,창산리,요천2,13.0,8.2,8.7,2.4,2.9,4.3,3.123,0.141
2011,11,전라북도,남원시,송동면,세전리,요천3,13.9,7.7,12.2,0.9,3.9,7.5,2.649,0.102
2011,11,전라북도,고창군,아산면,구암리,주진천1,17.0,7.8,9.8,2.4,4.1,4.5,4.486,0.193
2011,11,전라북도,고창군,아산면,반암리,주진천2,18.0,7.5,8.7,2.5,4.3,20.1,4.395,0.146
2011,12,전라북도,익산시,망성면,무형리,마산천,3.4,8.0,10.9,5.0,6.3,12.6,6.570,0.234
2011,12,전라북도,부안군,동진면,하장리,고부천2,6.0,7.6,10.3,2.8,10.6,21.1,4.666,0.093
2011,12,전라북도,부안군,동진면,하장리,고부천3,5.3,8.0,13.7,2.7,8.6,22.9,5.424,0.232
2011,12,전라북도,정읍시,영원면,앵성리,고부천1,6.0,7.5,11.6,2.2,9.4,13.5,4.045,0.068
2011,12,전라북도,김제시,부량면,옥정리,동진강3,5.4,7.6,13.5,1.3,4.9,9.7,3.817,0.122
2011,12,전라북도,정읍시,신태인읍,,동진강2,8.0,7.6,11.1,1.0,3.1,8.0,2.559,0.042
2011,12,전라북도,정읍시,신태인읍,구석리,용호천,8.0,7.4,11.0,1.5,4.1,4.4,2.660,0.055
2011,12,전라북도,정읍시,옹동면,산성리,동진강1,9.0,7.6,11.0,1.1,2.5,3.8,2.348,0.019
2011,12,전라북도,김제시,성덕면,남포리,신평천,8.0,7.4,8.7,3.9,12.3,31.6,0.891,0.017
2011,12,전라북도,김제시,죽산면,대창리,원평천3,5.3,7.8,12.6,3.2,9.6,28.0,4.185,0.177
2011,12,전라북도,김제시,봉남면,용신리,원평천1,8.0,7.5,11.8,1.6,5.3,16.7,3.922,0.051
2011,12,전라북도,김제시,죽산면,죽산리,원평천2,9.0,7.5,9.5,2.9,10.1,45.1,3.944,0.087
2011,12,전라북도,정읍시,공평동,,정읍천3,7.0,6.9,9.5,1.6,2.9,3.6,3.156,0.076
2011,12,전라북도,정읍시,송산동,,정읍천1,7.0,7.0,11.1,0.5,1.0,2.3,2.196,0.039
2011,12,전라북도,정읍시,연지동,,정읍천2,7.0,7.2,10.7,3.5,4.1,90.0,3.416,0.214
2011,12,전라북도,정읍시,이평면,하송리,정읍천4,7.9,7.9,12.4,1.7,6.4,8.0,5.857,0.254
2011,12,전라북도,정읍시,하모동,,천원천,8.0,7.0,10.3,2.0,3.2,2.0,3.167,0.054
2011,12,전라북도,김제시,백구면,마산리,마산천,10.0,7.6,10.1,8.6,9.2,16.0,9.329,0.263
2011,12,전라북도,완주군,삼례읍,,삼례,11.0,7.4,9.6,2.5,7.7,6.1,4.080,0.259
2011,12,전라북도,익산시,춘포면,인수리,익산천1,7.0,7.5,10.3,3.2,5.8,6.2,4.901,0.331
2011,12,전라북도,익산시,춘포면,인수리,익산천2,8.0,7.7,10.0,11.5,16.5,12.9,17.239,1.563
2011,12,전라북도,군산시,대야면,광교리,탑천,5.8,8.0,13.3,3.2,5.9,19.2,4.547,0.196
2011,12,전라북도,김제시,백구면,백구리,김제,6.4,7.6,12.9,4.5,10.2,13.2,6.543,0.408
2011,12,전라북도,김제시,백구면,월봉리,용암천,8.0,7.7,10.9,3.6,11.0,24.8,8.212,0.116
2011,12,전라북도,전주시완산구,서신동,,삼천3,6.0,7.5,8.5,1.5,3.4,6.8,3.483,0.088
2011,12,전라북도,전주시완산구,평화동3가,,삼천1,6.0,7.4,9.1,1.0,2.3,2.4,3.238,0.050
2011,12,전라북도,전주시완산구,효자동2가,,삼천2,6.0,7.4,9.5,1.4,3.2,5.4,3.690,0.083
2011,12,전라북도,완주군,소양면,황운리,소양천1,7.0,7.3,9.6,0.6,1.6,5.0,3.960,0.044
2011,12,전라북도,완주군,용진읍,상운리,소양천2,6.0,7.4,9.9,0.8,1.8,2.6,5.711,0.039
2011,12,전라북도,익산시,춘포면,용연리,익산천3,7.0,7.4,9.8,9.1,13.1,14.5,11.845,0.723
2011,12,전라북도,전주시덕진구,고랑동,,전주천7,11.8,7.3,5.8,6.4,15.9,4.9,5.825,0.734
2011,12,전라북도,전주시덕진구,전미동1가,,전주,5.6,8.1,13.5,0.9,3.2,5.6,3.188,0.126
2011,12,전라북도,전주시완산구,대성동,,전주천1,11.0,6.8,9.7,0.4,1.0,0.4,2.867,0.035
2011,12,전라북도,완주군,고산면,읍내리,고산,11.0,7.2,10.6,0.8,2.7,1.0,1.843,0.018
2011,12,전라북도,무주군,무주읍,대차리,무주남대천2,7.0,8.0,12.1,0.7,2.0,0.2,2.691,0.017
2011,12,전라북도,무주군,무주읍,읍내리,무주남대천1,7.0,8.0,11.9,0.5,1.8,0.1,2.485,0.012
2011,12,전라북도,무주군,무주읍,읍내리,무주남대천3,5.4,7.7,12.8,0.4,2.5,0.7,2.630,0.010
2011,12,전라북도,부안군,상서면,청림리,백천내,9.0,7.0,9.6,0.6,1.3,1.8,2.635,0.003
2011,12,전라북도,무주군,안성면,진도리,구량천,3.3,8.1,15.0,0.5,2.5,2.3,3.005,0.014
2011,12,전라북도,진안군,정천면,월평리,정자천,6.0,7.9,14.5,0.4,2.2,4.5,3.014,0.008
2011,12,전라북도,진안군,진안읍,운산리,진안천,10.0,7.4,11.3,1.2,3.1,2.8,3.268,0.096
2011,12,전라북도,진안군,진안읍,가막리,가막,3.8,8.1,14.6,0.7,2.7,2.6,3.553,0.022
2011,12,전라북도,무주군,무주읍,용포리,용포,9.0,8.1,10.9,0.6,2.6,0.4,1.815,0.012
2011,12,전라북도,진안군,용담면,송풍리,용담,11.2,8.2,11.7,0.8,3.4,1.1,1.846,0.009
2011,12,전라북도,남원시,운봉읍,,람천2,7.0,8.1,5.3,1.0,2.4,1.0,2.014,0.036
2011,12,전라북도,남원시,인월면,중군리,람천1,7.0,8.0,8.0,1.1,3.1,2.6,3.029,0.049
2011,12,전라북도,임실군,관촌면,방수리,관촌,6.2,7.2,12.0,0.7,2.0,2.1,2.695,0.016
2011,12,전라북도,임실군,운암면,학암리,운암,8.0,6.7,13.1,0.8,1.8,1.2,2.410,0.028
2011,12,전라북도,정읍시,산내면,매죽리,추령천,6.5,7.4,12.0,0.7,2.1,0.8,3.515,0.008
2011,12,전라북도,임실군,강진면,용수리,임실,6.6,7.4,12.6,0.8,3.1,1.3,1.984,0.010
2011,12,전라북도,순창군,동계면,구미리,동계,7.0,7.2,11.9,0.7,1.8,0.8,2.458,0.018
2011,12,전라북도,순창군,구림면,안정리,치천,5.9,7.4,12.4,0.5,2.0,0.9,2.681,0.010
2011,12,전라북도,남원시,대강면,풍산리,수홍천,7.2,7.9,12.5,0.5,2.2,1.1,3.094,0.022
2011,12,전라북도,순창군,유등면,유촌리,옥택천,5.7,7.8,13.4,0.6,2.5,3.7,2.600,0.020
2011,12,전라북도,순창군,적성면,고원리,적성,7.3,7.7,11.2,0.6,2.9,3.6,2.381,0.024
2011,12,전라북도,남원시,금지면,귀석리,남원,8.0,6.8,12.2,0.9,2.6,1.8,2.642,0.017
2011,12,전라북도,남원시,대강면,월탄리,대강,6.6,7.7,12.3,1.6,4.0,6.0,2.415,0.049
2011,12,전라북도,장수군,산서면,사상리,오수천1,7.5,7.8,12.2,0.9,2.6,1.3,2.898,0.028
2011,12,전라북도,남원시,덕과면,사율리,율천,7.2,7.9,13.0,1.2,4.0,5.7,1.828,0.056
2011,12,전라북도,남원시,사매면,서도리,월평천,7.3,7.7,13.6,0.8,3.1,1.9,2.653,0.029
2011,12,전라북도,순창군,동계면,서호리,오수천2,6.4,7.9,13.0,1.3,3.8,5.9,2.387,0.045
2011,12,전라북도,임실군,삼계면,후천리,후곡천,6.7,7.8,12.9,1.0,3.1,0.9,1.955,0.017
2011,12,전라북도,남원시,산동면,월석리,요천1,6.1,7.2,12.8,0.9,2.2,1.0,2.486,0.009
2011,12,전라북도,남원시,금지면,창산리,요천2,8.0,6.3,12.7,1.0,2.7,3.0,3.481,0.133
2011,12,전라북도,남원시,송동면,세전리,요천3,5.9,8.1,13.5,1.4,3.2,3.2,3.560,0.105
2011,12,전라북도,고창군,아산면,구암리,주진천1,9.0,7.9,11.7,1.9,5.3,9.4,4.644,0.252
2011,12,전라북도,고창군,아산면,반암리,주진천2,9.0,7.8,11.4,1.3,5.0,11.0,4.132,0.200
2012,01,전라북도,익산시,망성면,무형리,마산천,2.6,7.7,15.2,3.7,7.2,9.3,8.484,0.285
2012,01,전라북도,부안군,동진면,하장리,고부천2,2.0,7.3,13.8,2.3,5.0,15.3,5.865,0.150
2012,01,전라북도,부안군,동진면,하장리,고부천3,2.0,8.2,13.1,2.9,8.7,14.3,6.627,0.237
2012,01,전라북도,정읍시,영원면,앵성리,고부천1,2.0,7.1,14.0,4.3,6.7,14.2,6.389,0.107
2012,01,전라북도,김제시,부량면,옥정리,동진강3,2.3,7.6,13.4,2.4,6.0,11.2,4.037,0.122
2012,01,전라북도,정읍시,신태인읍,,동진강2,3.0,7.2,12.3,1.2,2.7,2.3,2.366,0.021
2012,01,전라북도,정읍시,신태인읍,구석리,용호천,1.0,7.6,10.6,1.4,3.4,3.6,3.706,0.037
2012,01,전라북도,정읍시,옹동면,산성리,동진강1,5.0,7.1,12.0,1.1,2.6,0.3,2.046,0.018
2012,01,전라북도,김제시,성덕면,남포리,신평천,4.0,8.0,14.3,4.5,7.5,13.9,8.683,0.225
2012,01,전라북도,김제시,죽산면,대창리,원평천3,1.6,7.9,13.7,3.2,7.7,10.7,4.901,0.144
2012,01,전라북도,김제시,봉남면,용신리,원평천1,2.0,7.6,13.6,2.1,5.8,5.6,4.276,0.049
2012,01,전라북도,김제시,죽산면,죽산리,원평천2,2.0,7.6,13.5,2.0,4.2,7.8,4.655,0.041
2012,01,전라북도,정읍시,공평동,,정읍천3,2.0,7.4,10.0,0.8,2.0,1.8,3.457,0.036
2012,01,전라북도,정읍시,송산동,,정읍천1,1.0,7.5,11.1,0.3,0.9,1.6,2.048,0.009
2012,01,전라북도,정읍시,연지동,,정읍천2,2.0,7.5,10.9,1.2,2.7,25.3,4.391,0.145
2012,01,전라북도,정읍시,이평면,하송리,정읍천4,3.7,7.4,14.6,3.6,10.9,9.8,7.505,0.187
2012,01,전라북도,정읍시,하모동,,천원천,2.0,7.5,10.8,0.8,2.1,1.4,3.558,0.019
2012,01,전라북도,김제시,백구면,마산리,마산천,3.0,8.0,11.7,5.2,7.9,25.5,7.615,0.295
2012,01,전라북도,완주군,삼례읍,,삼례,8.0,7.4,10.1,7.2,12.5,9.9,7.807,0.330
2012,01,전라북도,익산시,춘포면,인수리,익산천1,3.0,7.8,12.3,7.5,13.3,12.8,12.223,0.908
2012,01,전라북도,익산시,춘포면,인수리,익산천2,3.0,7.9,11.0,23.7,38.6,29.3,29.997,2.346
2012,01,전라북도,군산시,대야면,광교리,탑천,1.5,7.4,15.9,5.3,8.2,12.2,8.808,0.692
2012,01,전라북도,김제시,백구면,백구리,김제,3.7,7.7,12.6,6.4,11.3,10.8,7.807,0.412
2012,01,전라북도,김제시,백구면,월봉리,용암천,2.0,8.0,14.7,5.8,11.6,51.0,17.423,0.205
2012,01,전라북도,전주시완산구,서신동,,삼천3,2.0,7.7,11.0,1.7,4.3,5.6,3.794,0.087
2012,01,전라북도,전주시완산구,평화동3가,,삼천1,3.0,7.3,9.6,0.9,2.3,1.6,3.080,0.062
2012,01,전라북도,전주시완산구,효자동2가,,삼천2,3.0,7.2,10.4,1.3,4.0,8.4,3.783,0.094
2012,01,전라북도,완주군,소양면,황운리,소양천1,7.0,7.7,11.5,0.5,0.9,5.4,3.525,0.011
2012,01,전라북도,완주군,용진읍,상운리,소양천2,5.0,7.4,10.9,0.9,1.9,1.4,8.015,0.029
2012,01,전라북도,익산시,춘포면,용연리,익산천3,2.0,7.7,8.8,12.2,29.6,18.1,25.731,1.678
2012,01,전라북도,전주시덕진구,고랑동,,전주천7,9.3,7.0,9.2,10.5,20.7,8.3,12.421,0.719
2012,01,전라북도,전주시덕진구,전미동1가,,전주,1.2,8.0,14.9,1.6,4.4,5.5,2.478,0.095
2012,01,전라북도,전주시완산구,대성동,,전주천1,5.0,7.2,10.1,0.1,0.3,0.3,3.007,0.030
2012,01,전라북도,완주군,고산면,읍내리,고산,5.0,8.0,12.2,0.6,2.8,2.8,1.642,0.005
2012,01,전라북도,무주군,무주읍,대차리,무주남대천2,2.0,8.1,15.8,1.4,1.9,0.1,3.454,0.019
2012,01,전라북도,무주군,무주읍,읍내리,무주남대천1,1.0,7.9,14.1,1.1,1.3,0.1,3.340,0.005
2012,01,전라북도,무주군,무주읍,읍내리,무주남대천3,2.1,7.7,15.4,1.2,2.8,0.9,3.550,0.020
2012,01,전라북도,부안군,상서면,청림리,백천내,2.0,6.9,12.2,0.7,1.3,1.6,2.478,0.004
2012,01,전라북도,무주군,안성면,진도리,구량천,-0.1,7.6,15.6,0.8,2.8,2.3,3.669,0.011
2012,01,전라북도,진안군,정천면,월평리,정자천,1.7,7.1,15.5,0.8,1.7,1.0,2.611,0.005
2012,01,전라북도,진안군,진안읍,운산리,진안천,3.0,6.4,11.0,0.8,2.3,0.8,4.016,0.065
2012,01,전라북도,진안군,진안읍,가막리,가막,-0.6,7.8,14.9,0.7,2.6,1.1,4.464,0.010
2012,01,전라북도,무주군,무주읍,용포리,용포,5.0,7.9,12.9,1.1,2.5,0.8,1.512,0.005
2012,01,전라북도,진안군,용담면,송풍리,용담,5.7,7.2,12.8,0.6,3.1,1.8,1.649,0.011
2012,01,전라북도,남원시,운봉읍,,람천2,2.0,8.1,14.9,0.8,2.6,1.4,2.641,0.030
2012,01,전라북도,남원시,인월면,중군리,람천1,2.0,7.7,14.9,3.2,4.6,3.9,3.797,0.021
2012,01,전라북도,임실군,관촌면,방수리,관촌,3.4,8.0,13.7,0.8,2.0,0.7,2.771,0.024
2012,01,전라북도,임실군,운암면,학암리,운암,2.0,8.3,13.5,1.0,2.4,0.8,3.050,0.012
2012,01,전라북도,정읍시,산내면,매죽리,추령천,2.2,7.7,13.7,0.6,1.7,0.4,3.649,0.023
2012,01,전라북도,임실군,강진면,용수리,임실,3.9,7.9,13.2,0.7,3.1,0.8,1.738,0.018
2012,01,전라북도,순창군,동계면,구미리,동계,2.0,7.9,13.4,1.0,2.4,0.1,2.143,0.007
2012,01,전라북도,순창군,구림면,안정리,치천,1.5,8.0,14.1,0.6,1.7,0.5,2.217,0.011
2012,01,전라북도,남원시,대강면,풍산리,수홍천,4.1,7.5,13.6,0.5,1.6,1.0,3.122,0.019
2012,01,전라북도,순창군,유등면,유촌리,옥택천,3.2,7.4,14.2,0.6,2.2,1.3,2.351,0.021
2012,01,전라북도,순창군,적성면,고원리,적성,2.3,6.6,13.4,1.7,2.9,0.7,2.584,0.013
2012,01,전라북도,남원시,금지면,귀석리,남원,2.0,8.7,13.8,1.2,2.7,2.1,2.891,0.011
2012,01,전라북도,남원시,대강면,월탄리,대강,3.3,7.3,14.3,1.8,3.6,3.6,3.061,0.053
2012,01,전라북도,장수군,산서면,사상리,오수천1,5.0,7.2,13.5,1.0,2.1,1.3,2.649,0.029
2012,01,전라북도,남원시,덕과면,사율리,율천,5.0,7.4,14.4,0.8,2.0,1.3,1.636,0.040
2012,01,전라북도,남원시,사매면,서도리,월평천,4.9,7.4,14.2,1.4,2.6,2.5,3.122,0.032
2012,01,전라북도,순창군,동계면,서호리,오수천2,3.8,8.3,14.2,1.5,3.1,3.8,2.476,0.043
2012,01,전라북도,임실군,삼계면,후천리,후곡천,3.6,7.7,14.6,0.8,2.5,0.8,1.435,0.023
2012,01,전라북도,남원시,산동면,월석리,요천1,3.9,7.8,13.0,0.9,1.9,0.8,2.588,0.028
2012,01,전라북도,남원시,금지면,창산리,요천2,4.0,7.4,13.5,1.7,4.3,3.6,5.026,0.209
2012,01,전라북도,남원시,송동면,세전리,요천3,4.7,7.9,13.7,1.4,3.8,2.2,4.351,0.171
2012,01,전라북도,고창군,아산면,구암리,주진천1,4.0,7.3,14.2,1.8,4.1,2.0,7.116,0.184
2012,01,전라북도,고창군,아산면,반암리,주진천2,4.0,6.7,14.1,2.0,4.6,2.6,7.663,0.240
2012,02,전라북도,익산시,망성면,무형리,마산천,4.2,8.1,13.3,4.1,6.3,11.9,8.018,0.319
2012,02,전라북도,부안군,동진면,하장리,고부천2,4.0,8.1,13.9,2.6,8.3,38.5,5.337,0.466
2012,02,전라북도,부안군,동진면,하장리,고부천3,4.3,7.7,14.8,3.8,10.9,32.6,6.428,0.306
2012,02,전라북도,정읍시,영원면,앵성리,고부천1,5.0,8.0,13.9,3.5,8.9,25.8,5.847,0.128
2012,02,전라북도,김제시,부량면,옥정리,동진강3,5.0,7.6,12.7,2.0,8.0,16.2,5.154,0.086
2012,02,전라북도,정읍시,신태인읍,,동진강2,6.0,7.6,12.4,1.1,3.4,19.2,3.065,0.088
2012,02,전라북도,정읍시,신태인읍,구석리,용호천,1.0,7.1,10.4,1.5,3.6,9.4,3.859,0.030
2012,02,전라북도,정읍시,옹동면,산성리,동진강1,7.0,7.5,12.8,0.7,2.8,1.6,1.923,0.031
2012,02,전라북도,김제시,성덕면,남포리,신평천,4.0,9.3,19.7,2.4,6.9,4.0,5.054,0.288
2012,02,전라북도,김제시,죽산면,대창리,원평천3,4.8,8.8,16.5,5.2,10.0,24.4,4.231,0.124
2012,02,전라북도,김제시,봉남면,용신리,원평천1,8.0,9.0,15.7,1.5,5.6,17.1,4.302,0.155
2012,02,전라북도,김제시,죽산면,죽산리,원평천2,4.0,8.6,15.5,2.8,7.4,20.8,4.579,0.231
2012,02,전라북도,정읍시,공평동,,정읍천3,1.0,7.4,9.9,1.4,2.9,3.8,3.691,0.024
2012,02,전라북도,정읍시,송산동,,정읍천1,1.0,7.2,10.7,0.4,1.1,0.4,2.528,0.004
2012,02,전라북도,정읍시,연지동,,정읍천2,2.0,7.5,11.2,1.6,3.3,7.4,4.516,0.066
2012,02,전라북도,정읍시,이평면,하송리,정읍천4,6.8,7.8,12.2,3.7,11.3,11.0,7.564,0.102
2012,02,전라북도,정읍시,하모동,,천원천,2.0,7.5,10.7,1.2,2.9,4.2,3.396,0.018
2012,02,전라북도,김제시,백구면,마산리,마산천,4.0,8.9,12.7,7.7,8.8,18.8,6.810,0.265
2012,02,전라북도,완주군,삼례읍,,삼례,5.0,7.6,11.6,4.0,6.1,5.7,4.243,0.363
2012,02,전라북도,익산시,춘포면,인수리,익산천1,3.0,7.9,11.9,4.4,10.5,7.4,9.431,2.221
2012,02,전라북도,익산시,춘포면,인수리,익산천2,3.0,7.9,10.4,22.3,25.6,16.9,12.125,2.752
2012,02,전라북도,군산시,대야면,광교리,탑천,4.6,7.7,14.5,4.8,9.2,17.5,9.439,0.318
2012,02,전라북도,김제시,백구면,백구리,김제,6.3,7.7,12.5,5.2,10.6,11.2,5.592,0.290
2012,02,전라북도,김제시,백구면,월봉리,용암천,3.0,7.9,13.1,4.2,10.9,37.8,16.629,0.399
2012,02,전라북도,전주시완산구,서신동,,삼천3,5.0,7.5,10.2,3.8,5.7,4.8,3.423,0.080
2012,02,전라북도,전주시완산구,평화동3가,,삼천1,4.0,7.2,9.1,1.2,2.7,3.0,2.680,0.070
2012,02,전라북도,전주시완산구,효자동2가,,삼천2,4.0,7.5,9.3,3.6,6.0,10.0,3.716,0.106
2012,02,전라북도,완주군,소양면,황운리,소양천1,2.0,7.1,11.8,0.4,0.9,0.2,3.591,0.005
2012,02,전라북도,완주군,용진읍,상운리,소양천2,4.0,7.3,11.7,1.2,2.2,2.4,5.880,0.011
2012,02,전라북도,익산시,춘포면,용연리,익산천3,3.0,7.8,7.4,34.3,37.6,12.9,30.242,4.454
2012,02,전라북도,전주시덕진구,고랑동,,전주천7,11.8,7.1,5.4,7.5,21.9,8.9,11.473,0.725
2012,02,전라북도,전주시덕진구,전미동1가,,전주,4.7,7.7,14.4,1.1,4.5,4.7,1.785,0.034
2012,02,전라북도,전주시완산구,대성동,,전주천1,5.0,7.0,9.6,0.3,0.6,0.6,2.471,0.018
2012,02,전라북도,완주군,고산면,읍내리,고산,5.0,7.8,11.8,2.1,3.1,1.0,1.584,0.028
2012,02,전라북도,무주군,무주읍,대차리,무주남대천2,3.0,7.9,13.8,1.5,2.9,0.1,1.984,0.054
2012,02,전라북도,무주군,무주읍,읍내리,무주남대천1,5.0,8.1,12.4,2.0,2.6,0.4,4.110,0.069
2012,02,전라북도,무주군,무주읍,읍내리,무주남대천3,2.2,7.3,13.0,1.5,3.5,1.0,3.784,0.035
2012,02,전라북도,부안군,상서면,청림리,백천내,2.0,6.8,10.2,0.5,1.0,2.5,2.572,0.007
2012,02,전라북도,무주군,안성면,진도리,구량천,1.4,8.0,14.8,0.9,3.2,1.3,3.600,0.013
2012,02,전라북도,진안군,정천면,월평리,정자천,2.6,8.0,15.1,0.8,2.2,0.8,2.370,0.008
2012,02,전라북도,진안군,진안읍,운산리,진안천,2.0,7.5,11.5,1.5,3.5,0.4,3.774,0.075
2012,02,전라북도,진안군,진안읍,가막리,가막,0.5,8.0,14.8,0.9,3.8,1.2,4.146,0.012
2012,02,전라북도,무주군,무주읍,용포리,용포,5.0,8.1,12.4,0.8,3.3,0.5,0.712,0.012
2012,02,전라북도,진안군,용담면,송풍리,용담,4.2,8.3,13.6,0.7,3.5,1.5,1.441,0.008
2012,02,전라북도,남원시,운봉읍,,람천2,2.0,7.7,13.2,2.5,2.9,1.5,2.666,0.074
2012,02,전라북도,남원시,인월면,중군리,람천1,2.0,7.7,12.9,4.1,4.5,8.2,3.316,0.082
2012,02,전라북도,임실군,관촌면,방수리,관촌,3.2,6.9,14.0,0.8,2.5,1.2,2.388,0.018
2012,02,전라북도,임실군,운암면,학암리,운암,1.0,7.6,12.8,1.8,3.6,1.9,2.480,0.030
2012,02,전라북도,정읍시,산내면,매죽리,추령천,1.6,7.0,14.0,0.5,2.0,0.5,3.461,0.016
2012,02,전라북도,임실군,강진면,용수리,임실,2.8,7.0,13.8,0.6,3.2,1.0,1.699,0.021
2012,02,전라북도,순창군,동계면,구미리,동계,2.0,8.1,13.8,1.3,3.1,0.1,2.012,0.014
2012,02,전라북도,순창군,구림면,안정리,치천,0.9,7.0,14.8,0.7,2.1,0.9,2.492,0.018
2012,02,전라북도,남원시,대강면,풍산리,수홍천,1.9,7.3,15.2,0.7,2.0,0.7,3.433,0.020
2012,02,전라북도,순창군,유등면,유촌리,옥택천,1.0,7.2,15.6,0.8,2.5,1.0,2.180,0.021
2012,02,전라북도,순창군,적성면,고원리,적성,3.5,7.9,13.5,1.0,3.1,1.5,2.098,0.021
2012,02,전라북도,남원시,금지면,귀석리,남원,1.0,8.0,13.4,1.6,3.0,1.4,2.257,0.024
2012,02,전라북도,남원시,대강면,월탄리,대강,2.4,7.3,14.2,1.2,3.7,2.2,2.167,0.033
2012,02,전라북도,장수군,산서면,사상리,오수천1,4.0,7.6,14.3,1.2,2.3,1.2,2.670,0.026
2012,02,전라북도,남원시,덕과면,사율리,율천,5.1,7.7,15.3,1.3,2.7,3.1,1.500,0.045
2012,02,전라북도,남원시,사매면,서도리,월평천,4.1,7.6,14.6,1.7,2.7,1.6,2.945,0.036
2012,02,전라북도,순창군,동계면,서호리,오수천2,4.4,8.3,14.7,1.2,3.5,2.5,2.095,0.032
2012,02,전라북도,임실군,삼계면,후천리,후곡천,3.7,7.8,15.1,1.1,2.5,1.0,1.730,0.033
2012,02,전라북도,남원시,산동면,월석리,요천1,1.6,7.3,13.6,0.7,2.4,0.8,2.496,0.017
2012,02,전라북도,남원시,금지면,창산리,요천2,2.0,7.6,13.2,1.7,4.3,2.7,4.789,0.474
2012,02,전라북도,남원시,송동면,세전리,요천3,5.0,8.1,14.2,1.8,4.7,3.9,4.315,0.195
2012,02,전라북도,고창군,아산면,구암리,주진천1,3.0,8.0,12.5,2.7,5.7,15.0,6.219,0.425
2012,02,전라북도,고창군,아산면,반암리,주진천2,3.0,7.9,11.9,3.1,6.0,7.6,6.101,0.204
2012,03,전라북도,익산시,망성면,무형리,마산천,10.5,7.8,12.0,3.6,9.1,50.1,6.647,0.243
2012,03,전라북도,부안군,동진면,하장리,고부천2,4.0,7.7,12.5,5.0,15.6,65.2,5.953,0.091
2012,03,전라북도,부안군,동진면,하장리,고부천3,8.1,7.5,12.5,5.3,14.5,47.7,8.101,0.304
2012,03,전라북도,정읍시,영원면,앵성리,고부천1,6.0,7.9,13.2,4.4,11.4,49.2,4.821,0.079
2012,03,전라북도,김제시,부량면,옥정리,동진강3,8.4,7.9,12.8,2.3,7.6,19.8,4.211,0.133
2012,03,전라북도,정읍시,신태인읍,,동진강2,4.0,8.1,14.0,1.0,4.0,28.0,2.656,0.033
2012,03,전라북도,정읍시,신태인읍,구석리,용호천,8.0,7.6,9.9,3.3,5.4,6.0,3.976,0.050
2012,03,전라북도,정읍시,옹동면,산성리,동진강1,5.0,8.3,14.1,0.7,3.2,11.8,2.299,0.003
2012,03,전라북도,김제시,성덕면,남포리,신평천,7.0,9.0,14.0,9.8,17.9,25.4,11.557,0.108
2012,03,전라북도,김제시,죽산면,대창리,원평천3,8.4,8.1,13.2,4.8,12.7,48.0,6.370,0.172
2012,03,전라북도,김제시,봉남면,용신리,원평천1,4.0,8.2,14.3,1.7,6.1,28.8,3.912,0.025
2012,03,전라북도,김제시,죽산면,죽산리,원평천2,7.0,8.0,12.3,4.7,11.9,71.0,6.036,0.070
2012,03,전라북도,정읍시,공평동,,정읍천3,8.0,7.3,9.2,3.3,4.9,8.0,4.101,0.041
2012,03,전라북도,정읍시,송산동,,정읍천1,6.0,7.7,10.4,1.0,1.6,2.4,3.377,0.006
2012,03,전라북도,정읍시,연지동,,정읍천2,7.0,7.4,10.0,1.9,3.2,16.2,4.282,0.054
2012,03,전라북도,정읍시,이평면,하송리,정읍천4,9.2,7.6,12.1,4.0,11.1,17.1,6.633,0.292
2012,03,전라북도,정읍시,하모동,,천원천,7.0,7.3,9.0,2.6,3.9,6.0,4.528,0.040
2012,03,전라북도,김제시,백구면,마산리,마산천,9.0,8.1,10.2,15.0,10.0,22.0,7.572,0.330
2012,03,전라북도,완주군,삼례읍,,삼례,10.0,8.1,11.6,2.8,5.8,4.8,2.649,0.023
2012,03,전라북도,익산시,춘포면,인수리,익산천1,11.0,8.2,11.9,4.2,9.5,10.3,6.764,0.533
2012,03,전라북도,익산시,춘포면,인수리,익산천2,11.0,8.0,10.9,6.1,17.1,16.0,11.663,1.406
2012,03,전라북도,군산시,대야면,광교리,탑천,8.1,7.8,12.7,5.4,11.5,38.9,9.014,0.497
2012,03,전라북도,김제시,백구면,백구리,김제,8.9,7.6,11.7,4.6,9.6,16.4,5.271,0.281
2012,03,전라북도,김제시,백구면,월봉리,용암천,12.0,8.9,13.5,15.7,21.7,77.8,11.297,0.136
2012,03,전라북도,전주시완산구,서신동,,삼천3,6.0,7.5,8.5,3.3,5.0,6.6,3.755,0.103
2012,03,전라북도,전주시완산구,평화동3가,,삼천1,5.0,7.2,8.8,1.6,2.7,3.6,3.425,0.041
2012,03,전라북도,전주시완산구,효자동2가,,삼천2,6.0,7.5,9.3,3.3,5.3,7.0,3.798,0.124
2012,03,전라북도,완주군,소양면,황운리,소양천1,7.0,7.3,9.5,0.5,0.9,1.2,3.557,0.016
2012,03,전라북도,완주군,용진읍,상운리,소양천2,7.0,7.8,9.4,1.2,2.5,5.0,4.019,0.021
2012,03,전라북도,익산시,춘포면,용연리,익산천3,10.0,7.8,8.7,5.7,13.5,10.5,10.099,2.444
2012,03,전라북도,전주시덕진구,고랑동,,전주천7,12.3,7.1,6.0,7.5,22.9,10.1,12.511,0.590
2012,03,전라북도,전주시덕진구,전미동1가,,전주,7.3,7.6,14.6,1.0,4.6,5.0,1.741,0.038
2012,03,전라북도,전주시완산구,대성동,,전주천1,6.0,7.4,9.9,0.5,1.0,0.6,3.399,0.023
2012,03,전라북도,완주군,고산면,읍내리,고산,8.0,7.9,11.9,0.7,3.3,0.9,1.420,0.003
2012,03,전라북도,무주군,무주읍,대차리,무주남대천2,9.0,8.5,12.7,1.6,2.8,1.0,2.619,0.025
2012,03,전라북도,무주군,무주읍,읍내리,무주남대천1,6.0,7.1,11.8,1.0,2.5,0.1,2.702,0.008
2012,03,전라북도,무주군,무주읍,읍내리,무주남대천3,6.9,8.5,14.8,1.1,3.7,1.3,2.886,0.025
2012,03,전라북도,부안군,상서면,청림리,백천내,7.0,6.5,9.3,0.4,1.7,1.8,3.603,0.006
2012,03,전라북도,무주군,안성면,진도리,구량천,4.8,8.2,14.0,1.1,3.8,4.1,3.074,0.018
2012,03,전라북도,진안군,정천면,월평리,정자천,6.7,7.7,13.0,0.7,2.5,3.2,2.711,0.010
2012,03,전라북도,진안군,진안읍,운산리,진안천,8.0,7.7,13.0,1.7,4.1,0.4,3.607,0.113
2012,03,전라북도,진안군,진안읍,가막리,가막,5.8,8.0,13.7,1.2,4.6,3.1,3.489,0.015
2012,03,전라북도,무주군,무주읍,용포리,용포,6.0,8.6,11.9,0.9,3.4,3.3,1.413,0.007
2012,03,전라북도,진안군,용담면,송풍리,용담,5.1,7.7,13.1,0.7,3.8,2.3,1.478,0.007
2012,03,전라북도,남원시,운봉읍,,람천2,9.0,8.4,11.3,0.9,2.8,1.4,1.762,0.220
2012,03,전라북도,남원시,인월면,중군리,람천1,10.0,9.1,12.2,1.8,4.1,3.4,2.435,0.034
2012,03,전라북도,임실군,관촌면,방수리,관촌,6.5,7.6,12.6,1.4,2.6,1.6,2.757,0.017
2012,03,전라북도,임실군,운암면,학암리,운암,10.0,7.3,11.3,1.1,3.0,4.2,2.448,0.020
2012,03,전라북도,정읍시,산내면,매죽리,추령천,7.1,7.6,13.5,1.1,2.1,1.0,3.841,0.016
2012,03,전라북도,임실군,강진면,용수리,임실,6.3,7.6,14.0,1.1,2.9,1.3,2.194,0.020
2012,03,전라북도,순창군,동계면,구미리,동계,9.0,7.9,10.8,1.3,2.8,1.7,2.059,0.006
2012,03,전라북도,순창군,구림면,안정리,치천,6.5,7.7,13.4,0.7,2.2,1.2,2.799,0.027
2012,03,전라북도,남원시,대강면,풍산리,수홍천,5.8,7.5,13.5,0.6,2.0,0.9,3.175,0.035
2012,03,전라북도,순창군,유등면,유촌리,옥택천,5.1,7.5,14.5,0.9,2.5,2.0,2.393,0.030
2012,03,전라북도,순창군,적성면,고원리,적성,10.0,8.0,11.1,1.4,3.5,3.7,2.218,0.016
2012,03,전라북도,남원시,금지면,귀석리,남원,11.0,8.5,11.3,1.3,3.6,3.8,1.797,0.016
2012,03,전라북도,남원시,대강면,월탄리,대강,7.1,7.4,12.7,2.6,4.3,4.3,2.283,0.039
2012,03,전라북도,장수군,산서면,사상리,오수천1,7.8,7.6,11.9,1.0,2.5,2.6,2.610,0.033
2012,03,전라북도,남원시,덕과면,사율리,율천,8.1,7.8,14.1,1.3,3.6,4.1,1.471,0.039
2012,03,전라북도,남원시,사매면,서도리,월평천,8.2,7.6,12.5,1.9,3.9,2.0,2.678,0.040
2012,03,전라북도,순창군,동계면,서호리,오수천2,9.1,8.1,12.8,2.2,4.3,6.8,2.170,0.033
2012,03,전라북도,임실군,삼계면,후천리,후곡천,7.5,7.6,13.4,1.0,2.6,2.6,1.840,0.035
2012,03,전라북도,남원시,산동면,월석리,요천1,5.1,7.3,13.9,1.2,2.1,0.8,2.741,0.018
2012,03,전라북도,남원시,금지면,창산리,요천2,10.0,8.3,11.2,3.1,5.5,7.5,4.206,0.169
2012,03,전라북도,남원시,송동면,세전리,요천3,9.7,8.1,13.7,3.7,5.4,6.8,3.756,0.135
2012,03,전라북도,고창군,아산면,구암리,주진천1,8.0,6.7,11.4,3.3,7.7,24.3,5.532,0.165
2012,03,전라북도,고창군,아산면,반암리,주진천2,8.0,7.2,11.5,3.7,8.2,18.8,5.524,0.129
2012,04,전라북도,익산시,망성면,무형리,마산천,15.7,8.0,8.5,5.9,10.0,46.5,8.880,0.273
2012,04,전라북도,부안군,동진면,하장리,고부천2,19.0,9.2,11.8,5.3,7.8,12.1,2.982,0.137
2012,04,전라북도,부안군,동진면,하장리,고부천3,12.6,7.8,12.4,2.7,7.0,45.1,3.342,0.109
2012,04,전라북도,정읍시,영원면,앵성리,고부천1,18.0,8.6,10.3,3.1,7.4,14.6,2.378,0.042
2012,04,전라북도,김제시,부량면,옥정리,동진강3,11.9,7.8,11.4,2.0,5.4,23.2,3.312,0.097
2012,04,전라북도,정읍시,신태인읍,,동진강2,14.0,8.1,9.9,1.1,4.2,52.1,2.146,0.036
2012,04,전라북도,정읍시,신태인읍,구석리,용호천,9.0,7.3,8.8,2.2,5.2,10.6,3.500,0.055
2012,04,전라북도,정읍시,옹동면,산성리,동진강1,13.0,7.9,10.2,1.5,3.5,14.6,2.023,0.034
2012,04,전라북도,김제시,성덕면,남포리,신평천,21.0,9.0,12.6,15.9,17.8,22.1,6.459,0.570
2012,04,전라북도,김제시,죽산면,대창리,원평천3,13.8,8.2,12.4,3.7,9.2,61.6,3.974,0.129
2012,04,전라북도,김제시,봉남면,용신리,원평천1,22.0,7.1,8.4,2.3,6.0,15.4,1.718,0.060
2012,04,전라북도,김제시,죽산면,죽산리,원평천2,20.0,8.4,9.1,3.5,8.5,31.1,3.108,0.086
2012,04,전라북도,정읍시,공평동,,정읍천3,12.0,7.3,10.0,2.7,4.2,12.0,3.793,0.049
2012,04,전라북도,정읍시,송산동,,정읍천1,9.0,7.3,10.9,0.6,1.5,6.4,4.646,0.016
2012,04,전라북도,정읍시,연지동,,정읍천2,11.0,7.8,10.6,1.5,3.4,25.6,5.111,0.093
2012,04,전라북도,정읍시,이평면,하송리,정읍천4,12.9,7.8,11.3,3.6,7.9,23.8,4.660,0.178
2012,04,전라북도,정읍시,하모동,,천원천,11.0,7.4,10.2,2.2,3.9,12.4,3.756,0.043
2012,04,전라북도,김제시,백구면,마산리,마산천,18.0,8.2,11.7,17.0,12.6,30.0,8.250,0.525
2012,04,전라북도,완주군,삼례읍,,삼례,18.0,7.7,9.6,2.7,7.2,9.9,3.981,0.256
2012,04,전라북도,익산시,춘포면,인수리,익산천1,20.0,7.5,6.3,7.6,28.0,26.7,5.040,1.031
2012,04,전라북도,익산시,춘포면,인수리,익산천2,21.0,9.0,11.4,20.5,41.2,60.6,20.716,2.870
2012,04,전라북도,군산시,대야면,광교리,탑천,14.4,8.2,11.3,4.5,7.4,16.7,3.787,0.108
2012,04,전라북도,김제시,백구면,백구리,김제,14.3,7.4,9.1,5.2,9.5,18.9,5.327,0.461
2012,04,전라북도,김제시,백구면,월봉리,용암천,20.0,9.5,14.4,27.8,46.2,104.0,17.739,0.369
2012,04,전라북도,전주시완산구,서신동,,삼천3,16.0,7.3,6.1,5.0,5.8,14.0,3.539,0.108
2012,04,전라북도,전주시완산구,평화동3가,,삼천1,12.0,7.1,8.4,3.5,4.8,10.0,3.520,0.069
2012,04,전라북도,전주시완산구,효자동2가,,삼천2,16.0,7.2,8.2,4.0,5.4,10.3,3.658,0.100
2012,04,전라북도,완주군,소양면,황운리,소양천1,17.0,8.1,10.3,0.7,1.7,2.6,3.794,0.026
2012,04,전라북도,완주군,용진읍,상운리,소양천2,18.0,7.8,9.6,1.2,2.8,6.4,4.083,0.033
2012,04,전라북도,익산시,춘포면,용연리,익산천3,21.0,8.3,9.7,17.9,40.2,29.7,18.860,3.117
2012,04,전라북도,전주시덕진구,고랑동,,전주천7,15.6,7.1,6.6,7.1,15.0,9.3,7.143,0.460
2012,04,전라북도,전주시덕진구,전미동1가,,전주,13.1,7.8,12.2,1.2,4.2,6.9,2.257,0.042
2012,04,전라북도,전주시완산구,대성동,,전주천1,11.0,7.5,10.8,0.9,1.7,1.2,3.327,0.017
2012,04,전라북도,완주군,고산면,읍내리,고산,12.0,8.1,12.2,0.8,2.8,1.0,1.617,0.011
2012,04,전라북도,무주군,무주읍,대차리,무주남대천2,18.0,8.8,10.3,0.9,2.9,2.4,2.096,0.027
2012,04,전라북도,무주군,무주읍,읍내리,무주남대천1,16.0,7.1,9.3,0.7,2.7,1.8,2.070,0.012
2012,04,전라북도,무주군,무주읍,읍내리,무주남대천3,12.3,8.2,12.9,0.9,3.9,2.1,2.706,0.021
2012,04,전라북도,부안군,상서면,청림리,백천내,13.0,6.8,9.1,0.8,1.6,1.4,2.312,0.005
2012,04,전라북도,무주군,안성면,진도리,구량천,11.9,8.3,12.7,0.7,3.5,5.4,2.535,0.022
2012,04,전라북도,진안군,정천면,월평리,정자천,13.6,7.9,11.6,0.7,2.5,3.2,3.048,0.012
2012,04,전라북도,진안군,진안읍,운산리,진안천,10.0,7.3,12.2,1.9,2.8,0.8,2.978,0.096
2012,04,전라북도,진안군,진안읍,가막리,가막,12.6,8.0,12.8,1.1,4.0,5.4,3.372,0.031
2012,04,전라북도,무주군,무주읍,용포리,용포,14.0,6.7,9.9,0.6,3.5,2.0,1.483,0.011
2012,04,전라북도,진안군,용담면,송풍리,용담,9.2,7.7,12.1,0.7,3.7,1.9,1.628,0.014
2012,04,전라북도,남원시,운봉읍,,람천2,16.0,9.1,9.2,1.3,3.3,1.4,1.253,0.013
2012,04,전라북도,남원시,인월면,중군리,람천1,18.0,9.6,10.9,2.4,4.7,6.8,2.063,0.055
2012,04,전라북도,임실군,관촌면,방수리,관촌,13.3,7.6,9.9,1.1,2.5,4.8,2.603,0.032
2012,04,전라북도,임실군,운암면,학암리,운암,14.0,6.4,9.3,1.2,2.5,5.9,2.616,0.027
2012,04,전라북도,정읍시,산내면,매죽리,추령천,14.3,7.8,10.4,1.3,2.7,3.8,3.759,0.029
2012,04,전라북도,임실군,강진면,용수리,임실,12.9,7.7,10.7,1.1,2.8,2.1,2.174,0.023
2012,04,전라북도,순창군,동계면,구미리,동계,16.0,8.0,10.0,1.1,2.5,2.3,2.691,0.018
2012,04,전라북도,순창군,구림면,안정리,치천,15.7,7.8,10.3,0.8,2.4,5.8,2.777,0.018
2012,04,전라북도,남원시,대강면,풍산리,수홍천,13.4,7.3,11.1,1.3,3.7,18.4,2.780,0.053
2012,04,전라북도,순창군,유등면,유촌리,옥택천,14.0,7.3,11.1,1.6,4.3,14.0,2.263,0.045
2012,04,전라북도,순창군,적성면,고원리,적성,14.8,7.9,9.5,1.4,3.7,9.9,2.488,0.031
2012,04,전라북도,남원시,금지면,귀석리,남원,19.0,8.7,10.9,1.4,3.0,0.5,1.817,0.023
2012,04,전라북도,남원시,대강면,월탄리,대강,14.7,7.5,10.5,2.2,4.3,12.6,2.316,0.056
2012,04,전라북도,장수군,산서면,사상리,오수천1,12.6,7.4,11.0,1.7,4.0,15.3,2.950,0.042
2012,04,전라북도,남원시,덕과면,사율리,율천,15.0,7.5,11.4,1.6,4.1,10.7,1.523,0.050
2012,04,전라북도,남원시,사매면,서도리,월평천,14.9,7.6,11.9,2.0,5.1,22.4,2.221,0.055
2012,04,전라북도,순창군,동계면,서호리,오수천2,15.3,8.0,11.6,1.6,4.1,9.3,2.066,0.059
2012,04,전라북도,임실군,삼계면,후천리,후곡천,14.5,7.6,10.7,1.7,4.4,15.0,2.004,0.051
2012,04,전라북도,남원시,산동면,월석리,요천1,12.2,7.7,11.5,1.0,2.4,5.3,2.804,0.031
2012,04,전라북도,남원시,금지면,창산리,요천2,17.0,8.4,10.6,2.5,4.0,3.8,3.483,0.136
2012,04,전라북도,남원시,송동면,세전리,요천3,15.5,7.9,11.0,2.9,4.9,12.1,3.227,0.167
2012,04,전라북도,고창군,아산면,구암리,주진천1,19.0,7.2,9.0,4.9,7.8,39.5,3.864,0.263
2012,04,전라북도,고창군,아산면,반암리,주진천2,20.0,8.1,9.4,4.4,6.9,23.7,3.557,0.287
2012,05,전라북도,익산시,망성면,무형리,마산천,22.5,8.0,6.6,6.7,10.9,42.9,3.879,0.203
2012,05,전라북도,부안군,동진면,하장리,고부천2,22.0,9.8,10.3,8.3,8.8,16.4,2.661,0.079
2012,05,전라북도,부안군,동진면,하장리,고부천3,19.9,8.0,8.0,3.8,8.4,14.4,2.921,0.084
2012,05,전라북도,정읍시,영원면,앵성리,고부천1,23.0,7.7,7.7,5.8,7.0,16.5,2.029,0.036
2012,05,전라북도,김제시,부량면,옥정리,동진강3,18.2,7.8,10.7,3.7,8.0,21.4,3.346,0.145
2012,05,전라북도,정읍시,신태인읍,,동진강2,20.0,7.2,7.6,2.8,5.2,23.4,2.157,0.030
2012,05,전라북도,정읍시,신태인읍,구석리,용호천,24.0,7.5,6.9,3.6,7.8,113.0,1.928,0.159
2012,05,전라북도,정읍시,옹동면,산성리,동진강1,16.0,7.3,9.0,2.2,3.4,18.2,1.914,0.012
2012,05,전라북도,김제시,성덕면,남포리,신평천,20.0,9.0,8.9,6.3,5.2,22.2,2.982,0.083
2012,05,전라북도,김제시,죽산면,대창리,원평천3,19.9,7.9,7.8,2.6,7.0,8.0,2.628,0.084
2012,05,전라북도,김제시,봉남면,용신리,원평천1,24.0,9.5,9.1,8.2,8.9,23.3,1.429,0.042
2012,05,전라북도,김제시,죽산면,죽산리,원평천2,21.0,9.5,8.2,7.9,5.7,12.8,2.127,0.041
2012,05,전라북도,정읍시,공평동,,정읍천3,24.0,7.5,9.7,4.1,6.3,21.3,2.710,0.062
2012,05,전라북도,정읍시,송산동,,정읍천1,19.0,7.6,8.9,1.3,3.0,26.3,2.579,0.028
2012,05,전라북도,정읍시,연지동,,정읍천2,21.0,7.9,9.1,2.0,3.7,53.0,3.160,0.082
2012,05,전라북도,정읍시,이평면,하송리,정읍천4,16.3,7.7,10.8,3.4,8.3,27.7,3.907,0.168
2012,05,전라북도,정읍시,하모동,,천원천,23.0,7.6,9.6,4.2,6.7,12.7,2.405,0.036
2012,05,전라북도,김제시,백구면,마산리,마산천,23.0,9.1,13.3,18.8,14.2,17.0,4.037,0.240
2012,05,전라북도,완주군,삼례읍,,삼례,24.0,7.5,7.4,6.0,9.2,8.6,1.962,0.013
2012,05,전라북도,익산시,춘포면,인수리,익산천1,25.0,8.0,10.0,10.6,17.7,26.1,4.219,0.402
2012,05,전라북도,익산시,춘포면,인수리,익산천2,25.0,7.8,7.9,11.4,14.4,37.8,8.284,1.712
2012,05,전라북도,군산시,대야면,광교리,탑천,22.3,7.7,12.2,5.3,9.6,19.8,3.567,0.133
2012,05,전라북도,김제시,백구면,백구리,김제,21.4,7.8,12.1,6.0,12.0,15.3,4.818,0.422
2012,05,전라북도,김제시,백구면,월봉리,용암천,25.0,9.8,16.0,16.0,28.6,54.1,6.735,0.113
2012,05,전라북도,전주시완산구,서신동,,삼천3,23.0,7.3,6.3,3.6,6.9,8.6,2.448,0.100
2012,05,전라북도,전주시완산구,평화동3가,,삼천1,25.0,8.0,10.9,2.2,4.8,5.3,2.095,0.092
2012,05,전라북도,전주시완산구,효자동2가,,삼천2,26.0,7.4,9.8,3.4,6.7,10.3,2.130,0.110
2012,05,전라북도,완주군,소양면,황운리,소양천1,19.0,7.7,9.3,0.7,1.7,3.8,3.726,0.027
2012,05,전라북도,완주군,용진읍,상운리,소양천2,21.0,7.5,7.6,2.8,4.4,5.6,3.164,0.049
2012,05,전라북도,익산시,춘포면,용연리,익산천3,21.0,7.3,7.0,4.7,8.2,12.0,3.350,0.701
2012,05,전라북도,전주시덕진구,고랑동,,전주천7,21.8,7.0,7.2,7.8,27.7,7.0,8.646,0.730
2012,05,전라북도,전주시덕진구,전미동1가,,전주,20.8,7.7,11.6,1.4,5.1,5.4,1.788,0.084
2012,05,전라북도,전주시완산구,대성동,,전주천1,18.0,7.2,9.2,0.3,1.6,0.8,2.677,0.020
2012,05,전라북도,완주군,고산면,읍내리,고산,16.0,8.1,9.3,0.6,2.7,4.5,5.455,0.385
2012,05,전라북도,무주군,무주읍,대차리,무주남대천2,21.0,8.7,9.1,1.4,3.4,5.7,2.190,0.031
2012,05,전라북도,무주군,무주읍,읍내리,무주남대천1,20.0,8.1,8.3,0.9,3.1,4.5,2.021,0.011
2012,05,전라북도,무주군,무주읍,읍내리,무주남대천3,21.7,8.6,11.4,1.7,5.1,5.2,2.108,0.048
2012,05,전라북도,부안군,상서면,청림리,백천내,19.0,6.3,8.0,0.8,1.8,2.2,2.165,0.011
2012,05,전라북도,무주군,안성면,진도리,구량천,19.6,8.6,11.2,1.1,4.5,8.3,2.997,0.055
2012,05,전라북도,진안군,정천면,월평리,정자천,22.4,8.5,10.2,0.9,3.5,9.2,2.696,0.024
2012,05,전라북도,진안군,진안읍,운산리,진안천,18.0,7.7,11.8,2.0,3.7,6.6,2.904,0.093
2012,05,전라북도,진안군,진안읍,가막리,가막,21.5,8.9,11.2,1.4,5.4,5.1,2.998,0.033
2012,05,전라북도,무주군,무주읍,용포리,용포,19.0,8.4,9.3,1.0,2.8,3.6,1.586,0.008
2012,05,전라북도,진안군,용담면,송풍리,용담,15.6,7.8,11.2,0.8,3.9,2.4,1.695,0.011
2012,05,전라북도,남원시,운봉읍,,람천2,21.0,8.0,6.7,0.7,3.1,5.9,1.748,0.022
2012,05,전라북도,남원시,인월면,중군리,람천1,22.0,7.7,6.8,2.2,6.4,14.6,2.651,0.128
2012,05,전라북도,임실군,관촌면,방수리,관촌,21.3,7.4,8.5,1.7,3.6,7.1,1.631,0.026
2012,05,전라북도,임실군,운암면,학암리,운암,21.0,7.6,7.4,2.8,4.9,10.1,1.194,0.022
2012,05,전라북도,정읍시,산내면,매죽리,추령천,20.0,7.6,8.9,1.1,2.9,5.7,3.312,0.021
2012,05,전라북도,임실군,강진면,용수리,임실,19.9,7.7,9.7,1.0,3.3,2.0,1.510,0.012
2012,05,전라북도,순창군,동계면,구미리,동계,22.0,8.3,6.5,1.4,4.4,8.9,1.729,0.003
2012,05,전라북도,순창군,구림면,안정리,치천,20.1,7.6,8.7,0.9,3.3,5.6,2.728,0.022
2012,05,전라북도,남원시,대강면,풍산리,수홍천,17.6,7.0,8.2,2.0,4.1,7.3,2.766,0.038
2012,05,전라북도,순창군,유등면,유촌리,옥택천,14.2,7.1,9.2,4.7,13.1,107.5,7.180,0.226
2012,05,전라북도,순창군,적성면,고원리,적성,23.8,8.9,8.5,2.7,5.1,13.4,1.390,0.009
2012,05,전라북도,남원시,금지면,귀석리,남원,22.0,9.1,7.6,4.8,9.0,24.3,0.880,0.011
2012,05,전라북도,남원시,대강면,월탄리,대강,19.0,7.4,8.5,3.6,6.7,18.1,1.233,0.052
2012,05,전라북도,장수군,산서면,사상리,오수천1,19.2,7.3,8.7,1.5,3.2,10.9,1.542,0.038
2012,05,전라북도,남원시,덕과면,사율리,율천,20.7,7.2,9.2,1.6,3.3,3.5,0.728,0.031
2012,05,전라북도,남원시,사매면,서도리,월평천,20.5,7.2,11.5,1.9,4.6,5.1,1.639,0.036
2012,05,전라북도,순창군,동계면,서호리,오수천2,23.0,8.4,11.0,3.8,7.5,17.5,0.880,0.074
2012,05,전라북도,임실군,삼계면,후천리,후곡천,20.2,7.4,9.4,1.6,3.8,11.1,1.716,0.043
2012,05,전라북도,남원시,산동면,월석리,요천1,17.2,7.9,9.9,1.0,2.8,3.4,1.877,0.017
2012,05,전라북도,남원시,금지면,창산리,요천2,21.0,7.7,6.8,2.6,5.4,7.7,3.199,0.254
2012,05,전라북도,남원시,송동면,세전리,요천3,22.7,8.0,10.0,2.7,6.0,12.7,2.537,0.220
2012,05,전라북도,고창군,아산면,구암리,주진천1,23.0,8.4,9.9,4.5,7.8,16.8,14.824,1.357
2012,05,전라북도,고창군,아산면,반암리,주진천2,24.0,8.4,9.9,3.9,7.1,23.3,10.926,0.685
2012,06,전라북도,익산시,성당면,부곡리,산북천,25.2,7.9,8.4,6.0,15.7,19.1,3.325,0.109
2012,06,전라북도,익산시,망성면,무형리,마산천,27.9,8.4,9.4,7.2,13.9,27.9,2.846,0.254
2012,06,전라북도,부안군,동진면,하장리,고부천2,26.0,8.1,9.6,4.4,10.7,18.7,3.176,0.042
2012,06,전라북도,부안군,동진면,하장리,고부천3,25.7,8.2,9.0,5.1,13.0,18.6,3.067,0.104
2012,06,전라북도,정읍시,영원면,앵성리,고부천1,27.0,8.8,10.8,6.3,14.6,18.2,3.073,0.053
2012,06,전라북도,김제시,부량면,옥정리,동진강3,25.2,7.9,9.1,4.1,9.7,19.3,3.088,0.119
2012,06,전라북도,정읍시,신태인읍,,동진강2,22.0,7.7,7.8,1.7,7.5,18.9,2.724,0.044
2012,06,전라북도,정읍시,신태인읍,구석리,용호천,25.0,7.3,6.7,5.8,12.8,45.6,2.521,0.085
2012,06,전라북도,정읍시,옹동면,산성리,동진강1,19.0,8.2,9.9,0.9,3.8,7.3,2.058,0.014
2012,06,전라북도,김제시,성덕면,남포리,신평천,24.0,8.0,9.0,3.6,9.4,21.8,3.285,0.055
2012,06,전라북도,김제시,죽산면,대창리,원평천3,25.6,8.3,9.5,3.4,9.9,11.0,2.629,0.068
2012,06,전라북도,김제시,봉남면,용신리,원평천1,27.0,7.9,10.3,5.6,18.8,22.2,2.241,0.027
2012,06,전라북도,김제시,죽산면,죽산리,원평천2,25.0,8.3,9.6,1.8,7.2,8.1,2.723,0.021
2012,06,전라북도,정읍시,공평동,,정읍천3,25.0,7.3,8.7,4.7,7.6,8.8,3.033,0.057
2012,06,전라북도,정읍시,송산동,,정읍천1,21.0,7.6,8.3,1.1,2.3,5.4,1.725,0.027
2012,06,전라북도,정읍시,연지동,,정읍천2,23.0,8.3,8.7,1.6,2.6,24.4,2.398,0.047
2012,06,전라북도,정읍시,이평면,하송리,정읍천4,23.5,7.3,9.2,3.0,9.0,21.6,2.870,0.159
2012,06,전라북도,정읍시,하모동,,천원천,24.0,7.3,6.7,3.9,7.6,9.8,3.477,0.048
2012,06,전라북도,김제시,백구면,마산리,마산천,27.0,7.8,8.3,12.9,11.7,13.2,4.012,0.256
2012,06,전라북도,완주군,삼례읍,,삼례,26.0,7.6,8.0,4.5,10.3,11.7,4.700,0.200
2012,06,전라북도,익산시,춘포면,인수리,익산천1,26.0,7.5,7.2,5.9,15.0,34.3,6.135,0.385
2012,06,전라북도,익산시,춘포면,인수리,익산천2,22.0,7.5,8.8,18.0,25.8,101.5,8.500,1.830
2012,06,전라북도,군산시,대야면,광교리,탑천,25.9,7.3,6.3,6.0,15.8,17.5,3.126,0.140
2012,06,전라북도,김제시,백구면,백구리,김제,24.7,8.2,10.7,5.7,13.8,16.6,4.096,0.391
2012,06,전라북도,김제시,백구면,월봉리,용암천,26.0,9.0,13.2,10.1,18.6,25.1,5.190,0.110
2012,06,전라북도,전주시완산구,서신동,,삼천3,25.0,7.1,3.3,7.4,9.4,24.0,3.025,0.230
2012,06,전라북도,전주시완산구,평화동3가,,삼천1,24.0,6.9,7.4,4.9,7.3,8.8,2.237,0.126
2012,06,전라북도,전주시완산구,효자동2가,,삼천2,26.0,8.5,11.3,7.6,10.4,6.0,2.669,0.359
2012,06,전라북도,완주군,소양면,황운리,소양천1,26.0,7.9,7.0,1.8,3.3,10.6,1.542,0.037
2012,06,전라북도,완주군,용진읍,상운리,소양천2,27.0,8.0,10.9,6.4,8.5,10.2,1.787,0.040
2012,06,전라북도,익산시,춘포면,용연리,익산천3,25.0,7.5,7.5,4.7,8.8,26.2,4.500,0.320
2012,06,전라북도,전주시덕진구,고랑동,,전주천7,22.7,7.0,5.0,5.5,22.6,4.8,6.611,0.918
2012,06,전라북도,전주시덕진구,전미동1가,,전주,23.9,8.1,9.8,1.9,6.1,5.6,1.689,0.183
2012,06,전라북도,전주시완산구,대성동,,전주천1,23.0,7.4,7.2,1.1,1.6,1.0,1.988,0.011
2012,06,전라북도,완주군,고산면,읍내리,고산,17.0,7.8,10.5,0.6,2.6,1.8,1.701,0.004
2012,06,전라북도,무주군,무주읍,대차리,무주남대천2,24.0,7.6,8.8,1.2,3.6,4.8,2.036,0.005
2012,06,전라북도,무주군,무주읍,읍내리,무주남대천1,24.0,7.9,9.5,1.2,4.1,4.3,2.115,0.045
2012,06,전라북도,무주군,무주읍,읍내리,무주남대천3,25.2,8.4,10.8,1.3,5.0,5.2,1.956,0.057
2012,06,전라북도,부안군,상서면,청림리,백천내,20.0,6.8,6.9,0.8,1.9,2.0,1.504,0.009
2012,06,전라북도,무주군,안성면,진도리,구량천,20.8,8.5,10.3,3.5,8.3,59.8,2.873,0.175
2012,06,전라북도,진안군,정천면,월평리,정자천,26.7,8.7,9.4,0.7,3.4,7.2,2.726,0.030
2012,06,전라북도,진안군,진안읍,운산리,진안천,23.0,7.5,8.8,2.0,3.8,14.2,2.533,0.151
2012,06,전라북도,진안군,진안읍,가막리,가막,22.2,8.7,12.3,1.5,5.8,7.2,2.176,0.033
2012,06,전라북도,무주군,무주읍,용포리,용포,21.0,7.9,9.4,0.4,3.1,2.0,1.646,0.006
2012,06,전라북도,진안군,용담면,송풍리,용담,18.4,7.7,10.7,0.7,4.0,2.5,1.736,0.009
2012,06,전라북도,남원시,운봉읍,,람천2,26.0,8.8,8.4,1.4,5.6,8.3,1.722,0.057
2012,06,전라북도,남원시,인월면,중군리,람천1,25.0,8.1,8.4,1.9,8.2,19.2,2.061,0.072
2012,06,전라북도,임실군,관촌면,방수리,관촌,24.7,7.4,9.6,1.3,3.8,4.9,2.170,0.020
2012,06,전라북도,임실군,운암면,학암리,운암,23.0,7.5,8.0,2.1,5.3,15.6,0.938,0.075
2012,06,전라북도,정읍시,산내면,매죽리,추령천,23.7,7.6,9.2,1.3,3.4,4.2,2.655,0.016
2012,06,전라북도,임실군,강진면,용수리,임실,22.5,7.6,10.0,1.0,3.4,1.6,1.496,0.010
2012,06,전라북도,순창군,동계면,구미리,동계,26.0,8.2,7.8,1.8,5.1,3.5,1.092,0.015
2012,06,전라북도,순창군,구림면,안정리,치천,23.5,7.5,9.3,0.8,4.3,3.5,2.275,0.025
2012,06,전라북도,순창군,유등면,유촌리,옥택천,21.8,7.0,9.0,1.5,6.0,8.1,2.336,0.038
2012,06,전라북도,순창군,적성면,고원리,적성,25.3,8.5,8.7,2.7,6.7,9.4,1.485,0.031
2012,06,전라북도,남원시,금지면,귀석리,남원,25.0,7.7,7.5,1.6,7.4,7.2,1.438,0.040
2012,06,전라북도,남원시,대강면,월탄리,대강,24.6,7.0,8.1,2.6,7.8,10.6,1.517,0.044
2012,06,전라북도,장수군,산서면,사상리,오수천1,21.5,7.1,8.7,2.9,7.6,14.4,3.398,0.064
2012,06,전라북도,남원시,덕과면,사율리,율천,23.1,7.1,8.5,2.0,6.1,12.5,1.768,0.039
2012,06,전라북도,남원시,사매면,서도리,월평천,21.5,7.2,9.5,1.5,6.4,5.4,2.009,0.049
2012,06,전라북도,순창군,동계면,서호리,오수천2,24.7,8.0,10.0,2.9,7.7,13.0,1.667,0.050
2012,06,전라북도,임실군,삼계면,후천리,후곡천,22.7,7.2,9.3,1.5,6.0,7.4,1.993,0.056
2012,06,전라북도,남원시,산동면,월석리,요천1,20.3,7.0,10.1,1.3,2.6,3.4,2.028,0.014
2012,06,전라북도,남원시,금지면,창산리,요천2,25.0,7.7,7.8,1.9,6.0,6.4,3.373,0.168
2012,06,전라북도,남원시,송동면,세전리,요천3,26.0,7.5,10.0,2.2,6.8,7.8,2.673,0.183
2012,06,전라북도,고창군,아산면,구암리,주진천1,24.0,7.2,6.8,4.0,8.2,33.5,3.275,0.300
2012,06,전라북도,고창군,아산면,반암리,주진천2,25.0,8.4,11.2,4.7,9.8,156.1,2.425,0.095
2012,07,전라북도,익산시,성당면,부곡리,산북천,26.4,8.2,8.0,6.0,13.7,52.5,2.631,0.207
2012,07,전라북도,익산시,망성면,무형리,마산천,27.9,8.0,8.2,5.2,15.5,24.1,3.056,0.264
2012,07,전라북도,부안군,동진면,하장리,고부천2,25.0,8.7,9.0,5.9,13.2,16.9,3.807,0.260
2012,07,전라북도,부안군,동진면,하장리,고부천3,26.0,7.9,7.5,4.4,10.8,92.2,3.401,0.194
2012,07,전라북도,정읍시,영원면,앵성리,고부천1,24.0,8.8,10.0,4.8,13.0,14.4,3.929,0.242
2012,07,전라북도,김제시,부량면,옥정리,동진강3,25.9,8.1,7.6,3.8,10.5,81.5,3.368,0.213
2012,07,전라북도,정읍시,신태인읍,,동진강2,27.0,8.1,11.1,1.9,12.1,12.6,3.199,0.356
2012,07,전라북도,정읍시,신태인읍,구석리,용호천,25.0,7.5,5.0,5.0,10.2,38.0,1.914,0.136
2012,07,전라북도,정읍시,옹동면,산성리,동진강1,24.0,8.3,9.5,1.8,4.9,20.9,3.297,0.249
2012,07,전라북도,김제시,성덕면,남포리,신평천,26.0,8.7,9.7,2.6,17.3,24.1,4.792,0.422
2012,07,전라북도,김제시,죽산면,대창리,원평천3,26.2,7.7,7.8,3.8,10.3,67.0,2.970,0.173
2012,07,전라북도,김제시,봉남면,용신리,원평천1,26.0,9.0,11.2,4.1,13.8,17.2,4.356,0.375
2012,07,전라북도,김제시,죽산면,죽산리,원평천2,24.0,8.8,9.6,3.0,14.2,27.8,3.572,0.215
2012,07,전라북도,정읍시,공평동,,정읍천3,27.0,7.1,6.1,3.1,7.4,16.4,2.328,0.082
2012,07,전라북도,정읍시,송산동,,정읍천1,25.0,8.0,7.6,1.0,2.4,12.4,1.385,0.054
2012,07,전라북도,정읍시,연지동,,정읍천2,26.0,7.5,6.4,1.3,3.2,34.4,2.589,0.127
2012,07,전라북도,정읍시,이평면,하송리,정읍천4,25.0,7.8,7.9,4.1,9.3,53.4,3.493,0.244
2012,07,전라북도,정읍시,하모동,,천원천,25.0,7.0,6.1,2.0,5.2,8.0,2.297,0.070
2012,07,전라북도,김제시,백구면,마산리,마산천,29.0,7.5,6.7,6.6,13.3,49.0,4.286,0.192
2012,07,전라북도,완주군,삼례읍,,삼례,27.0,7.4,8.5,2.1,13.8,10.4,4.340,0.661
2012,07,전라북도,익산시,춘포면,인수리,익산천1,28.0,7.5,7.8,6.9,16.5,26.7,4.705,0.925
2012,07,전라북도,익산시,춘포면,인수리,익산천2,28.0,7.4,6.9,10.4,19.3,31.9,5.664,1.733
2012,07,전라북도,군산시,대야면,광교리,탑천,26.3,7.8,7.4,5.3,11.2,76.0,2.874,0.198
2012,07,전라북도,김제시,백구면,백구리,김제,24.8,7.6,8.5,5.6,11.5,52.6,4.120,0.470
2012,07,전라북도,김제시,백구면,월봉리,용암천,27.0,8.4,12.9,12.0,30.0,27.2,5.074,0.431
2012,07,전라북도,전주시완산구,서신동,,삼천3,28.0,7.2,4.9,2.1,6.4,22.9,2.803,0.205
2012,07,전라북도,전주시완산구,평화동3가,,삼천1,25.0,7.0,6.8,1.3,4.0,4.0,2.469,0.048
2012,07,전라북도,전주시완산구,효자동2가,,삼천2,28.0,7.2,8.1,1.5,5.8,11.6,2.594,0.119
2012,07,전라북도,완주군,소양면,황운리,소양천1,23.0,7.6,8.9,0.7,2.2,5.0,4.251,0.035
2012,07,전라북도,완주군,용진읍,상운리,소양천2,23.0,7.2,8.2,1.2,3.4,17.8,4.112,0.056
2012,07,전라북도,익산시,춘포면,용연리,익산천3,28.0,7.4,5.8,4.9,16.7,14.6,5.849,1.297
2012,07,전라북도,전주시덕진구,고랑동,,전주천7,22.3,7.2,6.4,7.5,15.4,21.3,5.284,0.448
2012,07,전라북도,전주시덕진구,전미동1가,,전주,23.0,7.7,9.0,2.0,6.2,17.6,2.970,0.131
2012,07,전라북도,전주시완산구,대성동,,전주천1,22.0,7.4,9.6,0.4,1.4,1.2,3.813,0.023
2012,07,전라북도,완주군,고산면,읍내리,고산,24.0,7.8,9.3,1.0,3.7,7.0,2.279,0.091
2012,07,전라북도,무주군,무주읍,대차리,무주남대천2,24.0,7.4,8.6,1.2,3.3,19.0,2.330,0.057
2012,07,전라북도,무주군,무주읍,읍내리,무주남대천1,25.0,7.7,8.7,1.4,3.0,3.1,2.358,0.029
2012,07,전라북도,무주군,무주읍,읍내리,무주남대천3,23.4,7.8,9.0,1.1,5.1,12.7,2.109,0.042
2012,07,전라북도,부안군,상서면,청림리,백천내,23.0,6.6,4.2,1.0,2.3,1.8,2.832,0.008
2012,07,전라북도,무주군,안성면,진도리,구량천,19.5,8.1,10.2,1.0,4.8,11.2,2.039,0.035
2012,07,전라북도,진안군,정천면,월평리,정자천,21.6,8.1,10.0,0.8,3.4,6.0,3.631,0.023
2012,07,전라북도,진안군,진안읍,운산리,진안천,27.0,7.7,8.3,2.1,5.2,9.0,2.074,0.170
2012,07,전라북도,진안군,진안읍,가막리,가막,20.0,7.9,9.9,1.3,5.1,16.4,3.668,0.077
2012,07,전라북도,무주군,무주읍,용포리,용포,25.0,7.8,8.9,0.7,3.0,3.8,1.917,0.016
2012,07,전라북도,진안군,용담면,송풍리,용담,20.8,7.6,10.0,0.9,4.0,3.7,2.184,0.025
2012,07,전라북도,남원시,운봉읍,,람천2,20.0,7.8,9.8,0.8,3.2,9.7,1.628,0.077
2012,07,전라북도,남원시,인월면,중군리,람천1,22.0,7.5,9.1,1.6,5.0,20.8,2.821,0.270
2012,07,전라북도,임실군,관촌면,방수리,관촌,22.3,7.7,9.7,1.2,4.8,21.8,2.899,0.039
2012,07,전라북도,임실군,운암면,학암리,운암,21.0,7.4,9.7,2.0,3.5,15.3,2.989,0.063
2012,07,전라북도,정읍시,산내면,매죽리,추령천,24.3,7.3,10.0,1.1,3.5,9.4,3.768,0.027
2012,07,전라북도,임실군,강진면,용수리,임실,22.6,7.4,9.8,1.0,3.5,4.7,1.842,0.018
2012,07,전라북도,순창군,동계면,구미리,동계,21.0,7.4,9.9,1.4,3.2,7.8,2.764,0.049
2012,07,전라북도,순창군,구림면,안정리,치천,25.1,6.8,9.5,1.5,3.4,3.2,2.337,0.016
2012,07,전라북도,남원시,대강면,풍산리,수홍천,23.0,7.0,9.6,1.6,5.4,9.9,2.534,0.061
2012,07,전라북도,순창군,유등면,유촌리,옥택천,23.5,7.0,9.8,1.2,5.0,17.6,2.165,0.067
2012,07,전라북도,순창군,적성면,고원리,적성,24.8,7.8,8.3,2.5,5.5,19.3,2.312,0.110
2012,07,전라북도,남원시,금지면,귀석리,남원,22.0,7.3,9.2,2.1,6.2,34.0,2.587,0.157
2012,07,전라북도,남원시,대강면,월탄리,대강,24.6,7.0,9.0,2.0,6.7,40.4,2.091,0.072
2012,07,전라북도,장수군,산서면,사상리,오수천1,22.3,6.7,9.0,1.8,4.7,8.9,2.871,0.047
2012,07,전라북도,남원시,덕과면,사율리,율천,24.9,6.9,8.9,1.5,6.1,17.0,2.267,0.054
2012,07,전라북도,남원시,사매면,서도리,월평천,23.5,7.4,8.7,1.9,8.5,27.5,2.386,0.119
2012,07,전라북도,순창군,동계면,서호리,오수천2,25.1,7.4,9.1,2.4,8.0,78.2,2.335,0.113
2012,07,전라북도,임실군,삼계면,후천리,후곡천,22.5,7.1,9.3,1.4,6.7,23.7,2.088,0.078
2012,07,전라북도,남원시,산동면,월석리,요천1,20.5,6.9,10.2,0.9,3.5,12.5,2.474,0.021
2012,07,전라북도,남원시,금지면,창산리,요천2,21.0,7.2,9.8,1.6,4.1,25.6,2.660,0.131
2012,07,전라북도,남원시,송동면,세전리,요천3,24.4,7.2,8.4,1.8,5.6,37.1,2.383,0.085
2012,07,전라북도,고창군,아산면,구암리,주진천1,27.0,7.9,7.8,5.3,15.5,47.4,4.611,0.752
2012,07,전라북도,고창군,아산면,반암리,주진천2,26.0,8.1,7.9,4.3,14.3,38.7,4.137,0.463
2012,08,전라북도,익산시,성당면,부곡리,산북천,25.3,7.9,7.7,4.8,11.2,76.1,2.394,0.278
2012,08,전라북도,익산시,망성면,무형리,마산천,33.8,9.1,10.5,4.6,8.9,6.7,2.797,0.248
2012,08,전라북도,부안군,동진면,하장리,고부천2,31.5,9.3,10.3,5.9,9.9,25.1,2.908,0.204
2012,08,전라북도,부안군,동진면,하장리,고부천3,26.5,7.6,7.8,2.5,10.2,138.7,2.169,0.235
2012,08,전라북도,정읍시,영원면,앵성리,고부천1,32.6,9.4,12.4,5.8,12.2,27.7,2.636,0.204
2012,08,전라북도,김제시,부량면,옥정리,동진강3,25.9,8.2,8.5,1.8,7.6,67.1,2.806,0.175
2012,08,전라북도,정읍시,신태인읍,,동진강2,30.3,8.8,10.8,2.7,7.5,15.7,2.568,0.216
2012,08,전라북도,정읍시,신태인읍,구석리,용호천,31.0,7.9,8.4,3.4,7.6,25.0,2.989,0.111
2012,08,전라북도,정읍시,옹동면,산성리,동진강1,26.0,8.3,8.6,2.4,5.3,17.2,2.821,0.125
2012,08,전라북도,김제시,성덕면,남포리,신평천,31.1,9.2,12.3,2.3,11.1,18.8,3.917,0.555
2012,08,전라북도,김제시,죽산면,대창리,원평천3,27.4,7.5,7.7,2.1,7.7,41.6,2.115,0.168
2012,08,전라북도,김제시,봉남면,용신리,원평천1,32.9,8.8,10.1,5.1,11.3,23.9,2.192,0.218
2012,08,전라북도,김제시,죽산면,죽산리,원평천2,31.4,9.1,9.2,2.6,6.7,24.0,2.718,0.135
2012,08,전라북도,정읍시,공평동,,정읍천3,30.0,8.0,9.4,3.4,8.0,13.6,2.022,0.080
2012,08,전라북도,정읍시,송산동,,정읍천1,26.0,8.0,8.4,0.5,3.4,20.0,2.333,0.025
2012,08,전라북도,정읍시,연지동,,정읍천2,28.0,8.9,9.5,1.2,3.6,17.2,2.716,0.045
2012,08,전라북도,정읍시,이평면,하송리,정읍천4,25.5,7.8,8.7,1.6,7.3,55.0,3.183,0.173
2012,08,전라북도,정읍시,하모동,,천원천,30.0,7.6,8.7,2.9,6.0,4.4,1.622,0.062
2012,08,전라북도,김제시,백구면,마산리,마산천,33.0,9.0,12.3,10.3,14.4,16.3,3.344,0.189
2012,08,전라북도,완주군,삼례읍,,삼례,31.2,7.3,7.6,2.5,15.5,8.2,5.671,0.556
2012,08,전라북도,익산시,춘포면,인수리,익산천1,30.5,7.5,7.1,5.9,11.7,42.5,2.868,0.637
2012,08,전라북도,익산시,춘포면,인수리,익산천2,30.6,7.8,6.8,13.7,31.1,63.5,2.321,0.716
2012,08,전라북도,군산시,대야면,광교리,탑천,27.2,7.6,7.3,2.5,7.6,41.9,2.488,0.196
2012,08,전라북도,김제시,백구면,백구리,김제,27.4,7.8,7.9,3.8,10.1,66.7,3.347,0.267
2012,08,전라북도,김제시,백구면,월봉리,용암천,30.3,8.1,8.1,12.0,14.3,18.2,3.020,0.622
2012,08,전라북도,전주시완산구,서신동,,삼천3,34.0,8.4,6.0,2.7,6.2,7.8,2.803,0.085
2012,08,전라북도,전주시완산구,평화동3가,,삼천1,32.0,7.6,8.0,2.9,6.8,4.2,2.325,0.058
2012,08,전라북도,전주시완산구,효자동2가,,삼천2,32.0,8.3,8.4,2.8,6.2,6.6,2.211,0.090
2012,08,전라북도,완주군,소양면,황운리,소양천1,23.0,7.4,7.0,0.5,2.0,0.8,4.071,0.035
2012,08,전라북도,완주군,용진읍,상운리,소양천2,25.0,7.2,6.5,0.8,2.8,3.2,5.000,0.047
2012,08,전라북도,익산시,춘포면,용연리,익산천3,31.2,7.1,6.5,6.3,10.5,17.6,3.602,0.837
2012,08,전라북도,전주시덕진구,고랑동,,전주천7,25.8,7.1,5.7,5.9,14.4,21.1,5.245,0.461
2012,08,전라북도,전주시덕진구,전미동1가,,전주,26.4,7.9,9.1,1.4,5.8,11.9,2.522,0.083
2012,08,전라북도,전주시완산구,대성동,,전주천1,29.0,7.4,7.4,0.5,1.6,1.2,3.087,0.027
2012,08,전라북도,완주군,고산면,읍내리,고산,30.1,7.5,8.5,0.4,2.8,7.3,1.989,0.066
2012,08,전라북도,무주군,무주읍,대차리,무주남대천2,24.8,7.5,9.4,1.0,3.2,1.8,2.277,0.070
2012,08,전라북도,무주군,무주읍,읍내리,무주남대천1,24.8,7.4,9.3,0.9,2.8,0.1,2.153,0.052
2012,08,전라북도,무주군,무주읍,읍내리,무주남대천3,22.2,8.1,11.7,0.9,4.6,4.6,1.868,0.033
2012,08,전라북도,부안군,상서면,청림리,백천내,27.0,6.4,9.0,1.2,2.5,2.0,1.747,0.006
2012,08,전라북도,무주군,안성면,진도리,구량천,23.3,8.1,8.5,0.8,4.7,5.7,1.570,0.033
2012,08,전라북도,진안군,정천면,월평리,정자천,25.7,8.4,9.0,0.9,3.8,3.2,2.568,0.030
2012,08,전라북도,진안군,진안읍,운산리,진안천,30.0,7.6,8.6,2.5,4.0,2.6,2.835,0.101
2012,08,전라북도,진안군,진안읍,가막리,가막,24.5,8.2,9.4,1.0,4.4,9.1,2.486,0.050
2012,08,전라북도,무주군,무주읍,용포리,용포,23.7,7.3,8.8,0.7,3.6,2.2,1.913,0.049
2012,08,전라북도,진안군,용담면,송풍리,용담,21.7,8.0,9.0,0.9,4.7,2.7,1.966,0.026
2012,08,전라북도,남원시,운봉읍,,람천2,24.6,7.7,8.3,1.1,4.1,9.1,1.622,0.117
2012,08,전라북도,남원시,인월면,중군리,람천1,24.2,7.5,8.2,2.0,5.8,14.7,2.410,0.222
2012,08,전라북도,임실군,관촌면,방수리,관촌,26.0,7.1,8.9,1.0,4.1,5.7,1.978,0.037
2012,08,전라북도,임실군,운암면,학암리,운암,24.2,7.4,9.6,1.4,3.6,5.8,2.093,0.099
2012,08,전라북도,정읍시,산내면,매죽리,추령천,26.2,7.2,9.7,0.8,3.8,3.9,2.670,0.029
2012,08,전라북도,임실군,강진면,용수리,임실,25.2,7.3,9.8,1.0,4.3,2.6,1.417,0.020
2012,08,전라북도,순창군,동계면,구미리,동계,23.3,7.7,9.4,1.7,4.7,11.3,1.694,0.118
2012,08,전라북도,순창군,구림면,안정리,치천,28.2,7.5,8.6,1.6,3.2,2.5,1.494,0.018
2012,08,전라북도,남원시,대강면,풍산리,수홍천,25.2,7.1,8.1,1.8,6.9,88.6,1.032,0.059
2012,08,전라북도,순창군,유등면,유촌리,옥택천,25.8,7.2,8.3,1.5,5.4,14.2,0.985,0.045
2012,08,전라북도,순창군,적성면,고원리,적성,27.8,7.8,8.7,2.6,5.6,14.4,1.333,0.140
2012,08,전라북도,남원시,금지면,귀석리,남원,24.6,7.5,8.5,2.1,6.0,0.1,1.658,0.176
2012,08,전라북도,남원시,대강면,월탄리,대강,28.3,7.4,8.0,1.8,6.2,16.1,1.176,0.057
2012,08,전라북도,장수군,산서면,사상리,오수천1,24.6,7.3,8.4,1.4,4.6,7.0,1.898,0.041
2012,08,전라북도,남원시,덕과면,사율리,율천,28.1,7.2,8.0,1.6,5.4,8.6,0.933,0.038
2012,08,전라북도,남원시,사매면,서도리,월평천,26.1,7.1,9.4,1.6,5.5,9.3,1.313,0.058
2012,08,전라북도,순창군,동계면,서호리,오수천2,29.4,7.8,8.5,1.5,5.8,6.9,1.105,0.057
2012,08,전라북도,임실군,삼계면,후천리,후곡천,26.5,7.0,8.6,1.3,4.8,4.4,1.297,0.036
2012,08,전라북도,남원시,산동면,월석리,요천1,23.1,7.2,9.3,1.0,3.8,8.4,1.496,0.023
2012,08,전라북도,남원시,금지면,창산리,요천2,22.4,7.6,9.5,1.7,9.4,52.0,2.307,0.331
2012,08,전라북도,남원시,송동면,세전리,요천3,28.0,7.5,8.7,1.2,5.4,9.4,1.623,0.073
2012,08,전라북도,고창군,아산면,구암리,주진천1,27.6,7.3,7.9,6.1,5.8,22.0,2.086,0.327
2012,08,전라북도,고창군,아산면,반암리,주진천2,27.2,7.3,7.5,4.6,6.1,24.6,2.429,0.368
2012,09,전라북도,익산시,성당면,부곡리,산북천,23.0,7.8,9.0,4.2,9.7,29.1,3.356,0.227
2012,09,전라북도,익산시,망성면,무형리,마산천,22.0,7.8,8.1,1.1,4.4,18.3,2.917,0.106
2012,09,전라북도,부안군,동진면,하장리,고부천2,27.6,8.4,11.4,4.3,8.3,18.6,2.172,0.110
2012,09,전라북도,부안군,동진면,하장리,고부천3,23.5,7.3,8.5,2.8,8.6,47.4,2.362,0.260
2012,09,전라북도,정읍시,영원면,앵성리,고부천1,27.1,8.2,11.5,4.3,8.3,30.0,2.222,0.073
2012,09,전라북도,김제시,부량면,옥정리,동진강3,21.8,8.0,9.5,1.7,7.3,59.5,2.643,0.158
2012,09,전라북도,정읍시,신태인읍,,동진강2,23.7,7.4,9.7,2.9,4.4,20.6,1.996,0.044
2012,09,전라북도,정읍시,신태인읍,구석리,용호천,25.0,7.6,6.5,6.9,9.3,18.6,2.581,0.111
2012,09,전라북도,정읍시,옹동면,산성리,동진강1,24.1,7.5,9.7,2.9,3.7,6.0,1.862,0.046
2012,09,전라북도,김제시,성덕면,남포리,신평천,25.5,8.6,10.2,2.2,5.4,31.5,11.164,0.997
2012,09,전라북도,김제시,죽산면,대창리,원평천3,23.7,7.4,8.4,2.6,8.6,42.3,2.523,0.223
2012,09,전라북도,김제시,봉남면,용신리,원평천1,27.6,8.1,9.8,2.7,4.9,14.0,3.071,0.165
2012,09,전라북도,김제시,죽산면,죽산리,원평천2,28.7,9.6,10.2,3.3,12.0,36.6,3.164,0.109
2012,09,전라북도,정읍시,공평동,,정읍천3,24.0,7.2,7.2,1.4,4.3,14.2,3.628,0.059
2012,09,전라북도,정읍시,송산동,,정읍천1,23.0,7.5,7.6,1.1,3.7,4.6,2.486,0.041
2012,09,전라북도,정읍시,연지동,,정읍천2,23.0,7.3,7.5,1.3,4.2,26.8,2.931,0.049
2012,09,전라북도,정읍시,이평면,하송리,정읍천4,22.8,7.6,9.5,1.5,7.2,40.0,2.940,0.143
2012,09,전라북도,정읍시,하모동,,천원천,24.0,7.2,7.3,1.4,4.4,22.8,3.889,0.059
2012,09,전라북도,김제시,백구면,마산리,마산천,27.0,8.9,12.4,5.2,8.8,20.6,7.110,0.200
2012,09,전라북도,완주군,삼례읍,,삼례,24.9,7.2,8.5,3.5,13.5,3.2,9.864,0.123
2012,09,전라북도,익산시,춘포면,인수리,익산천1,27.4,7.3,7.8,11.8,27.3,19.8,2.900,0.130
2012,09,전라북도,익산시,춘포면,인수리,익산천2,28.3,7.6,7.2,15.3,34.3,21.9,6.297,0.656
2012,09,전라북도,군산시,대야면,광교리,탑천,23.4,7.9,8.0,3.3,8.8,49.5,2.575,0.236
2012,09,전라북도,김제시,백구면,백구리,김제,22.9,7.5,8.4,2.3,6.9,33.3,2.843,0.164
2012,09,전라북도,김제시,백구면,월봉리,용암천,29.5,9.2,12.6,10.2,10.2,13.1,3.210,0.439
2012,09,전라북도,전주시완산구,서신동,,삼천3,23.0,7.3,7.4,1.4,4.6,7.4,2.625,0.067
2012,09,전라북도,전주시완산구,평화동3가,,삼천1,23.0,7.2,7.3,1.5,4.4,4.2,2.301,0.048
2012,09,전라북도,전주시완산구,효자동2가,,삼천2,23.0,7.1,7.6,1.4,4.8,8.2,2.636,0.072
2012,09,전라북도,완주군,소양면,황운리,소양천1,23.0,8.0,6.0,0.7,2.2,1.2,3.999,0.049
2012,09,전라북도,완주군,용진읍,상운리,소양천2,24.0,7.6,7.7,0.8,2.5,2.4,4.666,0.052
2012,09,전라북도,익산시,춘포면,용연리,익산천3,28.2,7.6,6.2,19.2,42.8,29.1,6.922,1.027
2012,09,전라북도,전주시덕진구,고랑동,,전주천7,22.1,7.2,7.3,5.3,11.3,18.5,3.983,0.309
2012,09,전라북도,전주시덕진구,전미동1가,,전주,21.5,7.7,9.2,1.1,5.3,9.1,2.161,0.048
2012,09,전라북도,전주시완산구,대성동,,전주천1,21.0,7.0,7.1,0.6,2.2,1.6,2.883,0.038
2012,09,전라북도,완주군,고산면,읍내리,고산,21.4,7.4,8.9,0.7,2.9,4.8,1.967,0.261
2012,09,전라북도,무주군,무주읍,대차리,무주남대천2,20.2,7.7,10.6,0.6,2.7,1.8,1.658,0.163
2012,09,전라북도,무주군,무주읍,읍내리,무주남대천1,20.6,7.8,10.6,0.5,2.7,1.4,1.602,0.035
2012,09,전라북도,무주군,무주읍,읍내리,무주남대천3,17.0,7.5,8.1,0.7,4.6,8.8,1.765,0.023
2012,09,전라북도,부안군,상서면,청림리,백천내,25.0,6.4,6.2,0.9,2.9,2.2,3.136,0.009
2012,09,전라북도,무주군,안성면,진도리,구량천,17.9,8.0,9.3,0.8,4.8,8.3,1.616,0.021
2012,09,전라북도,진안군,정천면,월평리,정자천,20.0,8.0,8.9,0.7,3.9,3.9,2.017,0.016
2012,09,전라북도,진안군,진안읍,운산리,진안천,22.0,7.6,9.0,1.8,3.6,14.2,2.800,0.089
2012,09,전라북도,진안군,진안읍,가막리,가막,18.3,8.0,8.9,0.9,4.4,12.9,2.084,0.041
2012,09,전라북도,무주군,무주읍,용포리,용포,21.2,7.7,10.9,0.7,3.4,1.3,1.830,0.039
2012,09,전라북도,진안군,용담면,송풍리,용담,20.9,8.4,7.9,0.9,5.1,4.2,1.807,0.029
2012,09,전라북도,남원시,운봉읍,,람천2,18.5,7.9,9.7,0.8,2.9,3.4,2.068,0.065
2012,09,전라북도,남원시,인월면,중군리,람천1,19.4,7.8,9.4,2.3,3.7,17.6,1.786,0.042
2012,09,전라북도,임실군,관촌면,방수리,관촌,19.4,6.9,9.7,0.9,3.0,3.0,1.907,0.018
2012,09,전라북도,임실군,운암면,학암리,운암,22.5,8.1,10.0,2.3,5.8,3.9,1.648,0.074
2012,09,전라북도,정읍시,산내면,매죽리,추령천,23.9,7.1,10.1,0.8,3.0,3.1,2.425,0.018
2012,09,전라북도,임실군,강진면,용수리,임실,21.8,7.0,9.8,1.5,4.7,5.4,1.693,0.018
2012,09,전라북도,순창군,동계면,구미리,동계,21.7,7.8,9.4,2.5,6.5,2.7,1.720,0.053
2012,09,전라북도,순창군,구림면,안정리,치천,20.8,7.0,8.7,0.6,2.2,1.7,1.458,0.022
2012,09,전라북도,남원시,대강면,풍산리,수홍천,19.8,6.8,10.0,0.9,2.8,5.9,2.735,0.059
2012,09,전라북도,순창군,유등면,유촌리,옥택천,20.4,6.7,9.8,0.9,3.2,8.2,1.625,0.038
2012,09,전라북도,순창군,적성면,고원리,적성,21.7,7.8,9.1,2.6,5.3,3.8,1.765,0.062
2012,09,전라북도,남원시,금지면,귀석리,남원,21.7,7.8,9.5,2.0,6.2,5.1,1.689,0.047
2012,09,전라북도,남원시,대강면,월탄리,대강,21.3,6.8,9.3,1.3,4.1,8.3,1.815,0.041
2012,09,전라북도,장수군,산서면,사상리,오수천1,19.2,7.0,9.6,1.0,3.5,11.0,1.895,0.039
2012,09,전라북도,남원시,덕과면,사율리,율천,20.7,7.0,9.4,0.9,3.9,6.5,1.670,0.050
2012,09,전라북도,남원시,사매면,서도리,월평천,20.2,7.0,9.7,1.9,5.0,7.2,2.615,0.067
2012,09,전라북도,순창군,동계면,서호리,오수천2,21.3,7.3,9.4,0.9,3.8,8.8,1.852,0.047
2012,09,전라북도,임실군,삼계면,후천리,후곡천,19.9,7.5,10.1,1.0,3.9,9.1,1.493,0.047
2012,09,전라북도,남원시,산동면,월석리,요천1,19.4,7.2,9.4,0.8,3.2,4.4,1.650,0.015
2012,09,전라북도,남원시,금지면,창산리,요천2,20.5,7.9,9.6,1.5,3.0,3.5,1.847,0.042
2012,09,전라북도,남원시,송동면,세전리,요천3,20.8,7.0,9.1,0.9,3.6,7.7,1.946,0.038
2012,09,전라북도,고창군,아산면,구암리,주진천1,24.1,7.7,9.0,4.2,5.5,11.1,5.130,0.246
2012,09,전라북도,고창군,아산면,반암리,주진천2,24.2,7.8,8.9,4.0,4.6,14.0,2.193,0.150
2012,10,전라북도,익산시,성당면,부곡리,산북천,17.9,8.3,10.3,7.7,15.7,88.9,6.145,0.397
2012,10,전라북도,익산시,망성면,무형리,마산천,17.0,8.5,10.3,0.9,5.5,14.5,4.129,0.124
2012,10,전라북도,부안군,동진면,하장리,고부천2,19.8,8.5,10.1,3.8,11.4,51.7,2.416,0.212
2012,10,전라북도,부안군,동진면,하장리,고부천3,16.8,7.8,8.6,3.7,10.3,69.8,2.786,0.211
2012,10,전라북도,정읍시,영원면,앵성리,고부천1,19.4,8.3,10.1,3.4,9.4,85.1,2.666,0.190
2012,10,전라북도,김제시,부량면,옥정리,동진강3,17.2,8.2,10.0,1.2,5.6,14.7,2.465,0.063
2012,10,전라북도,정읍시,신태인읍,,동진강2,18.8,7.8,9.9,2.5,4.2,18.2,2.382,0.096
2012,10,전라북도,정읍시,신태인읍,구석리,용호천,20.0,7.6,8.0,3.8,4.8,15.6,2.821,0.059
2012,10,전라북도,정읍시,옹동면,산성리,동진강1,19.7,7.6,11.1,2.5,3.2,0.5,2.120,0.032
2012,10,전라북도,김제시,성덕면,남포리,신평천,19.8,9.2,14.6,3.5,16.5,41.8,4.820,0.377
2012,10,전라북도,김제시,죽산면,대창리,원평천3,17.5,7.8,9.4,4.0,10.2,82.6,2.791,0.165
2012,10,전라북도,김제시,봉남면,용신리,원평천1,19.3,8.9,12.3,3.3,8.5,24.3,3.719,0.120
2012,10,전라북도,김제시,죽산면,죽산리,원평천2,20.3,8.2,8.4,2.7,7.5,47.1,1.898,0.114
2012,10,전라북도,정읍시,공평동,,정읍천3,20.0,7.1,7.2,1.2,3.6,6.0,2.699,0.038
2012,10,전라북도,정읍시,송산동,,정읍천1,20.0,7.5,7.8,0.8,2.2,3.0,1.546,0.008
2012,10,전라북도,정읍시,연지동,,정읍천2,21.0,8.4,10.5,0.9,2.8,1.8,3.221,0.039
2012,10,전라북도,정읍시,이평면,하송리,정읍천4,18.8,8.3,9.8,1.1,5.7,14.7,3.170,0.130
2012,10,전라북도,정읍시,하모동,,천원천,21.0,7.3,8.0,1.0,3.2,5.8,2.563,0.029
2012,10,전라북도,김제시,백구면,마산리,마산천,17.0,8.6,12.5,4.6,12.6,19.1,8.090,0.201
2012,10,전라북도,완주군,삼례읍,,삼례,20.7,8.2,10.7,2.2,4.9,4.2,2.043,0.008
2012,10,전라북도,익산시,춘포면,인수리,익산천1,22.3,8.0,13.6,5.7,10.6,10.6,3.724,0.230
2012,10,전라북도,익산시,춘포면,인수리,익산천2,22.1,7.9,11.2,12.9,22.9,5.6,25.789,2.219
2012,10,전라북도,군산시,대야면,광교리,탑천,17.2,7.8,8.9,4.2,8.9,22.1,5.078,0.209
2012,10,전라북도,김제시,백구면,백구리,김제,16.9,7.5,10.3,2.5,8.7,6.8,3.700,0.233
2012,10,전라북도,김제시,백구면,월봉리,용암천,22.6,8.7,10.9,7.2,17.8,35.4,5.257,0.199
2012,10,전라북도,전주시완산구,서신동,,삼천3,21.0,7.3,7.9,1.8,5.0,7.4,3.203,0.051
2012,10,전라북도,전주시완산구,평화동3가,,삼천1,20.0,7.2,7.5,1.2,3.0,4.0,2.848,0.026
2012,10,전라북도,전주시완산구,효자동2가,,삼천2,21.0,7.5,9.0,1.4,4.2,4.8,3.287,0.055
2012,10,전라북도,완주군,소양면,황운리,소양천1,18.0,7.0,7.9,0.7,1.9,2.2,2.895,0.035
2012,10,전라북도,완주군,용진읍,상운리,소양천2,17.0,7.5,7.8,1.0,2.7,1.8,4.592,0.030
2012,10,전라북도,익산시,춘포면,용연리,익산천3,21.0,7.6,8.3,20.5,30.2,12.6,15.324,1.573
2012,10,전라북도,전주시덕진구,고랑동,,전주천7,20.4,7.1,6.1,6.6,18.6,9.0,5.841,0.402
2012,10,전라북도,전주시덕진구,전미동1가,,전주,16.2,8.0,10.1,1.2,5.0,4.5,2.059,0.070
2012,10,전라북도,전주시완산구,대성동,,전주천1,18.0,7.2,9.3,0.6,1.8,1.6,2.200,0.020
2012,10,전라북도,완주군,고산면,읍내리,고산,20.7,8.5,10.6,1.4,3.2,2.2,1.595,0.006
2012,10,전라북도,무주군,무주읍,대차리,무주남대천2,18.5,8.2,11.1,1.0,2.7,0.5,2.128,0.020
2012,10,전라북도,무주군,무주읍,읍내리,무주남대천1,19.5,8.0,12.5,1.1,2.5,1.2,2.354,0.009
2012,10,전라북도,무주군,무주읍,읍내리,무주남대천3,13.5,8.6,12.1,0.8,3.5,1.5,2.379,0.015
2012,10,전라북도,부안군,상서면,청림리,백천내,19.0,6.6,6.7,0.8,2.3,1.8,0.829,0.019
2012,10,전라북도,무주군,안성면,진도리,구량천,11.7,8.0,12.9,0.7,3.8,1.2,2.812,0.021
2012,10,전라북도,진안군,정천면,월평리,정자천,14.8,8.1,11.7,0.7,3.4,1.5,2.224,0.015
2012,10,전라북도,진안군,진안읍,운산리,진안천,18.0,8.5,9.8,0.7,2.2,0.6,3.065,0.058
2012,10,전라북도,진안군,진안읍,가막리,가막,13.7,8.3,13.0,1.0,4.5,2.8,2.879,0.031
2012,10,전라북도,무주군,무주읍,용포리,용포,18.8,8.9,12.1,0.7,3.6,0.4,1.437,0.010
2012,10,전라북도,진안군,용담면,송풍리,용담,17.1,7.6,10.8,0.9,4.9,2.3,1.749,0.028
2012,10,전라북도,남원시,운봉읍,,람천2,17.3,9.5,11.0,2.2,3.3,1.7,2.143,0.035
2012,10,전라북도,남원시,인월면,중군리,람천1,17.7,9.1,11.6,2.1,4.2,2.0,2.632,0.025
2012,10,전라북도,임실군,관촌면,방수리,관촌,16.7,7.3,10.3,0.9,3.1,2.3,1.755,0.018
2012,10,전라북도,임실군,운암면,학암리,운암,20.0,8.3,10.8,2.1,5.3,6.0,1.445,0.070
2012,10,전라북도,정읍시,산내면,매죽리,추령천,18.0,7.6,10.4,0.7,3.0,0.9,1.909,0.010
2012,10,전라북도,임실군,강진면,용수리,임실,17.4,7.7,10.8,0.9,4.1,1.6,1.241,0.011
2012,10,전라북도,순창군,동계면,구미리,동계,19.3,8.5,10.2,2.4,2.7,0.3,1.247,0.029
2012,10,전라북도,순창군,구림면,안정리,치천,17.0,7.7,10.6,0.9,3.0,0.9,1.433,0.013
2012,10,전라북도,남원시,대강면,풍산리,수홍천,15.7,7.4,10.5,0.8,2.7,0.9,2.838,0.026
2012,10,전라북도,순창군,유등면,유촌리,옥택천,15.1,7.4,10.6,0.9,3.2,2.9,1.642,0.019
2012,10,전라북도,순창군,적성면,고원리,적성,18.0,8.2,9.9,2.2,3.1,0.9,1.565,0.011
2012,10,전라북도,남원시,금지면,귀석리,남원,20.0,8.6,10.5,1.6,2.8,0.4,1.656,0.025
2012,10,전라북도,남원시,대강면,월탄리,대강,17.4,7.3,11.1,1.4,4.4,4.2,1.732,0.038
2012,10,전라북도,장수군,산서면,사상리,오수천1,14.7,7.1,10.9,0.7,3.1,4.0,2.306,0.030
2012,10,전라북도,남원시,덕과면,사율리,율천,17.8,7.2,10.9,0.9,4.1,3.3,1.460,0.043
2012,10,전라북도,남원시,사매면,서도리,월평천,15.5,7.1,12.0,0.7,3.6,3.5,2.646,0.026
2012,10,전라북도,순창군,동계면,서호리,오수천2,17.8,7.7,12.0,1.1,4.0,2.2,1.691,0.023
2012,10,전라북도,임실군,삼계면,후천리,후곡천,15.9,7.4,11.0,0.6,3.0,1.0,1.767,0.028
2012,10,전라북도,남원시,산동면,월석리,요천1,15.4,6.7,11.7,0.7,2.8,0.8,1.388,0.009
2012,10,전라북도,남원시,금지면,창산리,요천2,18.5,8.4,10.5,1.6,3.0,0.2,2.411,0.017
2012,10,전라북도,남원시,송동면,세전리,요천3,18.6,6.9,12.2,0.9,3.8,2.8,1.977,0.031
2012,10,전라북도,고창군,아산면,구암리,주진천1,14.6,7.9,11.5,3.2,4.5,4.3,3.174,0.099
2012,10,전라북도,고창군,아산면,반암리,주진천2,13.8,7.7,10.5,4.1,5.0,23.2,2.991,0.126
2012,11,전라북도,익산시,성당면,부곡리,산북천,8.9,7.9,11.3,4.3,12.5,52.3,5.243,0.325
2012,11,전라북도,익산시,망성면,무형리,마산천,8.1,7.6,15.2,1.2,5.3,7.1,5.301,0.106
2012,11,전라북도,부안군,동진면,하장리,고부천2,11.1,7.7,10.8,4.2,8.2,66.2,3.599,0.211
2012,11,전라북도,부안군,동진면,하장리,고부천3,9.5,7.7,10.9,3.3,9.8,63.8,4.470,0.214
2012,11,전라북도,정읍시,영원면,앵성리,고부천1,12.3,7.8,11.3,3.7,7.5,36.2,4.167,0.124
2012,11,전라북도,김제시,부량면,옥정리,동진강3,9.8,7.9,11.3,1.2,5.2,12.3,3.464,0.103
2012,11,전라북도,정읍시,신태인읍,,동진강2,12.9,7.5,11.9,2.0,4.3,5.2,3.007,0.097
2012,11,전라북도,정읍시,신태인읍,구석리,용호천,11.0,7.0,8.2,1.3,3.6,23.0,3.725,0.089
2012,11,전라북도,정읍시,옹동면,산성리,동진강1,13.8,7.7,11.6,2.0,2.7,0.4,2.429,0.053
2012,11,전라북도,김제시,성덕면,남포리,신평천,12.0,8.7,14.6,8.3,18.4,33.3,5.211,0.101
2012,11,전라북도,김제시,죽산면,대창리,원평천3,9.7,8.0,11.3,3.1,8.4,59.5,3.994,0.169
2012,11,전라북도,김제시,봉남면,용신리,원평천1,14.2,8.5,12.9,4.9,10.3,154.4,4.210,0.325
2012,11,전라북도,김제시,죽산면,죽산리,원평천2,11.6,7.8,11.2,3.2,9.3,61.1,3.342,0.190
2012,11,전라북도,정읍시,공평동,,정읍천3,12.0,7.3,7.9,0.9,2.8,4.2,2.432,0.070
2012,11,전라북도,정읍시,송산동,,정읍천1,13.0,8.8,8.1,0.9,2.6,0.8,1.566,0.048
2012,11,전라북도,정읍시,연지동,,정읍천2,12.0,7.7,8.0,4.9,5.0,3.8,3.605,0.115
2012,11,전라북도,정읍시,이평면,하송리,정읍천4,12.1,7.6,12.0,1.4,6.0,7.3,4.861,0.129
2012,11,전라북도,정읍시,하모동,,천원천,12.0,7.4,8.1,1.0,3.0,5.5,2.515,0.074
2012,11,전라북도,김제시,백구면,마산리,마산천,12.0,8.2,10.6,6.1,9.5,26.3,12.810,0.179
2012,11,전라북도,완주군,삼례읍,,삼례,15.3,7.5,11.0,2.5,7.2,4.8,2.275,0.067
2012,11,전라북도,익산시,춘포면,인수리,익산천1,13.6,7.7,12.8,9.7,11.4,4.6,3.279,0.239
2012,11,전라북도,익산시,춘포면,인수리,익산천2,13.7,7.9,11.6,22.6,26.5,10.2,22.127,1.733
2012,11,전라북도,군산시,대야면,광교리,탑천,10.2,8.0,9.6,3.9,8.1,25.4,6.199,0.225
2012,11,전라북도,김제시,백구면,백구리,김제,10.6,7.4,10.5,2.8,8.5,8.3,3.908,0.256
2012,11,전라북도,김제시,백구면,월봉리,용암천,13.3,7.8,12.8,8.7,14.3,22.1,12.249,0.249
2012,11,전라북도,전주시완산구,서신동,,삼천3,12.0,7.2,5.9,1.5,4.4,8.2,2.137,0.088
2012,11,전라북도,전주시완산구,평화동3가,,삼천1,12.0,7.4,7.8,1.2,3.0,2.8,1.870,0.048
2012,11,전라북도,전주시완산구,효자동2가,,삼천2,12.0,7.4,8.0,1.2,4.4,2.4,2.235,0.074
2012,11,전라북도,완주군,소양면,황운리,소양천1,11.0,7.5,9.3,0.5,1.4,0.6,2.965,0.040
2012,11,전라북도,완주군,용진읍,상운리,소양천2,10.0,7.4,8.2,0.8,2.0,6.6,3.839,0.062
2012,11,전라북도,익산시,춘포면,용연리,익산천3,13.0,7.8,8.7,23.7,31.0,7.5,27.674,2.149
2012,11,전라북도,전주시덕진구,고랑동,,전주천7,14.5,7.1,6.7,5.8,17.4,7.3,4.944,0.518
2012,11,전라북도,전주시덕진구,전미동1가,,전주,9.4,7.7,12.4,1.0,4.2,4.2,2.312,0.073
2012,11,전라북도,전주시완산구,대성동,,전주천1,11.0,7.8,8.2,0.3,1.0,0.2,2.223,0.046
2012,11,전라북도,완주군,고산면,읍내리,고산,15.8,7.4,10.4,1.7,3.3,3.8,1.550,0.008
2012,11,전라북도,무주군,무주읍,대차리,무주남대천2,10.3,7.7,13.3,1.0,2.7,0.8,2.409,0.015
2012,11,전라북도,무주군,무주읍,읍내리,무주남대천1,9.4,7.8,12.5,0.7,2.3,0.3,2.143,0.000
2012,11,전라북도,무주군,무주읍,읍내리,무주남대천3,7.1,8.0,13.5,0.8,3.4,1.0,2.340,0.017
2012,11,전라북도,부안군,상서면,청림리,백천내,13.0,6.8,7.4,0.6,1.5,1.4,1.111,0.009
2012,11,전라북도,무주군,안성면,진도리,구량천,6.3,7.6,12.8,0.7,3.3,1.3,2.746,0.014
2012,11,전라북도,진안군,정천면,월평리,정자천,8.2,7.2,12.5,0.7,2.4,2.8,2.072,0.015
2012,11,전라북도,진안군,진안읍,운산리,진안천,12.0,7.0,12.3,1.5,3.7,0.8,3.858,0.085
2012,11,전라북도,진안군,진안읍,가막리,가막,7.0,7.7,13.2,0.9,3.9,2.9,3.116,0.039
2012,11,전라북도,무주군,무주읍,용포리,용포,11.4,7.7,12.3,0.8,3.2,0.2,1.534,0.006
2012,11,전라북도,진안군,용담면,송풍리,용담,13.1,7.7,11.7,0.8,4.6,1.7,1.782,0.052
2012,11,전라북도,남원시,운봉읍,,람천2,6.7,7.3,13.0,2.4,3.6,1.7,1.612,0.014
2012,11,전라북도,남원시,인월면,중군리,람천1,7.5,7.0,13.1,2.2,5.2,3.8,3.206,0.044
2012,11,전라북도,임실군,관촌면,방수리,관촌,8.9,7.2,12.0,0.6,2.5,1.6,1.772,0.009
2012,11,전라북도,임실군,운암면,학암리,운암,9.5,8.7,12.3,1.4,2.6,1.7,1.895,0.037
2012,11,전라북도,정읍시,산내면,매죽리,추령천,9.2,7.4,12.2,0.6,2.4,0.5,2.191,0.006
2012,11,전라북도,임실군,강진면,용수리,임실,8.9,7.5,12.2,0.7,3.3,1.2,1.589,0.008
2012,11,전라북도,순창군,동계면,구미리,동계,9.5,8.3,12.6,1.9,2.3,0.4,1.266,0.008
2012,11,전라북도,순창군,구림면,안정리,치천,8.7,7.4,12.8,0.4,2.4,0.6,1.739,0.009
2012,11,전라북도,남원시,대강면,풍산리,수홍천,9.6,7.6,12.5,0.7,3.3,2.7,2.817,0.022
2012,11,전라북도,순창군,유등면,유촌리,옥택천,8.0,7.7,12.7,0.7,2.9,3.2,1.970,0.018
2012,11,전라북도,순창군,적성면,고원리,적성,10.3,7.7,11.8,2.0,3.1,0.9,1.950,0.016
2012,11,전라북도,남원시,금지면,귀석리,남원,10.5,8.3,13.7,1.8,2.6,0.2,1.597,0.026
2012,11,전라북도,남원시,대강면,월탄리,대강,9.3,7.6,12.3,1.1,3.6,3.0,1.824,0.040
2012,11,전라북도,장수군,산서면,사상리,오수천1,9.0,7.5,12.6,0.7,3.2,5.6,2.453,0.030
2012,11,전라북도,남원시,덕과면,사율리,율천,10.2,7.3,11.7,0.6,3.3,8.7,1.538,0.043
2012,11,전라북도,남원시,사매면,서도리,월평천,8.8,7.3,13.8,0.9,4.1,4.2,3.078,0.036
2012,11,전라북도,순창군,동계면,서호리,오수천2,9.2,7.7,12.0,0.8,3.4,2.0,1.901,0.021
2012,11,전라북도,임실군,삼계면,후천리,후곡천,8.8,7.6,12.5,1.3,4.0,1.2,1.635,0.022
2012,11,전라북도,남원시,산동면,월석리,요천1,7.9,7.5,12.0,0.5,2.3,1.2,1.743,0.011
2012,11,전라북도,남원시,금지면,창산리,요천2,10.3,8.4,12.5,2.1,3.8,3.2,3.115,0.034
2012,11,전라북도,남원시,송동면,세전리,요천3,10.3,7.6,12.3,0.9,3.5,3.1,2.468,0.033
2012,11,전라북도,고창군,아산면,구암리,주진천1,11.1,7.2,12.1,3.9,7.2,46.6,3.475,0.152
2012,11,전라북도,고창군,아산면,반암리,주진천2,10.5,7.2,11.9,3.1,5.6,38.6,3.617,0.146
2012,12,전라북도,익산시,성당면,부곡리,산북천,2.1,7.8,14.2,4.2,10.0,34.8,7.123,0.358
2012,12,전라북도,익산시,망성면,무형리,마산천,3.2,7.5,13.6,1.1,4.8,5.6,5.236,0.114
2012,12,전라북도,부안군,동진면,하장리,고부천2,1.3,7.6,15.4,6.4,9.2,11.5,6.504,0.103
2012,12,전라북도,부안군,동진면,하장리,고부천3,4.2,8.1,15.0,2.6,9.1,48.7,5.314,0.144
2012,12,전라북도,정읍시,영원면,앵성리,고부천1,1.5,7.8,15.8,4.5,7.7,5.6,4.732,0.055
2012,12,전라북도,김제시,부량면,옥정리,동진강3,3.5,7.5,13.9,1.1,5.8,8.0,3.738,0.071
2012,12,전라북도,정읍시,신태인읍,,동진강2,4.5,7.7,14.2,1.1,3.4,0.4,2.402,0.019
2012,12,전라북도,정읍시,신태인읍,구석리,용호천,5.0,8.2,9.5,2.9,6.3,24.2,5.834,0.211
2012,12,전라북도,정읍시,옹동면,산성리,동진강1,8.5,8.0,12.3,1.7,4.2,5.7,1.752,0.015
2012,12,전라북도,김제시,성덕면,남포리,신평천,3.0,7.5,13.3,8.6,8.7,12.2,8.466,0.160
2012,12,전라북도,김제시,죽산면,대창리,원평천3,4.1,7.7,13.4,3.4,9.5,18.0,4.487,0.150
2012,12,전라북도,김제시,봉남면,용신리,원평천1,5.3,8.3,18.2,3.8,5.6,4.4,3.941,0.085
2012,12,전라북도,김제시,죽산면,죽산리,원평천2,2.1,7.6,13.9,3.6,9.6,18.2,5.463,0.135
2012,12,전라북도,정읍시,공평동,,정읍천3,6.0,7.6,8.3,1.4,4.1,3.2,3.288,0.033
2012,12,전라북도,정읍시,송산동,,정읍천1,4.0,7.8,10.9,0.7,1.9,0.8,1.563,0.006
2012,12,전라북도,정읍시,연지동,,정읍천2,6.0,7.7,8.3,1.5,4.2,4.4,4.944,0.142
2012,12,전라북도,정읍시,이평면,하송리,정읍천4,7.0,7.6,13.3,1.8,7.5,5.4,6.873,0.161
2012,12,전라북도,정읍시,하모동,,천원천,5.0,7.8,9.8,1.4,4.0,3.0,3.270,0.019
2012,12,전라북도,김제시,백구면,마산리,마산천,4.0,8.3,10.6,3.6,9.0,22.0,10.775,0.107
2012,12,전라북도,완주군,삼례읍,,삼례,7.8,7.3,12.7,2.3,5.0,2.0,2.803,0.070
2012,12,전라북도,익산시,춘포면,인수리,익산천1,6.7,7.3,14.5,13.8,18.9,7.8,6.379,0.569
2012,12,전라북도,익산시,춘포면,인수리,익산천2,6.2,7.6,13.3,21.4,35.9,8.5,19.960,1.507
2012,12,전라북도,군산시,대야면,광교리,탑천,4.8,7.6,12.6,3.0,8.6,13.4,6.542,0.213
2012,12,전라북도,김제시,백구면,백구리,김제,4.4,7.5,12.6,2.5,7.6,8.8,3.679,0.164
2012,12,전라북도,김제시,백구면,월봉리,용암천,5.8,7.8,15.7,14.1,15.6,36.9,18.734,0.258
2012,12,전라북도,전주시완산구,서신동,,삼천3,6.0,7.5,8.0,1.3,4.4,4.6,3.269,0.043
2012,12,전라북도,전주시완산구,평화동3가,,삼천1,7.0,7.3,8.7,0.9,3.1,4.8,3.130,0.032
2012,12,전라북도,전주시완산구,효자동2가,,삼천2,7.0,7.3,10.0,1.1,4.1,9.0,3.269,0.044
2012,12,전라북도,완주군,소양면,황운리,소양천1,5.0,7.1,10.5,0.6,1.3,0.2,3.290,0.016
2012,12,전라북도,완주군,용진읍,상운리,소양천2,3.0,7.2,10.2,0.8,1.5,0.7,4.271,0.027
2012,12,전라북도,익산시,춘포면,용연리,익산천3,6.1,7.7,9.6,28.5,40.8,22.1,24.731,1.991
2012,12,전라북도,전주시덕진구,고랑동,,전주천7,12.1,7.0,5.8,6.7,19.5,6.4,7.117,0.489
2012,12,전라북도,전주시덕진구,전미동1가,,전주,5.4,7.5,12.6,0.9,4.9,3.9,1.993,0.032
2012,12,전라북도,전주시완산구,대성동,,전주천1,8.0,7.8,9.2,0.5,1.9,7.0,2.793,0.017
2012,12,전라북도,완주군,고산면,읍내리,고산,9.7,7.5,12.6,1.2,3.1,0.2,1.788,0.011
2012,12,전라북도,무주군,무주읍,대차리,무주남대천2,2.8,7.8,16.5,0.4,1.5,0.1,2.791,0.018
2012,12,전라북도,무주군,무주읍,읍내리,무주남대천1,5.0,7.9,14.5,0.6,1.1,0.1,2.921,0.005
2012,12,전라북도,무주군,무주읍,읍내리,무주남대천3,2.8,7.9,16.0,0.8,4.1,0.7,2.954,0.029
2012,12,전라북도,부안군,상서면,청림리,백천내,8.0,6.9,9.9,0.5,1.8,1.6,1.271,0.005
2012,12,전라북도,무주군,안성면,진도리,구량천,1.0,7.6,14.1,0.6,3.2,1.2,3.440,0.039
2012,12,전라북도,진안군,정천면,월평리,정자천,2.6,7.7,14.6,0.7,2.5,0.5,2.410,0.010
2012,12,전라북도,진안군,진안읍,운산리,진안천,7.0,6.6,12.6,1.4,3.4,0.4,3.913,0.074
2012,12,전라북도,진안군,진안읍,가막리,가막,1.9,7.8,14.7,0.7,3.8,1.7,3.624,0.016
2012,12,전라북도,무주군,무주읍,용포리,용포,1.2,8.1,16.1,0.9,2.8,0.2,1.457,0.007
2012,12,전라북도,진안군,용담면,송풍리,용담,9.0,7.5,11.2,0.8,4.2,1.4,1.527,0.010
2012,12,전라북도,남원시,운봉읍,,람천2,4.8,8.2,13.7,1.9,2.0,1.8,1.760,0.030
2012,12,전라북도,남원시,인월면,중군리,람천1,5.2,8.0,13.9,2.4,5.1,8.3,3.881,0.088
2012,12,전라북도,임실군,관촌면,방수리,관촌,2.7,8.1,13.7,0.7,2.2,1.1,2.200,0.014
2012,12,전라북도,임실군,운암면,학암리,운암,5.4,7.8,12.7,1.4,2.9,3.7,2.921,0.022
2012,12,전라북도,정읍시,산내면,매죽리,추령천,2.8,7.7,13.5,0.6,2.4,1.9,2.849,0.012
2012,12,전라북도,임실군,강진면,용수리,임실,3.9,7.9,13.2,0.7,3.2,1.4,1.937,0.013
2012,12,전라북도,순창군,동계면,구미리,동계,6.4,7.9,12.9,1.1,2.2,0.3,2.466,0.013
2012,12,전라북도,순창군,구림면,안정리,치천,2.0,7.9,13.9,0.6,2.4,0.5,2.202,0.012
2012,12,전라북도,남원시,대강면,풍산리,수홍천,4.1,7.5,13.8,0.8,3.5,2.6,3.937,0.051
2012,12,전라북도,순창군,유등면,유촌리,옥택천,2.0,7.4,14.4,0.8,3.3,2.5,2.316,0.026
2012,12,전라북도,순창군,적성면,고원리,적성,3.6,7.9,14.6,1.8,2.6,0.9,2.265,0.014
2012,12,전라북도,남원시,금지면,귀석리,남원,6.2,7.9,13.6,2.6,3.7,3.3,2.391,0.033
2012,12,전라북도,남원시,대강면,월탄리,대강,3.1,7.7,14.0,1.7,3.9,2.6,2.466,0.044
2012,12,전라북도,장수군,산서면,사상리,오수천1,3.2,7.4,14.0,0.9,2.7,4.1,2.890,0.035
2012,12,전라북도,남원시,덕과면,사율리,율천,3.8,7.6,14.6,1.1,4.1,4.3,1.914,0.049
2012,12,전라북도,남원시,사매면,서도리,월평천,3.3,7.3,14.6,0.8,4.0,1.8,3.312,0.035
2012,12,전라북도,순창군,동계면,서호리,오수천2,3.5,7.5,14.3,1.0,3.4,2.0,2.492,0.027
2012,12,전라북도,임실군,삼계면,후천리,후곡천,2.8,7.6,14.3,0.8,3.5,1.3,1.761,0.021
2012,12,전라북도,남원시,산동면,월석리,요천1,1.8,7.6,15.1,0.7,2.3,0.9,2.228,0.009
2012,12,전라북도,남원시,금지면,창산리,요천2,5.5,7.8,13.4,1.1,2.9,4.1,2.692,0.032
2012,12,전라북도,남원시,송동면,세전리,요천3,4.4,7.8,14.9,1.5,4.1,3.5,3.423,0.038
2012,12,전라북도,고창군,아산면,구암리,주진천1,1.5,8.0,16.8,3.7,4.2,3.8,4.487,0.085
2012,12,전라북도,고창군,아산면,반암리,주진천2,1.2,7.7,16.3,3.0,4.1,10.7,4.377,0.063
2013,01,전라북도,익산시,성당면,부곡리,산북천,2.1,7.6,13.8,5.3,10.7,23.8,8.142,0.542
2013,01,전라북도,익산시,망성면,무형리,마산천,2.5,7.5,15.2,2.9,6.1,10.6,8.325,0.271
2013,01,전라북도,부안군,동진면,하장리,고부천2,0.2,7.8,16.7,4.4,9.0,14.8,5.441,0.101
2013,01,전라북도,부안군,동진면,하장리,고부천3,0.8,7.5,16.0,3.4,9.5,17.9,6.718,0.207
2013,01,전라북도,정읍시,영원면,앵성리,고부천1,0.6,7.9,17.0,4.2,7.8,11.1,5.253,0.045
2013,01,전라북도,김제시,부량면,옥정리,동진강3,2.9,7.4,14.1,1.7,5.0,12.5,3.167,0.087
2013,01,전라북도,정읍시,신태인읍,,동진강2,3.7,8.1,14.3,2.3,3.5,12.0,2.121,0.020
2013,01,전라북도,정읍시,신태인읍,구석리,용호천,1.0,7.0,9.5,4.7,2.4,2.8,4.776,0.082
2013,01,전라북도,정읍시,옹동면,산성리,동진강1,4.0,8.1,14.2,2.0,3.3,0.4,1.836,0.012
2013,01,전라북도,김제시,성덕면,남포리,신평천,2.0,8.0,12.9,4.5,10.7,21.8,10.245,0.373
2013,01,전라북도,김제시,죽산면,대창리,원평천3,1.7,7.4,14.0,4.2,11.0,24.7,6.803,0.185
2013,01,전라북도,김제시,봉남면,용신리,원평천1,3.5,8.2,15.7,3.2,5.7,30.8,4.637,0.089
2013,01,전라북도,김제시,죽산면,죽산리,원평천2,1.6,7.9,16.1,4.0,7.9,11.1,5.529,0.138
2013,01,전라북도,정읍시,공평동,,정읍천3,1.0,7.2,9.9,2.8,3.9,3.0,1.736,0.012
2013,01,전라북도,정읍시,송산동,,정읍천1,4.0,6.9,10.1,1.9,3.6,3.6,1.199,0.011
2013,01,전라북도,정읍시,연지동,,정읍천2,4.0,7.0,10.3,2.0,4.0,10.6,1.352,0.013
2013,01,전라북도,정읍시,이평면,하송리,정읍천4,4.2,7.3,13.3,4.3,9.4,10.3,5.455,0.185
2013,01,전라북도,정읍시,하모동,,천원천,2.0,6.9,11.0,2.0,3.2,0.8,3.437,0.012
2013,01,전라북도,김제시,백구면,마산리,마산천,1.0,7.5,13.4,8.3,3.4,24.6,8.000,0.120
2013,01,전라북도,완주군,삼례읍,,삼례,5.2,7.8,14.0,2.5,5.4,4.3,3.627,0.088
2013,01,전라북도,익산시,춘포면,인수리,익산천1,2.2,7.7,15.1,5.3,6.8,10.8,5.946,0.322
2013,01,전라북도,익산시,춘포면,인수리,익산천2,1.9,7.5,14.7,25.6,41.2,23.8,19.772,1.372
2013,01,전라북도,군산시,대야면,광교리,탑천,1.5,7.4,11.7,5.4,12.8,31.2,6.634,0.286
2013,01,전라북도,김제시,백구면,백구리,김제,3.7,7.6,13.2,3.6,8.1,9.8,4.775,0.225
2013,01,전라북도,김제시,백구면,월봉리,용암천,2.2,8.0,16.7,10.9,9.8,8.4,19.464,0.185
2013,01,전라북도,전주시완산구,서신동,,삼천3,1.0,7.4,9.4,1.9,4.0,4.1,3.735,0.048
2013,01,전라북도,전주시완산구,평화동3가,,삼천1,1.0,7.2,8.6,1.2,2.5,1.5,3.364,0.024
2013,01,전라북도,전주시완산구,효자동2가,,삼천2,1.0,7.2,9.8,2.0,3.8,5.3,3.786,0.049
2013,01,전라북도,완주군,소양면,황운리,소양천1,3.0,8.0,10.8,1.0,1.8,0.4,3.310,0.013
2013,01,전라북도,완주군,용진읍,상운리,소양천2,2.0,7.6,9.8,1.2,2.4,3.2,5.078,0.028
2013,01,전라북도,익산시,춘포면,용연리,익산천3,1.7,7.6,13.2,29.5,43.6,25.5,18.028,1.203
2013,01,전라북도,전주시덕진구,고랑동,,전주천7,7.4,7.1,8.6,6.7,14.3,10.7,7.581,0.441
2013,01,전라북도,전주시덕진구,전미동1가,,전주,2.8,7.4,14.4,1.1,3.4,3.3,2.091,0.043
2013,01,전라북도,전주시완산구,대성동,,전주천1,1.0,7.9,9.6,0.8,1.6,0.4,2.502,0.011
2013,01,전라북도,완주군,고산면,읍내리,고산,6.3,8.3,13.6,1.6,2.7,0.2,1.796,0.012
2013,01,전라북도,무주군,무주읍,대차리,무주남대천2,2.9,8.0,16.0,0.8,1.7,0.1,3.132,0.016
2013,01,전라북도,무주군,무주읍,읍내리,무주남대천1,1.7,8.0,15.0,1.0,2.1,0.1,3.603,0.015
2013,01,전라북도,무주군,무주읍,읍내리,무주남대천3,0.9,7.4,15.5,0.6,2.1,1.0,2.997,0.031
2013,01,전라북도,부안군,상서면,청림리,백천내,5.0,6.9,10.6,0.6,1.9,1.6,1.218,0.007
2013,01,전라북도,무주군,안성면,진도리,구량천,0.9,7.8,14.7,0.7,2.3,1.3,3.280,0.026
2013,01,전라북도,진안군,정천면,월평리,정자천,1.7,7.7,14.8,0.6,1.5,1.9,2.443,0.014
2013,01,전라북도,진안군,진안읍,운산리,진안천,0.0,7.0,15.5,1.3,3.6,1.4,3.350,0.091
2013,01,전라북도,진안군,진안읍,가막리,가막,0.1,7.5,15.0,0.8,2.6,1.6,3.520,0.024
2013,01,전라북도,무주군,무주읍,용포리,용포,4.1,8.4,14.3,0.8,3.3,0.2,1.517,0.008
2013,01,전라북도,진안군,용담면,송풍리,용담,4.6,7.3,12.5,0.7,3.0,0.9,1.509,0.014
2013,01,전라북도,남원시,운봉읍,,람천2,0.9,7.4,14.8,1.8,2.5,0.3,2.640,0.015
2013,01,전라북도,남원시,인월면,중군리,람천1,2.2,8.0,14.5,2.6,2.5,1.0,3.583,0.023
2013,01,전라북도,임실군,관촌면,방수리,관촌,1.0,7.5,14.4,0.8,2.8,1.2,2.355,0.009
2013,01,전라북도,정읍시,산내면,매죽리,추령천,2.0,7.4,14.8,0.8,2.6,1.3,2.933,0.008
2013,01,전라북도,임실군,강진면,용수리,임실,3.0,7.4,13.9,0.8,3.4,1.0,1.776,0.008
2013,01,전라북도,순창군,동계면,구미리,동계,1.7,7.3,15.5,0.8,2.1,0.2,2.081,0.014
2013,01,전라북도,순창군,구림면,안정리,치천,1.8,7.2,14.8,0.8,2.6,0.9,2.370,0.008
2013,01,전라북도,남원시,대강면,풍산리,수홍천,2.9,7.3,13.6,0.9,3.5,2.4,3.140,0.024
2013,01,전라북도,순창군,유등면,유촌리,옥택천,1.5,7.2,14.2,0.9,3.4,2.7,2.666,0.015
2013,01,전라북도,순창군,적성면,고원리,적성,3.0,8.3,15.8,1.9,2.4,1.5,2.456,0.017
2013,01,전라북도,남원시,금지면,귀석리,남원,2.0,7.2,14.7,1.5,2.1,0.4,2.443,0.017
2013,01,전라북도,남원시,대강면,월탄리,대강,1.6,7.2,13.7,1.8,4.8,2.3,2.648,0.038
2013,01,전라북도,장수군,산서면,사상리,오수천1,2.6,7.2,14.0,1.1,3.1,3.2,2.743,0.027
2013,01,전라북도,남원시,덕과면,사율리,율천,2.7,7.1,14.3,1.2,4.7,2.1,2.548,0.059
2013,01,전라북도,남원시,사매면,서도리,월평천,2.5,7.1,14.5,1.2,4.9,2.0,3.413,0.047
2013,01,전라북도,순창군,동계면,서호리,오수천2,2.4,7.5,14.5,1.3,4.2,4.1,2.671,0.030
2013,01,전라북도,임실군,삼계면,후천리,후곡천,1.7,7.2,13.8,0.9,3.6,1.3,2.158,0.020
2013,01,전라북도,남원시,산동면,월석리,요천1,1.0,7.4,15.1,0.7,2.4,0.6,2.238,0.006
2013,01,전라북도,남원시,금지면,창산리,요천2,1.8,7.4,15.6,1.1,3.0,1.4,4.490,0.127
2013,01,전라북도,남원시,송동면,세전리,요천3,3.1,7.5,13.7,1.8,4.8,3.6,4.054,0.046
2013,01,전라북도,고창군,아산면,구암리,주진천1,1.3,8.3,13.8,2.5,5.3,5.4,7.388,0.095
2013,01,전라북도,고창군,아산면,반암리,주진천2,1.6,7.9,15.2,3.0,5.5,3.1,7.162,0.083
2013,02,전라북도,익산시,성당면,부곡리,산북천,4.2,7.7,14.1,6.0,11.4,31.9,6.752,0.446
2013,02,전라북도,익산시,망성면,무형리,마산천,6.1,7.8,13.4,4.7,8.4,12.8,8.567,0.233
2013,02,전라북도,부안군,동진면,하장리,고부천2,1.7,8.0,14.3,5.5,12.1,62.3,5.052,0.281
2013,02,전라북도,부안군,동진면,하장리,고부천3,4.0,7.8,14.0,2.8,7.4,41.8,3.702,0.109
2013,02,전라북도,정읍시,영원면,앵성리,고부천1,1.3,8.2,14.7,5.1,11.2,45.9,4.812,0.223
2013,02,전라북도,김제시,부량면,옥정리,동진강3,4.1,7.6,13.9,1.2,4.1,16.9,2.784,0.055
2013,02,전라북도,정읍시,신태인읍,,동진강2,2.8,8.4,14.1,2.3,3.8,17.0,2.599,0.045
2013,02,전라북도,정읍시,신태인읍,구석리,용호천,4.0,7.4,12.0,2.9,7.1,14.0,4.070,0.132
2013,02,전라북도,정읍시,옹동면,산성리,동진강1,3.5,8.2,14.2,2.2,2.9,1.7,2.472,0.017
2013,02,전라북도,김제시,성덕면,남포리,신평천,2.5,7.7,11.6,4.9,12.6,18.8,9.585,0.385
2013,02,전라북도,김제시,죽산면,대창리,원평천3,4.6,7.8,14.3,3.6,9.5,24.4,5.807,0.177
2013,02,전라북도,김제시,봉남면,용신리,원평천1,2.6,8.1,14.1,5.6,7.4,26.5,4.466,0.183
2013,02,전라북도,김제시,죽산면,죽산리,원평천2,2.4,8.0,13.5,5.6,11.6,59.0,5.884,0.226
2013,02,전라북도,정읍시,공평동,,정읍천3,4.0,7.4,10.8,1.6,4.6,5.8,2.709,0.039
2013,02,전라북도,정읍시,송산동,,정읍천1,5.0,7.7,13.2,1.3,4.1,0.3,1.655,0.018
2013,02,전라북도,정읍시,연지동,,정읍천2,5.0,8.6,12.2,1.3,3.9,7.4,1.830,0.026
2013,02,전라북도,정읍시,이평면,하송리,정읍천4,4.9,7.8,13.1,1.8,4.7,8.1,6.202,0.209
2013,02,전라북도,정읍시,하모동,,천원천,4.0,7.6,12.2,2.9,5.6,8.4,3.584,0.063
2013,02,전라북도,김제시,백구면,마산리,마산천,0.0,7.4,12.0,3.2,8.2,15.7,6.930,0.109
2013,02,전라북도,완주군,삼례읍,,삼례,4.1,8.3,13.7,1.8,3.7,2.4,2.623,0.046
2013,02,전라북도,익산시,춘포면,인수리,익산천1,4.3,7.9,13.6,5.7,9.3,19.1,6.311,0.671
2013,02,전라북도,익산시,춘포면,인수리,익산천2,4.3,7.8,13.1,18.6,28.4,26.8,12.812,1.385
2013,02,전라북도,군산시,대야면,광교리,탑천,4.9,7.6,13.1,3.8,9.5,23.5,4.553,0.088
2013,02,전라북도,김제시,백구면,백구리,김제,5.5,7.6,12.4,4.0,7.7,12.3,4.330,0.205
2013,02,전라북도,김제시,백구면,월봉리,용암천,5.1,7.9,14.3,8.0,15.9,58.6,9.858,0.498
2013,02,전라북도,전주시완산구,서신동,,삼천3,3.0,7.8,11.3,1.1,4.9,7.4,2.551,0.046
2013,02,전라북도,전주시완산구,평화동3가,,삼천1,3.0,7.8,11.8,0.8,3.7,4.8,2.100,0.027
2013,02,전라북도,전주시완산구,효자동2가,,삼천2,3.0,7.5,11.7,0.9,5.0,7.4,2.380,0.039
2013,02,전라북도,완주군,소양면,황운리,소양천1,2.0,8.2,11.8,0.4,2.0,1.0,3.100,0.020
2013,02,전라북도,완주군,용진읍,상운리,소양천2,0.0,7.5,11.8,0.6,2.7,2.0,3.931,0.016
2013,02,전라북도,익산시,춘포면,용연리,익산천3,4.2,7.7,12.5,24.2,33.0,27.1,14.928,1.331
2013,02,전라북도,전주시덕진구,고랑동,,전주천7,9.1,7.1,6.8,8.6,17.2,13.2,8.210,0.794
2013,02,전라북도,전주시덕진구,전미동1가,,전주,4.3,7.6,13.6,1.5,3.3,3.6,1.960,0.030
2013,02,전라북도,전주시완산구,대성동,,전주천1,4.0,7.7,13.0,0.4,1.8,1.6,2.809,0.016
2013,02,전라북도,완주군,고산면,읍내리,고산,4.7,8.7,14.2,1.0,2.6,0.4,2.239,0.010
2013,02,전라북도,무주군,무주읍,대차리,무주남대천2,2.7,8.7,15.4,0.6,2.3,0.2,2.297,0.012
2013,02,전라북도,무주군,무주읍,읍내리,무주남대천1,2.6,8.5,15.2,1.3,2.2,0.2,2.216,0.005
2013,02,전라북도,무주군,무주읍,읍내리,무주남대천3,3.0,7.8,14.6,0.9,2.6,0.4,2.527,0.020
2013,02,전라북도,부안군,상서면,청림리,백천내,8.0,7.0,12.2,0.7,2.6,1.7,1.624,0.005
2013,02,전라북도,무주군,안성면,진도리,구량천,2.0,7.8,14.3,0.6,2.5,1.1,2.353,0.016
2013,02,전라북도,진안군,정천면,월평리,정자천,3.8,7.9,14.2,0.8,1.8,1.3,2.564,0.017
2013,02,전라북도,진안군,진안읍,운산리,진안천,7.0,7.6,14.0,1.9,3.2,1.4,3.189,0.071
2013,02,전라북도,진안군,진안읍,가막리,가막,2.7,7.6,14.1,0.9,2.4,2.3,3.096,0.032
2013,02,전라북도,무주군,무주읍,용포리,용포,4.0,8.9,14.4,1.1,3.1,0.2,1.698,0.004
2013,02,전라북도,진안군,용담면,송풍리,용담,4.4,7.6,13.5,0.7,2.8,2.0,1.502,0.019
2013,02,전라북도,남원시,운봉읍,,람천2,3.6,7.8,14.9,3.3,2.3,0.3,2.261,0.014
2013,02,전라북도,남원시,인월면,중군리,람천1,4.0,7.6,15.2,2.2,3.3,3.6,3.726,0.032
2013,02,전라북도,임실군,관촌면,방수리,관촌,3.7,7.4,14.0,0.8,2.5,1.5,2.368,0.011
2013,02,전라북도,임실군,운암면,학암리,운암,3.9,7.0,15.1,2.0,2.2,0.8,2.381,0.021
2013,02,전라북도,정읍시,산내면,매죽리,추령천,4.2,7.3,13.8,1.0,2.7,2.6,2.901,0.011
2013,02,전라북도,임실군,강진면,용수리,임실,4.1,7.3,14.1,0.7,3.2,0.9,1.809,0.011
2013,02,전라북도,순창군,동계면,구미리,동계,4.5,6.0,15.0,1.3,1.9,0.6,2.038,0.007
2013,02,전라북도,순창군,구림면,안정리,치천,4.4,7.3,13.8,0.8,2.2,1.2,2.210,0.008
2013,02,전라북도,남원시,대강면,풍산리,수홍천,5.0,7.4,14.6,0.9,3.3,4.0,2.932,0.032
2013,02,전라북도,순창군,유등면,유촌리,옥택천,3.8,7.5,15.1,0.9,3.3,9.5,2.267,0.024
2013,02,전라북도,순창군,적성면,고원리,적성,4.0,7.9,14.2,1.9,2.8,2.3,2.523,0.022
2013,02,전라북도,남원시,금지면,귀석리,남원,4.7,7.2,16.8,1.4,3.0,0.3,2.310,0.017
2013,02,전라북도,남원시,대강면,월탄리,대강,4.4,7.3,13.9,2.0,4.0,6.4,2.436,0.046
2013,02,전라북도,장수군,산서면,사상리,오수천1,4.5,7.3,13.2,1.2,3.6,5.0,2.944,0.033
2013,02,전라북도,남원시,덕과면,사율리,율천,4.8,7.2,13.2,1.1,4.3,4.9,2.020,0.052
2013,02,전라북도,남원시,사매면,서도리,월평천,4.2,7.2,13.7,2.1,4.7,15.9,3.299,0.085
2013,02,전라북도,순창군,동계면,서호리,오수천2,4.9,7.5,13.7,1.1,4.0,5.0,2.418,0.036
2013,02,전라북도,임실군,삼계면,후천리,후곡천,4.0,7.5,14.4,0.9,3.7,4.0,1.974,0.034
2013,02,전라북도,남원시,산동면,월석리,요천1,3.5,7.3,14.3,0.8,2.6,2.7,2.351,0.012
2013,02,전라북도,남원시,금지면,창산리,요천2,5.4,6.4,15.4,1.9,3.7,2.4,3.601,0.049
2013,02,전라북도,남원시,송동면,세전리,요천3,6.0,7.3,14.2,2.4,5.0,6.2,3.487,0.056
2013,02,전라북도,고창군,아산면,구암리,주진천1,4.4,7.2,12.8,3.6,3.9,4.2,5.405,0.079
2013,02,전라북도,고창군,아산면,반암리,주진천2,4.2,6.5,13.7,3.8,4.4,4.2,5.442,0.068
2013,03,전라북도,익산시,성당면,부곡리,산북천,9.8,7.7,11.1,7.0,14.4,81.4,6.061,0.415
2013,03,전라북도,익산시,망성면,무형리,마산천,12.0,8.0,11.4,4.2,8.9,19.5,6.632,0.255
2013,03,전라북도,부안군,동진면,하장리,고부천2,8.2,6.6,11.3,3.9,8.5,109.1,3.533,0.324
2013,03,전라북도,부안군,동진면,하장리,고부천3,9.0,7.8,10.9,3.9,9.6,87.2,3.810,0.192
2013,03,전라북도,정읍시,영원면,앵성리,고부천1,8.4,6.4,11.3,3.2,9.6,71.0,4.756,0.198
2013,03,전라북도,김제시,부량면,옥정리,동진강3,8.3,7.5,12.4,1.0,4.6,19.7,2.562,0.062
2013,03,전라북도,정읍시,신태인읍,,동진강2,6.8,6.0,12.7,2.6,3.5,4.9,2.166,0.028
2013,03,전라북도,정읍시,신태인읍,구석리,용호천,8.0,7.9,14.4,1.6,4.5,2.0,3.517,0.063
2013,03,전라북도,정읍시,옹동면,산성리,동진강1,6.8,5.8,13.3,1.8,3.3,2.0,1.946,0.019
2013,03,전라북도,김제시,성덕면,남포리,신평천,8.6,8.4,15.5,6.0,17.0,27.8,8.556,0.900
2013,03,전라북도,김제시,죽산면,대창리,원평천3,11.5,8.5,15.2,4.7,11.3,48.5,4.150,0.175
2013,03,전라북도,김제시,봉남면,용신리,원평천1,9.3,8.0,11.5,5.0,7.8,43.4,5.415,0.169
2013,03,전라북도,김제시,죽산면,죽산리,원평천2,8.3,7.7,13.5,6.6,11.1,38.9,5.354,0.242
2013,03,전라북도,정읍시,공평동,,정읍천3,7.0,7.3,11.9,0.9,3.8,2.8,3.365,0.030
2013,03,전라북도,정읍시,송산동,,정읍천1,8.0,7.1,12.9,0.4,2.1,1.2,2.145,0.011
2013,03,전라북도,정읍시,연지동,,정읍천2,7.0,7.3,13.2,1.2,2.9,3.2,3.937,0.056
2013,03,전라북도,정읍시,이평면,하송리,정읍천4,11.4,7.6,12.1,2.2,6.2,22.5,4.592,0.126
2013,03,전라북도,정읍시,하모동,,천원천,7.0,7.5,12.6,0.9,3.7,4.6,3.554,0.037
2013,03,전라북도,김제시,백구면,마산리,마산천,9.0,8.6,15.9,3.0,9.3,13.3,6.226,0.266
2013,03,전라북도,완주군,삼례읍,,삼례,7.0,6.5,13.3,2.3,4.5,1.6,2.525,0.062
2013,03,전라북도,익산시,춘포면,인수리,익산천1,9.5,7.5,16.1,3.1,6.6,6.4,5.589,0.222
2013,03,전라북도,익산시,춘포면,인수리,익산천2,9.6,8.1,13.8,21.4,38.3,32.8,19.613,1.544
2013,03,전라북도,군산시,대야면,광교리,탑천,9.9,7.7,11.2,4.9,11.9,43.9,5.925,0.192
2013,03,전라북도,김제시,백구면,백구리,김제,9.4,7.4,10.8,4.0,8.1,12.3,4.351,0.240
2013,03,전라북도,김제시,백구면,월봉리,용암천,9.2,8.3,14.7,8.0,15.3,32.6,17.118,0.346
2013,03,전라북도,전주시완산구,서신동,,삼천3,9.0,7.7,11.1,1.3,4.8,3.2,3.398,0.085
2013,03,전라북도,전주시완산구,평화동3가,,삼천1,7.0,7.2,12.7,0.8,3.2,2.2,3.422,0.036
2013,03,전라북도,전주시완산구,효자동2가,,삼천2,7.0,7.3,13.7,1.1,4.1,4.0,3.566,0.099
2013,03,전라북도,완주군,소양면,황운리,소양천1,12.0,7.9,10.4,0.4,1.4,0.2,2.599,0.010
2013,03,전라북도,완주군,용진읍,상운리,소양천2,13.0,8.0,10.3,0.6,2.6,3.7,3.486,0.014
2013,03,전라북도,익산시,춘포면,용연리,익산천3,7.9,7.8,7.4,20.8,24.3,15.8,16.282,1.394
2013,03,전라북도,전주시덕진구,고랑동,,전주천7,12.2,7.3,8.0,8.7,18.5,7.7,8.968,0.633
2013,03,전라북도,전주시덕진구,전미동1가,,전주,7.8,7.9,12.7,1.2,3.7,4.1,1.963,0.036
2013,03,전라북도,전주시완산구,대성동,,전주천1,7.0,7.2,13.6,0.3,1.1,0.2,2.581,0.015
2013,03,전라북도,완주군,고산면,읍내리,고산,5.7,6.6,13.9,0.7,2.8,1.1,1.767,0.013
2013,03,전라북도,무주군,무주읍,대차리,무주남대천2,10.6,8.0,12.2,0.9,2.8,0.2,2.044,0.021
2013,03,전라북도,무주군,무주읍,읍내리,무주남대천1,9.3,7.9,12.0,1.7,2.4,0.1,2.011,0.018
2013,03,전라북도,무주군,무주읍,읍내리,무주남대천3,8.4,8.0,13.2,1.3,3.7,10.3,2.206,0.043
2013,03,전라북도,부안군,상서면,청림리,백천내,9.0,6.9,12.0,0.8,2.6,1.5,1.579,0.007
2013,03,전라북도,무주군,안성면,진도리,구량천,7.8,8.1,12.7,0.9,3.4,8.6,2.625,0.042
2013,03,전라북도,진안군,정천면,월평리,정자천,8.6,7.8,13.5,1.0,3.0,10.4,2.492,0.032
2013,03,전라북도,진안군,진안읍,운산리,진안천,4.0,7.2,14.1,1.7,3.4,1.0,3.139,0.047
2013,03,전라북도,진안군,진안읍,가막리,가막,8.2,7.9,12.6,2.0,5.6,64.9,3.268,0.140
2013,03,전라북도,무주군,무주읍,용포리,용포,8.5,8.2,12.3,0.8,3.9,0.1,1.682,0.153
2013,03,전라북도,진안군,용담면,송풍리,용담,5.8,7.4,13.3,0.8,3.5,3.1,1.664,0.022
2013,03,전라북도,남원시,운봉읍,,람천2,9.9,7.7,11.1,3.8,7.5,31.7,2.360,0.165
2013,03,전라북도,남원시,인월면,중군리,람천1,10.7,7.7,10.8,3.4,10.9,56.2,3.311,0.263
2013,03,전라북도,임실군,관촌면,방수리,관촌,6.5,7.0,12.3,0.9,2.8,2.0,2.375,0.014
2013,03,전라북도,임실군,운암면,학암리,운암,10.4,7.9,11.0,2.2,3.7,16.4,3.004,0.072
2013,03,전라북도,정읍시,산내면,매죽리,추령천,8.5,7.2,12.3,0.9,2.8,4.9,2.863,0.015
2013,03,전라북도,임실군,강진면,용수리,임실,7.5,7.2,12.4,0.8,3.1,2.5,1.927,0.010
2013,03,전라북도,순창군,동계면,구미리,동계,11.6,7.8,11.2,1.0,3.2,5.6,2.849,0.039
2013,03,전라북도,순창군,구림면,안정리,치천,7.0,7.1,12.3,0.8,2.6,1.1,2.346,0.013
2013,03,전라북도,남원시,대강면,풍산리,수홍천,7.3,7.5,13.3,0.8,2.4,6.9,2.999,0.020
2013,03,전라북도,순창군,유등면,유촌리,옥택천,5.5,7.5,13.9,1.0,3.2,4.0,2.272,0.019
2013,03,전라북도,순창군,적성면,고원리,적성,10.2,7.4,11.2,1.3,3.7,5.0,2.374,0.036
2013,03,전라북도,남원시,금지면,귀석리,남원,12.1,7.7,10.4,1.9,5.1,33.1,3.053,0.163
2013,03,전라북도,남원시,대강면,월탄리,대강,7.6,7.7,13.0,1.7,4.5,7.0,2.342,0.039
2013,03,전라북도,장수군,산서면,사상리,오수천1,5.2,7.2,13.2,0.8,2.6,3.6,2.779,0.021
2013,03,전라북도,남원시,덕과면,사율리,율천,8.1,7.4,12.8,1.1,3.6,5.2,1.933,0.045
2013,03,전라북도,남원시,사매면,서도리,월평천,7.1,7.4,13.3,0.8,3.7,5.2,3.018,0.035
2013,03,전라북도,순창군,동계면,서호리,오수천2,8.1,7.7,12.7,1.4,4.3,7.0,2.283,0.038
2013,03,전라북도,임실군,삼계면,후천리,후곡천,6.1,7.6,13.7,0.9,3.6,6.1,1.894,0.022
2013,03,전라북도,남원시,산동면,월석리,요천1,5.4,7.4,12.9,0.8,2.4,1.2,2.016,0.010
2013,03,전라북도,남원시,금지면,창산리,요천2,12.1,7.9,11.1,2.4,4.2,9.8,2.983,0.085
2013,03,전라북도,남원시,송동면,세전리,요천3,9.2,7.2,13.9,1.9,4.2,4.4,3.016,0.045
2013,03,전라북도,고창군,아산면,구암리,주진천1,7.7,8.1,12.1,3.3,4.7,9.2,4.281,0.137
2013,03,전라북도,고창군,아산면,반암리,주진천2,8.8,8.0,12.5,3.4,4.6,5.3,4.445,0.115
2013,04,전라북도,익산시,성당면,부곡리,산북천,14.6,8.2,11.1,7.1,12.8,30.7,5.940,0.239
2013,04,전라북도,익산시,망성면,무형리,마산천,13.6,7.9,10.6,4.3,8.5,18.4,6.488,0.204
2013,04,전라북도,부안군,동진면,하장리,고부천2,11.4,7.8,10.6,2.8,10.0,107.2,3.970,0.150
2013,04,전라북도,부안군,동진면,하장리,고부천3,13.3,8.2,10.9,3.3,9.4,32.5,4.527,0.106
2013,04,전라북도,정읍시,영원면,앵성리,고부천1,12.9,7.6,11.1,2.0,7.7,50.8,3.504,0.136
2013,04,전라북도,김제시,부량면,옥정리,동진강3,9.9,7.5,11.9,1.3,5.4,23.0,2.327,0.073
2013,04,전라북도,정읍시,신태인읍,,동진강2,10.3,7.6,12.0,1.3,3.5,9.9,1.982,0.017
2013,04,전라북도,정읍시,신태인읍,구석리,용호천,10.0,7.2,9.1,3.6,5.1,14.0,3.648,0.079
2013,04,전라북도,정읍시,옹동면,산성리,동진강1,10.2,7.2,11.9,1.8,3.5,6.0,1.920,0.054
2013,04,전라북도,김제시,성덕면,남포리,신평천,11.8,9.5,14.2,10.7,19.9,31.7,5.760,0.502
2013,04,전라북도,김제시,죽산면,대창리,원평천3,14.2,8.1,11.1,3.4,7.9,28.0,3.192,0.086
2013,04,전라북도,김제시,봉남면,용신리,원평천1,18.8,9.0,12.2,2.7,7.4,27.3,4.082,0.155
2013,04,전라북도,김제시,죽산면,죽산리,원평천2,13.2,8.0,10.3,3.6,9.0,81.8,4.112,0.148
2013,04,전라북도,정읍시,공평동,,정읍천3,12.0,7.0,8.4,2.5,4.0,15.5,3.381,0.036
2013,04,전라북도,정읍시,송산동,,정읍천1,11.0,6.9,9.1,1.2,2.2,0.6,2.590,0.017
2013,04,전라북도,정읍시,연지동,,정읍천2,10.0,7.0,10.0,2.8,4.1,1.4,4.454,0.062
2013,04,전라북도,정읍시,이평면,하송리,정읍천4,13.7,7.8,11.4,2.1,6.3,17.6,3.789,0.094
2013,04,전라북도,정읍시,하모동,,천원천,11.0,6.9,9.7,1.9,3.7,13.5,3.645,0.029
2013,04,전라북도,김제시,백구면,마산리,마산천,19.0,9.0,15.0,7.7,11.1,26.0,6.884,0.331
2013,04,전라북도,완주군,삼례읍,,삼례,11.6,8.0,11.5,2.3,4.9,3.3,2.348,0.091
2013,04,전라북도,익산시,춘포면,인수리,익산천1,15.3,8.1,11.9,3.6,8.1,16.2,4.980,0.370
2013,04,전라북도,익산시,춘포면,인수리,익산천2,15.3,8.0,10.8,9.0,14.3,21.9,11.437,0.535
2013,04,전라북도,군산시,대야면,광교리,탑천,13.7,7.8,9.9,4.9,10.1,25.8,4.058,0.106
2013,04,전라북도,김제시,백구면,백구리,김제,14.2,7.5,9.0,5.1,9.7,11.5,4.909,0.335
2013,04,전라북도,김제시,백구면,월봉리,용암천,15.2,9.1,13.5,4.3,16.2,49.0,15.209,0.197
2013,04,전라북도,전주시완산구,서신동,,삼천3,12.0,7.6,8.6,2.6,5.4,12.5,2.725,0.061
2013,04,전라북도,전주시완산구,평화동3가,,삼천1,10.0,7.1,9.9,1.4,3.1,8.6,2.696,0.029
2013,04,전라북도,전주시완산구,효자동2가,,삼천2,12.0,7.5,12.3,2.2,4.1,8.6,2.702,0.048
2013,04,전라북도,완주군,소양면,황운리,소양천1,16.0,8.1,11.1,1.0,1.6,3.2,2.955,0.028
2013,04,전라북도,완주군,용진읍,상운리,소양천2,14.0,8.4,9.8,1.4,3.2,6.4,3.808,0.035
2013,04,전라북도,익산시,춘포면,용연리,익산천3,13.9,7.7,8.4,7.5,11.2,10.7,7.493,0.542
2013,04,전라북도,전주시덕진구,고랑동,,전주천7,15.5,7.1,4.8,9.4,17.7,11.4,6.704,0.595
2013,04,전라북도,전주시덕진구,전미동1가,,전주,12.6,7.8,11.0,1.3,4.6,4.6,2.068,0.050
2013,04,전라북도,전주시완산구,대성동,,전주천1,11.0,7.2,11.3,0.7,1.3,2.0,2.985,0.025
2013,04,전라북도,완주군,고산면,읍내리,고산,9.2,8.3,12.5,0.9,3.3,0.2,1.970,0.013
2013,04,전라북도,무주군,무주읍,대차리,무주남대천2,10.6,8.7,11.8,1.6,2.7,0.4,2.010,0.022
2013,04,전라북도,무주군,무주읍,읍내리,무주남대천1,10.2,8.4,10.9,1.3,2.5,0.3,1.951,0.014
2013,04,전라북도,무주군,무주읍,읍내리,무주남대천3,11.8,8.4,12.8,1.0,3.4,2.3,1.970,0.023
2013,04,전라북도,부안군,상서면,청림리,백천내,7.0,7.3,10.8,1.2,2.2,1.0,1.607,0.006
2013,04,전라북도,무주군,안성면,진도리,구량천,11.8,8.3,11.7,1.0,4.1,7.8,2.651,0.044
2013,04,전라북도,진안군,정천면,월평리,정자천,11.3,7.8,11.7,0.7,2.8,2.7,2.424,0.029
2013,04,전라북도,진안군,진안읍,운산리,진안천,8.0,7.2,12.2,1.2,2.6,3.2,3.500,0.047
2013,04,전라북도,진안군,진안읍,가막리,가막,11.8,8.1,11.9,1.2,4.1,5.7,2.861,0.045
2013,04,전라북도,무주군,무주읍,용포리,용포,9.9,8.1,11.9,1.2,3.5,1.6,1.712,0.016
2013,04,전라북도,진안군,용담면,송풍리,용담,8.7,7.8,12.3,0.7,3.7,1.5,1.588,0.015
2013,04,전라북도,남원시,운봉읍,,람천2,10.7,8.4,11.9,1.3,2.9,0.6,2.029,0.026
2013,04,전라북도,남원시,인월면,중군리,람천1,12.1,8.7,11.9,1.8,4.2,4.2,2.927,0.045
2013,04,전라북도,임실군,관촌면,방수리,관촌,11.3,7.4,11.4,0.8,2.8,14.1,2.193,0.026
2013,04,전라북도,임실군,운암면,학암리,운암,13.0,6.1,11.1,2.3,3.2,11.5,1.906,0.034
2013,04,전라북도,정읍시,산내면,매죽리,추령천,12.8,7.3,11.9,0.9,2.8,6.4,2.813,0.016
2013,04,전라북도,임실군,강진면,용수리,임실,11.8,7.3,12.3,0.8,3.3,2.0,1.681,0.011
2013,04,전라북도,순창군,동계면,구미리,동계,15.6,7.2,10.9,1.9,3.9,1.9,1.635,0.019
2013,04,전라북도,순창군,구림면,안정리,치천,12.0,7.7,11.6,0.9,3.1,4.3,2.202,0.018
2013,04,전라북도,남원시,대강면,풍산리,수홍천,12.2,7.4,11.8,3.0,7.0,51.6,2.864,0.056
2013,04,전라북도,순창군,유등면,유촌리,옥택천,11.0,7.3,11.8,1.9,5.8,34.6,2.022,0.053
2013,04,전라북도,순창군,적성면,고원리,적성,14.4,8.0,10.5,1.9,3.8,5.2,1.786,0.026
2013,04,전라북도,남원시,금지면,귀석리,남원,16.0,7.9,11.7,2.2,4.1,2.4,1.384,0.026
2013,04,전라북도,남원시,대강면,월탄리,대강,12.7,7.4,12.2,1.6,4.4,5.3,1.832,0.027
2013,04,전라북도,장수군,산서면,사상리,오수천1,10.1,7.2,11.6,1.1,3.4,8.1,2.437,0.023
2013,04,전라북도,남원시,덕과면,사율리,율천,13.0,7.3,11.7,1.3,3.7,6.4,1.492,0.046
2013,04,전라북도,남원시,사매면,서도리,월평천,12.5,7.4,13.0,2.1,6.3,27.1,2.569,0.053
2013,04,전라북도,순창군,동계면,서호리,오수천2,13.2,7.9,11.8,1.6,4.1,7.0,1.802,0.025
2013,04,전라북도,임실군,삼계면,후천리,후곡천,11.9,7.5,11.5,1.1,3.8,6.7,1.857,0.031
2013,04,전라북도,남원시,산동면,월석리,요천1,9.8,7.6,12.1,0.8,2.5,1.8,1.651,0.010
2013,04,전라북도,남원시,금지면,창산리,요천2,14.6,6.5,11.1,2.9,3.5,2.3,2.533,0.038
2013,04,전라북도,남원시,송동면,세전리,요천3,13.5,7.8,11.9,1.9,4.1,4.7,2.348,0.039
2013,04,전라북도,고창군,아산면,구암리,주진천1,11.2,6.3,11.8,3.9,6.1,8.0,3.708,0.109
2013,04,전라북도,고창군,아산면,반암리,주진천2,11.3,5.9,11.5,4.2,5.6,23.8,3.229,0.092
2013,05,전라북도,익산시,성당면,부곡리,산북천,20.1,7.7,8.9,5.4,11.3,35.0,4.183,0.135
2013,05,전라북도,익산시,망성면,무형리,마산천,21.2,7.4,9.8,5.0,11.2,68.4,5.561,0.331
2013,05,전라북도,부안군,동진면,하장리,고부천2,18.5,8.7,9.5,1.9,8.0,6.6,3.338,0.065
2013,05,전라북도,부안군,동진면,하장리,고부천3,20.6,8.1,10.1,4.3,9.8,18.0,3.342,0.081
2013,05,전라북도,정읍시,영원면,앵성리,고부천1,17.3,8.2,9.0,1.8,7.0,20.9,2.675,0.149
2013,05,전라북도,김제시,부량면,옥정리,동진강3,20.0,7.8,9.5,4.2,8.5,29.0,3.383,0.125
2013,05,전라북도,정읍시,신태인읍,,동진강2,16.6,8.2,9.3,1.1,5.6,17.5,2.983,0.110
2013,05,전라북도,정읍시,신태인읍,구석리,용호천,15.0,7.0,10.6,2.2,5.5,29.4,2.568,0.097
2013,05,전라북도,정읍시,옹동면,산성리,동진강1,15.4,8.1,10.1,1.3,3.4,2.1,1.977,0.018
2013,05,전라북도,김제시,성덕면,남포리,신평천,16.4,7.7,9.7,1.0,4.8,5.9,1.992,0.022
2013,05,전라북도,김제시,죽산면,대창리,원평천3,20.3,8.1,10.1,3.1,6.9,16.0,2.638,0.079
2013,05,전라북도,김제시,봉남면,용신리,원평천1,19.8,9.5,11.6,3.8,12.0,16.1,2.360,0.078
2013,05,전라북도,김제시,죽산면,죽산리,원평천2,18.9,9.0,9.3,2.0,6.8,3.3,2.202,0.038
2013,05,전라북도,정읍시,공평동,,정읍천3,19.0,7.2,11.1,2.6,5.8,10.6,3.168,0.058
2013,05,전라북도,정읍시,송산동,,정읍천1,15.0,7.0,10.6,1.1,2.1,6.4,2.060,0.018
2013,05,전라북도,정읍시,연지동,,정읍천2,17.0,7.1,13.5,3.1,4.6,4.4,4.368,0.158
2013,05,전라북도,정읍시,이평면,하송리,정읍천4,20.1,7.5,9.8,3.7,8.5,31.8,3.928,0.161
2013,05,전라북도,정읍시,하모동,,천원천,16.0,7.1,11.7,2.0,4.7,17.2,3.226,0.061
2013,05,전라북도,김제시,백구면,마산리,마산천,20.0,8.9,14.6,14.0,13.9,46.7,6.545,0.330
2013,05,전라북도,완주군,삼례읍,,삼례,16.1,7.8,9.9,1.4,4.0,10.4,2.390,0.070
2013,05,전라북도,익산시,춘포면,인수리,익산천1,18.9,7.6,8.2,3.4,8.3,33.6,4.018,0.249
2013,05,전라북도,익산시,춘포면,인수리,익산천2,19.8,7.7,7.6,10.6,17.5,30.1,14.181,4.455
2013,05,전라북도,군산시,대야면,광교리,탑천,20.6,7.4,8.5,5.4,10.2,34.1,4.091,0.195
2013,05,전라북도,김제시,백구면,백구리,김제,20.9,7.1,8.4,5.1,10.4,18.1,4.266,0.377
2013,05,전라북도,김제시,백구면,월봉리,용암천,22.7,8.6,11.9,5.3,18.4,27.9,7.723,0.310
2013,05,전라북도,전주시완산구,서신동,,삼천3,18.0,7.5,7.7,1.9,3.9,11.4,2.119,0.054
2013,05,전라북도,전주시완산구,평화동3가,,삼천1,16.0,7.8,7.9,1.2,3.5,5.6,2.016,0.026
2013,05,전라북도,전주시완산구,효자동2가,,삼천2,18.0,7.8,9.1,1.3,3.9,21.4,2.133,0.065
2013,05,전라북도,완주군,소양면,황운리,소양천1,20.0,8.6,10.2,0.9,2.2,3.2,2.705,0.030
2013,05,전라북도,완주군,용진읍,상운리,소양천2,19.0,7.3,9.7,1.0,2.6,9.0,3.275,0.036
2013,05,전라북도,익산시,춘포면,용연리,익산천3,17.4,7.6,6.3,9.4,17.4,22.0,14.088,4.486
2013,05,전라북도,전주시덕진구,고랑동,,전주천7,20.8,6.9,2.0,12.9,22.2,10.0,7.841,0.915
2013,05,전라북도,전주시덕진구,전미동1가,,전주,20.4,7.7,9.0,1.5,4.4,8.6,1.821,0.051
2013,05,전라북도,전주시완산구,대성동,,전주천1,15.0,8.0,10.9,1.0,1.6,2.4,2.355,0.016
2013,05,전라북도,완주군,고산면,읍내리,고산,13.0,8.0,10.7,0.5,2.6,1.5,2.011,0.014
2013,05,전라북도,무주군,무주읍,대차리,무주남대천2,20.0,8.6,10.1,1.2,4.1,1.2,1.769,0.016
2013,05,전라북도,무주군,무주읍,읍내리,무주남대천1,18.7,8.3,9.6,1.1,3.1,0.5,1.743,0.013
2013,05,전라북도,무주군,무주읍,읍내리,무주남대천3,20.7,8.3,11.0,1.7,5.0,14.3,2.111,0.054
2013,05,전라북도,부안군,상서면,청림리,백천내,13.0,6.7,10.4,0.9,1.9,0.5,1.713,0.003
2013,05,전라북도,무주군,안성면,진도리,구량천,19.2,8.5,9.6,2.1,5.2,15.8,2.890,0.039
2013,05,전라북도,진안군,정천면,월평리,정자천,20.1,8.0,11.0,0.8,3.5,14.6,2.363,0.032
2013,05,전라북도,진안군,진안읍,운산리,진안천,20.0,7.6,9.7,1.5,3.4,3.8,2.471,0.087
2013,05,전라북도,진안군,진안읍,가막리,가막,20.4,8.4,11.1,2.0,5.7,24.2,2.614,0.046
2013,05,전라북도,무주군,무주읍,용포리,용포,17.0,8.5,10.4,1.0,3.2,0.2,1.628,0.016
2013,05,전라북도,진안군,용담면,송풍리,용담,16.3,7.8,12.0,0.9,3.5,2.2,1.768,0.015
2013,05,전라북도,남원시,운봉읍,,람천2,19.9,7.3,8.7,1.6,3.9,6.0,1.863,0.043
2013,05,전라북도,남원시,인월면,중군리,람천1,21.6,7.0,8.1,2.2,6.8,16.0,3.106,0.074
2013,05,전라북도,임실군,관촌면,방수리,관촌,19.5,7.2,9.3,1.2,4.0,14.0,2.151,0.028
2013,05,전라북도,임실군,운암면,학암리,운암,22.5,6.6,11.2,1.6,4.2,8.7,1.836,0.049
2013,05,전라북도,정읍시,산내면,매죽리,추령천,20.1,7.5,10.5,1.0,3.4,12.7,3.091,0.019
2013,05,전라북도,임실군,강진면,용수리,임실,19.7,7.5,10.6,1.1,3.7,3.2,1.561,0.010
2013,05,전라북도,순창군,동계면,구미리,동계,23.5,7.3,7.2,2.2,6.2,14.0,1.181,0.060
2013,05,전라북도,순창군,구림면,안정리,치천,19.5,7.5,9.6,0.9,3.2,5.0,2.823,0.027
2013,05,전라북도,남원시,대강면,풍산리,수홍천,19.6,7.3,9.5,3.0,5.8,17.7,2.397,0.077
2013,05,전라북도,순창군,유등면,유촌리,옥택천,18.4,7.1,9.2,1.9,4.8,16.8,1.944,0.041
2013,05,전라북도,순창군,적성면,고원리,적성,19.1,8.2,8.3,0.8,4.5,8.9,1.642,0.048
2013,05,전라북도,남원시,금지면,귀석리,남원,21.5,7.2,8.4,1.8,5.7,3.3,3.110,0.112
2013,05,전라북도,남원시,대강면,월탄리,대강,21.1,7.4,8.7,2.9,6.1,18.1,1.917,0.040
2013,05,전라북도,장수군,산서면,사상리,오수천1,17.3,7.0,9.7,1.8,4.7,17.3,2.540,0.051
2013,05,전라북도,남원시,덕과면,사율리,율천,21.0,7.3,10.4,2.0,4.9,10.7,1.238,0.059
2013,05,전라북도,남원시,사매면,서도리,월평천,20.3,7.2,11.2,2.1,6.0,8.3,1.945,0.053
2013,05,전라북도,순창군,동계면,서호리,오수천2,22.5,7.8,10.1,2.3,5.7,17.4,1.706,0.048
2013,05,전라북도,임실군,삼계면,후천리,후곡천,19.9,7.6,9.5,1.3,3.9,13.2,1.703,0.050
2013,05,전라북도,남원시,산동면,월석리,요천1,17.6,7.2,10.2,0.8,3.0,5.2,1.736,0.018
2013,05,전라북도,남원시,금지면,창산리,요천2,23.2,8.4,9.1,2.0,6.3,12.0,1.329,0.060
2013,05,전라북도,남원시,송동면,세전리,요천3,20.5,7.8,10.1,3.1,6.7,11.9,2.425,0.068
2013,05,전라북도,고창군,아산면,구암리,주진천1,19.0,8.3,8.4,5.0,8.8,18.9,2.735,0.131
2013,05,전라북도,고창군,아산면,반암리,주진천2,19.0,8.7,9.9,4.6,9.3,61.6,2.256,0.181
2013,06,전라북도,익산시,성당면,부곡리,산북천,24.4,7.7,7.9,6.2,13.6,29.9,3.720,0.054
2013,06,전라북도,익산시,망성면,무형리,마산천,27.2,7.6,7.8,9.6,13.3,33.3,4.317,0.286
2013,06,전라북도,부안군,동진면,하장리,고부천2,26.4,7.8,8.4,1.7,10.9,7.7,3.728,0.055
2013,06,전라북도,부안군,동진면,하장리,고부천3,23.6,7.3,6.3,5.4,12.2,26.1,4.262,0.109
2013,06,전라북도,정읍시,영원면,앵성리,고부천1,26.4,8.0,11.2,1.9,15.3,14.5,3.013,0.073
2013,06,전라북도,김제시,부량면,옥정리,동진강3,23.6,7.5,8.3,3.8,9.2,25.1,3.381,0.093
2013,06,전라북도,정읍시,신태인읍,,동진강2,25.1,7.2,7.8,1.6,7.5,16.0,2.626,0.065
2013,06,전라북도,정읍시,신태인읍,구석리,용호천,25.0,7.2,9.0,4.6,10.4,36.3,3.389,0.150
2013,06,전라북도,정읍시,옹동면,산성리,동진강1,20.5,7.4,9.8,1.3,3.9,5.7,1.974,0.027
2013,06,전라북도,김제시,성덕면,남포리,신평천,25.3,8.3,11.2,1.9,10.4,22.9,2.376,0.042
2013,06,전라북도,김제시,죽산면,대창리,원평천3,23.1,7.4,6.2,5.1,11.2,27.2,3.977,0.101
2013,06,전라북도,김제시,봉남면,용신리,원평천1,27.5,7.9,10.3,2.2,14.7,13.7,1.765,0.039
2013,06,전라북도,김제시,죽산면,죽산리,원평천2,26.4,7.7,8.1,1.3,7.9,9.0,3.817,0.051
2013,06,전라북도,정읍시,공평동,,정읍천3,25.0,7.7,12.4,2.4,7.4,8.0,3.389,0.065
2013,06,전라북도,정읍시,송산동,,정읍천1,22.0,7.5,12.1,0.9,3.6,4.4,1.293,0.022
2013,06,전라북도,정읍시,연지동,,정읍천2,22.0,7.3,11.5,1.4,3.7,10.8,2.023,0.053
2013,06,전라북도,정읍시,이평면,하송리,정읍천4,23.2,7.5,8.4,3.7,9.1,27.9,3.827,0.124
2013,06,전라북도,정읍시,하모동,,천원천,24.0,7.0,9.0,2.7,8.3,15.0,4.405,0.072
2013,06,전라북도,김제시,백구면,마산리,마산천,28.0,9.0,17.6,4.8,13.6,16.5,4.038,0.393
2013,06,전라북도,완주군,삼례읍,,삼례,22.9,7.5,6.7,1.8,7.9,9.9,5.136,0.568
2013,06,전라북도,익산시,춘포면,인수리,익산천1,23.1,7.7,7.8,3.3,14.4,26.0,2.450,0.237
2013,06,전라북도,익산시,춘포면,인수리,익산천2,23.0,7.6,6.1,14.6,50.8,92.8,16.002,2.342
2013,06,전라북도,군산시,대야면,광교리,탑천,24.8,7.4,6.2,7.0,13.4,30.5,4.012,0.102
2013,06,전라북도,김제시,백구면,백구리,김제,24.6,7.4,7.0,5.8,10.7,20.2,4.590,0.323
2013,06,전라북도,김제시,백구면,월봉리,용암천,24.1,7.8,10.4,3.7,23.3,23.2,4.984,0.279
2013,06,전라북도,전주시완산구,서신동,,삼천3,25.0,7.2,8.7,2.1,5.9,12.6,2.439,0.091
2013,06,전라북도,전주시완산구,평화동3가,,삼천1,24.0,7.4,10.0,2.2,5.6,3.1,2.168,0.057
2013,06,전라북도,전주시완산구,효자동2가,,삼천2,25.0,7.2,11.5,1.4,5.3,10.7,2.351,0.080
2013,06,전라북도,완주군,소양면,황운리,소양천1,27.0,7.6,8.0,0.5,1.8,9.0,1.749,0.022
2013,06,전라북도,완주군,용진읍,상운리,소양천2,27.0,7.9,8.9,1.6,4.2,9.6,2.344,0.030
2013,06,전라북도,익산시,춘포면,용연리,익산천3,21.7,7.7,5.4,9.9,18.6,23.1,10.418,1.265
2013,06,전라북도,전주시덕진구,고랑동,,전주천7,23.7,7.0,1.9,9.2,18.0,11.2,6.685,0.757
2013,06,전라북도,전주시덕진구,전미동1가,,전주,23.4,7.7,8.4,1.4,4.8,9.5,2.042,0.057
2013,06,전라북도,전주시완산구,대성동,,전주천1,21.0,7.5,12.2,0.5,0.9,4.5,2.214,0.029
2013,06,전라북도,완주군,고산면,읍내리,고산,15.9,8.1,11.1,0.6,3.1,3.0,2.056,0.030
2013,06,전라북도,무주군,무주읍,대차리,무주남대천2,25.5,6.7,8.6,1.1,3.3,5.9,2.068,0.072
2013,06,전라북도,무주군,무주읍,읍내리,무주남대천1,24.5,6.9,8.2,0.9,2.8,1.2,1.789,0.018
2013,06,전라북도,무주군,무주읍,읍내리,무주남대천3,26.1,8.4,10.3,1.2,4.8,7.3,1.761,0.031
2013,06,전라북도,부안군,상서면,청림리,백천내,22.0,6.5,9.1,1.2,1.8,0.5,2.080,0.007
2013,06,전라북도,무주군,안성면,진도리,구량천,23.5,8.5,9.5,1.2,5.0,7.8,2.211,0.032
2013,06,전라북도,진안군,정천면,월평리,정자천,24.4,8.1,9.0,1.0,4.2,12.9,2.814,0.022
2013,06,전라북도,진안군,진안읍,운산리,진안천,27.0,7.8,9.2,2.3,4.9,5.6,3.030,0.145
2013,06,전라북도,진안군,진안읍,가막리,가막,25.2,8.5,10.2,1.5,6.4,8.3,2.512,0.047
2013,06,전라북도,무주군,무주읍,용포리,용포,20.7,5.4,9.5,0.9,2.8,1.4,1.634,0.038
2013,06,전라북도,진안군,용담면,송풍리,용담,17.7,7.5,10.6,0.9,4.1,2.4,1.729,0.018
2013,06,전라북도,남원시,운봉읍,,람천2,22.2,7.7,8.6,1.0,4.9,4.1,1.464,0.039
2013,06,전라북도,남원시,인월면,중군리,람천1,22.1,7.4,8.6,1.6,7.9,15.3,2.319,0.079
2013,06,전라북도,임실군,관촌면,방수리,관촌,24.8,7.2,8.9,1.5,4.5,12.2,2.290,0.040
2013,06,전라북도,임실군,운암면,학암리,운암,27.5,8.7,9.7,1.7,7.0,12.6,1.771,0.103
2013,06,전라북도,정읍시,산내면,매죽리,추령천,24.8,7.8,9.9,1.0,3.3,7.7,2.699,0.022
2013,06,전라북도,임실군,강진면,용수리,임실,23.5,7.5,10.0,1.2,3.8,2.7,1.291,0.013
2013,06,전라북도,순창군,동계면,구미리,동계,27.3,7.8,8.2,1.8,4.8,8.6,1.804,0.024
2013,06,전라북도,순창군,구림면,안정리,치천,24.2,7.6,8.9,0.8,4.1,4.9,2.715,0.032
2013,06,전라북도,남원시,대강면,풍산리,수홍천,23.6,7.4,7.9,2.3,7.4,12.9,3.192,0.089
2013,06,전라북도,순창군,유등면,유촌리,옥택천,23.1,7.3,8.1,1.5,6.5,28.4,2.072,0.086
2013,06,전라북도,순창군,적성면,고원리,적성,25.4,7.3,7.9,0.8,6.4,10.6,2.095,0.110
2013,06,전라북도,남원시,금지면,귀석리,남원,27.6,8.3,8.0,1.3,7.2,6.1,1.419,0.069
2013,06,전라북도,남원시,대강면,월탄리,대강,25.7,7.5,8.5,2.0,7.4,13.5,2.187,0.060
2013,06,전라북도,장수군,산서면,사상리,오수천1,21.8,6.9,8.0,3.1,7.3,18.3,3.739,0.099
2013,06,전라북도,남원시,덕과면,사율리,율천,24.3,7.1,8.2,1.6,6.6,12.2,2.240,0.085
2013,06,전라북도,남원시,사매면,서도리,월평천,22.2,7.1,9.2,1.7,7.5,6.8,2.402,0.076
2013,06,전라북도,순창군,동계면,서호리,오수천2,26.3,7.8,9.2,1.8,7.2,18.7,2.004,0.076
2013,06,전라북도,임실군,삼계면,후천리,후곡천,24.8,7.7,9.2,1.4,6.8,15.2,2.056,0.107
2013,06,전라북도,남원시,산동면,월석리,요천1,21.9,7.0,9.6,0.9,3.0,7.7,1.769,0.028
2013,06,전라북도,남원시,금지면,창산리,요천2,27.0,7.9,7.8,2.0,7.0,2.2,2.907,0.106
2013,06,전라북도,남원시,송동면,세전리,요천3,26.4,7.4,10.1,1.9,6.8,7.3,2.304,0.101
2013,06,전라북도,고창군,아산면,구암리,주진천1,23.4,7.6,7.3,2.6,10.3,9.8,3.003,0.120
2013,06,전라북도,고창군,아산면,반암리,주진천2,23.9,7.8,7.2,2.7,9.7,38.7,2.764,0.140
2013,07,전라북도,익산시,성당면,부곡리,산북천,28.6,8.2,8.3,4.6,10.0,24.6,2.558,0.071
2013,07,전라북도,익산시,망성면,무형리,마산천,28.8,7.5,7.5,3.6,8.9,23.2,4.111,0.257
2013,07,전라북도,부안군,동진면,하장리,고부천2,27.0,7.5,7.2,4.1,6.1,58.0,2.734,0.095
2013,07,전라북도,부안군,동진면,하장리,고부천3,26.7,7.6,7.2,3.6,9.8,83.6,2.625,0.138
2013,07,전라북도,정읍시,영원면,앵성리,고부천1,28.0,7.1,6.2,2.6,7.6,62.5,2.792,0.095
2013,07,전라북도,김제시,부량면,옥정리,동진강3,25.0,7.8,8.3,3.6,8.4,111.2,2.639,0.107
2013,07,전라북도,정읍시,신태인읍,,동진강2,26.2,8.2,7.8,2.1,5.6,9.7,1.677,0.061
2013,07,전라북도,정읍시,신태인읍,구석리,용호천,27.0,7.3,4.7,2.3,6.8,29.8,1.299,0.106
2013,07,전라북도,정읍시,옹동면,산성리,동진강1,23.9,8.5,8.0,1.4,4.4,14.4,1.713,0.033
2013,07,전라북도,김제시,성덕면,남포리,신평천,27.3,7.9,7.5,1.9,10.6,24.8,4.341,0.122
2013,07,전라북도,김제시,죽산면,대창리,원평천3,26.6,7.6,7.2,3.6,9.8,65.4,2.463,0.150
2013,07,전라북도,김제시,봉남면,용신리,원평천1,29.8,8.2,9.5,1.9,14.9,19.5,3.632,0.140
2013,07,전라북도,김제시,죽산면,죽산리,원평천2,27.5,8.0,6.7,2.1,9.8,42.1,4.791,0.088
2013,07,전라북도,정읍시,공평동,,정읍천3,28.0,8.7,8.4,3.0,8.1,25.5,1.124,0.055
2013,07,전라북도,정읍시,송산동,,정읍천1,28.0,8.2,9.7,0.8,2.3,6.0,1.045,0.017
2013,07,전라북도,정읍시,연지동,,정읍천2,28.0,8.5,11.0,1.2,3.6,8.0,2.512,0.088
2013,07,전라북도,정읍시,이평면,하송리,정읍천4,24.3,7.5,7.6,3.6,8.8,94.1,3.055,0.124
2013,07,전라북도,정읍시,하모동,,천원천,27.0,7.5,6.2,2.5,6.6,19.8,1.493,0.039
2013,07,전라북도,김제시,백구면,마산리,마산천,28.0,8.5,10.1,4.5,9.1,25.7,2.970,0.126
2013,07,전라북도,완주군,삼례읍,,삼례,27.5,7.2,6.6,2.0,7.4,15.5,5.547,0.266
2013,07,전라북도,익산시,춘포면,인수리,익산천1,30.4,7.7,8.4,3.3,13.0,15.7,7.381,0.239
2013,07,전라북도,익산시,춘포면,인수리,익산천2,30.7,7.7,6.2,18.0,34.7,52.3,15.293,1.243
2013,07,전라북도,군산시,대야면,광교리,탑천,26.9,7.5,6.2,4.3,10.4,76.2,2.364,0.120
2013,07,전라북도,김제시,백구면,백구리,김제,25.7,7.6,7.1,6.0,12.6,135.0,2.875,0.209
2013,07,전라북도,김제시,백구면,월봉리,용암천,31.0,9.2,10.6,9.4,11.5,45.5,3.880,0.154
2013,07,전라북도,전주시완산구,서신동,,삼천3,27.0,7.1,7.1,1.8,3.7,32.0,2.241,0.107
2013,07,전라북도,전주시완산구,평화동3가,,삼천1,26.0,7.0,7.5,1.0,2.9,9.0,2.025,0.068
2013,07,전라북도,전주시완산구,효자동2가,,삼천2,27.0,7.3,8.7,1.5,3.6,28.6,2.047,0.086
2013,07,전라북도,완주군,소양면,황운리,소양천1,29.0,8.3,9.6,0.4,0.9,6.6,3.101,0.050
2013,07,전라북도,완주군,용진읍,상운리,소양천2,29.0,8.2,9.8,0.6,0.8,13.0,4.041,0.042
2013,07,전라북도,익산시,춘포면,용연리,익산천3,27.1,7.6,5.2,11.9,17.4,18.4,10.414,0.661
2013,07,전라북도,전주시덕진구,고랑동,,전주천7,25.3,7.1,4.8,6.5,11.2,12.4,4.007,0.434
2013,07,전라북도,전주시덕진구,전미동1가,,전주,23.2,7.8,8.5,1.1,3.9,12.0,2.219,0.063
2013,07,전라북도,전주시완산구,대성동,,전주천1,23.0,7.2,9.8,0.8,1.2,3.8,2.405,0.023
2013,07,전라북도,완주군,고산면,읍내리,고산,19.4,7.5,9.7,0.8,2.3,1.0,2.234,0.020
2013,07,전라북도,무주군,무주읍,대차리,무주남대천2,28.3,6.6,7.9,1.2,3.2,2.0,1.888,0.033
2013,07,전라북도,무주군,무주읍,읍내리,무주남대천1,28.3,6.4,9.1,1.1,3.2,0.1,1.755,0.020
2013,07,전라북도,무주군,무주읍,읍내리,무주남대천3,25.8,8.4,10.4,1.0,3.2,3.5,1.670,0.022
2013,07,전라북도,부안군,상서면,청림리,백천내,25.0,6.7,8.5,0.8,2.0,1.3,2.324,0.007
2013,07,전라북도,무주군,안성면,진도리,구량천,21.5,7.9,9.3,0.9,3.5,6.6,1.894,0.029
2013,07,전라북도,진안군,정천면,월평리,정자천,23.4,8.1,9.1,0.9,2.9,5.0,2.676,0.014
2013,07,전라북도,진안군,진안읍,운산리,진안천,27.0,7.7,8.4,2.4,4.1,4.0,3.123,0.075
2013,07,전라북도,진안군,진안읍,가막리,가막,22.9,7.9,8.9,1.8,5.6,49.6,2.750,0.120
2013,07,전라북도,무주군,무주읍,용포리,용포,25.8,6.4,7.9,1.3,3.6,0.6,1.517,0.018
2013,07,전라북도,진안군,용담면,송풍리,용담,21.5,7.7,9.5,0.9,3.2,3.5,1.610,0.018
2013,07,전라북도,남원시,운봉읍,,람천2,25.5,8.0,7.7,0.9,2.4,10.6,1.553,0.037
2013,07,전라북도,남원시,인월면,중군리,람천1,27.1,7.9,7.3,1.1,3.8,1.9,2.521,0.080
2013,07,전라북도,임실군,관촌면,방수리,관촌,24.0,7.3,8.2,0.8,3.6,10.3,2.570,0.046
2013,07,전라북도,임실군,운암면,학암리,운암,30.2,9.1,9.4,1.6,4.2,3.6,1.934,0.035
2013,07,전라북도,정읍시,산내면,매죽리,추령천,26.4,7.8,8.5,0.8,2.9,7.3,3.372,0.026
2013,07,전라북도,임실군,강진면,용수리,임실,24.5,7.5,8.7,1.0,3.6,3.9,1.549,0.018
2013,07,전라북도,순창군,동계면,구미리,동계,29.8,8.7,8.4,1.3,3.1,1.0,1.593,0.032
2013,07,전라북도,순창군,구림면,안정리,치천,23.8,7.7,8.7,0.7,3.1,4.2,2.338,0.039
2013,07,전라북도,남원시,대강면,풍산리,수홍천,23.3,7.4,8.3,1.3,4.1,11.6,2.509,0.086
2013,07,전라북도,순창군,유등면,유촌리,옥택천,23.1,7.0,8.0,1.0,3.9,18.6,2.031,0.081
2013,07,전라북도,순창군,적성면,고원리,적성,26.4,7.2,8.0,1.1,5.3,10.5,1.971,0.068
2013,07,전라북도,남원시,금지면,귀석리,남원,30.3,8.8,9.3,1.1,4.6,2.4,3.596,0.072
2013,07,전라북도,남원시,대강면,월탄리,대강,26.0,7.2,8.1,1.5,5.4,21.6,2.159,0.107
2013,07,전라북도,장수군,산서면,사상리,오수천1,21.2,7.0,8.7,1.2,4.7,17.8,2.672,0.095
2013,07,전라북도,남원시,덕과면,사율리,율천,25.5,7.2,8.1,1.5,5.7,17.8,2.168,0.119
2013,07,전라북도,남원시,사매면,서도리,월평천,24.2,6.9,8.4,1.4,5.5,9.4,2.375,0.097
2013,07,전라북도,순창군,동계면,서호리,오수천2,24.8,7.6,8.5,1.2,5.4,18.8,2.333,0.100
2013,07,전라북도,임실군,삼계면,후천리,후곡천,24.2,7.8,9.4,1.2,5.2,11.5,1.970,0.088
2013,07,전라북도,남원시,산동면,월석리,요천1,21.0,7.1,9.1,0.7,3.7,24.1,1.939,0.052
2013,07,전라북도,남원시,금지면,창산리,요천2,28.7,8.5,8.0,1.6,3.8,3.0,2.014,0.039
2013,07,전라북도,남원시,송동면,세전리,요천3,25.5,7.6,8.6,1.2,4.9,12.5,2.210,0.077
2013,07,전라북도,고창군,아산면,구암리,주진천1,23.1,7.8,7.6,2.3,7.0,56.0,4.879,0.172
2013,07,전라북도,고창군,아산면,반암리,주진천2,23.3,7.8,7.5,2.5,6.8,57.0,5.043,0.144
2013,08,전라북도,익산시,성당면,부곡리,산북천,30.3,8.3,9.0,5.9,12.2,19.2,2.238,0.200
2013,08,전라북도,익산시,망성면,무형리,마산천,31.7,8.3,8.0,2.8,9.0,17.0,2.588,0.140
2013,08,전라북도,부안군,동진면,하장리,고부천2,33.0,8.1,9.1,2.1,7.6,18.0,2.481,0.056
2013,08,전라북도,부안군,동진면,하장리,고부천3,29.5,8.0,7.9,3.5,8.8,22.7,1.886,0.097
2013,08,전라북도,정읍시,영원면,앵성리,고부천1,32.0,7.4,8.9,2.0,7.0,19.7,1.812,0.033
2013,08,전라북도,김제시,부량면,옥정리,동진강3,28.3,7.9,9.6,2.8,7.1,14.0,2.271,0.073
2013,08,전라북도,정읍시,신태인읍,,동진강2,26.7,7.6,7.1,1.9,5.1,9.9,2.429,0.047
2013,08,전라북도,정읍시,신태인읍,구석리,용호천,30.0,7.7,7.2,1.8,4.7,19.2,1.197,0.069
2013,08,전라북도,정읍시,옹동면,산성리,동진강1,23.7,8.7,8.1,1.4,4.4,5.6,2.426,0.027
2013,08,전라북도,김제시,성덕면,남포리,신평천,30.1,8.5,10.1,2.5,8.8,15.8,3.069,0.064
2013,08,전라북도,김제시,죽산면,대창리,원평천3,28.5,7.4,7.5,3.4,8.7,46.3,1.989,0.129
2013,08,전라북도,김제시,봉남면,용신리,원평천1,27.7,8.2,6.6,1.7,7.1,21.5,3.849,0.202
2013,08,전라북도,김제시,죽산면,죽산리,원평천2,28.2,7.7,6.4,1.8,7.8,18.0,2.841,0.135
2013,08,전라북도,정읍시,공평동,,정읍천3,32.0,8.4,10.0,3.7,3.9,11.2,1.077,0.028
2013,08,전라북도,정읍시,송산동,,정읍천1,28.0,7.5,8.4,1.0,2.2,4.6,1.353,0.026
2013,08,전라북도,정읍시,연지동,,정읍천2,29.0,7.9,8.9,1.0,2.3,4.4,1.823,0.030
2013,08,전라북도,정읍시,이평면,하송리,정읍천4,27.0,7.6,8.2,2.5,7.1,24.5,2.859,0.102
2013,08,전라북도,정읍시,하모동,,천원천,31.0,7.3,7.6,2.3,4.5,10.6,1.052,0.031
2013,08,전라북도,김제시,백구면,마산리,마산천,32.0,7.4,9.8,3.6,6.9,50.0,3.197,0.151
2013,08,전라북도,완주군,삼례읍,,삼례,24.0,7.6,8.8,1.5,4.7,13.3,3.306,0.109
2013,08,전라북도,익산시,춘포면,인수리,익산천1,27.9,6.8,7.3,1.9,9.7,76.9,2.866,0.434
2013,08,전라북도,익산시,춘포면,인수리,익산천2,28.7,7.0,6.4,10.2,22.3,95.2,9.391,1.257
2013,08,전라북도,군산시,대야면,광교리,탑천,29.2,7.3,6.3,3.4,9.0,30.7,1.719,0.139
2013,08,전라북도,김제시,백구면,백구리,김제,28.5,7.9,8.4,3.9,8.1,21.5,3.307,0.255
2013,08,전라북도,김제시,백구면,월봉리,용암천,34.0,9.2,17.2,13.1,17.3,24.4,1.735,0.160
2013,08,전라북도,전주시완산구,서신동,,삼천3,25.0,7.1,7.3,2.0,3.5,25.6,3.106,0.100
2013,08,전라북도,전주시완산구,평화동3가,,삼천1,25.0,6.9,7.0,1.5,2.8,10.0,2.478,0.052
2013,08,전라북도,전주시완산구,효자동2가,,삼천2,25.0,6.9,7.6,1.3,3.3,24.8,2.957,0.088
2013,08,전라북도,완주군,소양면,황운리,소양천1,30.0,8.5,12.0,0.9,1.4,2.0,2.373,0.025
2013,08,전라북도,완주군,용진읍,상운리,소양천2,32.0,7.8,9.2,1.2,2.5,1.2,3.429,0.024
2013,08,전라북도,익산시,춘포면,용연리,익산천3,29.5,6.9,4.2,9.0,28.9,49.2,15.688,1.509
2013,08,전라북도,전주시덕진구,고랑동,,전주천7,26.3,7.1,4.4,5.8,12.4,11.4,5.012,0.725
2013,08,전라북도,전주시덕진구,전미동1가,,전주,27.0,8.0,8.5,1.3,4.5,11.1,2.480,0.057
2013,08,전라북도,전주시완산구,대성동,,전주천1,23.0,7.5,8.3,0.8,0.8,3.2,2.633,0.016
2013,08,전라북도,완주군,고산면,읍내리,고산,22.1,8.4,9.4,0.9,3.1,2.7,3.049,0.029
2013,08,전라북도,무주군,무주읍,대차리,무주남대천2,31.1,8.8,7.9,1.3,3.7,3.4,1.513,0.028
2013,08,전라북도,무주군,무주읍,읍내리,무주남대천1,31.7,8.8,8.8,1.4,3.2,1.9,1.477,0.028
2013,08,전라북도,무주군,무주읍,읍내리,무주남대천3,27.8,8.2,10.8,1.0,3.4,3.0,1.517,0.028
2013,08,전라북도,부안군,상서면,청림리,백천내,23.0,6.3,8.4,1.1,2.2,0.8,2.985,0.003
2013,08,전라북도,무주군,안성면,진도리,구량천,23.6,8.1,9.2,0.8,3.3,5.8,1.726,0.031
2013,08,전라북도,진안군,정천면,월평리,정자천,25.2,8.1,9.5,0.7,2.6,5.4,1.895,0.025
2013,08,전라북도,진안군,진안읍,운산리,진안천,26.0,7.8,8.1,2.2,3.6,21.6,2.374,0.122
2013,08,전라북도,진안군,진안읍,가막리,가막,25.6,8.2,9.5,1.4,3.6,9.9,2.319,0.057
2013,08,전라북도,무주군,무주읍,용포리,용포,28.5,9.0,8.9,1.2,3.6,2.0,1.521,0.024
2013,08,전라북도,진안군,용담면,송풍리,용담,21.4,7.5,9.9,1.0,3.7,2.1,1.713,0.026
2013,08,전라북도,남원시,운봉읍,,람천2,27.4,7.4,8.3,1.1,2.7,1.8,1.595,0.038
2013,08,전라북도,남원시,인월면,중군리,람천1,29.3,7.3,8.1,0.9,4.4,10.0,1.865,0.065
2013,08,전라북도,임실군,관촌면,방수리,관촌,25.4,7.2,8.9,0.9,3.0,8.0,1.840,0.035
2013,08,전라북도,임실군,운암면,학암리,운암,30.0,8.9,8.8,1.8,4.1,3.7,1.377,0.027
2013,08,전라북도,정읍시,산내면,매죽리,추령천,28.5,7.8,10.4,0.8,2.8,4.1,2.596,0.019
2013,08,전라북도,임실군,강진면,용수리,임실,23.9,7.6,10.0,0.8,3.1,3.2,1.529,0.013
2013,08,전라북도,순창군,동계면,구미리,동계,30.1,8.6,7.7,1.8,4.1,4.4,0.895,0.023
2013,08,전라북도,순창군,구림면,안정리,치천,26.8,7.7,8.8,0.9,2.7,3.2,1.501,0.025
2013,08,전라북도,남원시,대강면,풍산리,수홍천,24.8,7.5,8.7,0.8,3.4,5.0,1.908,0.055
2013,08,전라북도,순창군,유등면,유촌리,옥택천,25.2,7.4,8.1,0.8,3.6,17.5,1.585,0.156
2013,08,전라북도,순창군,적성면,고원리,적성,29.7,7.5,7.9,1.4,4.2,8.1,1.589,0.058
2013,08,전라북도,남원시,금지면,귀석리,남원,31.8,8.5,7.5,1.3,4.7,6.1,0.810,0.053
2013,08,전라북도,남원시,대강면,월탄리,대강,28.3,7.5,8.2,1.3,4.2,13.1,1.600,0.067
2013,08,전라북도,장수군,산서면,사상리,오수천1,23.8,7.5,8.4,1.0,3.8,12.4,2.198,0.063
2013,08,전라북도,남원시,덕과면,사율리,율천,27.1,7.5,8.0,0.9,4.0,10.1,1.500,0.069
2013,08,전라북도,남원시,사매면,서도리,월평천,25.3,7.3,8.8,1.0,4.5,6.5,1.934,0.091
2013,08,전라북도,순창군,동계면,서호리,오수천2,28.1,7.9,8.9,1.1,3.9,7.9,1.757,0.063
2013,08,전라북도,임실군,삼계면,후천리,후곡천,26.1,7.6,8.9,0.9,4.3,13.0,1.554,0.066
2013,08,전라북도,남원시,산동면,월석리,요천1,23.9,7.5,9.0,0.8,2.5,4.6,1.498,0.018
2013,08,전라북도,남원시,금지면,창산리,요천2,29.6,8.4,7.5,1.3,3.8,4.8,1.767,0.038
2013,08,전라북도,남원시,송동면,세전리,요천3,27.6,7.7,9.8,1.1,3.7,7.3,1.763,0.063
2013,08,전라북도,고창군,아산면,구암리,주진천1,30.9,7.6,9.2,3.3,7.7,9.3,0.985,0.066
2013,08,전라북도,고창군,아산면,반암리,주진천2,32.3,7.7,8.6,3.2,7.6,20.8,0.659,0.079
2013,09,전라북도,익산시,성당면,부곡리,산북천,24.8,8.4,9.5,4.0,9.4,21.2,1.345,0.066
2013,09,전라북도,익산시,망성면,무형리,마산천,25.1,7.5,7.6,1.3,6.9,25.8,3.261,0.205
2013,09,전라북도,부안군,동진면,하장리,고부천2,27.0,9.2,12.4,2.2,7.9,12.3,1.937,0.041
2013,09,전라북도,부안군,동진면,하장리,고부천3,25.1,8.1,9.5,2.8,7.8,21.5,1.576,0.072
2013,09,전라북도,정읍시,영원면,앵성리,고부천1,26.0,7.9,9.7,2.7,7.5,18.8,1.271,0.041
2013,09,전라북도,김제시,부량면,옥정리,동진강3,24.7,8.1,10.2,2.7,7.4,13.9,2.233,0.100
2013,09,전라북도,정읍시,신태인읍,,동진강2,23.0,7.9,8.7,1.4,5.3,6.6,2.277,0.091
2013,09,전라북도,정읍시,신태인읍,구석리,용호천,25.0,7.7,6.9,1.4,5.2,14.4,1.962,0.086
2013,09,전라북도,정읍시,옹동면,산성리,동진강1,22.0,8.2,8.4,1.1,4.7,1.9,2.267,0.033
2013,09,전라북도,김제시,성덕면,남포리,신평천,23.0,7.9,7.7,1.9,6.6,15.4,2.373,0.131
2013,09,전라북도,김제시,죽산면,대창리,원평천3,25.0,7.6,8.1,2.8,7.6,16.3,1.779,0.060
2013,09,전라북도,김제시,봉남면,용신리,원평천1,25.0,9.2,11.8,2.5,9.6,14.2,3.506,0.176
2013,09,전라북도,김제시,죽산면,죽산리,원평천2,25.0,7.9,7.6,1.8,6.6,9.6,2.162,0.122
2013,09,전라북도,정읍시,공평동,,정읍천3,26.0,7.7,10.0,1.3,3.6,7.2,2.826,0.032
2013,09,전라북도,정읍시,송산동,,정읍천1,23.0,7.6,9.0,0.8,1.8,2.6,2.752,0.024
2013,09,전라북도,정읍시,연지동,,정읍천2,24.0,7.4,9.5,0.9,1.9,1.4,3.470,0.033
2013,09,전라북도,정읍시,이평면,하송리,정읍천4,23.5,7.4,8.3,2.1,7.1,14.5,3.413,0.094
2013,09,전라북도,정읍시,하모동,,천원천,26.0,7.2,7.1,1.6,5.2,6.2,2.751,0.047
2013,09,전라북도,김제시,백구면,마산리,마산천,25.0,8.9,11.9,4.9,10.2,15.5,3.242,0.132
2013,09,전라북도,완주군,삼례읍,,삼례,24.0,8.0,7.5,2.2,8.4,5.4,4.595,0.304
2013,09,전라북도,익산시,춘포면,인수리,익산천1,23.0,7.9,9.3,2.4,8.3,11.2,1.877,0.597
2013,09,전라북도,익산시,춘포면,인수리,익산천2,23.0,7.4,6.8,10.4,18.9,27.2,11.296,1.968
2013,09,전라북도,군산시,대야면,광교리,탑천,25.6,7.5,6.4,3.1,8.8,20.8,2.065,0.087
2013,09,전라북도,김제시,백구면,백구리,김제,25.5,7.8,8.7,4.7,9.7,13.9,4.659,0.289
2013,09,전라북도,김제시,백구면,월봉리,용암천,26.0,9.3,12.4,4.8,17.0,24.4,4.050,0.170
2013,09,전라북도,전주시완산구,서신동,,삼천3,22.0,7.7,8.6,1.6,5.9,3.8,2.456,0.070
2013,09,전라북도,전주시완산구,평화동3가,,삼천1,23.0,7.6,7.0,1.4,5.3,5.4,2.327,0.049
2013,09,전라북도,전주시완산구,효자동2가,,삼천2,23.0,7.6,9.4,1.5,5.4,4.8,2.351,0.058
2013,09,전라북도,완주군,소양면,황운리,소양천1,23.0,8.7,10.5,0.5,1.3,0.6,3.013,0.026
2013,09,전라북도,완주군,용진읍,상운리,소양천2,24.0,8.1,9.7,0.9,3.0,3.2,3.848,0.037
2013,09,전라북도,익산시,춘포면,용연리,익산천3,24.0,7.8,5.9,8.6,15.7,15.2,5.859,0.885
2013,09,전라북도,전주시덕진구,고랑동,,전주천7,25.0,7.1,4.0,6.2,14.8,7.1,7.258,0.612
2013,09,전라북도,전주시덕진구,전미동1가,,전주,25.1,7.8,8.3,1.1,4.7,6.2,2.040,0.084
2013,09,전라북도,전주시완산구,대성동,,전주천1,22.0,7.3,8.9,0.5,2.5,1.2,3.185,0.025
2013,09,전라북도,완주군,고산면,읍내리,고산,22.0,9.3,9.1,1.0,3.6,2.5,2.492,0.028
2013,09,전라북도,무주군,무주읍,대차리,무주남대천2,23.0,8.6,9.1,1.1,2.8,1.0,1.556,0.028
2013,09,전라북도,무주군,무주읍,읍내리,무주남대천1,23.0,8.7,9.6,1.2,2.7,1.0,1.585,0.019
2013,09,전라북도,무주군,무주읍,읍내리,무주남대천3,23.2,8.3,9.9,0.7,3.2,2.5,1.606,0.024
2013,09,전라북도,부안군,상서면,청림리,백천내,24.0,6.3,9.6,1.4,2.0,1.0,2.550,0.008
2013,09,전라북도,무주군,안성면,진도리,구량천,19.0,8.0,10.1,0.6,2.8,3.2,2.050,0.024
2013,09,전라북도,진안군,정천면,월평리,정자천,20.8,8.1,9.7,0.6,2.8,2.2,1.829,0.014
2013,09,전라북도,진안군,진안읍,운산리,진안천,24.0,8.3,9.2,1.2,2.7,2.0,2.269,0.054
2013,09,전라북도,진안군,진안읍,가막리,가막,20.9,8.2,10.0,1.2,3.7,2.7,2.666,0.041
2013,09,전라북도,무주군,무주읍,용포리,용포,21.0,9.0,9.7,1.1,3.2,0.1,1.738,0.023
2013,09,전라북도,진안군,용담면,송풍리,용담,18.4,7.1,9.6,0.8,3.7,1.0,1.857,0.013
2013,09,전라북도,남원시,운봉읍,,람천2,24.0,8.7,9.5,1.1,3.0,2.0,1.755,0.039
2013,09,전라북도,남원시,인월면,중군리,람천1,24.0,8.2,9.4,1.0,3.9,5.0,2.311,0.059
2013,09,전라북도,임실군,관촌면,방수리,관촌,21.3,7.2,8.9,0.7,2.5,2.3,1.378,0.022
2013,09,전라북도,임실군,운암면,학암리,운암,25.0,8.8,9.4,1.1,4.8,4.7,1.966,0.073
2013,09,전라북도,정읍시,산내면,매죽리,추령천,21.9,7.7,10.1,1.0,2.3,2.9,2.031,0.013
2013,09,전라북도,임실군,강진면,용수리,임실,20.0,7.6,10.5,1.1,3.3,3.0,1.285,0.014
2013,09,전라북도,순창군,동계면,구미리,동계,25.0,8.7,8.9,1.5,4.4,1.9,1.427,0.044
2013,09,전라북도,순창군,구림면,안정리,치천,20.8,7.4,9.1,0.7,2.2,2.0,1.164,0.018
2013,09,전라북도,남원시,대강면,풍산리,수홍천,18.6,7.4,9.6,0.8,3.0,10.4,2.259,0.048
2013,09,전라북도,순창군,유등면,유촌리,옥택천,19.3,7.2,9.0,0.9,2.8,4.1,1.153,0.038
2013,09,전라북도,순창군,적성면,고원리,적성,24.8,8.5,7.9,1.2,4.1,3.7,1.568,0.061
2013,09,전라북도,남원시,금지면,귀석리,남원,25.0,8.4,8.7,1.1,5.0,6.4,1.520,0.141
2013,09,전라북도,남원시,대강면,월탄리,대강,22.3,7.5,10.0,1.0,3.1,3.3,1.334,0.038
2013,09,전라북도,장수군,산서면,사상리,오수천1,18.8,6.9,9.4,0.9,2.8,4.8,2.055,0.040
2013,09,전라북도,남원시,덕과면,사율리,율천,22.0,7.4,9.2,0.9,3.3,4.0,1.200,0.050
2013,09,전라북도,남원시,사매면,서도리,월평천,19.4,7.2,10.8,1.0,3.6,4.2,1.982,0.051
2013,09,전라북도,순창군,동계면,서호리,오수천2,22.0,7.9,10.4,1.2,3.7,5.6,1.913,0.056
2013,09,전라북도,임실군,삼계면,후천리,후곡천,20.3,7.6,9.8,1.1,4.2,21.4,1.374,0.069
2013,09,전라북도,남원시,산동면,월석리,요천1,19.6,7.4,10.6,0.9,2.4,2.2,1.321,0.011
2013,09,전라북도,남원시,금지면,창산리,요천2,24.0,8.4,8.4,0.9,3.7,5.3,2.298,0.058
2013,09,전라북도,남원시,송동면,세전리,요천3,22.1,7.4,10.4,1.1,3.4,5.6,1.668,0.058
2013,09,전라북도,고창군,아산면,구암리,주진천1,24.0,7.9,8.6,2.4,6.5,8.6,1.859,0.145
2013,09,전라북도,고창군,아산면,반암리,주진천2,24.0,7.8,7.8,2.5,6.1,16.6,1.718,0.116
2013,10,전라북도,익산시,성당면,부곡리,산북천,17.2,8.2,10.6,8.8,18.0,98.8,5.171,0.198
2013,10,전라북도,익산시,망성면,무형리,마산천,20.7,7.9,10.4,4.8,7.6,19.0,7.679,0.233
2013,10,전라북도,부안군,동진면,하장리,고부천2,25.0,9.4,14.4,10.2,16.1,36.0,2.265,0.135
2013,10,전라북도,부안군,동진면,하장리,고부천3,19.1,8.4,11.0,4.3,12.3,41.3,2.222,0.066
2013,10,전라북도,정읍시,영원면,앵성리,고부천1,22.0,7.7,6.2,2.8,8.8,38.4,2.243,0.115
2013,10,전라북도,김제시,부량면,옥정리,동진강3,19.2,8.0,11.3,1.6,6.0,12.6,2.719,0.064
2013,10,전라북도,정읍시,신태인읍,,동진강2,17.0,7.6,9.6,1.1,3.2,6.5,1.570,0.021
2013,10,전라북도,정읍시,신태인읍,구석리,용호천,24.0,7.8,6.1,1.6,6.6,18.4,2.218,0.112
2013,10,전라북도,정읍시,옹동면,산성리,동진강1,15.0,8.5,10.2,1.1,3.1,1.0,1.670,0.015
2013,10,전라북도,김제시,성덕면,남포리,신평천,19.0,6.4,16.0,6.7,25.0,58.7,6.691,0.271
2013,10,전라북도,김제시,죽산면,대창리,원평천3,19.5,8.5,10.8,3.5,10.1,42.9,1.988,0.083
2013,10,전라북도,김제시,봉남면,용신리,원평천1,18.0,7.7,8.9,3.0,7.2,36.0,3.384,0.089
2013,10,전라북도,김제시,죽산면,죽산리,원평천2,20.0,8.0,8.5,2.9,10.5,75.2,2.137,0.139
2013,10,전라북도,정읍시,공평동,,정읍천3,24.0,7.3,6.2,1.4,5.0,10.6,2.233,0.071
2013,10,전라북도,정읍시,송산동,,정읍천1,24.0,7.6,7.7,0.5,1.5,2.6,1.435,0.020
2013,10,전라북도,정읍시,연지동,,정읍천2,25.0,7.6,8.3,1.2,3.8,3.6,4.152,0.139
2013,10,전라북도,정읍시,이평면,하송리,정읍천4,20.2,8.2,13.3,1.7,7.1,11.6,5.904,0.056
2013,10,전라북도,정읍시,하모동,,천원천,24.0,7.3,6.8,1.3,4.7,7.2,1.973,0.057
2013,10,전라북도,김제시,백구면,마산리,마산천,23.0,8.8,19.3,9.0,14.0,33.6,9.910,0.084
2013,10,전라북도,완주군,삼례읍,,삼례,26.0,7.8,7.3,2.4,8.9,6.4,3.496,0.290
2013,10,전라북도,익산시,춘포면,인수리,익산천1,26.0,8.0,8.9,2.6,7.5,12.4,3.583,0.310
2013,10,전라북도,익산시,춘포면,인수리,익산천2,26.0,7.8,7.9,9.5,15.5,20.7,8.831,1.023
2013,10,전라북도,군산시,대야면,광교리,탑천,19.0,7.8,9.3,4.1,8.9,28.2,4.421,0.076
2013,10,전라북도,김제시,백구면,백구리,김제,20.4,7.7,10.3,5.6,14.1,24.0,5.245,0.446
2013,10,전라북도,김제시,백구면,월봉리,용암천,20.0,8.9,11.5,9.7,17.3,33.2,9.990,0.139
2013,10,전라북도,전주시완산구,서신동,,삼천3,20.0,7.8,5.3,2.0,5.4,7.8,2.148,0.097
2013,10,전라북도,전주시완산구,평화동3가,,삼천1,20.0,7.6,6.2,1.5,3.4,3.0,2.003,0.052
2013,10,전라북도,전주시완산구,효자동2가,,삼천2,21.0,7.8,8.5,1.6,4.5,4.8,2.160,0.082
2013,10,전라북도,완주군,소양면,황운리,소양천1,22.0,7.7,12.4,0.5,1.9,1.4,2.565,0.016
2013,10,전라북도,완주군,용진읍,상운리,소양천2,21.0,7.7,11.0,0.8,2.7,2.4,3.535,0.032
2013,10,전라북도,익산시,춘포면,용연리,익산천3,26.0,7.5,4.2,8.1,18.7,31.4,11.689,1.508
2013,10,전라북도,전주시덕진구,고랑동,,전주천7,22.3,7.2,5.7,6.5,18.3,8.2,6.495,0.956
2013,10,전라북도,전주시덕진구,전미동1가,,전주,19.2,8.3,10.9,1.5,4.9,5.2,1.972,0.123
2013,10,전라북도,전주시완산구,대성동,,전주천1,19.0,7.7,7.6,0.6,0.7,1.0,2.347,0.020
2013,10,전라북도,완주군,고산면,읍내리,고산,23.0,7.8,9.4,1.2,3.5,0.1,1.896,0.012
2013,10,전라북도,무주군,무주읍,대차리,무주남대천2,18.0,8.7,10.5,1.0,2.9,2.5,1.676,0.013
2013,10,전라북도,무주군,무주읍,읍내리,무주남대천1,18.0,8.5,10.8,1.1,2.7,1.5,1.645,0.006
2013,10,전라북도,무주군,무주읍,읍내리,무주남대천3,18.3,8.7,11.8,0.8,3.2,1.9,1.647,0.045
2013,10,전라북도,부안군,상서면,청림리,백천내,20.0,6.6,8.2,1.5,2.4,0.5,0.999,0.003
2013,10,전라북도,무주군,안성면,진도리,구량천,14.5,7.9,11.3,0.6,3.0,2.4,2.070,0.024
2013,10,전라북도,진안군,정천면,월평리,정자천,17.1,8.0,10.5,0.8,2.8,1.8,1.432,0.013
2013,10,전라북도,진안군,진안읍,운산리,진안천,21.0,7.8,9.1,2.2,3.4,3.8,1.881,0.119
2013,10,전라북도,진안군,진안읍,가막리,가막,16.4,7.9,11.6,0.9,3.4,2.8,2.872,0.036
2013,10,전라북도,무주군,무주읍,용포리,용포,18.0,8.4,10.2,1.0,3.0,0.9,1.492,0.006
2013,10,전라북도,진안군,용담면,송풍리,용담,17.2,7.9,9.4,0.7,4.4,1.6,1.575,0.016
2013,10,전라북도,남원시,운봉읍,,람천2,15.0,6.4,10.2,1.1,3.8,2.1,1.524,0.023
2013,10,전라북도,남원시,인월면,중군리,람천1,16.0,6.5,10.0,1.1,4.0,4.1,2.335,0.032
2013,10,전라북도,임실군,관촌면,방수리,관촌,16.1,7.7,10.5,0.8,2.3,2.7,1.363,0.020
2013,10,전라북도,임실군,운암면,학암리,운암,20.0,7.9,9.7,1.3,4.2,11.6,1.324,0.122
2013,10,전라북도,정읍시,산내면,매죽리,추령천,16.7,7.9,10.7,0.9,2.5,2.7,1.473,0.014
2013,10,전라북도,임실군,강진면,용수리,임실,16.3,7.8,10.7,0.9,3.0,1.7,1.385,0.012
2013,10,전라북도,순창군,동계면,구미리,동계,21.0,8.2,9.7,1.0,3.1,1.4,0.831,0.010
2013,10,전라북도,순창군,구림면,안정리,치천,15.4,7.8,10.7,0.6,1.9,1.3,1.103,0.017
2013,10,전라북도,남원시,대강면,풍산리,수홍천,14.8,7.4,9.4,0.7,2.6,5.1,2.603,0.043
2013,10,전라북도,순창군,유등면,유촌리,옥택천,14.5,7.4,10.2,0.9,2.9,6.5,1.498,0.036
2013,10,전라북도,순창군,적성면,고원리,적성,20.0,8.2,9.0,1.0,4.6,17.8,1.454,0.071
2013,10,전라북도,남원시,금지면,귀석리,남원,21.0,8.0,10.0,1.1,4.4,3.9,1.229,0.058
2013,10,전라북도,남원시,대강면,월탄리,대강,16.6,7.4,10.3,1.3,3.1,3.2,1.548,0.047
2013,10,전라북도,장수군,산서면,사상리,오수천1,14.9,7.2,10.4,1.0,3.2,8.0,2.413,0.045
2013,10,전라북도,남원시,덕과면,사율리,율천,16.5,7.2,10.5,1.4,4.8,14.2,1.534,0.072
2013,10,전라북도,남원시,사매면,서도리,월평천,15.2,7.2,11.7,1.4,4.6,6.5,2.241,0.074
2013,10,전라북도,순창군,동계면,서호리,오수천2,16.9,8.2,12.0,1.5,3.5,7.9,1.641,0.059
2013,10,전라북도,임실군,삼계면,후천리,후곡천,15.8,7.8,11.0,0.9,3.5,13.7,1.513,0.063
2013,10,전라북도,남원시,산동면,월석리,요천1,15.8,7.6,10.3,0.8,2.1,1.9,1.522,0.017
2013,10,전라북도,남원시,금지면,창산리,요천2,20.0,8.0,9.4,0.9,3.0,2.8,1.637,0.032
2013,10,전라북도,남원시,송동면,세전리,요천3,17.0,7.7,11.2,1.6,3.4,7.2,1.975,0.068
2013,10,전라북도,고창군,아산면,구암리,주진천1,22.0,7.9,8.3,2.4,3.9,6.9,2.438,0.077
2013,10,전라북도,고창군,아산면,반암리,주진천2,23.0,7.6,8.0,2.9,4.1,23.1,2.353,0.085
2013,11,전라북도,익산시,성당면,부곡리,산북천,9.0,7.7,10.2,7.3,13.8,83.8,6.412,0.419
2013,11,전라북도,익산시,망성면,무형리,마산천,14.0,8.1,10.8,6.2,8.0,7.0,7.743,0.116
2013,11,전라북도,부안군,동진면,하장리,고부천2,10.0,9.1,9.3,2.9,8.6,51.3,2.564,0.120
2013,11,전라북도,부안군,동진면,하장리,고부천3,11.1,7.9,12.1,3.6,9.7,32.6,2.965,0.150
2013,11,전라북도,정읍시,영원면,앵성리,고부천1,11.0,8.4,11.2,2.4,7.5,38.0,3.078,0.127
2013,11,전라북도,김제시,부량면,옥정리,동진강3,10.6,8.0,12.8,1.3,5.6,11.1,3.285,0.095
2013,11,전라북도,정읍시,신태인읍,,동진강2,15.0,8.3,12.0,1.7,5.3,10.1,3.784,0.048
2013,11,전라북도,정읍시,신태인읍,구석리,용호천,15.0,7.7,11.6,1.5,4.6,4.8,3.062,0.161
2013,11,전라북도,정읍시,옹동면,산성리,동진강1,17.0,8.8,10.4,1.2,3.4,2.8,1.933,0.049
2013,11,전라북도,김제시,성덕면,남포리,신평천,16.0,8.9,14.8,10.5,17.8,45.0,6.693,0.729
2013,11,전라북도,김제시,죽산면,대창리,원평천3,10.7,7.9,12.6,4.9,12.0,73.8,3.291,0.197
2013,11,전라북도,김제시,봉남면,용신리,원평천1,16.0,9.1,12.9,2.6,7.0,16.4,2.572,0.168
2013,11,전라북도,김제시,죽산면,죽산리,원평천2,15.0,8.3,11.3,5.7,5.6,56.6,3.545,0.258
2013,11,전라북도,정읍시,공평동,,정읍천3,17.0,7.9,11.1,2.1,4.4,1.2,1.862,0.056
2013,11,전라북도,정읍시,송산동,,정읍천1,16.0,8.5,11.8,1.0,2.9,0.8,0.555,0.017
2013,11,전라북도,정읍시,연지동,,정읍천2,18.0,9.2,17.2,2.6,4.6,9.2,3.625,0.117
2013,11,전라북도,정읍시,이평면,하송리,정읍천4,12.0,8.0,14.0,1.8,9.3,20.6,6.828,0.153
2013,11,전라북도,정읍시,하모동,,천원천,18.0,8.2,15.6,2.7,4.9,8.2,1.818,0.092
2013,11,전라북도,김제시,백구면,마산리,마산천,15.0,8.2,11.3,11.1,18.0,69.4,11.850,0.210
2013,11,전라북도,완주군,삼례읍,,삼례,20.0,7.9,9.4,2.8,8.5,8.1,5.307,0.571
2013,11,전라북도,익산시,춘포면,인수리,익산천1,16.0,8.2,12.9,2.4,6.9,5.0,4.141,0.371
2013,11,전라북도,익산시,춘포면,인수리,익산천2,17.0,7.9,11.0,7.6,13.1,12.4,12.516,1.425
2013,11,전라북도,군산시,대야면,광교리,탑천,11.0,7.8,10.9,4.5,8.3,30.1,5.973,0.235
2013,11,전라북도,김제시,백구면,백구리,김제,12.3,7.6,10.2,4.5,13.9,25.6,5.974,0.597
2013,11,전라북도,김제시,백구면,월봉리,용암천,14.0,8.7,9.8,10.2,18.0,46.7,15.840,0.108
2013,11,전라북도,전주시완산구,서신동,,삼천3,15.0,8.0,10.1,1.8,5.0,5.2,1.739,0.055
2013,11,전라북도,전주시완산구,평화동3가,,삼천1,15.0,8.1,9.6,1.1,3.2,1.2,1.833,0.030
2013,11,전라북도,전주시완산구,효자동2가,,삼천2,15.0,7.8,11.9,1.3,4.0,2.2,1.854,0.051
2013,11,전라북도,완주군,소양면,황운리,소양천1,14.0,8.2,9.0,1.8,3.5,5.6,1.524,0.028
2013,11,전라북도,완주군,용진읍,상운리,소양천2,15.0,8.7,12.0,2.3,3.4,12.0,3.728,0.023
2013,11,전라북도,익산시,춘포면,용연리,익산천3,16.0,7.8,7.1,7.0,15.0,17.3,14.012,1.774
2013,11,전라북도,전주시덕진구,고랑동,,전주천7,16.8,7.3,5.8,7.1,18.3,8.1,6.683,0.616
2013,11,전라북도,전주시덕진구,전미동1가,,전주,10.5,8.1,12.1,1.7,5.3,6.3,2.117,0.231
2013,11,전라북도,전주시완산구,대성동,,전주천1,16.0,7.9,10.2,0.4,1.1,0.4,2.119,0.019
2013,11,전라북도,완주군,고산면,읍내리,고산,16.0,8.9,11.6,1.2,4.1,7.6,1.971,0.048
2013,11,전라북도,무주군,무주읍,대차리,무주남대천2,6.0,8.4,13.6,1.1,2.6,0.6,2.583,0.029
2013,11,전라북도,무주군,무주읍,읍내리,무주남대천1,6.0,8.7,14.5,0.8,2.4,0.5,2.357,0.017
2013,11,전라북도,무주군,무주읍,읍내리,무주남대천3,9.4,8.5,15.0,1.0,2.9,1.3,2.222,0.043
2013,11,전라북도,부안군,상서면,청림리,백천내,16.0,6.5,9.2,1.3,1.6,0.4,0.821,0.008
2013,11,전라북도,무주군,안성면,진도리,구량천,6.4,7.7,12.8,0.8,2.9,3.0,2.764,0.027
2013,11,전라북도,진안군,정천면,월평리,정자천,8.4,7.7,13.1,0.7,2.5,2.3,1.997,0.033
2013,11,전라북도,진안군,진안읍,운산리,진안천,12.0,7.3,11.7,1.6,3.6,1.4,3.047,0.050
2013,11,전라북도,진안군,진안읍,가막리,가막,7.1,7.6,13.3,1.2,3.7,7.3,3.828,0.078
2013,11,전라북도,무주군,무주읍,용포리,용포,9.0,9.0,11.5,0.9,3.2,1.5,1.624,0.020
2013,11,전라북도,진안군,용담면,송풍리,용담,12.7,7.9,11.0,0.8,3.5,1.0,1.674,0.029
2013,11,전라북도,남원시,운봉읍,,람천2,14.0,8.4,10.6,1.3,3.0,1.0,1.983,0.043
2013,11,전라북도,남원시,인월면,중군리,람천1,15.0,8.2,10.6,1.1,3.7,2.5,2.854,0.057
2013,11,전라북도,임실군,관촌면,방수리,관촌,8.8,7.4,11.8,1.1,2.3,1.7,1.752,0.017
2013,11,전라북도,임실군,운암면,학암리,운암,12.0,9.1,12.3,1.5,4.1,5.5,1.068,0.048
2013,11,전라북도,정읍시,산내면,매죽리,추령천,9.6,7.6,11.3,1.0,2.1,1.6,1.713,0.012
2013,11,전라북도,임실군,강진면,용수리,임실,8.5,7.6,11.2,1.0,2.9,1.4,1.537,0.012
2013,11,전라북도,순창군,동계면,구미리,동계,11.0,8.9,11.9,0.9,3.0,0.7,0.996,0.024
2013,11,전라북도,순창군,구림면,안정리,치천,9.0,7.6,11.5,0.8,2.7,2.3,1.772,0.022
2013,11,전라북도,남원시,대강면,풍산리,수홍천,9.7,7.5,12.2,0.9,2.8,5.2,2.750,0.039
2013,11,전라북도,순창군,유등면,유촌리,옥택천,8.5,7.6,12.1,1.0,2.7,3.3,1.887,0.034
2013,11,전라북도,순창군,적성면,고원리,적성,12.3,8.6,10.9,1.0,3.3,3.9,1.716,0.046
2013,11,전라북도,남원시,금지면,귀석리,남원,12.0,8.6,12.3,1.0,3.3,1.4,1.467,0.036
2013,11,전라북도,남원시,대강면,월탄리,대강,9.8,7.8,12.1,1.5,3.4,8.7,1.978,0.051
2013,11,전라북도,장수군,산서면,사상리,오수천1,9.8,7.4,11.3,1.1,3.9,39.0,2.605,0.080
2013,11,전라북도,남원시,덕과면,사율리,율천,10.1,7.3,11.6,1.4,4.0,8.6,1.568,0.066
2013,11,전라북도,남원시,사매면,서도리,월평천,9.9,7.2,12.1,1.5,4.4,6.4,3.092,0.068
2013,11,전라북도,순창군,동계면,서호리,오수천2,10.3,7.7,12.3,1.8,3.7,13.2,2.204,0.064
2013,11,전라북도,임실군,삼계면,후천리,후곡천,9.7,7.6,12.8,1.0,3.2,15.1,2.231,0.072
2013,11,전라북도,남원시,산동면,월석리,요천1,8.9,7.8,13.3,0.8,1.9,1.8,1.805,0.014
2013,11,전라북도,남원시,금지면,창산리,요천2,11.0,8.6,11.3,1.0,4.3,6.3,2.670,0.078
2013,11,전라북도,남원시,송동면,세전리,요천3,11.0,8.2,13.9,1.7,3.9,10.5,2.793,0.074
2013,11,전라북도,고창군,아산면,구암리,주진천1,7.0,8.6,12.8,1.7,5.5,2.7,1.903,0.090
2013,11,전라북도,고창군,아산면,반암리,주진천2,7.0,6.2,12.5,1.6,5.1,4.0,1.875,0.110
2013,12,전라북도,익산시,성당면,부곡리,산북천,5.7,7.7,11.4,5.4,11.7,49.3,6.376,0.289
2013,12,전라북도,익산시,망성면,무형리,마산천,6.2,8.0,12.3,4.5,6.1,10.2,7.019,0.217
2013,12,전라북도,부안군,동진면,하장리,고부천2,8.0,7.4,10.3,2.4,8.4,17.3,9.275,0.100
2013,12,전라북도,부안군,동진면,하장리,고부천3,7.0,7.6,12.2,3.6,10.0,26.0,7.058,0.106
2013,12,전라북도,정읍시,영원면,앵성리,고부천1,8.0,8.3,11.4,2.1,7.5,8.8,6.600,0.073
2013,12,전라북도,김제시,부량면,옥정리,동진강3,5.3,7.9,13.7,1.9,7.1,7.7,5.394,0.065
2013,12,전라북도,정읍시,신태인읍,,동진강2,8.0,7.8,13.1,1.2,4.8,3.6,3.727,0.078
2013,12,전라북도,정읍시,신태인읍,구석리,용호천,7.0,7.0,9.7,2.0,6.8,8.0,4.242,0.119
2013,12,전라북도,정읍시,옹동면,산성리,동진강1,11.0,8.0,12.0,1.3,2.5,0.6,2.849,0.036
2013,12,전라북도,김제시,성덕면,남포리,신평천,8.0,7.6,8.0,3.2,10.1,13.5,10.084,0.436
2013,12,전라북도,김제시,죽산면,대창리,원평천3,7.0,7.6,12.6,4.5,11.3,29.9,5.565,0.132
2013,12,전라북도,김제시,봉남면,용신리,원평천1,10.0,7.7,14.2,1.5,6.4,8.7,6.022,0.122
2013,12,전라북도,김제시,죽산면,죽산리,원평천2,8.0,7.7,11.7,4.5,11.1,23.4,6.194,0.227
2013,12,전라북도,정읍시,공평동,,정읍천3,8.0,7.5,10.4,1.0,5.0,5.0,4.073,0.050
2013,12,전라북도,정읍시,송산동,,정읍천1,8.0,7.6,11.0,0.7,2.2,0.7,2.351,0.015
2013,12,전라북도,정읍시,연지동,,정읍천2,9.0,7.4,10.5,2.8,4.5,10.4,4.014,0.170
2013,12,전라북도,정읍시,이평면,하송리,정읍천4,8.0,7.9,13.9,1.9,8.1,6.2,5.289,0.062
2013,12,전라북도,정읍시,하모동,,천원천,8.0,7.3,11.4,1.0,5.1,2.6,3.945,0.042
2013,12,전라북도,김제시,백구면,마산리,마산천,7.0,7.6,11.6,5.4,7.9,51.0,7.350,0.164
2013,12,전라북도,완주군,삼례읍,,삼례,13.0,6.8,9.3,3.9,10.8,9.5,5.185,0.437
2013,12,전라북도,익산시,춘포면,인수리,익산천1,4.0,8.7,14.0,1.4,5.1,3.0,4.883,0.246
2013,12,전라북도,익산시,춘포면,인수리,익산천2,3.0,8.2,13.2,10.6,16.1,14.3,14.259,0.936
2013,12,전라북도,군산시,대야면,광교리,탑천,6.8,7.6,11.6,4.6,9.7,26.1,6.498,0.138
2013,12,전라북도,김제시,백구면,백구리,김제,7.5,7.5,11.3,5.1,13.9,12.8,6.422,0.254
2013,12,전라북도,김제시,백구면,월봉리,용암천,5.0,7.9,11.0,7.7,13.0,20.4,13.590,0.167
2013,12,전라북도,전주시완산구,서신동,,삼천3,7.0,7.6,9.1,2.1,6.1,2.8,3.074,0.066
2013,12,전라북도,전주시완산구,평화동3가,,삼천1,7.0,8.2,10.1,0.9,4.0,6.0,2.698,0.037
2013,12,전라북도,전주시완산구,효자동2가,,삼천2,7.0,7.7,11.4,1.7,5.9,2.8,2.979,0.052
2013,12,전라북도,완주군,소양면,황운리,소양천1,10.0,7.6,11.3,0.7,1.0,0.3,3.770,0.013
2013,12,전라북도,완주군,용진읍,상운리,소양천2,8.0,8.0,12.4,1.2,1.6,6.2,4.771,0.029
2013,12,전라북도,익산시,춘포면,용연리,익산천3,2.0,7.8,11.5,6.5,12.6,8.3,11.734,0.865
2013,12,전라북도,전주시덕진구,고랑동,,전주천7,14.0,7.2,5.3,8.2,20.7,6.2,7.095,0.332
2013,12,전라북도,전주시덕진구,전미동1가,,전주,7.2,7.8,12.0,2.1,5.5,11.1,3.211,0.198
2013,12,전라북도,전주시완산구,대성동,,전주천1,9.0,6.8,10.7,0.6,1.8,0.4,2.684,0.014
2013,12,전라북도,완주군,고산면,읍내리,고산,9.0,7.1,13.2,0.9,3.1,0.7,2.441,0.020
2013,12,전라북도,무주군,무주읍,대차리,무주남대천2,5.0,7.1,13.6,1.0,2.3,2.2,2.717,0.040
2013,12,전라북도,무주군,무주읍,읍내리,무주남대천1,5.0,7.5,14.5,0.7,2.3,1.6,2.533,0.018
2013,12,전라북도,무주군,무주읍,읍내리,무주남대천3,4.6,8.1,16.2,0.8,2.6,2.1,2.254,0.019
2013,12,전라북도,부안군,상서면,청림리,백천내,10.0,6.5,10.2,0.9,1.5,0.3,2.769,0.003
2013,12,전라북도,무주군,안성면,진도리,구량천,1.9,7.5,15.1,0.6,2.5,0.9,2.785,0.008
2013,12,전라북도,진안군,정천면,월평리,정자천,3.8,7.8,14.9,0.6,1.8,1.1,2.825,0.013
2013,12,전라북도,진안군,진안읍,운산리,진안천,8.0,8.1,13.4,2.4,3.5,2.0,3.070,0.097
2013,12,전라북도,진안군,진안읍,가막리,가막,2.6,7.6,14.8,0.7,3.2,1.5,3.353,0.051
2013,12,전라북도,무주군,무주읍,용포리,용포,8.0,6.7,12.4,0.8,3.9,1.0,1.824,0.039
2013,12,전라북도,진안군,용담면,송풍리,용담,9.1,8.2,11.5,0.6,3.5,1.2,1.548,0.025
2013,12,전라북도,남원시,운봉읍,,람천2,3.0,8.1,14.6,0.9,2.5,1.1,2.034,0.018
2013,12,전라북도,남원시,인월면,중군리,람천1,3.0,8.0,14.7,1.0,2.8,2.7,3.065,0.033
2013,12,전라북도,임실군,관촌면,방수리,관촌,5.1,7.5,12.9,1.2,1.7,1.6,2.500,0.007
2013,12,전라북도,임실군,운암면,학암리,운암,5.0,8.6,13.7,1.1,3.4,1.6,2.790,0.031
2013,12,전라북도,정읍시,산내면,매죽리,추령천,5.2,7.5,13.9,1.0,1.6,0.6,3.544,0.006
2013,12,전라북도,임실군,강진면,용수리,임실,5.3,7.5,13.0,1.3,2.6,1.0,2.109,0.011
2013,12,전라북도,순창군,동계면,구미리,동계,6.0,8.4,13.4,0.9,2.8,0.8,2.585,0.009
2013,12,전라북도,순창군,구림면,안정리,치천,5.3,7.5,13.4,1.2,1.7,1.7,2.581,0.013
2013,12,전라북도,남원시,대강면,풍산리,수홍천,6.6,7.6,12.8,1.5,2.1,5.4,2.869,0.025
2013,12,전라북도,순창군,유등면,유촌리,옥택천,5.5,7.7,12.9,1.5,2.0,4.6,2.337,0.024
2013,12,전라북도,순창군,적성면,고원리,적성,4.8,7.4,13.5,1.2,3.2,1.9,2.570,0.035
2013,12,전라북도,남원시,금지면,귀석리,남원,6.0,8.3,13.7,1.3,3.3,2.0,2.285,0.014
2013,12,전라북도,남원시,대강면,월탄리,대강,4.8,7.5,13.6,1.4,2.6,2.5,2.323,0.020
2013,12,전라북도,장수군,산서면,사상리,오수천1,6.1,7.4,12.3,1.4,2.1,3.0,2.943,0.021
2013,12,전라북도,남원시,덕과면,사율리,율천,6.8,7.3,11.9,1.6,2.1,2.4,1.997,0.028
2013,12,전라북도,남원시,사매면,서도리,월평천,6.4,7.3,12.6,1.8,2.3,9.0,3.119,0.045
2013,12,전라북도,순창군,동계면,서호리,오수천2,5.1,7.7,14.0,1.6,2.6,4.2,2.368,0.022
2013,12,전라북도,임실군,삼계면,후천리,후곡천,5.6,7.8,13.9,1.7,2.2,8.5,2.047,0.035
2013,12,전라북도,남원시,산동면,월석리,요천1,4.8,8.0,13.8,0.8,1.7,1.1,2.028,0.006
2013,12,전라북도,남원시,금지면,창산리,요천2,7.0,8.4,13.5,1.4,3.9,5.9,3.711,0.056
2013,12,전라북도,남원시,송동면,세전리,요천3,6.1,7.9,13.3,1.8,2.9,4.5,3.390,0.043
2013,12,전라북도,고창군,아산면,구암리,주진천1,7.0,7.2,12.9,1.9,5.2,4.2,4.306,0.085
2013,12,전라북도,고창군,아산면,반암리,주진천2,7.0,7.9,12.5,2.0,5.7,5.7,3.687,0.059
2014,01,전라북도,익산시,성당면,부곡리,산북천,3.9,7.9,13.4,3.2,8.6,18.6,9.341,0.402
2014,01,전라북도,익산시,망성면,무형리,마산천,3.7,8.4,14.4,3.2,6.8,10.7,8.104,0.264
2014,01,전라북도,부안군,동진면,하장리,고부천2,4.0,8.6,14.8,3.5,7.4,31.4,4.480,0.106
2014,01,전라북도,부안군,동진면,하장리,고부천3,4.3,8.3,15.2,2.3,8.6,19.9,4.377,0.113
2014,01,전라북도,정읍시,영원면,앵성리,고부천1,5.0,8.2,14.8,2.7,6.4,14.0,4.044,0.089
2014,01,전라북도,김제시,부량면,옥정리,동진강3,4.2,7.8,15.1,1.7,7.3,8.8,5.799,0.087
2014,01,전라북도,정읍시,신태인읍,,동진강2,3.0,8.0,14.8,1.8,4.7,5.3,4.183,0.065
2014,01,전라북도,정읍시,신태인읍,구석리,용호천,3.0,8.6,12.7,2.0,4.4,2.0,2.218,0.112
2014,01,전라북도,정읍시,옹동면,산성리,동진강1,4.0,8.4,15.1,1.4,2.7,0.5,2.780,0.025
2014,01,전라북도,김제시,성덕면,남포리,신평천,4.0,8.8,16.4,3.4,14.4,21.0,10.495,0.170
2014,01,전라북도,김제시,죽산면,대창리,원평천3,5.0,8.9,15.8,3.9,9.2,14.4,3.237,0.103
2014,01,전라북도,김제시,봉남면,용신리,원평천1,3.0,8.2,15.3,2.7,6.1,10.0,4.022,0.065
2014,01,전라북도,김제시,죽산면,죽산리,원평천2,3.0,8.3,15.4,7.9,8.4,18.6,3.643,0.110
2014,01,전라북도,정읍시,공평동,,정읍천3,4.0,8.3,13.9,2.1,3.6,1.5,2.990,0.036
2014,01,전라북도,정읍시,송산동,,정읍천1,2.0,8.5,13.7,1.5,1.5,0.3,2.041,0.020
2014,01,전라북도,정읍시,연지동,,정읍천2,2.0,8.1,11.3,2.4,3.6,0.8,4.140,0.104
2014,01,전라북도,정읍시,이평면,하송리,정읍천4,5.0,7.6,14.9,2.0,9.4,7.1,7.272,0.088
2014,01,전라북도,정읍시,하모동,,천원천,4.0,8.0,14.8,1.8,3.3,4.8,3.278,0.045
2014,01,전라북도,김제시,백구면,마산리,마산천,4.0,8.3,13.3,6.7,9.0,24.1,9.910,0.084
2014,01,전라북도,완주군,삼례읍,,삼례,10.0,7.8,10.0,4.8,14.0,10.2,8.179,0.377
2014,01,전라북도,익산시,춘포면,인수리,익산천1,5.0,8.2,14.6,2.7,5.2,10.3,4.337,0.114
2014,01,전라북도,익산시,춘포면,인수리,익산천2,5.0,8.0,12.7,25.3,23.7,18.8,14.344,0.981
2014,01,전라북도,군산시,대야면,광교리,탑천,3.8,7.7,13.3,2.1,6.4,10.3,5.663,0.128
2014,01,전라북도,김제시,백구면,백구리,김제,6.2,7.5,11.7,6.6,18.3,14.5,8.377,0.417
2014,01,전라북도,김제시,백구면,월봉리,용암천,1.0,8.4,13.6,11.8,15.6,18.4,17.615,0.160
2014,01,전라북도,전주시완산구,서신동,,삼천3,3.0,7.9,12.3,2.5,4.4,4.8,3.583,0.095
2014,01,전라북도,전주시완산구,평화동3가,,삼천1,2.0,8.0,12.6,0.9,2.8,2.2,2.995,0.032
2014,01,전라북도,전주시완산구,효자동2가,,삼천2,1.0,8.0,13.0,1.7,3.7,7.6,2.961,0.045
2014,01,전라북도,완주군,소양면,황운리,소양천1,4.0,7.8,11.6,0.5,1.6,1.4,4.000,0.012
2014,01,전라북도,완주군,용진읍,상운리,소양천2,3.0,8.1,12.8,1.3,2.3,1.6,5.204,0.026
2014,01,전라북도,익산시,춘포면,용연리,익산천3,4.0,7.7,9.6,16.4,20.4,5.0,15.291,0.982
2014,01,전라북도,전주시덕진구,고랑동,,전주천7,11.8,7.1,5.9,9.3,24.4,7.3,10.329,0.422
2014,01,전라북도,전주시덕진구,전미동1가,,전주,3.6,7.4,14.0,2.8,6.7,10.1,3.279,0.097
2014,01,전라북도,전주시완산구,대성동,,전주천1,4.0,8.3,12.3,0.2,0.9,0.8,3.052,0.013
2014,01,전라북도,완주군,고산면,읍내리,고산,6.0,8.7,13.9,1.3,2.4,1.3,2.158,0.005
2014,01,전라북도,무주군,무주읍,대차리,무주남대천2,1.0,7.9,14.7,0.9,2.3,0.5,3.523,0.027
2014,01,전라북도,무주군,무주읍,읍내리,무주남대천1,2.0,7.9,14.3,0.6,1.8,0.2,3.400,0.005
2014,01,전라북도,무주군,무주읍,읍내리,무주남대천3,1.4,8.6,15.5,1.1,2.6,1.3,3.364,0.020
2014,01,전라북도,부안군,상서면,청림리,백천내,8.0,7.0,12.7,0.6,1.4,0.3,2.278,0.003
2014,01,전라북도,무주군,안성면,진도리,구량천,1.0,7.9,15.2,0.8,2.0,1.2,3.616,0.008
2014,01,전라북도,진안군,정천면,월평리,정자천,1.2,7.8,12.9,0.8,1.6,0.9,3.317,0.007
2014,01,전라북도,진안군,진안읍,운산리,진안천,7.0,7.0,14.7,2.0,4.0,1.2,3.427,0.074
2014,01,전라북도,진안군,진안읍,가막리,가막,0.3,8.1,15.5,0.9,2.5,1.3,3.926,0.014
2014,01,전라북도,무주군,무주읍,용포리,용포,2.0,7.7,13.5,0.8,2.4,0.8,1.756,0.011
2014,01,전라북도,진안군,용담면,송풍리,용담,4.6,7.8,10.4,0.8,2.7,1.5,1.514,0.009
2014,01,전라북도,남원시,운봉읍,,람천2,3.0,9.2,14.9,0.5,2.7,1.1,2.474,0.015
2014,01,전라북도,남원시,인월면,중군리,람천1,4.0,8.7,14.7,0.6,3.3,1.7,3.323,0.024
2014,01,전라북도,임실군,관촌면,방수리,관촌,1.0,7.6,14.9,0.9,2.3,4.0,2.675,0.010
2014,01,전라북도,임실군,운암면,학암리,운암,3.0,8.3,16.3,0.8,2.9,2.8,2.496,0.007
2014,01,전라북도,정읍시,산내면,매죽리,추령천,1.3,7.6,14.2,0.8,1.9,0.9,3.780,0.007
2014,01,전라북도,임실군,강진면,용수리,임실,3.2,7.7,14.1,0.9,3.2,0.8,1.832,0.008
2014,01,전라북도,순창군,동계면,구미리,동계,2.0,8.1,15.4,0.7,3.0,0.7,2.310,0.007
2014,01,전라북도,순창군,구림면,안정리,치천,0.5,7.8,15.2,0.8,1.7,2.0,2.688,0.005
2014,01,전라북도,남원시,대강면,풍산리,수홍천,2.2,7.4,13.6,0.7,1.6,2.0,3.377,0.013
2014,01,전라북도,순창군,유등면,유촌리,옥택천,1.0,7.5,13.9,1.0,2.0,1.3,2.404,0.012
2014,01,전라북도,순창군,적성면,고원리,적성,2.5,8.2,14.7,1.6,2.9,1.8,2.452,0.014
2014,01,전라북도,남원시,금지면,귀석리,남원,2.0,8.0,15.7,0.9,2.8,1.6,2.298,0.014
2014,01,전라북도,남원시,대강면,월탄리,대강,1.4,7.4,14.3,1.1,2.8,1.6,2.465,0.018
2014,01,전라북도,장수군,산서면,사상리,오수천1,2.0,7.3,13.0,0.9,1.8,1.4,2.767,0.020
2014,01,전라북도,남원시,덕과면,사율리,율천,3.5,7.3,12.9,0.7,2.1,3.4,1.845,0.033
2014,01,전라북도,남원시,사매면,서도리,월평천,2.7,7.2,13.3,1.4,2.6,2.3,3.665,0.047
2014,01,전라북도,순창군,동계면,서호리,오수천2,2.0,7.8,14.6,0.9,2.5,3.4,2.664,0.021
2014,01,전라북도,임실군,삼계면,후천리,후곡천,1.1,7.6,14.8,0.9,2.4,7.5,1.841,0.024
2014,01,전라북도,남원시,산동면,월석리,요천1,1.7,7.8,14.4,0.6,1.7,1.1,2.088,0.007
2014,01,전라북도,남원시,금지면,창산리,요천2,3.0,8.0,15.0,1.3,4.0,3.6,4.117,0.044
2014,01,전라북도,남원시,송동면,세전리,요천3,3.7,8.1,14.8,1.6,4.3,5.3,3.684,0.048
2014,01,전라북도,고창군,아산면,구암리,주진천1,4.0,8.2,14.9,2.0,4.5,2.0,4.804,0.048
2014,01,전라북도,고창군,아산면,반암리,주진천2,4.0,8.3,14.1,1.9,4.8,2.4,3.963,0.024
2014,02,전라북도,익산시,성당면,부곡리,산북천,6.3,7.8,12.4,5.0,10.9,54.3,8.296,0.339
2014,02,전라북도,익산시,망성면,무형리,마산천,5.7,8.2,11.5,4.3,7.3,7.6,8.621,0.334
2014,02,전라북도,부안군,동진면,하장리,고부천2,8.0,7.8,14.4,3.1,7.8,38.4,4.688,0.074
2014,02,전라북도,부안군,동진면,하장리,고부천3,5.4,7.6,9.5,3.4,9.2,32.5,7.623,0.121
2014,02,전라북도,정읍시,영원면,앵성리,고부천1,7.0,8.2,14.8,3.0,8.0,42.8,4.596,0.132
2014,02,전라북도,김제시,부량면,옥정리,동진강3,5.5,7.6,13.7,3.7,9.2,12.0,7.282,0.089
2014,02,전라북도,정읍시,신태인읍,,동진강2,6.0,8.1,14.0,1.1,3.9,12.9,3.413,0.081
2014,02,전라북도,정읍시,신태인읍,구석리,용호천,8.0,7.8,13.5,1.3,5.2,3.0,3.336,0.118
2014,02,전라북도,정읍시,옹동면,산성리,동진강1,8.0,8.4,15.0,1.0,2.8,0.4,2.727,0.036
2014,02,전라북도,김제시,성덕면,남포리,신평천,6.0,8.6,16.3,6.9,15.6,17.8,16.861,0.251
2014,02,전라북도,김제시,죽산면,대창리,원평천3,5.6,8.8,18.3,6.4,13.6,34.8,4.092,0.136
2014,02,전라북도,김제시,봉남면,용신리,원평천1,8.0,8.2,14.3,2.0,7.3,17.7,4.725,0.119
2014,02,전라북도,김제시,죽산면,죽산리,원평천2,5.0,9.1,16.6,5.5,15.9,27.5,4.559,0.228
2014,02,전라북도,정읍시,공평동,,정읍천3,8.0,7.8,14.1,1.8,4.1,4.8,2.879,0.028
2014,02,전라북도,정읍시,송산동,,정읍천1,6.0,8.4,17.2,0.3,1.6,0.4,1.899,0.016
2014,02,전라북도,정읍시,연지동,,정읍천2,7.0,8.5,17.0,2.2,5.2,2.5,3.215,0.094
2014,02,전라북도,정읍시,이평면,하송리,정읍천4,6.0,7.6,13.2,3.6,10.4,11.6,9.664,0.082
2014,02,전라북도,정읍시,하모동,,천원천,8.0,8.1,14.6,1.3,4.0,4.2,2.987,0.020
2014,02,전라북도,김제시,백구면,마산리,마산천,4.0,8.2,15.3,6.6,8.7,27.6,6.240,0.141
2014,02,전라북도,완주군,삼례읍,,삼례,10.0,7.5,11.1,7.3,16.2,11.6,10.975,0.583
2014,02,전라북도,익산시,춘포면,인수리,익산천1,6.0,8.0,15.5,3.8,6.3,23.0,5.009,0.293
2014,02,전라북도,익산시,춘포면,인수리,익산천2,6.0,7.8,14.1,9.4,19.5,32.3,12.957,1.090
2014,02,전라북도,군산시,대야면,광교리,탑천,5.2,7.4,10.9,2.7,7.3,20.8,7.870,0.136
2014,02,전라북도,김제시,백구면,백구리,김제,7.0,7.0,11.1,8.1,19.1,14.2,10.310,0.635
2014,02,전라북도,김제시,백구면,월봉리,용암천,3.0,8.5,14.1,6.8,13.3,24.0,11.440,0.148
2014,02,전라북도,전주시완산구,서신동,,삼천3,4.0,7.3,12.9,3.1,5.4,3.0,3.619,0.066
2014,02,전라북도,전주시완산구,평화동3가,,삼천1,3.0,7.0,12.5,1.2,3.2,2.1,3.630,0.038
2014,02,전라북도,전주시완산구,효자동2가,,삼천2,3.0,7.1,12.6,2.8,4.5,4.1,3.243,0.036
2014,02,전라북도,완주군,소양면,황운리,소양천1,6.0,8.2,13.1,0.6,1.6,0.4,3.920,0.013
2014,02,전라북도,완주군,용진읍,상운리,소양천2,4.0,8.5,12.2,1.3,2.7,3.0,4.905,0.028
2014,02,전라북도,익산시,춘포면,용연리,익산천3,4.0,7.7,10.2,15.9,27.1,18.3,18.315,1.409
2014,02,전라북도,전주시덕진구,고랑동,,전주천7,12.6,6.8,4.9,10.3,26.2,8.6,13.226,0.810
2014,02,전라북도,전주시덕진구,전미동1가,,전주,5.5,7.6,14.4,3.9,7.4,16.8,2.726,0.130
2014,02,전라북도,전주시완산구,대성동,,전주천1,4.0,7.1,12.1,0.6,1.0,0.4,2.817,0.007
2014,02,전라북도,완주군,고산면,읍내리,고산,5.0,8.0,14.8,1.6,2.7,0.7,2.029,0.009
2014,02,전라북도,무주군,무주읍,대차리,무주남대천2,5.0,7.6,13.9,0.8,3.5,1.5,3.093,0.020
2014,02,전라북도,무주군,무주읍,읍내리,무주남대천1,5.0,7.6,14.4,0.9,2.9,0.8,3.053,0.009
2014,02,전라북도,무주군,무주읍,읍내리,무주남대천3,3.9,8.0,14.4,1.3,3.0,1.7,2.922,0.020
2014,02,전라북도,부안군,상서면,청림리,백천내,4.0,6.9,12.7,0.4,1.0,0.3,2.085,0.034
2014,02,전라북도,무주군,안성면,진도리,구량천,3.2,7.6,14.7,0.8,2.6,1.5,3.472,0.010
2014,02,전라북도,진안군,정천면,월평리,정자천,3.8,7.8,13.8,0.7,1.9,1.3,2.824,0.005
2014,02,전라북도,진안군,진안읍,운산리,진안천,4.0,8.0,14.7,2.1,4.0,1.2,3.380,0.155
2014,02,전라북도,진안군,진안읍,가막리,가막,3.3,7.4,14.5,1.1,3.2,1.6,3.804,0.013
2014,02,전라북도,무주군,무주읍,용포리,용포,5.0,8.0,13.4,1.2,3.0,0.8,2.008,0.012
2014,02,전라북도,진안군,용담면,송풍리,용담,4.6,7.7,13.1,0.8,2.9,1.1,1.654,0.009
2014,02,전라북도,남원시,운봉읍,,람천2,4.0,8.5,14.7,1.4,2.4,1.1,2.032,0.010
2014,02,전라북도,남원시,인월면,중군리,람천1,4.0,8.6,15.1,1.3,3.5,2.2,3.108,0.024
2014,02,전라북도,임실군,관촌면,방수리,관촌,4.6,7.9,13.7,1.2,2.5,1.4,2.142,0.010
2014,02,전라북도,임실군,운암면,학암리,운암,6.0,8.6,14.5,1.5,3.0,1.3,2.825,0.016
2014,02,전라북도,정읍시,산내면,매죽리,추령천,5.5,7.7,13.0,0.9,2.3,1.0,3.178,0.007
2014,02,전라북도,임실군,강진면,용수리,임실,5.3,7.9,13.4,0.9,3.1,1.1,1.620,0.007
2014,02,전라북도,순창군,동계면,구미리,동계,6.0,7.8,13.0,0.6,3.3,1.0,2.225,0.011
2014,02,전라북도,순창군,구림면,안정리,치천,4.5,8.1,13.9,0.9,2.0,0.9,2.194,0.009
2014,02,전라북도,남원시,대강면,풍산리,수홍천,6.0,7.5,12.9,0.7,1.7,2.0,3.037,0.021
2014,02,전라북도,순창군,유등면,유촌리,옥택천,4.4,7.4,12.6,1.0,2.2,1.6,2.197,0.019
2014,02,전라북도,순창군,적성면,고원리,적성,7.0,7.9,12.9,1.7,3.5,2.6,2.347,0.018
2014,02,전라북도,남원시,금지면,귀석리,남원,7.0,7.8,12.8,1.0,3.8,2.6,2.138,0.018
2014,02,전라북도,남원시,대강면,월탄리,대강,5.1,7.6,12.6,1.3,3.4,2.6,2.078,0.020
2014,02,전라북도,장수군,산서면,사상리,오수천1,5.3,7.5,12.1,1.2,2.3,1.7,2.578,0.024
2014,02,전라북도,남원시,덕과면,사율리,율천,6.1,7.6,12.6,1.0,2.2,7.1,1.621,0.043
2014,02,전라북도,남원시,사매면,서도리,월평천,6.2,7.5,12.9,3.1,4.6,4.9,3.162,0.107
2014,02,전라북도,순창군,동계면,서호리,오수천2,6.5,8.2,13.5,1.6,3.2,3.9,2.368,0.028
2014,02,전라북도,임실군,삼계면,후천리,후곡천,5.0,7.7,13.3,1.1,2.7,18.2,1.669,0.052
2014,02,전라북도,남원시,산동면,월석리,요천1,4.0,7.6,14.1,0.7,2.0,1.0,1.898,0.008
2014,02,전라북도,남원시,금지면,창산리,요천2,7.0,7.7,12.8,1.9,5.1,4.8,4.282,0.050
2014,02,전라북도,남원시,송동면,세전리,요천3,6.6,7.7,13.6,1.6,3.8,4.7,3.565,0.047
2014,02,전라북도,고창군,아산면,구암리,주진천1,4.0,7.5,15.1,2.5,5.1,2.9,4.985,0.030
2014,02,전라북도,고창군,아산면,반암리,주진천2,3.0,7.4,15.2,2.0,5.1,7.2,4.630,0.040
2014,03,전라북도,익산시,성당면,부곡리,산북천,11.0,8.0,12.5,6.9,14.4,55.0,7.589,0.255
2014,03,전라북도,익산시,망성면,무형리,마산천,8.0,8.5,11.5,5.1,8.2,16.7,7.676,0.356
2014,03,전라북도,부안군,동진면,하장리,고부천2,9.0,8.0,8.8,9.9,12.0,77.5,4.704,0.261
2014,03,전라북도,부안군,동진면,하장리,고부천3,10.3,7.7,10.5,4.7,10.9,35.5,9.563,0.113
2014,03,전라북도,정읍시,영원면,앵성리,고부천1,10.0,8.3,10.0,2.9,6.7,101.3,4.356,0.252
2014,03,전라북도,김제시,부량면,옥정리,동진강3,10.2,7.7,11.5,4.6,10.7,16.0,7.725,0.122
2014,03,전라북도,정읍시,신태인읍,,동진강2,8.0,6.6,12.0,2.0,5.3,13.9,3.233,0.154
2014,03,전라북도,정읍시,신태인읍,구석리,용호천,8.0,8.5,10.3,2.5,6.1,8.1,2.532,0.191
2014,03,전라북도,정읍시,옹동면,산성리,동진강1,8.0,8.1,14.3,0.5,2.5,1.1,2.403,0.035
2014,03,전라북도,김제시,성덕면,남포리,신평천,8.0,7.7,13.9,4.9,16.8,23.6,18.047,0.257
2014,03,전라북도,김제시,죽산면,대창리,원평천3,9.7,8.6,14.9,6.0,12.9,29.0,6.378,0.111
2014,03,전라북도,김제시,봉남면,용신리,원평천1,10.0,8.5,13.8,2.8,9.8,20.7,4.506,0.178
2014,03,전라북도,김제시,죽산면,죽산리,원평천2,8.0,7.6,16.1,2.8,17.2,56.4,3.619,0.244
2014,03,전라북도,정읍시,공평동,,정읍천3,10.0,8.2,10.7,4.4,5.2,6.9,1.941,0.070
2014,03,전라북도,정읍시,송산동,,정읍천1,7.0,8.2,8.3,0.9,1.9,0.5,1.631,0.024
2014,03,전라북도,정읍시,연지동,,정읍천2,8.0,8.4,11.4,2.9,4.5,1.7,2.704,0.085
2014,03,전라북도,정읍시,이평면,하송리,정읍천4,11.0,7.6,10.2,4.8,11.1,17.8,9.964,0.107
2014,03,전라북도,정읍시,하모동,,천원천,8.0,7.9,9.8,2.3,4.2,6.0,2.189,0.052
2014,03,전라북도,김제시,백구면,마산리,마산천,7.0,8.6,15.3,13.7,12.8,28.7,7.670,0.246
2014,03,전라북도,완주군,삼례읍,,삼례,13.0,7.6,9.5,10.7,25.7,13.2,12.985,0.999
2014,03,전라북도,익산시,춘포면,인수리,익산천1,10.0,8.0,13.3,2.8,9.2,39.3,4.760,0.405
2014,03,전라북도,익산시,춘포면,인수리,익산천2,11.0,8.0,11.0,31.7,51.2,61.0,14.006,1.364
2014,03,전라북도,군산시,대야면,광교리,탑천,9.8,7.9,11.6,5.2,8.9,22.9,9.257,0.119
2014,03,전라북도,김제시,백구면,백구리,김제,11.7,7.4,9.3,8.0,17.1,26.5,8.429,0.574
2014,03,전라북도,김제시,백구면,월봉리,용암천,6.0,8.2,12.6,30.1,16.9,35.0,28.855,0.325
2014,03,전라북도,전주시완산구,서신동,,삼천3,11.0,8.6,12.6,6.6,7.5,12.8,2.717,0.063
2014,03,전라북도,전주시완산구,평화동3가,,삼천1,9.0,7.1,12.0,2.9,4.0,5.0,2.682,0.052
2014,03,전라북도,전주시완산구,효자동2가,,삼천2,8.0,8.5,13.9,4.0,6.0,6.4,2.100,0.066
2014,03,전라북도,완주군,소양면,황운리,소양천1,10.0,8.3,13.0,0.8,2.3,2.0,3.525,0.027
2014,03,전라북도,완주군,용진읍,상운리,소양천2,9.0,7.8,11.8,3.0,5.7,60.7,4.138,0.104
2014,03,전라북도,익산시,춘포면,용연리,익산천3,10.0,7.9,9.3,12.8,36.5,35.8,13.297,1.078
2014,03,전라북도,전주시덕진구,고랑동,,전주천7,14.3,7.3,4.6,10.2,20.4,9.1,11.628,0.648
2014,03,전라북도,전주시덕진구,전미동1가,,전주,10.6,8.2,12.7,4.1,9.1,25.9,2.219,0.171
2014,03,전라북도,전주시완산구,대성동,,전주천1,7.0,7.0,12.0,0.5,0.7,0.8,2.882,0.025
2014,03,전라북도,완주군,고산면,읍내리,고산,8.0,8.6,13.8,1.8,3.1,1.1,1.785,0.013
2014,03,전라북도,무주군,무주읍,대차리,무주남대천2,9.0,7.2,11.4,1.2,2.9,3.1,3.022,0.028
2014,03,전라북도,무주군,무주읍,읍내리,무주남대천1,10.0,7.2,11.5,0.8,2.5,1.1,2.888,0.016
2014,03,전라북도,무주군,무주읍,읍내리,무주남대천3,7.4,8.3,12.1,1.5,3.5,2.7,2.676,0.022
2014,03,전라북도,부안군,상서면,청림리,백천내,10.0,6.9,12.2,0.4,1.0,0.5,2.235,0.003
2014,03,전라북도,무주군,안성면,진도리,구량천,5.7,7.9,13.6,0.8,2.8,1.9,2.949,0.009
2014,03,전라북도,진안군,정천면,월평리,정자천,7.6,8.0,13.3,0.7,2.4,1.8,3.005,0.006
2014,03,전라북도,진안군,진안읍,운산리,진안천,11.0,8.5,14.3,2.1,4.3,2.0,2.385,0.057
2014,03,전라북도,진안군,진안읍,가막리,가막,6.6,7.6,13.5,1.4,3.8,3.2,3.673,0.018
2014,03,전라북도,무주군,무주읍,용포리,용포,9.0,7.1,11.2,1.0,3.5,1.1,1.784,0.018
2014,03,전라북도,진안군,용담면,송풍리,용담,6.5,8.0,13.4,0.8,2.9,1.4,1.593,0.008
2014,03,전라북도,남원시,운봉읍,,람천2,11.0,7.5,12.2,0.8,3.1,2.9,1.585,0.024
2014,03,전라북도,남원시,인월면,중군리,람천1,13.0,7.8,11.8,1.5,4.1,6.2,3.097,0.082
2014,03,전라북도,임실군,관촌면,방수리,관촌,8.2,7.4,11.4,1.0,3.1,7.3,2.930,0.025
2014,03,전라북도,임실군,운암면,학암리,운암,12.0,8.1,12.4,1.3,3.4,5.0,3.790,0.033
2014,03,전라북도,정읍시,산내면,매죽리,추령천,9.6,7.6,11.6,1.0,3.0,4.1,3.581,0.019
2014,03,전라북도,임실군,강진면,용수리,임실,9.2,7.6,11.6,0.7,3.1,2.1,2.388,0.015
2014,03,전라북도,순창군,동계면,구미리,동계,12.0,7.9,12.1,1.3,3.2,2.1,3.317,0.020
2014,03,전라북도,순창군,구림면,안정리,치천,8.7,7.7,11.6,1.0,2.7,2.5,2.789,0.017
2014,03,전라북도,남원시,대강면,풍산리,수홍천,9.9,7.5,12.2,1.3,3.3,3.1,2.992,0.042
2014,03,전라북도,순창군,유등면,유촌리,옥택천,8.5,7.5,12.1,1.4,3.5,6.0,2.564,0.041
2014,03,전라북도,순창군,적성면,고원리,적성,10.8,7.8,11.7,2.0,4.3,3.4,2.644,0.023
2014,03,전라북도,남원시,금지면,귀석리,남원,12.0,7.8,11.8,1.5,4.8,5.5,3.032,0.049
2014,03,전라북도,남원시,대강면,월탄리,대강,9.9,7.5,11.5,2.2,4.6,11.1,2.624,0.053
2014,03,전라북도,장수군,산서면,사상리,오수천1,8.6,7.5,11.8,1.6,4.0,7.4,3.167,0.055
2014,03,전라북도,남원시,덕과면,사율리,율천,10.1,7.5,11.8,2.2,5.0,13.9,2.339,0.089
2014,03,전라북도,남원시,사매면,서도리,월평천,9.8,7.4,13.0,3.1,6.8,12.7,3.148,0.134
2014,03,전라북도,순창군,동계면,서호리,오수천2,10.7,7.8,12.2,1.8,4.7,18.1,2.559,0.078
2014,03,전라북도,임실군,삼계면,후천리,후곡천,8.8,7.7,12.7,1.5,3.8,10.2,2.369,0.052
2014,03,전라북도,남원시,산동면,월석리,요천1,8.0,7.7,12.3,0.7,2.1,2.4,2.548,0.017
2014,03,전라북도,남원시,금지면,창산리,요천2,13.0,7.8,11.8,1.5,3.8,4.3,3.802,0.058
2014,03,전라북도,남원시,송동면,세전리,요천3,10.7,7.6,11.7,2.5,4.7,11.2,3.029,0.085
2014,03,전라북도,고창군,아산면,구암리,주진천1,7.0,8.0,12.8,3.1,6.4,4.9,5.660,0.057
2014,03,전라북도,고창군,아산면,반암리,주진천2,7.0,8.1,13.9,2.4,6.2,29.5,5.383,0.039
2014,04,전라북도,익산시,성당면,부곡리,산북천,15.5,8.5,11.7,7.9,14.4,16.1,6.426,0.107
2014,04,전라북도,익산시,망성면,무형리,마산천,17.7,8.2,8.0,5.2,10.6,59.0,4.248,0.222
2014,04,전라북도,부안군,동진면,하장리,고부천2,17.0,7.9,10.8,3.5,8.6,7.6,6.870,0.098
2014,04,전라북도,부안군,동진면,하장리,고부천3,15.6,8.3,10.8,3.6,9.1,6.9,5.752,0.045
2014,04,전라북도,정읍시,영원면,앵성리,고부천1,17.0,7.5,10.9,7.0,10.9,21.7,11.185,0.085
2014,04,전라북도,김제시,부량면,옥정리,동진강3,16.2,8.2,11.0,4.6,9.9,14.6,3.848,0.060
2014,04,전라북도,정읍시,신태인읍,,동진강2,17.0,9.0,15.9,3.8,10.5,23.0,3.960,0.153
2014,04,전라북도,정읍시,신태인읍,구석리,용호천,16.0,7.6,10.4,1.8,6.4,16.2,3.530,0.167
2014,04,전라북도,정읍시,옹동면,산성리,동진강1,13.0,6.5,11.7,3.0,3.5,3.6,2.285,0.026
2014,04,전라북도,김제시,성덕면,남포리,신평천,18.0,9.0,12.5,4.2,9.9,16.8,4.720,0.118
2014,04,전라북도,김제시,죽산면,대창리,원평천3,14.9,8.5,11.2,2.8,8.3,7.8,4.866,0.037
2014,04,전라북도,김제시,봉남면,용신리,원평천1,19.0,9.3,14.5,4.7,10.6,19.8,3.599,0.162
2014,04,전라북도,김제시,죽산면,죽산리,원평천2,16.0,8.9,12.0,4.5,10.7,9.0,5.264,0.090
2014,04,전라북도,정읍시,공평동,,정읍천3,16.0,7.5,11.3,4.6,6.3,13.6,3.661,0.056
2014,04,전라북도,정읍시,송산동,,정읍천1,13.0,7.5,11.2,0.8,2.2,1.0,2.387,0.026
2014,04,전라북도,정읍시,연지동,,정읍천2,15.0,8.2,13.5,1.5,3.0,2.9,2.726,0.044
2014,04,전라북도,정읍시,이평면,하송리,정읍천4,14.8,7.6,10.4,3.8,8.6,16.1,5.146,0.051
2014,04,전라북도,정읍시,하모동,,천원천,15.0,7.3,9.7,2.0,4.8,7.4,4.495,0.048
2014,04,전라북도,김제시,백구면,마산리,마산천,14.0,8.3,13.7,20.3,15.4,20.8,5.458,0.194
2014,04,전라북도,완주군,삼례읍,,삼례,17.0,7.1,9.7,3.1,8.3,13.5,5.049,0.329
2014,04,전라북도,익산시,춘포면,인수리,익산천1,20.0,7.7,11.2,3.4,9.6,48.9,4.300,0.382
2014,04,전라북도,익산시,춘포면,인수리,익산천2,20.0,7.9,10.2,8.0,17.3,44.5,9.385,1.093
2014,04,전라북도,군산시,대야면,광교리,탑천,16.9,8.5,12.0,4.4,15.5,14.5,8.338,0.094
2014,04,전라북도,김제시,백구면,백구리,김제,17.6,7.7,9.5,7.1,13.5,20.0,4.680,0.355
2014,04,전라북도,김제시,백구면,월봉리,용암천,15.0,7.8,9.3,35.3,16.7,66.0,18.380,0.184
2014,04,전라북도,전주시완산구,서신동,,삼천3,17.0,7.8,9.4,1.9,4.5,8.4,2.602,0.057
2014,04,전라북도,전주시완산구,평화동3가,,삼천1,13.0,7.4,10.3,0.9,3.4,3.0,2.330,0.039
2014,04,전라북도,전주시완산구,효자동2가,,삼천2,13.0,7.4,11.2,1.8,4.0,21.9,2.644,0.054
2014,04,전라북도,완주군,소양면,황운리,소양천1,14.0,8.4,13.1,0.8,1.8,0.8,4.828,0.030
2014,04,전라북도,완주군,용진읍,상운리,소양천2,17.0,7.6,11.9,1.0,3.1,13.4,4.588,0.041
2014,04,전라북도,익산시,춘포면,용연리,익산천3,19.0,7.7,7.4,8.0,23.4,40.0,9.592,1.435
2014,04,전라북도,전주시덕진구,고랑동,,전주천7,17.5,7.5,5.0,8.0,19.1,6.6,7.507,0.732
2014,04,전라북도,전주시덕진구,전미동1가,,전주,16.3,8.4,10.9,2.2,5.3,13.3,2.279,0.054
2014,04,전라북도,전주시완산구,대성동,,전주천1,13.0,7.7,11.4,0.6,1.4,0.7,4.385,0.031
2014,04,전라북도,완주군,고산면,읍내리,고산,11.0,6.5,12.7,1.3,2.9,2.6,2.686,0.017
2014,04,전라북도,무주군,무주읍,대차리,무주남대천2,16.0,8.8,11.4,1.9,3.2,2.6,2.582,0.031
2014,04,전라북도,무주군,무주읍,읍내리,무주남대천1,18.0,8.6,12.7,1.8,2.7,1.7,2.324,0.030
2014,04,전라북도,무주군,무주읍,읍내리,무주남대천3,14.7,8.3,13.2,1.5,3.4,2.9,2.302,0.016
2014,04,전라북도,부안군,상서면,청림리,백천내,15.0,6.8,11.2,0.4,1.0,1.0,3.029,0.009
2014,04,전라북도,무주군,안성면,진도리,구량천,12.0,8.6,12.6,0.9,3.1,4.1,2.465,0.012
2014,04,전라북도,진안군,정천면,월평리,정자천,13.4,7.9,11.5,0.6,2.4,3.2,3.337,0.008
2014,04,전라북도,진안군,진안읍,운산리,진안천,15.0,7.2,11.0,1.3,3.4,2.6,3.109,0.087
2014,04,전라북도,진안군,진안읍,가막리,가막,13.0,8.2,12.2,1.1,3.8,4.9,3.166,0.024
2014,04,전라북도,무주군,무주읍,용포리,용포,14.0,7.3,12.0,1.8,3.3,2.2,1.737,0.014
2014,04,전라북도,진안군,용담면,송풍리,용담,9.6,7.7,12.0,0.7,3.3,1.6,1.672,0.006
2014,04,전라북도,남원시,운봉읍,,람천2,15.0,9.0,10.8,3.2,3.8,2.8,1.435,0.023
2014,04,전라북도,남원시,인월면,중군리,람천1,17.0,9.3,11.9,3.6,3.9,14.0,2.385,0.056
2014,04,전라북도,임실군,관촌면,방수리,관촌,15.0,7.5,10.3,1.1,2.8,8.2,2.200,0.025
2014,04,전라북도,임실군,운암면,학암리,운암,19.0,8.9,11.5,2.5,3.7,9.5,1.942,0.036
2014,04,전라북도,정읍시,산내면,매죽리,추령천,14.8,7.4,10.9,0.7,2.4,4.0,3.336,0.019
2014,04,전라북도,임실군,강진면,용수리,임실,16.2,7.8,10.7,1.0,3.1,2.7,1.613,0.017
2014,04,전라북도,순창군,동계면,구미리,동계,18.0,8.2,10.9,1.2,3.8,4.4,1.911,0.021
2014,04,전라북도,순창군,구림면,안정리,치천,15.2,7.9,10.8,0.7,2.4,3.2,2.215,0.026
2014,04,전라북도,남원시,대강면,풍산리,수홍천,14.4,7.6,11.4,0.8,3.1,6.2,2.079,0.051
2014,04,전라북도,순창군,유등면,유촌리,옥택천,13.9,7.4,10.8,1.1,3.5,15.5,1.587,0.056
2014,04,전라북도,순창군,적성면,고원리,적성,17.0,7.9,10.4,2.0,4.1,5.6,1.969,0.045
2014,04,전라북도,남원시,금지면,귀석리,남원,19.0,8.6,11.4,1.5,3.9,7.2,1.527,0.046
2014,04,전라북도,남원시,대강면,월탄리,대강,16.0,7.6,10.1,2.7,5.2,15.3,1.738,0.065
2014,04,전라북도,장수군,산서면,사상리,오수천1,13.6,7.2,10.9,1.4,3.6,9.0,2.138,0.045
2014,04,전라북도,남원시,덕과면,사율리,율천,16.1,7.6,11.1,1.1,3.2,17.4,1.077,0.069
2014,04,전라북도,남원시,사매면,서도리,월평천,15.6,7.5,13.0,2.0,5.1,10.8,1.628,0.089
2014,04,전라북도,순창군,동계면,서호리,오수천2,17.7,8.2,11.2,2.7,5.1,15.5,1.754,0.063
2014,04,전라북도,임실군,삼계면,후천리,후곡천,15.6,7.8,12.3,1.4,4.2,25.9,1.758,0.100
2014,04,전라북도,남원시,산동면,월석리,요천1,13.1,7.7,11.0,0.6,2.3,6.3,1.989,0.022
2014,04,전라북도,남원시,금지면,창산리,요천2,19.0,8.8,11.2,2.0,6.1,9.1,2.747,0.094
2014,04,전라북도,남원시,송동면,세전리,요천3,17.4,8.2,10.9,2.4,4.7,11.7,2.318,0.085
2014,04,전라북도,고창군,아산면,구암리,주진천1,13.0,7.8,12.1,3.7,9.5,15.5,4.381,0.126
2014,04,전라북도,고창군,아산면,반암리,주진천2,14.0,8.6,12.7,3.4,9.3,31.7,6.989,0.284
2014,05,전라북도,익산시,성당면,부곡리,산북천,20.7,7.4,6.9,4.3,12.1,30.5,3.717,0.078
2014,05,전라북도,익산시,망성면,무형리,마산천,21.6,7.7,6.4,5.3,14.8,82.9,3.576,0.356
2014,05,전라북도,부안군,동진면,하장리,고부천2,19.0,8.2,10.7,4.9,9.3,13.9,3.963,0.057
2014,05,전라북도,부안군,동진면,하장리,고부천3,19.8,8.0,9.3,3.4,9.9,20.9,2.901,0.068
2014,05,전라북도,정읍시,영원면,앵성리,고부천1,21.0,7.9,9.6,3.9,9.0,18.4,4.475,0.068
2014,05,전라북도,김제시,부량면,옥정리,동진강3,19.6,7.2,8.9,2.9,8.4,24.3,2.973,0.093
2014,05,전라북도,정읍시,신태인읍,,동진강2,19.0,7.1,9.1,2.2,6.0,18.0,2.360,0.092
2014,05,전라북도,정읍시,신태인읍,구석리,용호천,20.0,6.9,7.1,3.5,7.3,18.4,4.419,0.105
2014,05,전라북도,정읍시,옹동면,산성리,동진강1,15.0,7.0,10.5,1.5,3.2,6.6,2.073,0.026
2014,05,전라북도,김제시,성덕면,남포리,신평천,19.0,7.9,9.5,3.8,8.1,48.2,3.074,0.171
2014,05,전라북도,김제시,죽산면,대창리,원평천3,19.4,8.1,9.6,3.0,7.3,18.5,2.478,0.056
2014,05,전라북도,김제시,봉남면,용신리,원평천1,22.0,9.0,12.9,6.0,10.1,25.3,1.360,0.104
2014,05,전라북도,김제시,죽산면,죽산리,원평천2,20.0,8.5,10.2,3.5,7.2,17.5,2.395,0.082
2014,05,전라북도,정읍시,공평동,,정읍천3,20.0,8.2,12.7,4.5,8.2,12.2,2.632,0.042
2014,05,전라북도,정읍시,송산동,,정읍천1,16.0,6.8,9.7,0.8,2.5,1.8,1.730,0.027
2014,05,전라북도,정읍시,연지동,,정읍천2,19.0,7.5,10.1,1.9,3.5,2.4,2.075,0.037
2014,05,전라북도,정읍시,이평면,하송리,정읍천4,19.8,7.2,9.0,3.6,10.0,32.7,3.697,0.117
2014,05,전라북도,정읍시,하모동,,천원천,19.0,7.4,10.0,3.6,7.2,9.2,3.259,0.039
2014,05,전라북도,김제시,백구면,마산리,마산천,20.0,9.5,17.1,16.0,16.3,23.1,4.752,0.144
2014,05,전라북도,완주군,삼례읍,,삼례,22.0,7.4,9.5,5.0,12.9,13.8,5.724,0.421
2014,05,전라북도,익산시,춘포면,인수리,익산천1,21.0,8.7,13.8,5.1,12.2,28.2,2.028,0.203
2014,05,전라북도,익산시,춘포면,인수리,익산천2,21.0,8.0,9.9,17.0,31.1,44.1,13.693,2.448
2014,05,전라북도,군산시,대야면,광교리,탑천,20.8,7.8,8.9,6.4,12.3,25.0,3.329,0.099
2014,05,전라북도,김제시,백구면,백구리,김제,20.7,7.6,9.2,5.3,13.4,23.2,3.786,0.241
2014,05,전라북도,김제시,백구면,월봉리,용암천,24.0,7.3,10.1,6.5,14.3,29.5,5.190,0.115
2014,05,전라북도,전주시완산구,서신동,,삼천3,22.0,7.1,6.9,2.7,5.7,12.8,1.181,0.065
2014,05,전라북도,전주시완산구,평화동3가,,삼천1,21.0,7.7,11.4,1.6,3.8,18.6,0.953,0.037
2014,05,전라북도,전주시완산구,효자동2가,,삼천2,21.0,7.3,9.0,2.3,4.7,20.6,1.183,0.056
2014,05,전라북도,완주군,소양면,황운리,소양천1,21.0,8.4,10.8,0.7,2.3,2.2,2.389,0.022
2014,05,전라북도,완주군,용진읍,상운리,소양천2,23.0,8.5,11.1,2.0,3.9,2.0,2.209,0.016
2014,05,전라북도,익산시,춘포면,용연리,익산천3,20.0,7.7,9.1,8.3,18.3,20.8,4.915,0.706
2014,05,전라북도,전주시덕진구,고랑동,,전주천7,20.7,7.2,5.2,6.7,19.7,6.7,6.324,0.515
2014,05,전라북도,전주시덕진구,전미동1가,,전주,19.3,7.8,9.8,1.8,5.2,8.0,1.528,0.073
2014,05,전라북도,전주시완산구,대성동,,전주천1,18.0,7.6,9.5,0.8,1.2,1.5,2.417,0.010
2014,05,전라북도,완주군,고산면,읍내리,고산,14.0,7.1,11.7,1.4,2.7,2.7,1.877,0.019
2014,05,전라북도,무주군,무주읍,대차리,무주남대천2,20.0,7.2,8.9,1.6,3.6,5.1,1.928,0.035
2014,05,전라북도,무주군,무주읍,읍내리,무주남대천1,19.0,7.7,10.0,2.2,3.0,5.1,2.103,0.025
2014,05,전라북도,무주군,무주읍,읍내리,무주남대천3,19.7,8.3,12.2,1.5,4.1,4.2,2.178,0.032
2014,05,전라북도,부안군,상서면,청림리,백천내,18.0,6.7,9.5,0.5,1.4,0.3,2.922,0.004
2014,05,전라북도,무주군,안성면,진도리,구량천,18.5,8.1,10.4,1.4,4.5,10.0,2.680,0.044
2014,05,전라북도,진안군,정천면,월평리,정자천,18.8,8.1,10.4,0.7,3.5,4.1,2.957,0.020
2014,05,전라북도,진안군,진안읍,운산리,진안천,22.0,8.1,9.9,2.7,5.0,7.8,2.400,0.133
2014,05,전라북도,진안군,진안읍,가막리,가막,18.9,8.1,11.0,1.7,5.9,12.5,3.250,0.066
2014,05,전라북도,무주군,무주읍,용포리,용포,17.0,7.6,9.2,1.0,2.9,2.3,1.624,0.010
2014,05,전라북도,진안군,용담면,송풍리,용담,14.1,7.9,11.4,1.0,3.7,1.9,1.674,0.011
2014,05,전라북도,남원시,운봉읍,,람천2,17.0,7.6,9.7,1.4,3.3,7.4,1.605,0.038
2014,05,전라북도,남원시,인월면,중군리,람천1,20.0,7.3,9.2,3.4,7.8,29.5,3.347,0.107
2014,05,전라북도,임실군,관촌면,방수리,관촌,20.6,8.0,9.9,1.3,3.9,10.2,2.144,0.034
2014,05,전라북도,임실군,운암면,학암리,운암,24.0,8.6,10.2,1.9,5.6,9.2,1.591,0.039
2014,05,전라북도,정읍시,산내면,매죽리,추령천,20.8,8.2,10.5,1.0,2.7,6.0,3.887,0.020
2014,05,전라북도,임실군,강진면,용수리,임실,20.7,8.1,10.1,1.1,3.3,3.7,1.716,0.021
2014,05,전라북도,순창군,동계면,구미리,동계,22.0,8.2,9.7,1.2,5.2,9.7,2.618,0.050
2014,05,전라북도,순창군,구림면,안정리,치천,20.9,7.9,9.6,1.2,3.7,6.1,3.194,0.036
2014,05,전라북도,남원시,대강면,풍산리,수홍천,19.3,7.4,9.4,2.3,4.9,6.9,1.622,0.058
2014,05,전라북도,순창군,유등면,유촌리,옥택천,19.6,7.4,9.1,2.0,6.2,19.6,2.057,0.082
2014,05,전라북도,순창군,적성면,고원리,적성,21.8,8.1,10.1,2.1,5.0,8.3,1.913,0.042
2014,05,전라북도,남원시,금지면,귀석리,남원,23.0,8.8,10.3,2.2,5.8,18.7,1.714,0.046
2014,05,전라북도,남원시,대강면,월탄리,대강,21.4,7.8,9.1,2.7,6.2,14.0,1.846,0.055
2014,05,전라북도,장수군,산서면,사상리,오수천1,19.3,7.2,8.3,3.1,6.6,20.9,2.645,0.104
2014,05,전라북도,남원시,덕과면,사율리,율천,22.0,7.6,9.5,2.4,5.5,22.4,1.150,0.074
2014,05,전라북도,남원시,사매면,서도리,월평천,21.0,7.7,12.1,2.5,6.4,7.9,2.086,0.088
2014,05,전라북도,순창군,동계면,서호리,오수천2,23.3,8.3,10.9,3.6,6.8,15.9,1.595,0.066
2014,05,전라북도,임실군,삼계면,후천리,후곡천,22.2,7.9,10.0,3.0,6.1,29.3,2.345,0.132
2014,05,전라북도,남원시,산동면,월석리,요천1,17.8,7.7,10.4,0.8,3.1,4.9,1.814,0.019
2014,05,전라북도,남원시,금지면,창산리,요천2,23.0,8.3,9.4,2.3,5.1,15.0,1.786,0.120
2014,05,전라북도,남원시,송동면,세전리,요천3,23.2,8.1,11.3,2.3,5.6,11.1,1.983,0.087
2014,05,전라북도,고창군,아산면,구암리,주진천1,19.0,9.1,12.2,5.7,11.9,27.9,2.943,0.101
2014,05,전라북도,고창군,아산면,반암리,주진천2,20.0,8.9,12.7,5.4,11.1,37.6,2.069,0.091
2014,06,전라북도,익산시,성당면,부곡리,산북천,24.0,7.6,6.0,6.5,17.6,97.6,3.547,0.211
2014,06,전라북도,익산시,망성면,무형리,마산천,26.3,8.4,7.8,3.8,14.5,32.2,3.424,0.297
2014,06,전라북도,부안군,동진면,하장리,고부천2,27.0,8.5,14.0,15.5,15.7,16.0,3.488,0.058
2014,06,전라북도,부안군,동진면,하장리,고부천3,25.0,7.5,8.8,3.4,13.9,14.7,3.048,0.072
2014,06,전라북도,정읍시,영원면,앵성리,고부천1,28.0,8.3,12.7,9.8,10.6,13.3,2.967,0.063
2014,06,전라북도,김제시,부량면,옥정리,동진강3,24.5,7.7,9.2,4.2,10.9,17.8,2.677,0.106
2014,06,전라북도,정읍시,신태인읍,,동진강2,24.0,7.1,7.4,3.0,7.2,16.9,2.859,0.122
2014,06,전라북도,정읍시,신태인읍,구석리,용호천,25.0,7.1,6.0,4.0,12.6,36.7,2.004,0.083
2014,06,전라북도,정읍시,옹동면,산성리,동진강1,21.0,7.1,9.0,2.7,4.8,7.8,1.854,0.025
2014,06,전라북도,김제시,성덕면,남포리,신평천,24.0,7.8,8.1,4.2,7.8,21.1,2.432,0.100
2014,06,전라북도,김제시,죽산면,대창리,원평천3,23.5,7.3,5.8,4.1,13.3,17.9,3.240,0.097
2014,06,전라북도,김제시,봉남면,용신리,원평천1,27.0,7.6,10.2,6.9,17.7,21.9,2.793,0.125
2014,06,전라북도,김제시,죽산면,죽산리,원평천2,25.0,7.8,9.5,5.3,12.0,20.3,3.285,0.104
2014,06,전라북도,정읍시,공평동,,정읍천3,27.0,7.3,10.3,2.6,6.8,5.7,2.620,0.031
2014,06,전라북도,정읍시,송산동,,정읍천1,23.0,6.9,9.3,1.0,2.8,3.7,1.242,0.017
2014,06,전라북도,정읍시,연지동,,정읍천2,24.0,7.8,11.8,1.0,3.1,5.9,1.825,0.028
2014,06,전라북도,정읍시,이평면,하송리,정읍천4,24.5,7.5,7.9,2.8,10.5,21.2,3.340,0.121
2014,06,전라북도,정읍시,하모동,,천원천,26.0,7.2,7.8,4.4,8.1,5.8,3.248,0.062
2014,06,전라북도,김제시,백구면,마산리,마산천,28.0,8.8,18.4,17.5,10.8,25.7,2.900,0.186
2014,06,전라북도,완주군,삼례읍,,삼례,26.0,7.4,9.4,5.4,10.8,12.7,4.151,0.449
2014,06,전라북도,익산시,춘포면,인수리,익산천1,28.0,8.2,12.2,6.0,14.8,28.2,2.188,0.200
2014,06,전라북도,익산시,춘포면,인수리,익산천2,27.0,8.5,9.6,14.4,17.8,18.5,8.917,1.147
2014,06,전라북도,군산시,대야면,광교리,탑천,25.4,7.4,7.6,6.6,15.6,25.1,3.198,0.107
2014,06,전라북도,김제시,백구면,백구리,김제,24.5,7.7,10.1,4.3,12.2,23.0,3.414,0.344
2014,06,전라북도,김제시,백구면,월봉리,용암천,26.0,8.0,12.9,10.5,18.9,33.5,2.906,0.128
2014,06,전라북도,전주시완산구,서신동,,삼천3,24.0,6.9,6.8,2.2,5.4,20.8,1.852,0.076
2014,06,전라북도,전주시완산구,평화동3가,,삼천1,23.0,7.2,9.7,1.1,4.5,11.8,1.627,0.053
2014,06,전라북도,전주시완산구,효자동2가,,삼천2,24.0,7.1,9.3,1.5,5.0,22.6,1.731,0.066
2014,06,전라북도,완주군,소양면,황운리,소양천1,21.0,8.0,11.8,0.7,2.9,5.8,3.866,0.025
2014,06,전라북도,완주군,용진읍,상운리,소양천2,25.0,7.7,8.7,1.8,5.2,8.6,2.126,0.048
2014,06,전라북도,익산시,춘포면,용연리,익산천3,23.0,8.2,7.9,7.8,15.7,21.3,2.384,0.206
2014,06,전라북도,전주시덕진구,고랑동,,전주천7,24.1,7.3,5.4,8.2,21.2,13.8,6.531,0.897
2014,06,전라북도,전주시덕진구,전미동1가,,전주,24.1,8.0,9.6,1.6,4.8,7.6,1.615,0.131
2014,06,전라북도,전주시완산구,대성동,,전주천1,23.0,7.1,8.9,0.4,1.4,1.4,2.138,0.014
2014,06,전라북도,완주군,고산면,읍내리,고산,26.0,6.3,11.3,1.3,2.9,2.5,1.793,0.017
2014,06,전라북도,무주군,무주읍,대차리,무주남대천2,24.0,8.2,8.4,2.4,3.0,4.6,1.521,0.044
2014,06,전라북도,무주군,무주읍,읍내리,무주남대천1,25.0,8.7,10.3,2.3,3.0,4.3,1.484,0.020
2014,06,전라북도,무주군,무주읍,읍내리,무주남대천3,23.0,8.0,10.3,1.3,4.2,6.1,1.717,0.027
2014,06,전라북도,부안군,상서면,청림리,백천내,19.0,6.7,9.4,0.7,2.2,1.0,2.929,0.007
2014,06,전라북도,무주군,안성면,진도리,구량천,20.6,8.3,10.1,1.3,4.1,7.6,2.407,0.040
2014,06,전라북도,진안군,정천면,월평리,정자천,22.4,8.1,9.4,0.9,3.5,5.9,2.906,0.024
2014,06,전라북도,진안군,진안읍,운산리,진안천,20.0,7.7,9.0,2.0,4.4,2.8,2.170,0.144
2014,06,전라북도,진안군,진안읍,가막리,가막,22.6,8.1,10.1,1.6,5.8,13.1,2.819,0.084
2014,06,전라북도,무주군,무주읍,용포리,용포,21.0,7.4,9.3,2.0,2.9,2.4,1.563,0.015
2014,06,전라북도,진안군,용담면,송풍리,용담,17.5,7.7,10.3,0.9,3.3,1.7,1.812,0.013
2014,06,전라북도,남원시,운봉읍,,람천2,23.0,8.2,8.3,1.6,4.6,7.6,1.327,0.082
2014,06,전라북도,남원시,인월면,중군리,람천1,23.0,7.7,8.2,2.6,7.4,15.1,2.497,0.133
2014,06,전라북도,임실군,관촌면,방수리,관촌,23.2,7.3,9.0,1.5,4.6,28.3,2.798,0.097
2014,06,전라북도,임실군,운암면,학암리,운암,27.0,8.0,9.9,2.4,5.8,16.6,3.159,0.084
2014,06,전라북도,정읍시,산내면,매죽리,추령천,24.2,8.0,10.3,1.1,3.2,5.2,2.093,0.023
2014,06,전라북도,임실군,강진면,용수리,임실,25.7,8.1,10.0,1.2,3.6,3.5,1.144,0.025
2014,06,전라북도,순창군,동계면,구미리,동계,27.0,7.9,9.0,2.2,4.9,4.7,1.211,0.030
2014,06,전라북도,순창군,구림면,안정리,치천,23.4,7.9,9.3,1.0,3.6,4.2,1.932,0.032
2014,06,전라북도,남원시,대강면,풍산리,수홍천,22.0,7.4,8.1,2.7,6.3,9.2,4.340,0.077
2014,06,전라북도,순창군,유등면,유촌리,옥택천,21.5,7.5,8.3,1.7,5.0,14.0,1.697,0.077
2014,06,전라북도,순창군,적성면,고원리,적성,25.8,7.5,8.4,2.6,6.0,16.7,2.099,0.092
2014,06,전라북도,남원시,금지면,귀석리,남원,29.0,8.5,9.6,2.2,5.4,5.2,1.789,0.051
2014,06,전라북도,남원시,대강면,월탄리,대강,24.6,7.7,8.3,2.3,7.2,15.2,1.865,0.079
2014,06,전라북도,장수군,산서면,사상리,오수천1,20.4,7.4,8.4,2.7,5.5,10.2,3.128,0.092
2014,06,전라북도,남원시,덕과면,사율리,율천,23.7,7.4,8.6,2.5,5.6,19.3,1.923,0.084
2014,06,전라북도,남원시,사매면,서도리,월평천,22.7,7.3,9.0,1.9,6.5,5.8,1.746,0.094
2014,06,전라북도,순창군,동계면,서호리,오수천2,26.3,7.8,9.7,3.0,7.2,22.1,2.512,0.131
2014,06,전라북도,임실군,삼계면,후천리,후곡천,24.4,7.9,9.6,2.4,7.5,17.2,2.014,0.153
2014,06,전라북도,남원시,산동면,월석리,요천1,20.5,7.7,9.4,0.9,2.4,5.4,1.868,0.026
2014,06,전라북도,남원시,금지면,창산리,요천2,28.0,8.8,9.4,2.6,6.5,10.3,2.375,0.154
2014,06,전라북도,남원시,송동면,세전리,요천3,25.1,8.1,9.9,2.0,5.9,13.3,2.185,0.122
2014,06,전라북도,고창군,아산면,구암리,주진천1,24.0,7.2,9.3,6.7,14.2,20.4,2.976,0.173
2014,06,전라북도,고창군,아산면,반암리,주진천2,26.0,7.8,11.0,6.9,15.1,49.6,3.033,0.180
2014,07,전라북도,익산시,성당면,부곡리,산북천,27.5,8.1,8.1,5.3,14.4,18.9,2.026,0.080
2014,07,전라북도,익산시,망성면,무형리,마산천,28.0,8.4,9.1,6.9,15.3,33.2,3.165,0.347
2014,07,전라북도,부안군,동진면,하장리,고부천2,28.0,8.5,12.9,7.5,16.4,16.0,2.322,0.063
2014,07,전라북도,부안군,동진면,하장리,고부천3,25.8,7.8,7.8,4.0,12.2,13.1,2.754,0.079
2014,07,전라북도,정읍시,영원면,앵성리,고부천1,28.0,9.1,14.5,18.6,25.7,43.5,1.971,0.100
2014,07,전라북도,김제시,부량면,옥정리,동진강3,26.0,7.8,8.3,3.7,9.9,18.6,3.004,0.115
2014,07,전라북도,정읍시,신태인읍,,동진강2,28.0,7.1,7.0,2.0,10.6,10.4,2.713,0.174
2014,07,전라북도,정읍시,신태인읍,구석리,용호천,26.0,6.9,5.9,1.8,8.7,20.0,1.201,0.083
2014,07,전라북도,정읍시,옹동면,산성리,동진강1,25.0,6.8,10.6,1.6,4.6,5.6,1.717,0.036
2014,07,전라북도,김제시,성덕면,남포리,신평천,29.0,8.0,9.2,5.0,13.0,11.3,2.843,0.117
2014,07,전라북도,김제시,죽산면,대창리,원평천3,25.6,7.8,7.4,4.7,11.4,14.4,2.773,0.068
2014,07,전라북도,김제시,봉남면,용신리,원평천1,30.0,9.0,13.9,7.4,14.0,12.0,2.146,0.168
2014,07,전라북도,김제시,죽산면,죽산리,원평천2,29.0,8.8,11.8,6.0,11.7,13.0,2.605,0.108
2014,07,전라북도,정읍시,공평동,,정읍천3,27.0,7.6,8.5,2.9,6.8,20.0,0.645,0.047
2014,07,전라북도,정읍시,송산동,,정읍천1,23.0,8.1,10.2,0.7,3.2,1.6,0.469,0.023
2014,07,전라북도,정읍시,연지동,,정읍천2,24.0,7.8,9.9,0.8,3.4,5.4,0.852,0.073
2014,07,전라북도,정읍시,이평면,하송리,정읍천4,24.6,7.6,7.8,2.8,9.6,19.0,4.337,0.139
2014,07,전라북도,정읍시,하모동,,천원천,27.0,7.6,11.4,6.4,11.8,14.8,1.255,0.058
2014,07,전라북도,김제시,백구면,마산리,마산천,28.0,7.6,8.5,5.7,12.0,18.0,2.805,0.199
2014,07,전라북도,완주군,삼례읍,,삼례,26.0,7.4,7.2,3.4,12.5,10.3,4.476,0.603
2014,07,전라북도,익산시,춘포면,인수리,익산천1,28.0,8.8,14.0,5.6,20.7,25.1,2.091,0.299
2014,07,전라북도,익산시,춘포면,인수리,익산천2,28.0,8.2,8.6,15.4,39.8,30.5,16.695,2.458
2014,07,전라북도,군산시,대야면,광교리,탑천,27.7,7.9,7.8,4.6,14.3,16.8,3.036,0.112
2014,07,전라북도,김제시,백구면,백구리,김제,27.1,7.5,8.4,4.3,10.7,15.0,3.828,0.345
2014,07,전라북도,김제시,백구면,월봉리,용암천,28.0,8.0,12.3,8.2,22.5,22.8,1.732,0.060
2014,07,전라북도,전주시완산구,서신동,,삼천3,26.0,7.5,7.0,2.0,6.0,31.3,1.241,0.074
2014,07,전라북도,전주시완산구,평화동3가,,삼천1,27.0,7.0,9.8,1.5,5.4,7.1,1.120,0.066
2014,07,전라북도,전주시완산구,효자동2가,,삼천2,27.0,7.4,9.3,1.4,5.7,20.2,1.115,0.071
2014,07,전라북도,완주군,소양면,황운리,소양천1,25.0,8.1,10.3,1.3,3.1,0.6,0.377,0.023
2014,07,전라북도,완주군,용진읍,상운리,소양천2,27.0,7.2,8.8,1.0,4.8,2.0,0.699,0.019
2014,07,전라북도,익산시,춘포면,용연리,익산천3,25.0,7.9,7.7,6.8,13.0,21.1,3.361,0.395
2014,07,전라북도,전주시덕진구,고랑동,,전주천7,24.9,7.0,3.2,8.6,20.6,8.6,7.741,1.033
2014,07,전라북도,전주시덕진구,전미동1가,,전주,26.7,7.6,8.6,2.2,5.3,5.6,1.877,0.142
2014,07,전라북도,전주시완산구,대성동,,전주천1,24.0,7.1,8.4,0.4,1.4,0.8,2.501,0.023
2014,07,전라북도,완주군,고산면,읍내리,고산,20.0,8.0,9.3,0.8,2.9,3.2,2.014,0.026
2014,07,전라북도,무주군,무주읍,대차리,무주남대천2,24.0,7.7,9.1,1.1,2.8,3.0,2.236,0.027
2014,07,전라북도,무주군,무주읍,읍내리,무주남대천1,24.0,8.0,9.3,1.0,3.0,3.8,2.288,0.030
2014,07,전라북도,무주군,무주읍,읍내리,무주남대천3,24.4,7.9,9.5,1.8,5.2,30.8,1.839,0.034
2014,07,전라북도,부안군,상서면,청림리,백천내,22.0,6.4,8.3,0.6,2.0,0.3,0.852,0.005
2014,07,전라북도,무주군,안성면,진도리,구량천,21.9,8.1,9.4,1.3,5.2,15.0,1.862,0.045
2014,07,전라북도,진안군,정천면,월평리,정자천,22.1,7.7,10.0,1.2,4.6,21.6,2.831,0.030
2014,07,전라북도,진안군,진안읍,운산리,진안천,29.0,7.9,8.8,2.1,4.4,3.6,1.957,0.123
2014,07,전라북도,진안군,진안읍,가막리,가막,22.6,8.1,10.0,2.9,7.1,25.3,2.778,0.082
2014,07,전라북도,무주군,무주읍,용포리,용포,23.0,6.6,10.1,1.2,3.4,2.0,1.611,0.015
2014,07,전라북도,진안군,용담면,송풍리,용담,19.6,7.4,9.4,1.1,3.8,10.3,1.711,0.022
2014,07,전라북도,남원시,운봉읍,,람천2,25.0,8.1,8.4,1.2,3.1,4.0,1.087,0.047
2014,07,전라북도,남원시,인월면,중군리,람천1,28.0,7.7,8.0,1.6,9.3,9.8,1.892,0.109
2014,07,전라북도,임실군,관촌면,방수리,관촌,23.7,7.4,7.9,1.0,3.9,19.4,2.212,0.068
2014,07,전라북도,임실군,운암면,학암리,운암,31.0,8.5,9.7,2.3,4.8,16.3,1.445,0.060
2014,07,전라북도,정읍시,산내면,매죽리,추령천,23.1,7.8,8.4,1.5,7.1,121.1,3.380,0.227
2014,07,전라북도,임실군,강진면,용수리,임실,23.9,7.7,8.5,0.8,3.2,3.1,1.532,0.013
2014,07,전라북도,순창군,동계면,구미리,동계,29.0,8.6,9.4,1.2,3.9,3.6,1.671,0.049
2014,07,전라북도,순창군,구림면,안정리,치천,22.9,7.8,8.6,1.0,4.0,13.9,2.352,0.065
2014,07,전라북도,남원시,대강면,풍산리,수홍천,22.1,7.5,8.3,1.0,4.1,3.9,2.383,0.065
2014,07,전라북도,순창군,유등면,유촌리,옥택천,22.6,7.5,8.0,1.0,4.0,16.8,1.903,0.079
2014,07,전라북도,순창군,적성면,고원리,적성,27.5,7.6,9.4,2.9,7.1,15.4,1.861,0.105
2014,07,전라북도,남원시,금지면,귀석리,남원,30.0,8.7,9.8,1.2,5.1,4.9,1.202,0.055
2014,07,전라북도,남원시,대강면,월탄리,대강,25.0,7.8,8.2,1.7,5.9,18.8,1.950,0.102
2014,07,전라북도,장수군,산서면,사상리,오수천1,22.5,7.4,8.4,2.0,6.3,82.7,2.328,0.216
2014,07,전라북도,남원시,덕과면,사율리,율천,24.1,7.4,7.9,1.6,5.6,22.5,1.943,0.121
2014,07,전라북도,남원시,사매면,서도리,월평천,23.4,7.3,8.1,1.4,5.9,12.6,1.710,0.114
2014,07,전라북도,순창군,동계면,서호리,오수천2,25.8,7.8,8.7,1.9,5.6,20.2,1.988,0.106
2014,07,전라북도,임실군,삼계면,후천리,후곡천,24.0,7.8,8.5,1.6,8.1,107.9,1.933,0.215
2014,07,전라북도,남원시,산동면,월석리,요천1,21.6,7.7,9.1,0.6,3.1,12.6,1.795,0.030
2014,07,전라북도,남원시,금지면,창산리,요천2,29.0,8.2,8.8,1.4,5.0,4.4,2.146,0.124
2014,07,전라북도,남원시,송동면,세전리,요천3,25.1,7.7,9.5,1.5,4.6,10.7,1.801,0.111
2014,07,전라북도,고창군,아산면,구암리,주진천1,28.0,7.1,7.7,2.3,8.2,21.8,2.707,0.183
2014,07,전라북도,고창군,아산면,반암리,주진천2,27.0,7.3,8.1,2.3,8.0,21.4,2.596,0.150
2014,08,전라북도,익산시,성당면,부곡리,산북천,25.7,7.7,7.4,4.4,9.2,27.0,2.097,0.094
2014,08,전라북도,익산시,망성면,무형리,마산천,24.2,7.6,8.4,2.6,12.1,45.4,4.564,0.390
2014,08,전라북도,부안군,동진면,하장리,고부천2,29.0,7.0,7.3,3.2,7.8,28.0,2.342,0.059
2014,08,전라북도,부안군,동진면,하장리,고부천3,25.8,7.5,8.0,5.0,11.4,101.1,2.330,0.169
2014,08,전라북도,정읍시,영원면,앵성리,고부천1,28.0,6.8,6.7,4.4,10.5,30.4,2.238,0.062
2014,08,전라북도,김제시,부량면,옥정리,동진강3,24.3,7.6,8.3,3.3,8.7,83.3,3.130,0.135
2014,08,전라북도,정읍시,신태인읍,,동진강2,28.0,7.5,8.2,2.6,5.5,9.8,2.756,0.092
2014,08,전라북도,정읍시,신태인읍,구석리,용호천,27.0,6.9,6.1,1.5,6.8,11.6,2.732,0.109
2014,08,전라북도,정읍시,옹동면,산성리,동진강1,25.0,6.1,8.6,2.8,5.1,3.8,2.500,0.048
2014,08,전라북도,김제시,성덕면,남포리,신평천,29.0,8.0,8.7,3.2,6.2,11.8,2.987,0.079
2014,08,전라북도,김제시,죽산면,대창리,원평천3,25.3,7.5,7.4,3.2,9.4,65.1,2.555,0.183
2014,08,전라북도,김제시,봉남면,용신리,원평천1,30.0,8.1,9.0,3.0,6.3,7.4,4.196,0.106
2014,08,전라북도,김제시,죽산면,죽산리,원평천2,31.0,8.6,9.5,4.3,9.0,16.2,2.949,0.137
2014,08,전라북도,정읍시,공평동,,정읍천3,27.0,6.9,6.9,1.1,4.5,4.6,2.765,0.064
2014,08,전라북도,정읍시,송산동,,정읍천1,26.0,6.8,8.5,0.9,1.9,1.9,2.750,0.015
2014,08,전라북도,정읍시,연지동,,정읍천2,27.0,7.9,11.5,0.9,2.4,2.4,3.788,0.040
2014,08,전라북도,정읍시,이평면,하송리,정읍천4,24.2,7.8,7.4,3.1,8.8,68.0,3.743,0.150
2014,08,전라북도,정읍시,하모동,,천원천,26.0,7.0,7.1,1.1,4.5,2.4,3.076,0.064
2014,08,전라북도,김제시,백구면,마산리,마산천,28.0,8.1,7.1,7.6,11.0,23.6,2.502,0.099
2014,08,전라북도,완주군,삼례읍,,삼례,25.0,6.6,6.0,3.2,6.9,7.6,3.703,0.150
2014,08,전라북도,익산시,춘포면,인수리,익산천1,25.0,7.1,6.5,3.4,9.8,28.3,3.152,0.363
2014,08,전라북도,익산시,춘포면,인수리,익산천2,25.0,7.3,5.5,37.0,38.3,81.4,13.259,4.171
2014,08,전라북도,군산시,대야면,광교리,탑천,24.9,8.0,7.5,4.8,14.2,298.8,2.550,0.163
2014,08,전라북도,김제시,백구면,백구리,김제,25.1,7.5,8.1,4.3,11.3,115.1,3.496,0.231
2014,08,전라북도,김제시,백구면,월봉리,용암천,28.0,8.2,12.4,5.5,11.3,17.6,3.101,0.126
2014,08,전라북도,전주시완산구,서신동,,삼천3,27.0,7.3,7.3,1.7,5.3,19.6,2.351,0.072
2014,08,전라북도,전주시완산구,평화동3가,,삼천1,26.0,7.3,7.8,1.5,4.9,9.4,2.315,0.023
2014,08,전라북도,전주시완산구,효자동2가,,삼천2,26.0,7.4,8.2,1.4,4.9,7.6,2.423,0.029
2014,08,전라북도,완주군,소양면,황운리,소양천1,25.0,8.2,12.0,1.1,2.1,1.4,4.232,0.018
2014,08,전라북도,완주군,용진읍,상운리,소양천2,26.0,8.2,12.0,1.0,2.5,2.4,4.106,0.021
2014,08,전라북도,익산시,춘포면,용연리,익산천3,25.0,7.5,2.3,62.8,66.6,100.4,21.152,5.337
2014,08,전라북도,전주시덕진구,고랑동,,전주천7,24.0,7.1,6.3,4.7,10.1,20.3,4.416,0.372
2014,08,전라북도,전주시덕진구,전미동1가,,전주,24.5,8.2,8.1,1.9,6.8,40.9,2.984,0.097
2014,08,전라북도,전주시완산구,대성동,,전주천1,23.0,7.1,8.6,0.8,2.4,0.6,3.739,0.031
2014,08,전라북도,완주군,고산면,읍내리,고산,22.0,6.6,8.6,1.2,3.4,1.4,2.422,0.019
2014,08,전라북도,무주군,무주읍,대차리,무주남대천2,21.0,7.0,9.1,2.5,5.6,15.1,2.593,0.052
2014,08,전라북도,무주군,무주읍,읍내리,무주남대천1,21.0,7.3,9.0,2.7,6.1,12.9,2.559,0.029
2014,08,전라북도,무주군,무주읍,읍내리,무주남대천3,20.6,7.3,9.3,2.2,9.7,72.0,2.228,0.050
2014,08,전라북도,부안군,상서면,청림리,백천내,23.0,6.5,7.1,0.7,2.5,0.7,2.241,0.007
2014,08,전라북도,무주군,안성면,진도리,구량천,20.0,7.4,9.2,1.2,4.8,14.7,1.770,0.044
2014,08,전라북도,진안군,정천면,월평리,정자천,20.0,7.9,9.7,1.1,3.9,17.1,2.581,0.025
2014,08,전라북도,진안군,진안읍,운산리,진안천,23.0,7.8,8.2,2.7,4.4,0.6,2.390,0.143
2014,08,전라북도,진안군,진안읍,가막리,가막,21.2,7.5,9.2,2.3,10.1,82.7,2.739,0.078
2014,08,전라북도,무주군,무주읍,용포리,용포,24.0,8.0,9.7,2.5,3.6,2.2,1.707,0.009
2014,08,전라북도,진안군,용담면,송풍리,용담,21.0,7.8,8.6,1.1,4.8,10.8,1.790,0.026
2014,08,전라북도,남원시,운봉읍,,람천2,22.0,6.9,8.9,0.6,2.7,3.0,1.339,0.026
2014,08,전라북도,남원시,인월면,중군리,람천1,23.0,6.9,8.6,1.2,3.2,6.2,2.193,0.052
2014,08,전라북도,임실군,관촌면,방수리,관촌,20.7,7.3,8.9,0.7,3.1,8.2,2.698,0.045
2014,08,전라북도,임실군,운암면,학암리,운암,21.0,6.5,9.0,2.0,4.6,13.1,2.941,0.057
2014,08,전라북도,정읍시,산내면,매죽리,추령천,21.7,7.4,9.2,0.8,2.7,4.7,3.100,0.032
2014,08,전라북도,임실군,강진면,용수리,임실,21.1,7.5,8.8,0.5,2.8,1.9,1.634,0.019
2014,08,전라북도,순창군,동계면,구미리,동계,22.0,6.8,9.1,1.6,4.1,6.6,2.599,0.045
2014,08,전라북도,순창군,구림면,안정리,치천,21.2,7.6,9.0,0.4,2.4,2.1,2.005,0.024
2014,08,전라북도,남원시,대강면,풍산리,수홍천,21.2,7.3,8.7,1.0,3.6,3.9,2.210,0.078
2014,08,전라북도,순창군,유등면,유촌리,옥택천,21.4,7.2,8.7,1.0,3.6,12.2,1.752,0.067
2014,08,전라북도,순창군,적성면,고원리,적성,23.0,6.4,8.4,2.5,4.2,12.3,2.126,0.066
2014,08,전라북도,남원시,금지면,귀석리,남원,22.0,6.8,8.4,2.1,5.6,24.2,2.305,0.106
2014,08,전라북도,남원시,대강면,월탄리,대강,23.3,7.2,9.1,1.2,4.0,13.5,1.747,0.085
2014,08,전라북도,장수군,산서면,사상리,오수천1,20.5,7.2,8.9,0.9,3.4,8.6,2.284,0.053
2014,08,전라북도,남원시,덕과면,사율리,율천,22.7,7.3,8.3,1.0,4.5,34.2,1.672,0.120
2014,08,전라북도,남원시,사매면,서도리,월평천,21.9,7.2,8.8,1.3,4.3,8.2,2.156,0.097
2014,08,전라북도,순창군,동계면,서호리,오수천2,22.7,7.5,9.0,1.3,4.1,14.1,2.073,0.088
2014,08,전라북도,임실군,삼계면,후천리,후곡천,22.6,7.5,9.5,0.9,3.9,11.7,1.594,0.065
2014,08,전라북도,남원시,산동면,월석리,요천1,19.5,7.3,8.7,0.7,2.4,7.2,1.927,0.024
2014,08,전라북도,남원시,금지면,창산리,요천2,22.0,6.8,9.1,1.8,4.9,13.4,2.653,0.080
2014,08,전라북도,남원시,송동면,세전리,요천3,22.5,7.4,8.8,1.2,3.8,12.0,1.889,0.075
2014,08,전라북도,고창군,아산면,구암리,주진천1,26.0,6.8,7.0,3.4,6.8,14.1,2.695,0.109
2014,08,전라북도,고창군,아산면,반암리,주진천2,26.0,7.0,7.1,2.6,5.9,18.2,2.968,0.121
2014,09,전라북도,익산시,성당면,부곡리,산북천,22.7,7.6,9.2,4.7,9.9,26.3,2.028,0.101
2014,09,전라북도,익산시,망성면,무형리,마산천,19.5,7.9,8.8,9.4,13.9,139.9,2.680,0.400
2014,09,전라북도,부안군,동진면,하장리,고부천2,26.0,8.8,13.6,6.5,8.7,10.0,1.593,0.041
2014,09,전라북도,부안군,동진면,하장리,고부천3,23.2,7.6,9.0,3.2,8.3,17.4,1.471,0.080
2014,09,전라북도,정읍시,영원면,앵성리,고부천1,26.0,8.8,12.3,6.6,9.0,13.6,1.411,0.046
2014,09,전라북도,김제시,부량면,옥정리,동진강3,22.8,7.5,8.9,2.7,6.1,12.2,2.337,0.070
2014,09,전라북도,정읍시,신태인읍,,동진강2,23.0,6.1,8.8,3.4,4.8,8.6,2.252,0.100
2014,09,전라북도,정읍시,신태인읍,구석리,용호천,23.0,6.9,6.6,2.7,5.4,7.2,3.208,0.079
2014,09,전라북도,정읍시,옹동면,산성리,동진강1,23.0,5.4,8.7,3.3,3.9,3.3,1.982,0.035
2014,09,전라북도,김제시,성덕면,남포리,신평천,24.0,8.2,12.5,7.8,8.9,17.0,2.301,0.123
2014,09,전라북도,김제시,죽산면,대창리,원평천3,23.4,7.8,9.8,2.7,7.1,16.0,1.652,0.068
2014,09,전라북도,김제시,봉남면,용신리,원평천1,25.0,8.7,12.4,6.1,8.4,13.2,1.551,0.094
2014,09,전라북도,김제시,죽산면,죽산리,원평천2,25.0,7.2,10.4,4.4,5.7,13.6,1.603,0.089
2014,09,전라북도,정읍시,공평동,,정읍천3,22.0,7.1,7.8,1.5,2.9,2.8,3.198,0.026
2014,09,전라북도,정읍시,송산동,,정읍천1,23.0,7.3,7.8,2.8,5.4,4.8,2.488,0.081
2014,09,전라북도,정읍시,연지동,,정읍천2,21.0,7.1,8.0,2.2,5.0,3.4,2.709,0.026
2014,09,전라북도,정읍시,이평면,하송리,정읍천4,22.5,7.7,8.3,2.9,6.6,17.6,2.736,0.073
2014,09,전라북도,정읍시,하모동,,천원천,23.0,7.0,7.8,2.6,4.9,3.6,3.784,0.071
2014,09,전라북도,김제시,백구면,마산리,마산천,24.0,8.1,8.8,8.0,10.6,21.6,4.263,0.084
2014,09,전라북도,완주군,삼례읍,,삼례,24.0,7.1,8.3,2.9,7.6,6.1,4.199,0.162
2014,09,전라북도,익산시,춘포면,인수리,익산천1,25.0,8.3,11.3,3.5,10.6,9.9,1.607,0.307
2014,09,전라북도,익산시,춘포면,인수리,익산천2,25.0,8.1,10.5,9.0,14.8,12.0,5.505,1.292
2014,09,전라북도,군산시,대야면,광교리,탑천,23.1,7.8,8.8,3.3,8.5,52.7,1.637,0.084
2014,09,전라북도,김제시,백구면,백구리,김제,24.9,7.8,9.8,6.1,12.5,16.0,3.887,0.198
2014,09,전라북도,김제시,백구면,월봉리,용암천,25.0,8.4,11.9,5.7,11.9,17.6,3.092,0.153
2014,09,전라북도,전주시완산구,서신동,,삼천3,26.0,7.6,8.8,1.2,3.2,6.6,2.957,0.050
2014,09,전라북도,전주시완산구,평화동3가,,삼천1,24.0,7.4,8.6,1.0,4.1,4.8,2.442,0.033
2014,09,전라북도,전주시완산구,효자동2가,,삼천2,25.0,7.2,8.9,1.1,4.1,3.8,2.891,0.040
2014,09,전라북도,완주군,소양면,황운리,소양천1,22.0,7.7,8.2,1.3,2.0,1.0,3.563,0.015
2014,09,전라북도,완주군,용진읍,상운리,소양천2,23.0,7.2,7.5,1.6,2.5,2.7,3.594,0.015
2014,09,전라북도,익산시,춘포면,용연리,익산천3,25.0,7.5,7.8,5.1,10.3,23.1,4.001,0.821
2014,09,전라북도,전주시덕진구,고랑동,,전주천7,24.2,7.3,6.0,5.8,15.6,6.8,6.467,0.443
2014,09,전라북도,전주시덕진구,전미동1가,,전주,23.5,7.8,9.6,2.4,5.3,7.3,2.420,0.105
2014,09,전라북도,전주시완산구,대성동,,전주천1,23.0,7.4,10.4,0.7,1.5,0.4,3.732,0.022
2014,09,전라북도,완주군,고산면,읍내리,고산,23.0,6.5,8.0,1.1,3.2,1.9,2.845,0.015
2014,09,전라북도,무주군,무주읍,대차리,무주남대천2,25.0,7.7,9.6,1.3,2.4,1.5,2.243,0.034
2014,09,전라북도,무주군,무주읍,읍내리,무주남대천1,25.0,7.8,10.4,1.0,2.8,0.5,2.101,0.007
2014,09,전라북도,무주군,무주읍,읍내리,무주남대천3,21.6,8.1,10.1,1.1,2.8,1.3,2.058,0.028
2014,09,전라북도,부안군,상서면,청림리,백천내,21.0,6.3,8.0,0.9,2.6,0.5,2.222,0.010
2014,09,전라북도,무주군,안성면,진도리,구량천,17.9,8.1,10.5,1.0,2.9,1.4,2.154,0.023
2014,09,전라북도,진안군,정천면,월평리,정자천,20.4,7.9,10.1,0.9,2.4,1.3,1.951,0.013
2014,09,전라북도,진안군,진안읍,운산리,진안천,25.0,7.4,9.1,1.5,3.1,1.0,2.807,0.075
2014,09,전라북도,진안군,진안읍,가막리,가막,20.4,7.5,10.9,1.2,3.3,1.9,2.842,0.028
2014,09,전라북도,무주군,무주읍,용포리,용포,23.0,7.2,10.0,1.0,3.7,0.9,1.610,0.009
2014,09,전라북도,진안군,용담면,송풍리,용담,21.3,7.8,10.1,1.0,4.0,1.8,1.760,0.016
2014,09,전라북도,남원시,운봉읍,,람천2,22.0,8.2,9.4,0.8,2.9,0.8,1.671,0.023
2014,09,전라북도,남원시,인월면,중군리,람천1,22.0,7.9,9.8,0.9,3.4,2.6,2.594,0.046
2014,09,전라북도,임실군,관촌면,방수리,관촌,20.8,7.1,9.2,0.7,3.4,4.4,2.012,0.055
2014,09,전라북도,임실군,운암면,학암리,운암,25.0,6.9,10.0,1.5,3.7,3.1,1.303,0.313
2014,09,전라북도,정읍시,산내면,매죽리,추령천,23.3,8.0,9.8,0.7,2.7,2.4,2.417,0.023
2014,09,전라북도,임실군,강진면,용수리,임실,22.5,7.6,9.0,0.6,3.2,2.5,1.250,0.019
2014,09,전라북도,순창군,동계면,구미리,동계,24.0,7.8,9.3,0.9,3.1,1.1,0.889,0.026
2014,09,전라북도,순창군,구림면,안정리,치천,21.3,7.6,9.0,0.7,2.9,2.3,1.573,0.039
2014,09,전라북도,남원시,대강면,풍산리,수홍천,19.5,7.1,8.8,0.8,3.2,9.3,1.949,0.075
2014,09,전라북도,순창군,유등면,유촌리,옥택천,20.1,7.1,8.7,0.7,3.4,6.5,1.363,0.055
2014,09,전라북도,순창군,적성면,고원리,적성,24.3,7.2,8.6,1.1,3.1,2.3,1.424,0.040
2014,09,전라북도,남원시,금지면,귀석리,남원,25.0,8.0,9.5,1.2,2.9,1.9,1.104,0.064
2014,09,전라북도,남원시,대강면,월탄리,대강,21.8,7.2,8.9,1.1,4.6,10.2,1.457,0.094
2014,09,전라북도,장수군,산서면,사상리,오수천1,19.3,6.9,9.6,0.7,3.0,2.0,1.684,0.042
2014,09,전라북도,남원시,덕과면,사율리,율천,21.4,7.4,9.4,1.2,3.3,5.6,1.293,0.088
2014,09,전라북도,남원시,사매면,서도리,월평천,20.8,7.2,10.2,1.2,4.7,4.5,1.884,0.079
2014,09,전라북도,순창군,동계면,서호리,오수천2,22.3,7.8,9.8,1.1,4.0,7.5,1.525,0.094
2014,09,전라북도,임실군,삼계면,후천리,후곡천,20.3,7.3,10.0,1.0,4.5,8.2,1.442,0.070
2014,09,전라북도,남원시,산동면,월석리,요천1,19.9,7.2,9.4,0.6,2.5,2.7,1.566,0.022
2014,09,전라북도,남원시,금지면,창산리,요천2,24.0,7.7,8.7,1.0,3.5,6.9,1.588,0.103
2014,09,전라북도,남원시,송동면,세전리,요천3,22.5,7.5,10.4,1.0,3.9,7.3,1.678,0.084
2014,09,전라북도,고창군,아산면,구암리,주진천1,23.0,6.4,8.5,1.3,5.5,6.9,1.897,0.158
2014,09,전라북도,고창군,아산면,반암리,주진천2,24.0,6.6,8.5,1.6,4.8,6.9,1.949,0.143
2014,10,전라북도,익산시,성당면,부곡리,산북천,16.9,7.7,10.6,7.8,15.8,95.9,4.015,0.321
2014,10,전라북도,익산시,망성면,무형리,마산천,19.9,8.4,10.3,1.4,6.4,11.2,3.541,0.176
2014,10,전라북도,부안군,동진면,하장리,고부천2,22.0,7.0,8.3,8.5,11.5,34.0,1.535,0.081
2014,10,전라북도,부안군,동진면,하장리,고부천3,18.0,7.6,8.3,3.5,11.1,54.3,2.144,0.162
2014,10,전라북도,정읍시,영원면,앵성리,고부천1,22.0,6.9,5.6,2.8,8.7,68.4,2.377,0.113
2014,10,전라북도,김제시,부량면,옥정리,동진강3,17.4,7.9,10.4,1.7,6.3,16.0,2.686,0.105
2014,10,전라북도,정읍시,신태인읍,,동진강2,20.0,7.2,10.8,1.1,4.0,5.8,2.258,0.047
2014,10,전라북도,정읍시,신태인읍,구석리,용호천,22.0,6.9,6.3,0.9,4.2,10.6,3.216,0.104
2014,10,전라북도,정읍시,옹동면,산성리,동진강1,20.0,7.1,10.2,1.4,3.7,1.7,2.093,0.034
2014,10,전라북도,김제시,성덕면,남포리,신평천,22.0,8.6,11.9,3.8,9.0,21.2,1.737,0.099
2014,10,전라북도,김제시,죽산면,대창리,원평천3,18.9,7.7,9.6,3.7,10.7,232.0,1.505,0.150
2014,10,전라북도,김제시,봉남면,용신리,원평천1,22.0,9.0,15.5,5.6,9.0,13.8,2.468,0.080
2014,10,전라북도,김제시,죽산면,죽산리,원평천2,23.0,8.2,11.3,3.5,8.4,20.9,1.304,0.081
2014,10,전라북도,정읍시,공평동,,정읍천3,22.0,6.9,5.6,2.6,3.6,6.0,2.782,0.082
2014,10,전라북도,정읍시,송산동,,정읍천1,21.0,7.5,7.4,0.6,1.8,1.1,1.506,0.046
2014,10,전라북도,정읍시,연지동,,정읍천2,21.0,7.2,8.1,1.7,2.4,2.6,2.266,0.059
2014,10,전라북도,정읍시,이평면,하송리,정읍천4,18.6,7.7,10.1,2.1,7.1,18.8,3.175,0.111
2014,10,전라북도,정읍시,하모동,,천원천,22.0,7.2,6.8,1.9,3.6,7.4,2.685,0.077
2014,10,전라북도,김제시,백구면,마산리,마산천,22.0,8.6,9.2,12.0,11.0,14.5,7.972,0.187
2014,10,전라북도,완주군,삼례읍,,삼례,22.0,7.0,7.6,2.7,8.8,5.8,4.189,0.336
2014,10,전라북도,익산시,춘포면,인수리,익산천1,21.0,7.2,8.5,1.6,5.2,12.3,2.219,0.172
2014,10,전라북도,익산시,춘포면,인수리,익산천2,21.0,7.4,7.5,6.2,9.1,13.0,6.024,0.873
2014,10,전라북도,군산시,대야면,광교리,탑천,18.3,7.7,9.3,3.4,10.4,29.9,2.938,0.156
2014,10,전라북도,김제시,백구면,백구리,김제,18.5,7.4,9.5,3.1,9.1,18.9,3.808,0.291
2014,10,전라북도,김제시,백구면,월봉리,용암천,19.0,8.8,8.2,6.7,12.7,42.0,5.024,0.139
2014,10,전라북도,전주시완산구,서신동,,삼천3,20.0,7.6,8.5,1.7,3.5,6.4,2.030,0.083
2014,10,전라북도,전주시완산구,평화동3가,,삼천1,19.0,7.8,7.5,1.3,2.7,2.9,2.199,0.066
2014,10,전라북도,전주시완산구,효자동2가,,삼천2,26.0,7.4,8.2,1.5,3.3,2.5,2.460,0.075
2014,10,전라북도,완주군,소양면,황운리,소양천1,23.0,7.6,8.6,1.4,2.4,2.0,1.670,0.047
2014,10,전라북도,완주군,용진읍,상운리,소양천2,21.0,7.8,7.7,1.2,3.3,16.0,3.808,0.043
2014,10,전라북도,익산시,춘포면,용연리,익산천3,21.0,7.2,5.3,4.6,9.2,18.6,5.756,0.852
2014,10,전라북도,전주시덕진구,고랑동,,전주천7,20.4,7.4,6.4,4.3,13.0,5.6,5.517,0.413
2014,10,전라북도,전주시덕진구,전미동1가,,전주,17.8,7.9,10.4,1.1,4.0,5.8,1.766,0.092
2014,10,전라북도,전주시완산구,대성동,,전주천1,16.0,7.2,8.5,1.0,1.3,0.7,2.649,0.049
2014,10,전라북도,완주군,고산면,읍내리,고산,20.0,6.0,9.4,0.9,3.0,1.4,2.200,0.014
2014,10,전라북도,무주군,무주읍,대차리,무주남대천2,17.0,8.0,11.4,1.4,2.9,4.2,2.451,0.046
2014,10,전라북도,무주군,무주읍,읍내리,무주남대천1,17.0,8.4,11.8,1.2,2.7,1.7,2.166,0.017
2014,10,전라북도,무주군,무주읍,읍내리,무주남대천3,15.6,8.2,11.5,1.2,2.7,1.5,1.785,0.034
2014,10,전라북도,부안군,상서면,청림리,백천내,21.0,6.4,8.4,0.6,1.4,0.6,1.055,0.004
2014,10,전라북도,무주군,안성면,진도리,구량천,13.7,8.0,12.2,0.8,2.7,1.9,1.876,0.018
2014,10,전라북도,진안군,정천면,월평리,정자천,15.0,7.8,10.8,0.9,2.4,1.4,1.559,0.013
2014,10,전라북도,진안군,진안읍,운산리,진안천,22.0,8.6,9.5,1.4,2.7,2.6,2.550,0.083
2014,10,전라북도,진안군,진안읍,가막리,가막,15.0,7.7,13.0,0.8,3.1,1.4,3.338,0.034
2014,10,전라북도,무주군,무주읍,용포리,용포,18.0,6.5,10.5,1.6,3.7,1.6,1.811,0.119
2014,10,전라북도,진안군,용담면,송풍리,용담,18.5,8.0,10.9,0.8,4.2,3.1,1.578,0.026
2014,10,전라북도,남원시,운봉읍,,람천2,18.0,7.7,10.3,0.9,2.6,3.9,1.766,0.031
2014,10,전라북도,남원시,인월면,중군리,람천1,19.0,7.1,10.1,1.5,3.3,3.6,2.589,0.056
2014,10,전라북도,임실군,관촌면,방수리,관촌,16.9,7.4,10.9,0.8,2.4,3.1,1.832,0.019
2014,10,전라북도,임실군,운암면,학암리,운암,18.0,7.0,10.3,1.8,3.2,4.5,1.172,0.025
2014,10,전라북도,정읍시,산내면,매죽리,추령천,18.1,7.8,10.5,0.9,2.5,2.2,2.197,0.013
2014,10,전라북도,임실군,강진면,용수리,임실,17.8,7.7,10.4,1.0,3.1,2.1,1.732,0.011
2014,10,전라북도,순창군,동계면,구미리,동계,18.0,6.8,10.3,1.2,3.8,2.3,1.072,0.034
2014,10,전라북도,순창군,구림면,안정리,치천,16.9,7.7,10.4,0.6,1.9,1.1,1.656,0.016
2014,10,전라북도,남원시,대강면,풍산리,수홍천,15.3,7.3,10.3,0.5,1.9,1.1,2.394,0.032
2014,10,전라북도,순창군,유등면,유촌리,옥택천,15.8,7.3,10.4,0.7,2.1,4.6,1.757,0.027
2014,10,전라북도,순창군,적성면,고원리,적성,19.3,6.7,9.4,1.2,3.5,5.1,1.504,0.043
2014,10,전라북도,남원시,금지면,귀석리,남원,18.0,7.7,10.1,1.0,3.5,5.3,1.306,0.029
2014,10,전라북도,남원시,대강면,월탄리,대강,17.8,7.2,11.2,1.1,3.6,4.9,1.603,0.047
2014,10,전라북도,장수군,산서면,사상리,오수천1,15.7,7.2,10.5,0.6,1.9,1.1,1.656,0.016
2014,10,전라북도,남원시,덕과면,사율리,율천,17.8,7.3,9.9,1.1,2.9,5.6,1.378,0.061
2014,10,전라북도,남원시,사매면,서도리,월평천,16.8,7.2,11.1,0.9,3.1,2.9,2.548,0.054
2014,10,전라북도,순창군,동계면,서호리,오수천2,17.6,7.7,10.7,1.1,3.4,4.7,1.763,0.049
2014,10,전라북도,임실군,삼계면,후천리,후곡천,16.2,7.8,11.3,0.9,2.8,9.3,1.416,0.039
2014,10,전라북도,남원시,산동면,월석리,요천1,16.8,7.2,9.5,0.7,2.2,1.7,1.513,0.011
2014,10,전라북도,남원시,금지면,창산리,요천2,19.0,7.6,9.7,1.5,4.0,8.0,1.600,0.173
2014,10,전라북도,남원시,송동면,세전리,요천3,18.0,7.6,11.2,1.1,3.2,6.3,1.810,0.045
2014,10,전라북도,고창군,아산면,구암리,주진천1,25.0,7.7,9.7,2.1,4.7,7.4,2.496,0.184
2014,10,전라북도,고창군,아산면,반암리,주진천2,25.0,6.8,9.3,1.4,4.7,12.7,2.079,0.110
2014,11,전라북도,익산시,성당면,부곡리,산북천,11.6,7.5,11.7,5.6,10.4,43.8,5.708,0.504
2014,11,전라북도,익산시,망성면,무형리,마산천,14.4,7.7,9.9,0.9,6.4,7.1,5.346,0.196
2014,11,전라북도,부안군,동진면,하장리,고부천2,15.0,7.2,7.7,3.1,10.0,31.9,4.644,0.115
2014,11,전라북도,부안군,동진면,하장리,고부천3,11.2,7.4,10.5,3.9,9.7,42.1,4.404,0.199
2014,11,전라북도,정읍시,영원면,앵성리,고부천1,13.0,7.3,8.4,2.4,9.1,26.1,3.593,0.145
2014,11,전라북도,김제시,부량면,옥정리,동진강3,10.8,7.8,12.4,1.2,5.4,8.2,3.515,0.127
2014,11,전라북도,정읍시,신태인읍,,동진강2,13.0,5.7,12.0,1.1,3.6,9.9,2.568,0.046
2014,11,전라북도,정읍시,신태인읍,구석리,용호천,12.0,6.9,6.4,0.9,4.6,4.6,3.058,0.066
2014,11,전라북도,정읍시,옹동면,산성리,동진강1,14.0,5.2,10.9,1.2,3.3,2.4,2.099,0.024
2014,11,전라북도,김제시,성덕면,남포리,신평천,12.0,6.5,11.9,6.9,12.9,36.2,4.503,0.095
2014,11,전라북도,김제시,죽산면,대창리,원평천3,11.3,7.5,11.2,4.5,11.0,28.7,4.733,0.197
2014,11,전라북도,김제시,봉남면,용신리,원평천1,12.0,7.2,12.8,1.6,4.5,6.9,4.035,0.078
2014,11,전라북도,김제시,죽산면,죽산리,원평천2,12.0,6.1,10.3,2.3,6.9,47.0,2.813,0.157
2014,11,전라북도,정읍시,공평동,,정읍천3,12.0,7.1,6.8,1.0,3.6,3.1,3.686,0.065
2014,11,전라북도,정읍시,송산동,,정읍천1,13.0,7.3,7.7,0.4,1.7,0.7,2.396,0.036
2014,11,전라북도,정읍시,연지동,,정읍천2,14.0,7.2,8.9,1.0,2.5,0.6,4.422,0.063
2014,11,전라북도,정읍시,이평면,하송리,정읍천4,12.0,7.6,13.0,2.2,7.0,5.9,5.141,0.127
2014,11,전라북도,정읍시,하모동,,천원천,13.0,7.1,6.4,1.2,3.6,4.3,3.634,0.073
2014,11,전라북도,김제시,백구면,마산리,마산천,14.0,7.9,13.3,3.8,7.3,18.2,8.130,0.113
2014,11,전라북도,완주군,삼례읍,,삼례,15.0,6.5,9.0,4.8,7.2,7.3,4.273,0.165
2014,11,전라북도,익산시,춘포면,인수리,익산천1,12.0,7.2,10.7,3.2,10.7,9.0,3.834,0.216
2014,11,전라북도,익산시,춘포면,인수리,익산천2,12.0,7.1,10.6,5.3,14.3,12.5,7.065,0.767
2014,11,전라북도,군산시,대야면,광교리,탑천,11.2,7.6,8.6,3.1,8.5,32.5,4.167,0.198
2014,11,전라북도,김제시,백구면,백구리,김제,12.3,7.6,9.7,3.0,9.4,12.7,4.720,0.347
2014,11,전라북도,김제시,백구면,월봉리,용암천,11.0,7.8,11.5,4.3,9.8,19.6,6.378,0.153
2014,11,전라북도,전주시완산구,서신동,,삼천3,16.0,7.6,9.4,1.1,3.5,14.6,2.017,0.049
2014,11,전라북도,전주시완산구,평화동3가,,삼천1,15.0,7.4,10.5,0.9,3.0,5.6,1.856,0.028
2014,11,전라북도,전주시완산구,효자동2가,,삼천2,15.0,7.5,12.1,1.1,3.4,5.6,2.135,0.039
2014,11,전라북도,완주군,소양면,황운리,소양천1,14.0,7.9,12.2,0.5,1.5,1.5,3.727,0.030
2014,11,전라북도,완주군,용진읍,상운리,소양천2,15.0,7.9,13.7,0.8,3.0,65.0,4.249,0.041
2014,11,전라북도,익산시,춘포면,용연리,익산천3,11.0,6.9,9.6,8.1,16.9,19.2,7.521,0.704
2014,11,전라북도,전주시덕진구,고랑동,,전주천7,15.7,7.3,6.4,7.2,14.5,4.6,5.852,0.556
2014,11,전라북도,전주시덕진구,전미동1가,,전주,11.2,7.9,12.8,1.2,3.4,4.2,2.505,0.049
2014,11,전라북도,전주시완산구,대성동,,전주천1,15.0,7.7,11.7,0.5,1.2,1.6,3.378,0.035
2014,11,전라북도,완주군,고산면,읍내리,고산,13.0,5.8,10.9,1.4,3.4,1.2,3.278,0.032
2014,11,전라북도,무주군,무주읍,대차리,무주남대천2,13.0,7.0,12.1,0.7,1.9,0.9,2.217,0.014
2014,11,전라북도,무주군,무주읍,읍내리,무주남대천1,11.0,6.9,12.2,0.6,1.8,0.2,2.046,0.006
2014,11,전라북도,무주군,무주읍,읍내리,무주남대천3,9.7,7.7,13.2,0.6,2.5,1.3,2.270,0.017
2014,11,전라북도,부안군,상서면,청림리,백천내,15.0,6.4,9.5,0.4,1.2,0.3,2.355,0.006
2014,11,전라북도,무주군,안성면,진도리,구량천,9.0,8.1,13.1,0.6,2.3,1.1,2.334,0.016
2014,11,전라북도,진안군,정천면,월평리,정자천,9.7,7.6,12.5,0.7,2.3,1.4,2.830,0.012
2014,11,전라북도,진안군,진안읍,운산리,진안천,12.0,7.4,11.3,1.2,2.7,1.0,2.873,0.081
2014,11,전라북도,진안군,진안읍,가막리,가막,9.4,8.1,13.8,0.7,2.7,1.4,3.577,0.034
2014,11,전라북도,무주군,무주읍,용포리,용포,12.0,7.6,10.6,1.1,3.2,0.7,1.759,0.007
2014,11,전라북도,진안군,용담면,송풍리,용담,14.5,7.8,11.0,0.9,3.6,3.0,1.915,0.021
2014,11,전라북도,남원시,운봉읍,,람천2,12.0,6.2,11.5,1.2,1.3,1.5,1.773,0.018
2014,11,전라북도,남원시,인월면,중군리,람천1,13.0,6.7,11.0,1.0,2.1,1.2,2.763,0.031
2014,11,전라북도,임실군,관촌면,방수리,관촌,8.2,7.3,11.8,0.6,1.9,2.0,2.263,0.018
2014,11,전라북도,임실군,운암면,학암리,운암,9.0,7.0,13.5,1.7,2.4,0.5,1.841,0.014
2014,11,전라북도,정읍시,산내면,매죽리,추령천,9.2,7.5,12.1,0.5,1.9,1.0,2.568,0.014
2014,11,전라북도,임실군,강진면,용수리,임실,9.8,7.5,11.2,0.6,2.5,1.6,1.781,0.016
2014,11,전라북도,순창군,동계면,구미리,동계,8.0,7.0,12.7,1.6,2.5,0.4,1.581,0.030
2014,11,전라북도,순창군,구림면,안정리,치천,8.4,7.4,11.6,0.5,1.9,1.2,2.354,0.012
2014,11,전라북도,남원시,대강면,풍산리,수홍천,8.5,7.4,12.4,0.3,1.9,1.2,3.118,0.026
2014,11,전라북도,순창군,유등면,유촌리,옥택천,8.2,7.5,12.7,0.3,2.4,3.4,2.292,0.024
2014,11,전라북도,순창군,적성면,고원리,적성,11.0,6.5,11.7,2.0,3.1,2.2,1.611,0.021
2014,11,전라북도,남원시,금지면,귀석리,남원,11.0,7.0,11.6,1.7,4.8,29.8,2.142,0.121
2014,11,전라북도,남원시,대강면,월탄리,대강,9.0,7.4,12.3,1.0,3.3,3.7,1.981,0.033
2014,11,전라북도,장수군,산서면,사상리,오수천1,8.3,6.9,11.9,0.5,1.9,1.2,2.354,0.012
2014,11,전라북도,남원시,덕과면,사율리,율천,9.7,6.9,11.6,1.0,1.5,5.9,1.709,0.062
2014,11,전라북도,남원시,사매면,서도리,월평천,9.0,6.9,13.0,0.8,2.1,2.3,2.700,0.040
2014,11,전라북도,순창군,동계면,서호리,오수천2,9.5,7.6,13.3,1.0,3.5,3.5,1.956,0.034
2014,11,전라북도,임실군,삼계면,후천리,후곡천,7.8,7.6,13.4,1.8,3.5,3.1,1.991,0.045
2014,11,전라북도,남원시,산동면,월석리,요천1,7.5,7.4,11.9,0.5,1.8,1.2,2.110,0.016
2014,11,전라북도,남원시,금지면,창산리,요천2,12.0,6.6,11.8,4.4,8.1,24.4,2.123,0.126
2014,11,전라북도,남원시,송동면,세전리,요천3,10.0,7.9,12.1,0.8,3.3,4.0,2.314,0.040
2014,11,전라북도,고창군,아산면,구암리,주진천1,16.0,6.6,13.2,4.7,5.3,4.6,3.434,0.199
2014,11,전라북도,고창군,아산면,반암리,주진천2,15.0,6.6,10.1,3.6,4.9,51.9,3.084,0.125
2014,12,전라북도,익산시,성당면,부곡리,산북천,4.9,7.4,13.2,5.9,12.0,29.9,4.063,0.354
2014,12,전라북도,익산시,망성면,무형리,마산천,9.2,8.0,12.1,1.8,9.4,12.4,4.645,0.311
2014,12,전라북도,부안군,동진면,하장리,고부천2,4.0,8.2,13.8,2.8,7.7,16.0,4.018,0.174
2014,12,전라북도,부안군,동진면,하장리,고부천3,3.1,7.3,13.4,2.7,10.5,17.8,4.083,0.147
2014,12,전라북도,정읍시,영원면,앵성리,고부천1,4.0,8.3,13.9,2.1,6.9,8.0,3.983,0.104
2014,12,전라북도,김제시,부량면,옥정리,동진강3,4.4,8.1,13.6,1.3,5.9,7.5,3.766,0.073
2014,12,전라북도,정읍시,신태인읍,,동진강2,7.0,6.1,15.3,1.0,3.1,6.0,3.046,0.035
2014,12,전라북도,정읍시,신태인읍,구석리,용호천,6.0,6.9,12.7,1.2,4.9,2.0,4.078,0.107
2014,12,전라북도,정읍시,옹동면,산성리,동진강1,8.0,5.4,15.2,1.0,1.8,1.2,2.378,0.007
2014,12,전라북도,김제시,성덕면,남포리,신평천,4.0,6.9,14.1,2.0,7.5,8.9,5.414,0.097
2014,12,전라북도,김제시,죽산면,대창리,원평천3,5.2,7.4,12.8,2.5,10.5,23.9,3.812,0.154
2014,12,전라북도,김제시,봉남면,용신리,원평천1,6.0,7.3,17.6,1.1,3.7,3.3,3.134,0.027
2014,12,전라북도,김제시,죽산면,죽산리,원평천2,4.0,6.6,17.0,1.8,6.3,12.1,3.804,0.088
2014,12,전라북도,정읍시,공평동,,정읍천3,5.0,7.5,11.8,1.0,3.6,2.4,4.127,0.044
2014,12,전라북도,정읍시,송산동,,정읍천1,7.0,7.6,11.0,0.2,1.8,0.5,3.328,0.008
2014,12,전라북도,정읍시,연지동,,정읍천2,6.0,7.6,13.5,0.6,2.2,1.1,3.332,0.008
2014,12,전라북도,정읍시,이평면,하송리,정읍천4,6.6,7.6,12.4,1.5,6.7,7.5,4.721,0.078
2014,12,전라북도,정읍시,하모동,,천원천,5.0,7.3,13.0,1.0,3.6,4.3,4.203,0.048
2014,12,전라북도,김제시,백구면,마산리,마산천,3.0,7.8,12.9,3.2,5.7,23.3,5.866,0.141
2014,12,전라북도,완주군,삼례읍,,삼례,5.0,7.5,13.5,3.2,6.0,7.9,4.516,0.115
2014,12,전라북도,익산시,춘포면,인수리,익산천1,2.0,7.7,16.8,1.6,4.1,3.8,3.559,0.123
2014,12,전라북도,익산시,춘포면,인수리,익산천2,2.0,7.6,16.0,9.2,10.1,12.0,7.921,0.553
2014,12,전라북도,군산시,대야면,광교리,탑천,5.1,7.7,11.4,2.1,10.9,13.1,4.321,0.154
2014,12,전라북도,김제시,백구면,백구리,김제,5.9,7.5,12.1,2.8,8.0,9.3,4.670,0.283
2014,12,전라북도,김제시,백구면,월봉리,용암천,2.0,9.3,12.4,10.2,11.9,21.6,7.793,0.198
2014,12,전라북도,전주시완산구,서신동,,삼천3,11.0,7.3,9.0,2.7,4.6,8.0,3.086,0.077
2014,12,전라북도,전주시완산구,평화동3가,,삼천1,10.0,7.4,10.2,0.9,2.3,6.9,2.747,0.029
2014,12,전라북도,전주시완산구,효자동2가,,삼천2,9.0,7.4,12.0,2.5,5.2,7.4,3.265,0.095
2014,12,전라북도,완주군,소양면,황운리,소양천1,7.0,7.4,12.7,0.2,1.5,1.1,3.935,0.008
2014,12,전라북도,완주군,용진읍,상운리,소양천2,5.0,7.5,12.7,0.4,2.3,9.0,4.936,0.018
2014,12,전라북도,익산시,춘포면,용연리,익산천3,1.0,7.4,16.4,8.3,10.6,14.0,8.099,0.591
2014,12,전라북도,전주시덕진구,고랑동,,전주천7,11.3,7.2,7.7,5.3,12.5,3.8,5.999,0.693
2014,12,전라북도,전주시덕진구,전미동1가,,전주,5.5,7.8,12.5,0.8,3.1,4.7,3.501,0.099
2014,12,전라북도,전주시완산구,대성동,,전주천1,10.0,7.7,11.6,0.6,1.4,1.6,3.234,0.018
2014,12,전라북도,완주군,고산면,읍내리,고산,3.0,8.1,15.1,0.9,2.4,0.5,2.906,0.015
2014,12,전라북도,무주군,무주읍,대차리,무주남대천2,3.0,6.3,15.5,0.2,1.9,1.0,2.671,0.021
2014,12,전라북도,무주군,무주읍,읍내리,무주남대천1,3.0,6.4,14.9,0.3,1.5,0.2,2.493,0.012
2014,12,전라북도,무주군,무주읍,읍내리,무주남대천3,2.4,8.2,14.2,0.7,2.2,0.6,2.171,0.014
2014,12,전라북도,부안군,상서면,청림리,백천내,7.0,6.6,11.0,0.4,1.2,0.3,1.771,0.010
2014,12,전라북도,무주군,안성면,진도리,구량천,2.6,7.4,13.6,0.7,2.2,0.7,2.388,0.013
2014,12,전라북도,진안군,정천면,월평리,정자천,3.5,7.5,13.7,0.7,2.4,1.4,2.636,0.012
2014,12,전라북도,진안군,진안읍,운산리,진안천,7.0,8.1,11.6,1.0,3.1,1.4,1.936,0.029
2014,12,전라북도,진안군,진안읍,가막리,가막,2.9,7.2,14.0,0.6,2.7,1.0,3.072,0.021
2014,12,전라북도,무주군,무주읍,용포리,용포,8.0,6.4,14.3,0.4,2.4,0.8,1.737,0.012
2014,12,전라북도,진안군,용담면,송풍리,용담,9.9,7.3,11.5,0.7,3.3,2.2,1.620,0.011
2014,12,전라북도,남원시,운봉읍,,람천2,3.0,7.6,14.6,0.7,1.5,0.5,2.059,0.017
2014,12,전라북도,남원시,인월면,중군리,람천1,4.0,7.4,15.4,1.0,2.8,1.4,3.067,0.037
2014,12,전라북도,임실군,관촌면,방수리,관촌,2.3,7.5,14.7,0.4,1.8,1.6,2.681,0.012
2014,12,전라북도,임실군,운암면,학암리,운암,5.0,8.0,16.1,0.8,1.8,3.2,2.449,0.012
2014,12,전라북도,정읍시,산내면,매죽리,추령천,5.5,7.8,14.1,0.6,2.0,1.5,3.263,0.010
2014,12,전라북도,임실군,강진면,용수리,임실,4.7,7.4,12.7,0.5,2.4,7.5,1.945,0.014
2014,12,전라북도,순창군,동계면,구미리,동계,5.0,8.0,15.7,0.9,2.1,1.4,2.198,0.046
2014,12,전라북도,순창군,구림면,안정리,치천,3.6,7.6,14.1,0.4,1.8,0.9,1.860,0.013
2014,12,전라북도,남원시,대강면,풍산리,수홍천,4.9,7.5,15.2,0.4,1.4,0.9,1.446,0.042
2014,12,전라북도,순창군,유등면,유촌리,옥택천,4.6,7.1,15.5,0.4,1.8,6.3,2.120,0.027
2014,12,전라북도,순창군,적성면,고원리,적성,5.3,7.3,14.3,1.2,2.6,2.7,2.175,0.020
2014,12,전라북도,남원시,금지면,귀석리,남원,4.0,6.7,14.9,1.0,1.8,1.4,1.966,0.014
2014,12,전라북도,남원시,대강면,월탄리,대강,4.5,7.0,15.2,0.6,2.7,2.6,2.411,0.018
2014,12,전라북도,장수군,산서면,사상리,오수천1,4.1,7.2,13.5,0.4,1.6,0.9,2.172,0.014
2014,12,전라북도,남원시,덕과면,사율리,율천,5.2,7.3,14.4,0.4,2.7,2.8,2.236,0.104
2014,12,전라북도,남원시,사매면,서도리,월평천,5.5,7.3,13.6,0.5,3.1,1.8,3.079,0.037
2014,12,전라북도,순창군,동계면,서호리,오수천2,4.5,8.0,13.1,0.7,2.7,7.1,2.411,0.024
2014,12,전라북도,임실군,삼계면,후천리,후곡천,3.9,7.3,17.7,0.9,6.6,109.3,2.061,0.199
2014,12,전라북도,남원시,산동면,월석리,요천1,3.9,8.0,13.7,0.5,1.9,3.3,2.891,0.012
2014,12,전라북도,남원시,금지면,창산리,요천2,5.0,6.4,14.6,0.9,1.9,3.8,3.039,0.023
2014,12,전라북도,남원시,송동면,세전리,요천3,5.5,7.9,16.5,0.6,2.7,3.4,2.815,0.015
2014,12,전라북도,고창군,아산면,구암리,주진천1,2.0,7.6,16.2,1.7,5.5,5.5,3.597,0.081
2014,12,전라북도,고창군,아산면,반암리,주진천2,2.0,7.6,16.4,1.7,5.7,5.0,3.449,0.063
2015,01,전라북도,익산시,성당면,부곡리,산북천,4.3,7.7,13.7,13.8,11.8,20.5,6.802,0.518
2015,01,전라북도,익산시,망성면,무형리,마산천,2.3,7.9,14.2,2.6,7.5,7.5,9.087,0.363
2015,01,전라북도,부안군,동진면,하장리,고부천2,2.1,8.2,13.4,2.8,6.1,22.7,4.783,0.104
2015,01,전라북도,부안군,동진면,하장리,고부천3,4.4,7.4,13.5,2.8,7.3,20.8,4.251,0.118
2015,01,전라북도,정읍시,영원면,앵성리,고부천1,2.6,8.4,13.4,6.0,6.6,13.6,5.390,0.097
2015,01,전라북도,김제시,부량면,옥정리,동진강3,5.2,7.5,14.4,1.6,5.0,11.2,4.014,0.054
2015,01,전라북도,정읍시,신태인읍,,동진강2,4.0,6.7,14.5,1.7,3.1,6.8,3.560,0.048
2015,01,전라북도,정읍시,신태인읍,구석리,용호천,2.8,8.2,15.3,0.8,3.7,2.4,4.170,0.030
2015,01,전라북도,정읍시,옹동면,산성리,동진강1,6.0,6.7,15.2,0.8,2.3,1.1,2.600,0.037
2015,01,전라북도,김제시,성덕면,남포리,신평천,5.0,7.2,10.5,4.5,18.9,35.8,5.459,0.193
2015,01,전라북도,김제시,죽산면,대창리,원평천3,4.0,7.5,13.7,2.5,7.3,21.6,3.547,0.101
2015,01,전라북도,김제시,봉남면,용신리,원평천1,6.0,7.4,15.8,1.1,3.4,4.0,3.873,0.047
2015,01,전라북도,김제시,죽산면,죽산리,원평천2,4.0,7.2,14.6,2.4,6.6,18.7,3.674,0.108
2015,01,전라북도,정읍시,공평동,,정읍천3,3.7,8.1,14.5,0.7,2.0,1.8,3.285,0.011
2015,01,전라북도,정읍시,송산동,,정읍천1,3.4,7.8,14.4,0.3,2.0,1.0,2.198,0.014
2015,01,전라북도,정읍시,연지동,,정읍천2,3.5,8.0,15.4,0.5,2.0,0.6,2.521,0.009
2015,01,전라북도,정읍시,이평면,하송리,정읍천4,7.0,7.3,13.1,2.3,5.8,5.8,4.312,0.060
2015,01,전라북도,정읍시,하모동,,천원천,3.6,7.9,12.9,0.7,3.0,2.4,3.821,0.017
2015,01,전라북도,김제시,백구면,마산리,마산천,3.6,8.6,14.2,4.3,9.5,31.0,6.292,0.148
2015,01,전라북도,완주군,삼례읍,,삼례,5.0,7.6,13.7,1.4,4.4,4.8,3.644,0.039
2015,01,전라북도,익산시,춘포면,인수리,익산천1,3.0,7.7,15.4,1.4,3.6,4.4,3.307,0.070
2015,01,전라북도,익산시,춘포면,인수리,익산천2,3.0,7.6,15.4,11.0,7.4,10.8,6.973,0.503
2015,01,전라북도,군산시,대야면,광교리,탑천,4.1,7.3,11.9,2.6,7.5,14.9,4.588,0.121
2015,01,전라북도,김제시,백구면,백구리,김제,6.5,7.5,12.3,3.0,8.1,8.3,5.067,0.103
2015,01,전라북도,김제시,백구면,월봉리,용암천,1.7,8.4,12.0,6.2,11.2,16.0,7.290,0.222
2015,01,전라북도,전주시완산구,서신동,,삼천3,3.9,8.2,12.5,2.2,3.6,4.9,3.708,0.031
2015,01,전라북도,전주시완산구,평화동3가,,삼천1,4.3,7.5,13.1,1.2,2.5,2.0,3.935,0.035
2015,01,전라북도,전주시완산구,효자동2가,,삼천2,3.9,8.1,13.1,1.6,3.5,4.3,3.852,0.028
2015,01,전라북도,완주군,소양면,황운리,소양천1,6.2,7.5,12.9,1.3,1.5,1.2,3.983,0.010
2015,01,전라북도,완주군,용진읍,상운리,소양천2,3.4,7.8,12.3,1.8,2.9,9.0,4.580,0.017
2015,01,전라북도,익산시,춘포면,용연리,익산천3,3.0,7.5,15.7,8.6,6.5,10.6,5.562,0.361
2015,01,전라북도,전주시덕진구,고랑동,,전주천7,11.0,7.1,9.3,6.5,13.9,5.5,7.053,0.172
2015,01,전라북도,전주시덕진구,전미동1가,,전주,4.7,7.5,13.7,0.8,3.2,3.6,2.206,0.031
2015,01,전라북도,전주시완산구,대성동,,전주천1,4.8,7.5,13.2,0.3,2.6,30.8,2.947,0.056
2015,01,전라북도,완주군,고산면,읍내리,고산,4.0,7.9,14.4,0.9,2.5,1.4,3.110,0.006
2015,01,전라북도,무주군,무주읍,대차리,무주남대천2,1.0,7.7,13.4,0.9,1.8,0.9,2.720,0.019
2015,01,전라북도,무주군,무주읍,읍내리,무주남대천1,2.0,7.8,13.9,1.6,1.7,0.1,2.616,0.006
2015,01,전라북도,무주군,무주읍,읍내리,무주남대천3,1.7,7.4,14.5,0.9,2.5,0.9,2.558,0.014
2015,01,전라북도,부안군,상서면,청림리,백천내,7.0,6.7,11.4,0.9,1.7,0.7,1.376,0.000
2015,01,전라북도,무주군,안성면,진도리,구량천,1.4,7.5,15.1,0.8,2.5,0.7,3.171,0.012
2015,01,전라북도,진안군,정천면,월평리,정자천,2.6,7.7,13.9,0.7,2.2,1.3,2.408,0.010
2015,01,전라북도,진안군,진안읍,운산리,진안천,5.0,7.9,13.6,1.0,3.1,1.4,3.769,0.062
2015,01,전라북도,진안군,진안읍,가막리,가막,1.7,7.6,15.3,1.0,2.5,2.0,3.430,0.016
2015,01,전라북도,무주군,무주읍,용포리,용포,4.0,7.8,11.9,1.1,2.5,0.8,1.689,0.006
2015,01,전라북도,진안군,용담면,송풍리,용담,5.3,7.8,13.2,0.6,2.9,1.4,1.472,0.012
2015,01,전라북도,남원시,운봉읍,,람천2,2.0,8.1,14.8,1.1,1.8,1.1,2.017,0.010
2015,01,전라북도,남원시,인월면,중군리,람천1,3.0,8.0,14.9,1.1,2.6,2.1,3.144,0.016
2015,01,전라북도,임실군,관촌면,방수리,관촌,2.3,7.3,14.5,0.8,2.0,3.1,2.491,0.012
2015,01,전라북도,임실군,운암면,학암리,운암,3.0,8.4,14.5,2.5,3.8,2.0,2.734,0.023
2015,01,전라북도,정읍시,산내면,매죽리,추령천,3.3,7.3,14.2,1.2,1.7,1.8,2.827,0.009
2015,01,전라북도,임실군,강진면,용수리,임실,4.0,7.5,13.9,0.6,2.2,1.1,1.902,0.009
2015,01,전라북도,순창군,동계면,구미리,동계,3.0,8.3,14.7,0.6,1.6,0.6,2.264,0.011
2015,01,전라북도,순창군,구림면,안정리,치천,3.3,7.3,12.9,0.6,1.3,1.2,2.350,0.006
2015,01,전라북도,남원시,대강면,풍산리,수홍천,4.3,7.4,12.6,0.7,1.7,1.2,3.056,0.015
2015,01,전라북도,순창군,유등면,유촌리,옥택천,3.7,7.4,12.8,0.7,1.7,1.6,2.345,0.015
2015,01,전라북도,순창군,적성면,고원리,적성,3.8,8.3,13.4,0.9,2.2,1.0,2.312,0.013
2015,01,전라북도,남원시,금지면,귀석리,남원,6.0,8.0,13.3,2.2,2.7,1.6,2.316,0.014
2015,01,전라북도,남원시,대강면,월탄리,대강,3.4,7.5,13.7,1.1,2.9,2.7,2.246,0.020
2015,01,전라북도,장수군,산서면,사상리,오수천1,3.8,7.4,12.5,1.0,1.7,2.1,2.455,0.021
2015,01,전라북도,남원시,덕과면,사율리,율천,4.1,7.3,12.5,1.3,3.0,8.8,2.206,0.078
2015,01,전라북도,남원시,사매면,서도리,월평천,3.9,7.4,12.5,2.0,3.6,12.8,3.969,0.058
2015,01,전라북도,순창군,동계면,서호리,오수천2,2.6,7.6,15.1,1.6,2.9,3.4,2.476,0.023
2015,01,전라북도,임실군,삼계면,후천리,후곡천,3.4,7.6,13.7,1.0,2.2,3.0,1.887,0.016
2015,01,전라북도,남원시,산동면,월석리,요천1,2.3,7.5,13.7,1.0,1.5,1.6,2.240,0.007
2015,01,전라북도,남원시,금지면,창산리,요천2,5.0,8.2,13.8,2.4,2.9,3.0,3.443,0.021
2015,01,전라북도,남원시,송동면,세전리,요천3,4.0,7.8,14.1,1.8,2.8,3.3,2.914,0.026
2015,01,전라북도,고창군,아산면,구암리,주진천1,5.0,7.8,14.1,2.0,3.8,3.9,5.340,0.162
2015,01,전라북도,고창군,아산면,반암리,주진천2,4.0,7.9,14.3,1.3,3.4,4.5,4.831,0.051
2015,02,전라북도,익산시,성당면,부곡리,산북천,6.2,8.0,12.9,6.2,10.1,19.1,6.485,0.402
2015,02,전라북도,익산시,망성면,무형리,마산천,4.1,7.9,14.0,3.6,5.4,4.5,5.339,0.229
2015,02,전라북도,부안군,동진면,하장리,고부천2,2.9,7.2,11.7,1.7,7.1,28.2,4.957,0.086
2015,02,전라북도,부안군,동진면,하장리,고부천3,5.5,7.7,12.6,3.2,8.0,27.6,4.474,0.148
2015,02,전라북도,정읍시,영원면,앵성리,고부천1,3.1,7.0,11.9,2.0,5.9,17.2,5.354,0.083
2015,02,전라북도,김제시,부량면,옥정리,동진강3,5.7,7.6,13.1,1.7,4.4,6.0,3.118,0.045
2015,02,전라북도,정읍시,신태인읍,,동진강2,5.0,7.9,14.6,1.9,3.1,5.5,2.731,0.037
2015,02,전라북도,정읍시,신태인읍,구석리,용호천,3.3,6.8,12.0,0.9,4.5,2.9,4.686,0.036
2015,02,전라북도,정읍시,옹동면,산성리,동진강1,4.0,8.3,14.9,2.1,3.1,1.7,2.351,0.023
2015,02,전라북도,김제시,성덕면,남포리,신평천,4.0,8.5,14.2,7.1,11.0,19.1,6.298,0.100
2015,02,전라북도,김제시,죽산면,대창리,원평천3,5.2,8.1,13.9,2.8,7.6,19.3,3.746,0.124
2015,02,전라북도,김제시,봉남면,용신리,원평천1,4.0,8.1,14.7,3.8,6.9,41.2,3.910,0.163
2015,02,전라북도,김제시,죽산면,죽산리,원평천2,4.0,7.8,15.1,3.1,6.1,25.7,3.660,0.138
2015,02,전라북도,정읍시,공평동,,정읍천3,3.3,6.6,12.3,1.3,3.4,1.7,3.226,0.015
2015,02,전라북도,정읍시,송산동,,정읍천1,4.3,6.9,12.3,1.0,2.4,0.9,2.518,0.009
2015,02,전라북도,정읍시,연지동,,정읍천2,4.0,6.8,13.3,0.8,2.5,1.7,3.216,0.010
2015,02,전라북도,정읍시,이평면,하송리,정읍천4,6.7,7.7,13.0,1.7,4.9,2.9,3.624,0.034
2015,02,전라북도,정읍시,하모동,,천원천,3.2,6.6,12.8,1.1,3.7,4.7,3.489,0.020
2015,02,전라북도,김제시,백구면,마산리,마산천,5.9,6.9,13.9,3.8,6.9,30.8,6.850,0.103
2015,02,전라북도,완주군,삼례읍,,삼례,5.0,7.8,13.9,2.1,4.6,5.2,4.133,0.104
2015,02,전라북도,익산시,춘포면,인수리,익산천1,2.0,7.9,16.9,2.2,5.1,13.2,4.162,0.143
2015,02,전라북도,익산시,춘포면,인수리,익산천2,3.0,7.7,16.2,4.9,9.7,14.5,8.293,0.634
2015,02,전라북도,군산시,대야면,광교리,탑천,5.5,7.6,12.4,2.3,7.0,10.8,5.631,0.134
2015,02,전라북도,김제시,백구면,백구리,김제,6.9,7.6,12.0,3.3,7.6,8.1,5.446,0.107
2015,02,전라북도,김제시,백구면,월봉리,용암천,2.3,6.9,11.3,3.5,10.6,31.5,8.994,0.200
2015,02,전라북도,전주시완산구,서신동,,삼천3,4.3,7.5,14.8,2.0,2.9,4.2,3.601,0.027
2015,02,전라북도,전주시완산구,평화동3가,,삼천1,1.3,7.1,14.0,1.6,2.3,2.8,3.543,0.028
2015,02,전라북도,전주시완산구,효자동2가,,삼천2,2.1,7.3,14.9,1.7,2.9,3.0,3.705,0.026
2015,02,전라북도,완주군,소양면,황운리,소양천1,4.7,6.7,11.2,0.7,1.8,2.4,3.651,0.014
2015,02,전라북도,완주군,용진읍,상운리,소양천2,2.8,6.8,11.1,0.7,2.4,2.7,4.328,0.016
2015,02,전라북도,익산시,춘포면,용연리,익산천3,2.0,7.6,16.6,4.7,11.1,12.6,9.913,0.946
2015,02,전라북도,전주시덕진구,고랑동,,전주천7,10.4,7.1,10.9,4.0,10.7,3.0,8.024,0.074
2015,02,전라북도,전주시덕진구,전미동1가,,전주,5.1,7.7,13.7,1.6,3.6,2.0,2.196,0.049
2015,02,전라북도,전주시완산구,대성동,,전주천1,5.6,7.6,12.8,0.4,0.8,2.2,3.305,0.006
2015,02,전라북도,완주군,고산면,읍내리,고산,3.0,8.0,15.8,1.7,3.4,2.4,2.677,0.016
2015,02,전라북도,무주군,무주읍,대차리,무주남대천2,3.0,7.1,13.8,1.2,2.0,0.8,3.057,0.010
2015,02,전라북도,무주군,무주읍,읍내리,무주남대천1,3.0,7.3,15.2,1.3,2.2,0.9,3.087,0.017
2015,02,전라북도,무주군,무주읍,읍내리,무주남대천3,3.2,8.0,15.6,0.9,2.7,1.0,2.649,0.014
2015,02,전라북도,부안군,상서면,청림리,백천내,6.0,6.5,11.8,0.5,1.1,0.2,1.781,0.004
2015,02,전라북도,무주군,안성면,진도리,구량천,3.0,7.8,14.4,0.8,2.4,1.2,3.026,0.011
2015,02,전라북도,진안군,정천면,월평리,정자천,3.7,7.8,14.5,0.7,2.0,1.3,2.522,0.008
2015,02,전라북도,진안군,진안읍,운산리,진안천,5.0,7.4,14.4,1.0,3.2,1.4,3.518,0.047
2015,02,전라북도,진안군,진안읍,가막리,가막,3.1,8.0,15.2,1.2,3.1,2.6,3.514,0.018
2015,02,전라북도,무주군,무주읍,용포리,용포,4.0,6.8,12.5,0.9,2.6,1.0,1.752,0.013
2015,02,전라북도,진안군,용담면,송풍리,용담,4.9,7.5,14.4,0.6,2.8,1.0,1.636,0.008
2015,02,전라북도,남원시,운봉읍,,람천2,3.0,8.9,15.7,1.5,1.8,1.4,2.306,0.024
2015,02,전라북도,남원시,인월면,중군리,람천1,4.0,8.8,14.7,2.1,2.6,1.6,3.288,0.030
2015,02,전라북도,임실군,관촌면,방수리,관촌,4.6,7.6,13.6,1.3,2.1,1.2,2.340,0.009
2015,02,전라북도,임실군,운암면,학암리,운암,7.0,8.6,12.7,1.7,2.7,3.1,2.494,0.026
2015,02,전라북도,정읍시,산내면,매죽리,추령천,4.7,7.5,13.2,1.3,2.1,1.3,2.842,0.007
2015,02,전라북도,임실군,강진면,용수리,임실,4.9,7.6,13.8,1.0,2.5,1.2,1.781,0.009
2015,02,전라북도,순창군,동계면,구미리,동계,8.0,8.3,11.5,1.9,2.9,1.2,2.266,0.043
2015,02,전라북도,순창군,구림면,안정리,치천,3.4,7.4,12.9,0.9,1.8,0.6,2.146,0.008
2015,02,전라북도,남원시,대강면,풍산리,수홍천,4.8,7.3,12.8,0.8,1.6,0.7,2.909,0.021
2015,02,전라북도,순창군,유등면,유촌리,옥택천,3.7,7.3,12.9,0.9,2.0,0.7,2.124,0.013
2015,02,전라북도,순창군,적성면,고원리,적성,5.0,8.0,13.6,1.6,2.5,1.8,2.316,0.018
2015,02,전라북도,남원시,금지면,귀석리,남원,3.0,8.1,15.9,1.3,2.1,1.5,2.159,0.016
2015,02,전라북도,남원시,대강면,월탄리,대강,5.1,7.7,13.5,1.4,2.9,2.4,2.289,0.020
2015,02,전라북도,장수군,산서면,사상리,오수천1,5.1,7.5,13.1,1.0,2.2,1.2,2.564,0.023
2015,02,전라북도,남원시,덕과면,사율리,율천,5.3,7.2,13.3,1.0,2.4,1.8,1.974,0.064
2015,02,전라북도,남원시,사매면,서도리,월평천,5.1,7.1,13.8,1.1,2.8,2.0,2.986,0.028
2015,02,전라북도,순창군,동계면,서호리,오수천2,4.5,7.6,13.4,1.6,2.7,3.5,2.464,0.020
2015,02,전라북도,임실군,삼계면,후천리,후곡천,4.4,7.3,14.1,1.0,2.8,6.0,1.704,0.027
2015,02,전라북도,남원시,산동면,월석리,요천1,3.2,7.6,13.8,1.2,1.8,5.9,2.196,0.016
2015,02,전라북도,남원시,금지면,창산리,요천2,4.0,8.3,14.4,1.7,2.8,2.1,3.391,0.042
2015,02,전라북도,남원시,송동면,세전리,요천3,6.2,7.8,13.6,1.8,3.0,2.6,3.126,0.027
2015,02,전라북도,고창군,아산면,구암리,주진천1,7.0,6.6,12.0,2.1,4.3,4.4,4.938,0.077
2015,02,전라북도,고창군,아산면,반암리,주진천2,7.0,6.9,11.8,2.0,4.0,5.6,4.876,0.092
2015,03,전라북도,익산시,성당면,부곡리,산북천,9.8,7.8,11.1,5.9,12.9,30.3,7.066,0.375
2015,03,전라북도,익산시,망성면,무형리,마산천,5.9,7.8,12.8,2.6,8.1,15.7,7.325,0.235
2015,03,전라북도,부안군,동진면,하장리,고부천2,7.7,8.1,11.7,2.0,6.7,28.3,2.386,0.100
2015,03,전라북도,부안군,동진면,하장리,고부천3,9.7,7.8,10.9,3.1,8.7,33.8,4.318,0.080
2015,03,전라북도,정읍시,영원면,앵성리,고부천1,7.4,8.0,11.9,1.6,6.6,27.8,2.421,0.073
2015,03,전라북도,김제시,부량면,옥정리,동진강3,9.0,7.7,12.0,1.4,4.4,12.0,2.744,0.040
2015,03,전라북도,정읍시,신태인읍,,동진강2,10.0,8.1,11.2,1.2,3.1,26.0,2.494,0.049
2015,03,전라북도,정읍시,신태인읍,구석리,용호천,6.9,7.8,11.0,1.0,3.9,4.4,4.179,0.045
2015,03,전라북도,정읍시,옹동면,산성리,동진강1,10.0,8.3,10.1,1.1,2.8,1.4,2.184,0.023
2015,03,전라북도,김제시,성덕면,남포리,신평천,9.0,8.7,10.8,8.6,13.6,52.6,7.579,0.184
2015,03,전라북도,김제시,죽산면,대창리,원평천3,10.4,8.5,13.4,5.0,11.0,61.1,3.729,0.105
2015,03,전라북도,김제시,봉남면,용신리,원평천1,13.0,8.4,11.9,2.9,5.7,22.2,3.120,0.122
2015,03,전라북도,김제시,죽산면,죽산리,원평천2,8.0,7.9,12.9,3.4,7.5,53.2,3.435,0.174
2015,03,전라북도,정읍시,공평동,,정읍천3,7.0,7.7,11.3,1.1,2.9,4.8,3.032,0.049
2015,03,전라북도,정읍시,송산동,,정읍천1,6.2,7.8,12.4,0.7,2.0,0.8,2.059,0.023
2015,03,전라북도,정읍시,연지동,,정읍천2,7.0,7.8,11.4,1.7,3.1,2.3,3.407,0.047
2015,03,전라북도,정읍시,이평면,하송리,정읍천4,11.9,7.6,11.4,2.7,7.3,12.2,5.142,0.058
2015,03,전라북도,정읍시,하모동,,천원천,6.4,7.7,11.7,1.1,2.8,4.4,3.141,0.053
2015,03,전라북도,김제시,백구면,마산리,마산천,8.9,7.8,14.0,6.3,8.0,33.3,6.071,0.059
2015,03,전라북도,완주군,삼례읍,,삼례,6.0,7.7,13.0,4.5,4.9,6.4,4.170,0.058
2015,03,전라북도,익산시,춘포면,인수리,익산천1,4.0,7.8,14.1,3.1,4.3,7.1,3.650,0.113
2015,03,전라북도,익산시,춘포면,인수리,익산천2,5.0,7.6,12.5,16.8,33.3,16.4,11.675,1.250
2015,03,전라북도,군산시,대야면,광교리,탑천,9.5,7.3,9.2,3.4,9.3,17.0,5.091,0.118
2015,03,전라북도,김제시,백구면,백구리,김제,10.7,7.5,10.4,4.0,8.1,10.6,5.712,0.115
2015,03,전라북도,김제시,백구면,월봉리,용암천,3.6,7.7,11.3,6.0,10.3,26.4,7.551,0.175
2015,03,전라북도,전주시완산구,서신동,,삼천3,6.8,7.3,12.8,1.1,4.9,11.0,3.054,0.029
2015,03,전라북도,전주시완산구,평화동3가,,삼천1,4.3,7.1,13.2,0.8,3.6,2.3,3.354,0.045
2015,03,전라북도,전주시완산구,효자동2가,,삼천2,7.8,7.7,13.7,1.3,4.7,7.4,3.279,0.032
2015,03,전라북도,완주군,소양면,황운리,소양천1,9.3,7.9,13.1,0.8,1.2,1.3,3.273,0.017
2015,03,전라북도,완주군,용진읍,상운리,소양천2,8.5,7.8,12.2,1.1,2.8,10.4,3.794,0.020
2015,03,전라북도,익산시,춘포면,용연리,익산천3,4.0,7.5,9.4,7.5,10.9,51.5,9.628,1.154
2015,03,전라북도,전주시덕진구,고랑동,,전주천7,14.0,7.2,9.9,4.6,13.0,5.0,10.981,0.097
2015,03,전라북도,전주시덕진구,전미동1가,,전주,9.8,8.0,12.2,1.3,3.9,3.6,2.079,0.055
2015,03,전라북도,전주시완산구,대성동,,전주천1,5.8,6.8,12.7,0.3,0.8,0.9,2.852,0.017
2015,03,전라북도,완주군,고산면,읍내리,고산,5.0,8.0,13.6,2.1,2.6,2.2,2.358,0.011
2015,03,전라북도,무주군,무주읍,대차리,무주남대천2,4.0,8.0,13.1,0.9,2.0,1.4,2.494,0.009
2015,03,전라북도,무주군,무주읍,읍내리,무주남대천1,4.0,8.3,13.7,1.2,2.7,1.8,2.479,0.014
2015,03,전라북도,무주군,무주읍,읍내리,무주남대천3,8.6,7.7,13.9,1.1,3.2,3.2,2.337,0.015
2015,03,전라북도,부안군,상서면,청림리,백천내,9.0,6.7,11.5,0.5,1.4,0.6,1.465,0.003
2015,03,전라북도,무주군,안성면,진도리,구량천,6.3,7.9,13.9,0.7,2.7,1.9,2.652,0.013
2015,03,전라북도,진안군,정천면,월평리,정자천,7.9,7.8,13.8,0.6,2.5,3.0,2.442,0.011
2015,03,전라북도,진안군,진안읍,운산리,진안천,4.0,7.8,13.4,1.1,3.1,1.4,3.913,0.095
2015,03,전라북도,진안군,진안읍,가막리,가막,7.8,8.0,13.8,1.3,4.1,6.5,3.161,0.028
2015,03,전라북도,무주군,무주읍,용포리,용포,5.0,7.8,13.4,0.6,2.5,0.8,1.634,0.013
2015,03,전라북도,진안군,용담면,송풍리,용담,6.1,7.7,13.9,0.6,2.7,1.1,1.662,0.006
2015,03,전라북도,남원시,운봉읍,,람천2,3.0,8.3,15.5,1.9,2.7,2.4,1.886,0.014
2015,03,전라북도,남원시,인월면,중군리,람천1,3.0,7.7,14.3,1.7,3.3,3.0,2.931,0.031
2015,03,전라북도,임실군,관촌면,방수리,관촌,6.8,7.5,12.3,0.9,2.7,2.8,2.214,0.016
2015,03,전라북도,임실군,운암면,학암리,운암,9.0,6.4,12.2,0.9,2.9,3.7,2.136,0.021
2015,03,전라북도,정읍시,산내면,매죽리,추령천,7.5,7.6,12.2,0.8,2.4,1.8,2.539,0.013
2015,03,전라북도,임실군,강진면,용수리,임실,7.9,7.7,12.9,0.8,2.9,2.1,1.760,0.011
2015,03,전라북도,순창군,동계면,구미리,동계,10.0,6.8,12.9,0.8,2.8,1.2,1.808,0.023
2015,03,전라북도,순창군,구림면,안정리,치천,7.6,7.2,12.2,0.8,2.2,1.3,2.089,0.012
2015,03,전라북도,남원시,대강면,풍산리,수홍천,7.6,7.3,12.5,0.9,2.7,3.0,2.989,0.020
2015,03,전라북도,순창군,유등면,유촌리,옥택천,7.9,7.3,12.1,0.8,2.6,3.3,1.956,0.017
2015,03,전라북도,순창군,적성면,고원리,적성,9.8,7.9,12.1,1.4,2.9,2.1,1.915,0.017
2015,03,전라북도,남원시,금지면,귀석리,남원,11.0,8.5,13.6,0.7,3.2,1.8,1.707,0.025
2015,03,전라북도,남원시,대강면,월탄리,대강,9.2,7.5,12.7,1.2,3.4,3.2,1.848,0.023
2015,03,전라북도,장수군,산서면,사상리,오수천1,6.1,7.4,12.9,0.9,2.5,6.2,2.575,0.025
2015,03,전라북도,남원시,덕과면,사율리,율천,8.3,7.4,12.1,1.1,2.8,16.9,1.719,0.055
2015,03,전라북도,남원시,사매면,서도리,월평천,8.0,7.3,13.4,2.6,4.4,7.3,2.725,0.045
2015,03,전라북도,순창군,동계면,서호리,오수천2,8.1,7.4,12.6,1.3,3.6,3.7,2.051,0.025
2015,03,전라북도,임실군,삼계면,후천리,후곡천,7.4,7.8,13.7,1.2,3.2,7.2,1.657,0.022
2015,03,전라북도,남원시,산동면,월석리,요천1,6.4,7.7,13.4,0.9,2.7,3.2,2.152,0.011
2015,03,전라북도,남원시,금지면,창산리,요천2,11.0,8.6,11.3,4.1,4.5,11.3,3.529,0.054
2015,03,전라북도,남원시,송동면,세전리,요천3,9.7,7.7,13.7,2.1,4.1,5.3,3.305,0.042
2015,03,전라북도,고창군,아산면,구암리,주진천1,4.0,5.9,14.2,1.6,4.0,3.4,4.319,0.062
2015,03,전라북도,고창군,아산면,반암리,주진천2,5.0,6.6,14.6,1.0,4.4,4.5,4.275,0.072
2015,04,전라북도,익산시,성당면,부곡리,산북천,15.2,8.7,12.6,8.6,17.8,14.3,5.884,0.178
2015,04,전라북도,익산시,망성면,무형리,마산천,13.2,7.6,10.6,3.1,9.1,21.7,5.321,0.192
2015,04,전라북도,부안군,동진면,하장리,고부천2,12.7,8.0,10.3,2.3,3.4,19.3,2.724,0.017
2015,04,전라북도,부안군,동진면,하장리,고부천3,15.1,8.1,10.8,2.9,8.1,9.6,3.483,0.051
2015,04,전라북도,정읍시,영원면,앵성리,고부천1,13.7,8.0,10.5,2.7,5.6,20.8,3.251,0.070
2015,04,전라북도,김제시,부량면,옥정리,동진강3,13.9,7.7,10.8,2.7,7.8,22.3,3.660,0.114
2015,04,전라북도,정읍시,신태인읍,,동진강2,13.6,7.9,10.8,1.5,3.7,10.5,3.073,0.067
2015,04,전라북도,정읍시,신태인읍,구석리,용호천,14.8,7.8,8.5,1.1,3.6,12.3,3.093,0.056
2015,04,전라북도,정읍시,옹동면,산성리,동진강1,12.2,7.9,11.9,1.4,2.8,1.5,2.510,0.020
2015,04,전라북도,김제시,성덕면,남포리,신평천,15.3,8.8,13.7,9.2,16.6,24.0,11.776,0.190
2015,04,전라북도,김제시,죽산면,대창리,원평천3,14.9,8.2,10.8,3.9,8.6,11.2,3.695,0.060
2015,04,전라북도,김제시,봉남면,용신리,원평천1,16.3,8.1,9.5,2.1,6.1,20.1,2.670,0.121
2015,04,전라북도,김제시,죽산면,죽산리,원평천2,16.1,8.4,10.3,4.2,7.9,22.8,4.260,0.127
2015,04,전라북도,정읍시,공평동,,정읍천3,14.3,7.5,8.8,1.0,4.9,9.0,2.404,0.027
2015,04,전라북도,정읍시,송산동,,정읍천1,12.2,7.8,10.6,0.7,2.9,0.9,1.779,0.010
2015,04,전라북도,정읍시,연지동,,정읍천2,13.5,8.0,10.4,0.8,2.7,16.8,2.176,0.045
2015,04,전라북도,정읍시,이평면,하송리,정읍천4,13.5,7.5,10.8,2.6,7.4,20.5,3.300,0.090
2015,04,전라북도,정읍시,하모동,,천원천,14.6,7.9,9.7,1.1,3.4,17.5,2.601,0.033
2015,04,전라북도,김제시,백구면,마산리,마산천,13.9,8.1,9.8,6.6,11.0,47.5,3.574,0.090
2015,04,전라북도,완주군,삼례읍,,삼례,13.6,7.9,10.3,2.8,4.4,7.8,3.197,0.074
2015,04,전라북도,익산시,춘포면,인수리,익산천1,12.9,7.6,11.2,3.1,9.3,24.3,2.803,0.194
2015,04,전라북도,익산시,춘포면,인수리,익산천2,13.3,7.7,9.9,10.9,7.7,29.2,7.452,0.898
2015,04,전라북도,군산시,대야면,광교리,탑천,15.2,7.9,10.2,3.9,9.8,14.3,3.894,0.076
2015,04,전라북도,김제시,백구면,백구리,김제,15.7,7.6,9.3,3.0,7.4,11.1,4.135,0.094
2015,04,전라북도,김제시,백구면,월봉리,용암천,14.2,8.1,16.4,7.1,11.5,50.0,6.812,0.154
2015,04,전라북도,전주시완산구,서신동,,삼천3,12.9,8.0,11.4,1.6,4.6,15.4,2.167,0.051
2015,04,전라북도,전주시완산구,평화동3가,,삼천1,11.7,7.7,12.1,1.2,3.5,2.9,1.866,0.028
2015,04,전라북도,전주시완산구,효자동2가,,삼천2,13.1,8.3,12.0,1.5,3.8,17.3,2.129,0.039
2015,04,전라북도,완주군,소양면,황운리,소양천1,13.6,7.8,11.1,0.8,2.1,2.5,3.723,0.044
2015,04,전라북도,완주군,용진읍,상운리,소양천2,13.7,7.7,10.6,1.2,3.3,4.5,3.413,0.041
2015,04,전라북도,익산시,춘포면,용연리,익산천3,12.9,7.7,8.4,13.3,12.6,21.6,9.242,1.127
2015,04,전라북도,전주시덕진구,고랑동,,전주천7,16.2,7.5,8.9,3.9,10.0,7.8,6.987,0.120
2015,04,전라북도,전주시덕진구,전미동1가,,전주,14.0,7.9,10.8,1.0,3.9,3.7,2.191,0.053
2015,04,전라북도,전주시완산구,대성동,,전주천1,12.1,7.8,10.1,0.5,1.1,0.9,3.088,0.013
2015,04,전라북도,완주군,고산면,읍내리,고산,9.7,8.6,13.5,1.1,2.6,2.6,2.598,0.018
2015,04,전라북도,무주군,무주읍,대차리,무주남대천2,11.4,7.1,11.9,1.2,2.5,2.3,2.050,0.020
2015,04,전라북도,무주군,무주읍,읍내리,무주남대천1,12.1,6.7,11.8,1.1,2.3,0.9,2.010,0.013
2015,04,전라북도,무주군,무주읍,읍내리,무주남대천3,12.6,7.7,11.5,0.9,2.7,1.8,1.814,0.017
2015,04,전라북도,부안군,상서면,청림리,백천내,13.0,6.6,10.2,0.5,1.5,0.6,1.607,0.005
2015,04,전라북도,무주군,안성면,진도리,구량천,10.5,7.7,11.9,0.9,3.1,4.3,2.235,0.023
2015,04,전라북도,진안군,정천면,월평리,정자천,11.7,7.8,10.8,0.8,2.2,3.3,2.147,0.012
2015,04,전라북도,진안군,진안읍,운산리,진안천,13.0,7.7,10.5,1.9,2.1,5.4,2.790,0.084
2015,04,전라북도,진안군,진안읍,가막리,가막,12.3,7.8,11.4,1.2,4.0,8.3,2.945,0.042
2015,04,전라북도,무주군,무주읍,용포리,용포,10.7,6.6,12.3,1.4,3.0,1.1,1.752,0.011
2015,04,전라북도,진안군,용담면,송풍리,용담,10.1,7.5,11.7,0.6,2.9,1.8,1.650,0.009
2015,04,전라북도,남원시,운봉읍,,람천2,12.9,7.8,9.9,1.1,2.3,3.2,1.496,0.028
2015,04,전라북도,남원시,인월면,중군리,람천1,13.2,7.6,11.0,1.8,3.6,8.4,2.692,0.055
2015,04,전라북도,임실군,관촌면,방수리,관촌,12.7,7.2,10.7,1.0,3.0,5.2,2.188,0.026
2015,04,전라북도,임실군,운암면,학암리,운암,15.6,8.1,10.1,1.8,3.0,9.1,1.992,0.039
2015,04,전라북도,정읍시,산내면,매죽리,추령천,14.1,7.7,11.7,1.1,2.9,3.3,2.503,0.022
2015,04,전라북도,임실군,강진면,용수리,임실,12.8,7.5,11.6,0.9,3.1,2.6,1.767,0.014
2015,04,전라북도,순창군,동계면,구미리,동계,17.2,8.2,10.6,1.8,2.5,3.1,1.923,0.047
2015,04,전라북도,순창군,구림면,안정리,치천,11.6,7.6,11.2,0.9,2.4,2.2,2.212,0.016
2015,04,전라북도,남원시,대강면,풍산리,수홍천,12.6,7.6,11.7,1.3,3.1,4.3,2.492,0.036
2015,04,전라북도,순창군,유등면,유촌리,옥택천,13.0,8.0,10.7,1.5,3.4,10.2,2.059,0.060
2015,04,전라북도,순창군,적성면,고원리,적성,14.8,7.6,10.3,1.9,3.5,5.2,1.975,0.044
2015,04,전라북도,남원시,금지면,귀석리,남원,14.5,6.9,10.3,1.8,3.7,4.6,1.868,0.033
2015,04,전라북도,남원시,대강면,월탄리,대강,15.1,7.9,12.9,1.6,4.1,7.8,1.868,0.043
2015,04,전라북도,장수군,산서면,사상리,오수천1,11.0,7.3,11.5,1.5,3.4,11.7,2.567,0.041
2015,04,전라북도,남원시,덕과면,사율리,율천,14.0,7.2,10.8,1.5,3.3,7.6,1.422,0.058
2015,04,전라북도,남원시,사매면,서도리,월평천,14.2,7.1,11.7,2.0,4.8,8.8,2.436,0.064
2015,04,전라북도,순창군,동계면,서호리,오수천2,14.4,7.6,11.2,1.6,3.8,8.5,1.776,0.040
2015,04,전라북도,임실군,삼계면,후천리,후곡천,14.3,7.9,12.2,1.4,3.9,20.1,1.607,0.062
2015,04,전라북도,남원시,산동면,월석리,요천1,11.7,7.6,11.2,0.9,2.6,3.4,2.192,0.014
2015,04,전라북도,남원시,금지면,창산리,요천2,12.6,7.2,10.7,2.7,3.7,4.7,2.795,0.064
2015,04,전라북도,남원시,송동면,세전리,요천3,14.6,7.8,11.7,2.4,4.5,8.5,2.770,0.056
2015,04,전라북도,고창군,아산면,구암리,주진천1,16.8,7.7,10.9,3.0,5.3,7.2,3.227,0.167
2015,04,전라북도,고창군,아산면,반암리,주진천2,16.9,7.7,10.2,3.3,5.5,10.6,3.175,0.166
2015,05,전라북도,익산시,성당면,부곡리,산북천,22.1,8.4,10.3,6.3,10.8,16.9,3.545,0.072
2015,05,전라북도,익산시,망성면,무형리,마산천,20.1,7.5,7.7,6.6,12.6,43.7,3.277,0.256
2015,05,전라북도,부안군,동진면,하장리,고부천2,21.0,7.9,10.4,5.2,8.2,19.0,3.940,0.108
2015,05,전라북도,부안군,동진면,하장리,고부천3,20.6,7.6,8.5,3.1,9.8,14.4,3.014,0.060
2015,05,전라북도,정읍시,영원면,앵성리,고부천1,21.2,7.2,8.4,5.0,11.4,44.0,5.179,0.215
2015,05,전라북도,김제시,부량면,옥정리,동진강3,19.1,7.5,8.8,3.6,8.1,18.6,2.748,0.081
2015,05,전라북도,정읍시,신태인읍,,동진강2,18.1,8.2,9.3,2.1,4.9,23.6,2.439,0.064
2015,05,전라북도,정읍시,신태인읍,구석리,용호천,21.3,7.6,9.1,1.8,6.5,18.0,2.223,0.090
2015,05,전라북도,정읍시,옹동면,산성리,동진강1,16.7,8.7,10.1,1.0,2.9,3.7,1.998,0.018
2015,05,전라북도,김제시,성덕면,남포리,신평천,19.7,7.9,8.4,4.9,9.1,27.1,3.118,0.119
2015,05,전라북도,김제시,죽산면,대창리,원평천3,20.0,8.3,10.2,3.3,7.5,12.6,1.964,0.043
2015,05,전라북도,김제시,봉남면,용신리,원평천1,20.0,8.1,9.9,2.8,7.1,19.7,1.942,0.098
2015,05,전라북도,김제시,죽산면,죽산리,원평천2,19.7,8.6,9.4,6.0,8.0,19.2,2.476,0.094
2015,05,전라북도,정읍시,공평동,,정읍천3,19.9,7.6,9.7,1.5,3.7,7.0,2.190,0.040
2015,05,전라북도,정읍시,송산동,,정읍천1,17.8,7.5,10.6,0.9,2.2,1.4,1.433,0.021
2015,05,전라북도,정읍시,연지동,,정읍천2,19.4,7.8,10.7,1.5,3.0,13.4,1.650,0.021
2015,05,전라북도,정읍시,이평면,하송리,정읍천4,18.7,7.5,9.1,3.1,8.4,19.9,2.942,0.088
2015,05,전라북도,정읍시,하모동,,천원천,19.3,7.7,10.1,1.7,2.8,16.6,2.547,0.052
2015,05,전라북도,김제시,백구면,마산리,마산천,20.1,8.2,10.1,7.5,13.8,25.5,3.748,0.110
2015,05,전라북도,완주군,삼례읍,,삼례,18.4,7.5,10.8,2.2,6.3,7.9,4.682,0.093
2015,05,전라북도,익산시,춘포면,인수리,익산천1,18.4,8.0,12.1,3.1,7.6,31.5,2.329,0.193
2015,05,전라북도,익산시,춘포면,인수리,익산천2,18.5,7.8,10.3,5.9,11.3,25.6,6.048,0.860
2015,05,전라북도,군산시,대야면,광교리,탑천,21.2,7.4,8.0,5.6,10.4,17.3,3.622,0.065
2015,05,전라북도,김제시,백구면,백구리,김제,20.7,8.0,10.8,5.0,9.9,11.9,3.651,0.080
2015,05,전라북도,김제시,백구면,월봉리,용암천,18.2,8.1,8.4,9.8,21.0,29.5,4.565,0.115
2015,05,전라북도,전주시완산구,서신동,,삼천3,19.9,7.8,11.4,1.7,3.7,22.6,1.982,0.042
2015,05,전라북도,전주시완산구,평화동3가,,삼천1,17.3,7.4,10.9,1.8,2.9,9.3,1.917,0.023
2015,05,전라북도,전주시완산구,효자동2가,,삼천2,20.1,8.2,11.5,2.1,3.8,21.0,1.983,0.038
2015,05,전라북도,완주군,소양면,황운리,소양천1,15.6,7.9,11.1,0.9,1.5,4.1,2.352,0.016
2015,05,전라북도,완주군,용진읍,상운리,소양천2,17.8,7.5,9.5,1.1,2.7,8.2,2.569,0.020
2015,05,전라북도,익산시,춘포면,용연리,익산천3,18.6,7.6,9.8,3.0,6.0,14.8,2.748,0.223
2015,05,전라북도,전주시덕진구,고랑동,,전주천7,21.5,7.0,9.4,4.0,12.9,3.9,10.827,0.082
2015,05,전라북도,전주시덕진구,전미동1가,,전주,21.3,8.1,10.5,1.9,4.7,6.0,1.442,0.052
2015,05,전라북도,전주시완산구,대성동,,전주천1,16.5,7.9,12.3,0.7,1.4,1.5,2.003,0.012
2015,05,전라북도,완주군,고산면,읍내리,고산,13.2,7.9,12.9,0.7,2.7,2.3,2.020,0.012
2015,05,전라북도,무주군,무주읍,대차리,무주남대천2,18.1,8.1,10.7,0.7,3.0,4.6,1.932,0.031
2015,05,전라북도,무주군,무주읍,읍내리,무주남대천1,19.7,8.7,11.1,1.4,2.7,3.4,2.044,0.028
2015,05,전라북도,무주군,무주읍,읍내리,무주남대천3,20.6,8.4,11.5,1.3,3.7,2.6,1.545,0.026
2015,05,전라북도,부안군,상서면,청림리,백천내,15.0,6.5,9.8,0.5,1.3,0.6,2.109,0.006
2015,05,전라북도,무주군,안성면,진도리,구량천,15.2,7.8,10.8,1.6,4.7,13.1,2.476,0.053
2015,05,전라북도,진안군,정천면,월평리,정자천,17.4,7.6,9.6,0.8,3.3,5.2,2.017,0.022
2015,05,전라북도,진안군,진안읍,운산리,진안천,15.0,7.8,10.0,1.8,2.6,12.0,2.337,0.055
2015,05,전라북도,진안군,진안읍,가막리,가막,18.1,7.9,10.5,2.2,5.4,15.2,3.169,0.063
2015,05,전라북도,무주군,무주읍,용포리,용포,17.3,8.4,11.1,1.2,2.7,1.9,1.782,0.010
2015,05,전라북도,진안군,용담면,송풍리,용담,15.7,7.2,10.7,0.6,2.9,1.5,1.633,0.024
2015,05,전라북도,남원시,운봉읍,,람천2,18.0,8.1,10.1,0.8,3.1,8.6,1.562,0.047
2015,05,전라북도,남원시,인월면,중군리,람천1,20.1,7.7,9.4,2.3,6.5,34.3,3.163,0.091
2015,05,전라북도,임실군,관촌면,방수리,관촌,20.9,7.4,10.2,1.8,4.0,13.8,1.875,0.054
2015,05,전라북도,임실군,운암면,학암리,운암,20.2,8.5,11.5,2.6,5.1,15.2,1.390,0.043
2015,05,전라북도,정읍시,산내면,매죽리,추령천,20.0,7.6,10.9,1.0,2.8,6.4,2.785,0.035
2015,05,전라북도,임실군,강진면,용수리,임실,20.5,7.9,11.4,1.2,3.0,2.7,1.333,0.017
2015,05,전라북도,순창군,동계면,구미리,동계,20.2,7.9,9.4,1.0,4.0,5.6,2.020,0.034
2015,05,전라북도,순창군,구림면,안정리,치천,17.9,7.4,9.8,1.3,3.7,6.7,2.449,0.037
2015,05,전라북도,남원시,대강면,풍산리,수홍천,16.9,7.0,8.5,2.2,4.8,4.5,2.261,0.050
2015,05,전라북도,순창군,유등면,유촌리,옥택천,18.3,7.1,9.4,1.5,5.0,15.1,1.680,0.063
2015,05,전라북도,순창군,적성면,고원리,적성,22.4,7.7,10.0,1.9,5.3,7.6,1.622,0.057
2015,05,전라북도,남원시,금지면,귀석리,남원,20.8,8.0,9.6,1.9,5.3,11.2,1.366,0.058
2015,05,전라북도,남원시,대강면,월탄리,대강,22.8,7.9,11.1,2.9,6.3,13.3,1.665,0.070
2015,05,전라북도,장수군,산서면,사상리,오수천1,18.8,7.1,8.8,2.3,5.8,19.2,1.481,0.060
2015,05,전라북도,남원시,덕과면,사율리,율천,21.0,7.3,8.5,1.4,3.8,7.6,0.809,0.041
2015,05,전라북도,남원시,사매면,서도리,월평천,20.4,6.9,8.6,3.1,6.6,33.9,2.403,0.146
2015,05,전라북도,순창군,동계면,서호리,오수천2,22.8,7.9,11.3,3.1,6.2,14.0,1.420,0.073
2015,05,전라북도,임실군,삼계면,후천리,후곡천,21.9,7.4,7.9,2.3,6.2,15.0,1.839,0.086
2015,05,전라북도,남원시,산동면,월석리,요천1,17.3,7.8,10.5,0.9,2.5,3.3,1.937,0.025
2015,05,전라북도,남원시,금지면,창산리,요천2,21.6,7.9,8.7,2.1,4.6,8.9,2.203,0.079
2015,05,전라북도,남원시,송동면,세전리,요천3,22.4,8.1,11.0,2.4,5.6,20.5,1.961,0.105
2015,05,전라북도,고창군,아산면,구암리,주진천1,22.4,7.8,9.0,5.1,8.6,9.0,4.910,0.208
2015,05,전라북도,고창군,아산면,반암리,주진천2,22.8,7.8,9.8,3.5,8.3,14.8,4.260,0.116
2015,06,전라북도,익산시,성당면,부곡리,산북천,24.7,7.9,8.9,5.3,14.6,15.4,2.842,0.062
2015,06,전라북도,익산시,망성면,무형리,마산천,25.8,8.0,7.5,5.0,15.2,20.7,2.554,0.177
2015,06,전라북도,부안군,동진면,하장리,고부천2,25.2,7.8,7.9,6.8,8.1,21.5,2.741,0.086
2015,06,전라북도,부안군,동진면,하장리,고부천3,23.9,7.6,7.8,4.2,12.0,10.0,2.798,0.052
2015,06,전라북도,정읍시,영원면,앵성리,고부천1,25.5,8.0,10.3,7.7,11.3,34.7,2.434,0.083
2015,06,전라북도,김제시,부량면,옥정리,동진강3,22.9,7.3,6.8,4.3,10.6,14.2,2.706,0.076
2015,06,전라북도,정읍시,신태인읍,,동진강2,21.8,7.5,8.4,3.3,8.4,17.6,3.385,0.114
2015,06,전라북도,정읍시,신태인읍,구석리,용호천,22.1,7.4,7.4,2.7,8.1,15.8,1.841,0.113
2015,06,전라북도,정읍시,옹동면,산성리,동진강1,21.5,7.9,9.4,1.0,3.1,5.0,2.108,0.027
2015,06,전라북도,김제시,성덕면,남포리,신평천,22.4,7.6,8.7,4.2,7.8,16.0,2.906,0.075
2015,06,전라북도,김제시,죽산면,대창리,원평천3,23.1,7.4,6.5,3.3,10.5,13.6,2.909,0.065
2015,06,전라북도,김제시,봉남면,용신리,원평천1,24.1,7.6,9.1,4.3,11.9,26.8,2.905,0.118
2015,06,전라북도,김제시,죽산면,죽산리,원평천2,22.5,7.8,9.1,2.8,5.8,17.7,2.004,0.058
2015,06,전라북도,정읍시,공평동,,정읍천3,21.3,7.9,8.6,2.6,6.0,8.0,1.858,0.070
2015,06,전라북도,정읍시,송산동,,정읍천1,19.4,7.9,12.1,1.8,3.0,1.8,1.154,0.047
2015,06,전라북도,정읍시,연지동,,정읍천2,21.1,8.0,12.3,2.1,3.0,4.2,1.498,0.048
2015,06,전라북도,정읍시,이평면,하송리,정읍천4,21.9,7.2,7.2,3.0,9.2,10.5,2.853,0.084
2015,06,전라북도,정읍시,하모동,,천원천,22.7,7.7,8.2,3.2,7.4,11.0,3.136,0.106
2015,06,전라북도,김제시,백구면,마산리,마산천,26.1,8.4,12.8,8.1,7.8,10.3,4.032,0.102
2015,06,전라북도,완주군,삼례읍,,삼례,25.8,7.6,9.6,3.6,8.8,10.7,7.623,0.104
2015,06,전라북도,익산시,춘포면,인수리,익산천1,25.0,7.8,10.7,2.9,9.0,31.9,2.776,0.165
2015,06,전라북도,익산시,춘포면,인수리,익산천2,25.4,7.5,6.6,7.8,15.0,30.2,9.624,1.227
2015,06,전라북도,군산시,대야면,광교리,탑천,24.4,7.4,6.9,5.3,12.7,18.7,3.238,0.068
2015,06,전라북도,김제시,백구면,백구리,김제,24.7,7.7,8.7,4.6,11.4,12.6,4.361,0.085
2015,06,전라북도,김제시,백구면,월봉리,용암천,24.2,7.6,8.6,7.9,13.5,18.0,2.442,0.077
2015,06,전라북도,전주시완산구,서신동,,삼천3,23.3,7.8,10.4,2.7,4.0,19.0,1.868,0.110
2015,06,전라북도,전주시완산구,평화동3가,,삼천1,20.7,7.4,10.5,2.0,3.1,10.0,1.760,0.119
2015,06,전라북도,전주시완산구,효자동2가,,삼천2,23.7,7.7,11.0,2.4,3.6,13.2,1.985,0.126
2015,06,전라북도,완주군,소양면,황운리,소양천1,19.3,7.6,10.0,0.6,1.1,1.7,1.984,0.041
2015,06,전라북도,완주군,용진읍,상운리,소양천2,23.9,7.4,7.1,1.7,6.0,8.8,0.637,0.017
2015,06,전라북도,익산시,춘포면,용연리,익산천3,24.5,7.4,6.9,3.1,8.8,19.8,4.902,0.385
2015,06,전라북도,전주시덕진구,고랑동,,전주천7,24.4,7.1,7.4,4.9,12.9,5.8,8.703,0.103
2015,06,전라북도,전주시덕진구,전미동1가,,전주,24.6,8.1,9.1,3.8,8.4,9.7,1.288,0.102
2015,06,전라북도,전주시완산구,대성동,,전주천1,20.3,7.5,11.4,1.1,1.8,1.4,1.561,0.026
2015,06,전라북도,완주군,고산면,읍내리,고산,18.2,7.7,10.7,0.6,2.4,2.6,2.232,0.017
2015,06,전라북도,무주군,무주읍,대차리,무주남대천2,24.8,8.1,9.7,0.9,3.6,2.6,1.821,0.009
2015,06,전라북도,무주군,무주읍,읍내리,무주남대천1,26.0,7.8,11.1,1.1,3.8,3.4,1.585,0.021
2015,06,전라북도,무주군,무주읍,읍내리,무주남대천3,23.7,8.5,11.9,1.3,3.3,1.9,1.383,0.027
2015,06,전라북도,부안군,상서면,청림리,백천내,19.0,6.6,8.7,0.6,1.8,1.1,1.067,0.004
2015,06,전라북도,무주군,안성면,진도리,구량천,18.7,7.9,10.5,1.0,3.4,4.2,2.038,0.031
2015,06,전라북도,진안군,정천면,월평리,정자천,21.5,7.8,9.5,0.9,3.1,4.1,2.156,0.019
2015,06,전라북도,진안군,진안읍,운산리,진안천,25.0,7.7,9.5,1.7,2.5,8.8,3.143,0.056
2015,06,전라북도,진안군,진안읍,가막리,가막,22.5,7.9,9.8,1.3,5.5,6.5,2.743,0.056
2015,06,전라북도,무주군,무주읍,용포리,용포,19.8,6.6,10.4,0.8,2.2,1.3,1.587,0.042
2015,06,전라북도,진안군,용담면,송풍리,용담,17.4,7.4,11.6,0.7,2.9,1.5,1.737,0.011
2015,06,전라북도,남원시,운봉읍,,람천2,18.0,8.1,10.1,1.4,4.9,6.0,1.802,0.051
2015,06,전라북도,남원시,인월면,중군리,람천1,20.1,7.7,9.4,1.6,6.4,10.0,2.045,0.069
2015,06,전라북도,임실군,관촌면,방수리,관촌,21.9,7.2,8.6,1.9,4.4,11.8,1.469,0.042
2015,06,전라북도,임실군,운암면,학암리,운암,27.7,8.5,10.1,1.8,6.4,24.0,0.846,0.066
2015,06,전라북도,정읍시,산내면,매죽리,추령천,22.0,7.3,8.8,1.6,3.7,7.6,1.839,0.037
2015,06,전라북도,임실군,강진면,용수리,임실,23.4,7.4,8.8,1.9,3.7,4.4,1.023,0.020
2015,06,전라북도,순창군,동계면,구미리,동계,26.5,8.5,9.1,0.8,5.2,3.5,1.246,0.023
2015,06,전라북도,순창군,구림면,안정리,치천,20.7,7.5,8.7,1.4,5.4,9.3,2.276,0.052
2015,06,전라북도,남원시,대강면,풍산리,수홍천,20.1,7.2,7.4,2.5,7.0,5.5,2.176,0.059
2015,06,전라북도,순창군,유등면,유촌리,옥택천,20.5,7.1,7.5,1.5,5.7,16.0,1.295,0.066
2015,06,전라북도,순창군,적성면,고원리,적성,24.9,7.6,8.1,1.6,6.8,6.3,1.851,0.052
2015,06,전라북도,남원시,금지면,귀석리,남원,24.5,7.9,8.1,0.8,6.9,10.0,1.573,0.049
2015,06,전라북도,남원시,대강면,월탄리,대강,23.5,7.3,7.6,2.4,7.0,19.1,1.511,0.084
2015,06,전라북도,장수군,산서면,사상리,오수천1,20.0,6.9,9.1,3.3,7.5,18.6,2.739,0.096
2015,06,전라북도,남원시,덕과면,사율리,율천,21.9,7.0,9.4,2.3,7.8,16.8,1.788,0.104
2015,06,전라북도,남원시,사매면,서도리,월평천,20.5,6.9,9.9,3.0,8.1,13.4,1.980,0.082
2015,06,전라북도,순창군,동계면,서호리,오수천2,24.2,7.5,8.5,2.7,8.6,29.0,1.805,0.125
2015,06,전라북도,임실군,삼계면,후천리,후곡천,22.7,7.3,10.3,3.1,8.0,16.2,2.025,0.082
2015,06,전라북도,남원시,산동면,월석리,요천1,19.2,7.6,10.4,1.4,3.2,11.8,1.664,0.039
2015,06,전라북도,남원시,금지면,창산리,요천2,24.0,7.9,8.9,1.4,6.1,8.2,3.393,0.072
2015,06,전라북도,남원시,송동면,세전리,요천3,23.5,7.6,9.5,2.2,6.2,9.3,2.048,0.094
2015,06,전라북도,고창군,아산면,구암리,주진천1,25.2,7.7,8.6,6.2,12.2,29.1,3.875,0.172
2015,06,전라북도,고창군,아산면,반암리,주진천2,25.8,7.6,7.8,6.4,12.5,67.9,4.325,0.209
2015,07,전라북도,익산시,성당면,부곡리,산북천,26.9,8.1,8.8,4.8,12.3,24.2,2.145,0.073
2015,07,전라북도,익산시,망성면,무형리,마산천,30.8,8.3,7.3,4.3,12.6,19.7,3.202,0.263
2015,07,전라북도,부안군,동진면,하장리,고부천2,25.1,8.0,12.3,6.5,9.8,14.3,2.772,0.065
2015,07,전라북도,부안군,동진면,하장리,고부천3,26.6,7.7,6.5,3.1,9.3,11.6,2.019,0.064
2015,07,전라북도,정읍시,영원면,앵성리,고부천1,25.5,7.7,8.7,5.4,9.5,25.3,2.201,0.075
2015,07,전라북도,김제시,부량면,옥정리,동진강3,26.3,7.7,8.2,3.4,8.7,32.6,2.541,0.116
2015,07,전라북도,정읍시,신태인읍,,동진강2,28.4,7.7,7.7,2.5,5.8,8.4,2.334,0.116
2015,07,전라북도,정읍시,신태인읍,구석리,용호천,23.8,7.5,6.5,2.6,8.0,16.0,2.360,0.120
2015,07,전라북도,정읍시,옹동면,산성리,동진강1,24.2,8.0,8.6,2.5,4.1,6.5,1.483,0.030
2015,07,전라북도,김제시,성덕면,남포리,신평천,29.1,7.7,7.5,2.9,6.0,9.0,1.836,0.068
2015,07,전라북도,김제시,죽산면,대창리,원평천3,27.0,7.8,7.3,3.4,9.5,16.4,1.892,0.078
2015,07,전라북도,김제시,봉남면,용신리,원평천1,29.6,8.3,10.4,3.9,8.7,14.8,2.927,0.143
2015,07,전라북도,김제시,죽산면,죽산리,원평천2,28.9,8.0,8.0,2.7,7.9,11.8,2.579,0.085
2015,07,전라북도,정읍시,공평동,,정읍천3,23.2,7.8,8.7,2.1,6.4,8.5,2.271,0.070
2015,07,전라북도,정읍시,송산동,,정읍천1,22.7,7.9,9.1,0.9,3.2,1.6,0.931,0.029
2015,07,전라북도,정읍시,연지동,,정읍천2,23.2,8.1,11.2,1.3,3.2,3.9,2.420,0.051
2015,07,전라북도,정읍시,이평면,하송리,정읍천4,25.7,7.4,7.9,2.6,7.2,14.0,2.951,0.103
2015,07,전라북도,정읍시,하모동,,천원천,23.1,7.7,8.5,2.4,7.1,10.5,2.453,0.082
2015,07,전라북도,김제시,백구면,마산리,마산천,27.2,8.5,12.7,6.8,13.9,26.7,3.946,0.182
2015,07,전라북도,완주군,삼례읍,,삼례,27.2,8.2,11.9,6.0,10.3,14.8,5.551,0.113
2015,07,전라북도,익산시,춘포면,인수리,익산천1,28.1,8.6,8.5,7.9,18.4,27.6,4.651,0.358
2015,07,전라북도,익산시,춘포면,인수리,익산천2,28.2,8.4,7.8,23.5,29.9,24.6,18.822,1.826
2015,07,전라북도,군산시,대야면,광교리,탑천,27.0,7.5,5.6,3.7,10.2,12.9,2.348,0.077
2015,07,전라북도,김제시,백구면,백구리,김제,27.6,7.9,9.8,4.8,10.1,14.3,3.367,0.102
2015,07,전라북도,김제시,백구면,월봉리,용암천,27.5,9.0,17.2,8.0,14.7,21.0,2.078,0.134
2015,07,전라북도,전주시완산구,서신동,,삼천3,24.5,7.6,9.1,2.1,5.8,26.0,1.691,0.075
2015,07,전라북도,전주시완산구,평화동3가,,삼천1,23.4,7.5,10.4,1.3,4.7,12.2,1.785,0.068
2015,07,전라북도,전주시완산구,효자동2가,,삼천2,24.8,7.7,10.2,1.6,5.5,22.2,1.662,0.079
2015,07,전라북도,완주군,소양면,황운리,소양천1,22.5,7.7,9.7,1.3,2.7,2.3,1.917,0.019
2015,07,전라북도,완주군,용진읍,상운리,소양천2,24.9,7.7,10.8,2.4,4.8,9.2,2.794,0.062
2015,07,전라북도,익산시,춘포면,용연리,익산천3,28.6,8.5,8.6,8.3,17.4,25.3,5.965,0.502
2015,07,전라북도,전주시덕진구,고랑동,,전주천7,26.3,7.1,5.9,4.4,11.3,5.2,6.630,0.172
2015,07,전라북도,전주시덕진구,전미동1가,,전주,26.9,7.7,8.5,1.3,4.5,3.8,1.596,0.053
2015,07,전라북도,전주시완산구,대성동,,전주천1,20.4,7.7,12.3,0.5,1.5,1.3,3.112,0.014
2015,07,전라북도,완주군,고산면,읍내리,고산,23.1,8.0,9.8,0.7,2.7,3.3,1.862,0.023
2015,07,전라북도,무주군,무주읍,대차리,무주남대천2,20.1,7.1,9.8,1.4,2.7,4.7,2.121,0.017
2015,07,전라북도,무주군,무주읍,읍내리,무주남대천1,20.4,7.2,9.6,1.3,2.7,5.4,2.049,0.015
2015,07,전라북도,무주군,무주읍,읍내리,무주남대천3,24.1,8.0,9.3,0.9,4.0,3.9,1.565,0.027
2015,07,전라북도,부안군,상서면,청림리,백천내,23.0,6.6,9.3,0.6,1.8,0.4,1.792,0.006
2015,07,전라북도,무주군,안성면,진도리,구량천,20.7,8.0,9.5,0.8,4.0,5.0,1.811,0.029
2015,07,전라북도,진안군,정천면,월평리,정자천,23.0,7.8,8.7,0.8,2.9,4.6,2.262,0.019
2015,07,전라북도,진안군,진안읍,운산리,진안천,23.0,7.5,9.5,1.6,2.6,2.6,2.470,0.076
2015,07,전라북도,진안군,진안읍,가막리,가막,23.6,8.0,9.0,1.0,5.1,9.6,2.699,0.061
2015,07,전라북도,무주군,무주읍,용포리,용포,21.9,7.6,9.7,1.1,2.1,2.8,1.479,0.008
2015,07,전라북도,진안군,용담면,송풍리,용담,19.2,7.4,9.6,0.7,3.0,1.5,1.576,0.013
2015,07,전라북도,남원시,운봉읍,,람천2,19.7,7.3,9.5,1.3,2.6,2.6,1.134,0.019
2015,07,전라북도,남원시,인월면,중군리,람천1,22.6,6.9,8.9,1.4,3.6,8.5,2.237,0.050
2015,07,전라북도,임실군,관촌면,방수리,관촌,23.7,7.1,8.2,0.9,4.1,15.3,2.102,0.062
2015,07,전라북도,임실군,운암면,학암리,운암,28.1,7.9,8.4,2.4,4.7,10.5,1.568,0.035
2015,07,전라북도,정읍시,산내면,매죽리,추령천,25.0,7.5,9.5,0.8,3.0,5.4,2.399,0.023
2015,07,전라북도,임실군,강진면,용수리,임실,25.3,7.4,8.5,0.8,3.4,1.7,1.396,0.015
2015,07,전라북도,순창군,동계면,구미리,동계,29.1,8.3,8.3,1.1,3.1,1.9,0.992,0.027
2015,07,전라북도,순창군,구림면,안정리,치천,22.6,7.3,8.4,0.7,3.1,4.4,1.874,0.023
2015,07,전라북도,남원시,대강면,풍산리,수홍천,21.7,7.1,7.3,0.9,4.4,5.3,2.087,0.047
2015,07,전라북도,순창군,유등면,유촌리,옥택천,23.3,7.3,7.6,0.9,4.4,31.2,1.471,0.081
2015,07,전라북도,순창군,적성면,고원리,적성,26.5,7.9,8.6,1.8,5.1,7.3,1.398,0.051
2015,07,전라북도,남원시,금지면,귀석리,남원,26.3,7.6,8.5,0.9,4.6,7.9,1.585,0.055
2015,07,전라북도,남원시,대강면,월탄리,대강,25.9,7.4,8.7,1.3,5.4,16.2,1.455,0.090
2015,07,전라북도,장수군,산서면,사상리,오수천1,22.5,7.3,7.7,1.5,4.2,12.5,2.397,0.077
2015,07,전라북도,남원시,덕과면,사율리,율천,24.9,7.1,7.7,1.3,5.2,9.3,1.396,0.077
2015,07,전라북도,남원시,사매면,서도리,월평천,23.5,7.2,7.9,1.6,6.2,8.7,1.441,0.093
2015,07,전라북도,순창군,동계면,서호리,오수천2,25.9,7.5,8.2,1.3,5.3,9.9,1.550,0.090
2015,07,전라북도,임실군,삼계면,후천리,후곡천,25.0,7.4,8.3,1.2,5.6,9.3,1.671,0.103
2015,07,전라북도,남원시,산동면,월석리,요천1,21.2,7.4,9.9,0.7,3.0,7.5,1.817,0.033
2015,07,전라북도,남원시,금지면,창산리,요천2,24.7,7.4,7.9,1.2,4.3,11.9,2.315,0.092
2015,07,전라북도,남원시,송동면,세전리,요천3,25.8,7.8,9.9,1.3,5.0,13.9,1.770,0.105
2015,07,전라북도,고창군,아산면,구암리,주진천1,25.9,8.6,9.8,4.5,7.5,17.3,2.085,0.132
2015,07,전라북도,고창군,아산면,반암리,주진천2,26.1,8.0,8.5,3.2,8.1,82.1,2.179,0.197
2015,08,전라북도,익산시,성당면,부곡리,산북천,27.3,7.4,6.9,3.1,9.9,15.9,1.556,0.069
2015,08,전라북도,익산시,망성면,무형리,마산천,27.3,8.0,7.6,3.0,9.6,17.8,2.503,0.280
2015,08,전라북도,부안군,동진면,하장리,고부천2,30.6,7.8,7.5,4.0,7.4,20.3,2.131,0.051
2015,08,전라북도,부안군,동진면,하장리,고부천3,27.0,7.3,6.6,2.3,7.7,10.0,1.239,0.065
2015,08,전라북도,정읍시,영원면,앵성리,고부천1,29.2,8.0,6.4,3.9,6.9,37.0,1.505,0.056
2015,08,전라북도,김제시,부량면,옥정리,동진강3,26.6,7.5,8.4,2.2,7.3,12.2,1.664,0.067
2015,08,전라북도,정읍시,신태인읍,,동진강2,30.1,7.1,7.8,1.7,5.8,10.8,1.618,0.083
2015,08,전라북도,정읍시,신태인읍,구석리,용호천,29.3,7.8,7.3,1.9,5.4,12.5,1.198,0.043
2015,08,전라북도,정읍시,옹동면,산성리,동진강1,26.2,7.1,8.5,1.9,4.6,6.6,1.270,0.013
2015,08,전라북도,김제시,성덕면,남포리,신평천,31.4,7.8,8.4,3.2,5.4,8.4,0.957,0.036
2015,08,전라북도,김제시,죽산면,대창리,원평천3,26.4,7.5,7.5,2.6,7.1,10.8,1.122,0.052
2015,08,전라북도,김제시,봉남면,용신리,원평천1,34.6,9.2,12.0,4.5,12.5,33.3,0.958,0.130
2015,08,전라북도,김제시,죽산면,죽산리,원평천2,31.5,8.6,9.8,3.4,7.6,13.3,1.168,0.037
2015,08,전라북도,정읍시,공평동,,정읍천3,28.2,8.0,8.4,2.8,5.4,9.4,1.136,0.018
2015,08,전라북도,정읍시,송산동,,정읍천1,24.6,8.4,9.8,1.3,3.2,1.8,1.018,0.009
2015,08,전라북도,정읍시,연지동,,정읍천2,26.0,8.3,9.2,1.4,3.4,5.6,0.975,0.018
2015,08,전라북도,정읍시,이평면,하송리,정읍천4,23.8,7.4,8.1,2.9,7.0,9.4,1.969,0.074
2015,08,전라북도,정읍시,하모동,,천원천,28.4,7.9,7.7,2.7,5.7,7.3,1.380,0.035
2015,08,전라북도,김제시,백구면,마산리,마산천,33.0,8.7,12.1,5.2,10.6,16.7,3.487,0.077
2015,08,전라북도,완주군,삼례읍,,삼례,27.7,7.5,7.3,1.8,9.0,41.8,6.959,0.139
2015,08,전라북도,익산시,춘포면,인수리,익산천1,28.0,7.5,5.6,2.3,8.5,17.3,2.402,0.245
2015,08,전라북도,익산시,춘포면,인수리,익산천2,28.8,7.6,6.2,18.4,25.1,36.6,9.464,1.529
2015,08,전라북도,군산시,대야면,광교리,탑천,27.2,7.2,6.2,3.6,9.4,21.6,1.413,0.068
2015,08,전라북도,김제시,백구면,백구리,김제,28.1,8.0,10.2,5.6,10.8,12.9,3.542,0.104
2015,08,전라북도,김제시,백구면,월봉리,용암천,33.9,9.4,17.6,9.8,11.5,21.7,1.109,0.082
2015,08,전라북도,전주시완산구,서신동,,삼천3,30.8,8.0,9.3,2.3,4.1,15.8,1.076,0.091
2015,08,전라북도,전주시완산구,평화동3가,,삼천1,27.5,7.4,8.9,1.6,3.4,3.9,1.031,0.065
2015,08,전라북도,전주시완산구,효자동2가,,삼천2,31.1,8.2,9.7,2.1,3.9,14.1,1.020,0.081
2015,08,전라북도,완주군,소양면,황운리,소양천1,29.7,7.7,6.8,1.5,3.4,2.0,0.960,0.013
2015,08,전라북도,완주군,용진읍,상운리,소양천2,28.7,8.0,10.1,2.4,3.7,3.4,1.181,0.046
2015,08,전라북도,익산시,춘포면,용연리,익산천3,28.9,7.6,6.8,2.7,8.1,27.1,4.408,0.420
2015,08,전라북도,전주시덕진구,고랑동,,전주천7,26.2,7.1,6.7,3.8,12.7,7.4,6.618,0.112
2015,08,전라북도,전주시덕진구,전미동1가,,전주,26.7,7.6,9.4,2.5,6.4,7.6,0.607,0.065
2015,08,전라북도,전주시완산구,대성동,,전주천1,25.1,7.7,12.9,0.9,1.7,1.2,1.946,0.019
2015,08,전라북도,완주군,고산면,읍내리,고산,24.9,7.8,8.5,0.7,2.7,2.4,2.057,0.025
2015,08,전라북도,무주군,무주읍,대차리,무주남대천2,21.2,7.8,8.8,0.9,5.1,4.6,2.509,0.036
2015,08,전라북도,무주군,무주읍,읍내리,무주남대천1,21.6,7.9,8.8,0.7,5.0,1.5,2.318,0.026
2015,08,전라북도,무주군,무주읍,읍내리,무주남대천3,25.7,7.8,11.1,0.8,3.6,1.6,1.132,0.020
2015,08,전라북도,부안군,상서면,청림리,백천내,26.0,6.5,7.9,0.6,1.6,0.6,1.253,0.005
2015,08,전라북도,무주군,안성면,진도리,구량천,21.9,8.0,10.3,0.7,3.3,2.3,1.397,0.022
2015,08,전라북도,진안군,정천면,월평리,정자천,24.6,7.6,8.6,0.8,2.6,2.5,0.827,0.015
2015,08,전라북도,진안군,진안읍,운산리,진안천,29.0,8.1,8.9,1.7,2.6,2.4,2.754,0.068
2015,08,전라북도,진안군,진안읍,가막리,가막,24.0,7.8,10.2,0.6,4.0,3.7,1.615,0.037
2015,08,전라북도,무주군,무주읍,용포리,용포,21.0,8.4,8.9,0.7,3.2,1.8,1.497,0.010
2015,08,전라북도,진안군,용담면,송풍리,용담,20.9,7.3,9.8,0.6,3.2,1.0,1.455,0.014
2015,08,전라북도,남원시,운봉읍,,람천2,25.2,8.8,8.8,1.8,3.3,2.9,1.077,0.050
2015,08,전라북도,남원시,인월면,중군리,람천1,24.5,8.1,8.9,1.6,4.2,5.2,0.986,0.060
2015,08,전라북도,임실군,관촌면,방수리,관촌,24.6,7.6,9.1,0.8,3.6,3.6,0.937,0.044
2015,08,전라북도,임실군,운암면,학암리,운암,26.7,8.5,9.6,0.9,3.9,3.4,0.554,0.030
2015,08,전라북도,정읍시,산내면,매죽리,추령천,24.5,7.4,10.0,0.6,2.9,2.5,1.163,0.025
2015,08,전라북도,임실군,강진면,용수리,임실,27.0,7.6,9.2,0.9,3.5,1.6,1.030,0.017
2015,08,전라북도,순창군,동계면,구미리,동계,25.4,8.1,8.2,0.7,4.5,1.8,0.610,0.029
2015,08,전라북도,순창군,구림면,안정리,치천,23.9,7.4,10.2,0.8,2.7,2.2,0.778,0.022
2015,08,전라북도,남원시,대강면,풍산리,수홍천,21.7,7.2,8.1,0.9,2.9,1.5,1.102,0.046
2015,08,전라북도,순창군,유등면,유촌리,옥택천,23.2,7.2,8.5,1.0,3.2,3.7,0.573,0.035
2015,08,전라북도,순창군,적성면,고원리,적성,29.4,8.1,8.1,1.7,4.8,3.1,0.675,0.063
2015,08,전라북도,남원시,금지면,귀석리,남원,30.2,8.8,8.5,1.1,4.7,2.6,0.366,0.044
2015,08,전라북도,남원시,대강면,월탄리,대강,27.2,7.3,7.6,0.9,4.3,3.7,0.667,0.060
2015,08,전라북도,장수군,산서면,사상리,오수천1,22.2,7.1,9.0,1.2,3.5,3.0,1.468,0.061
2015,08,전라북도,남원시,덕과면,사율리,율천,25.2,6.9,9.0,1.2,4.2,7.5,0.652,0.066
2015,08,전라북도,남원시,사매면,서도리,월평천,23.3,7.0,10.0,1.3,4.1,2.7,0.824,0.066
2015,08,전라북도,순창군,동계면,서호리,오수천2,25.8,7.5,9.5,0.9,4.3,3.8,0.801,0.073
2015,08,전라북도,임실군,삼계면,후천리,후곡천,24.7,7.2,9.3,1.2,4.1,4.2,0.699,0.062
2015,08,전라북도,남원시,산동면,월석리,요천1,22.3,7.7,9.1,0.6,2.3,2.4,1.378,0.021
2015,08,전라북도,남원시,금지면,창산리,요천2,28.8,8.4,10.7,1.7,5.5,4.6,1.437,0.089
2015,08,전라북도,남원시,송동면,세전리,요천3,26.5,7.8,9.6,0.8,4.1,2.0,1.187,0.064
2015,08,전라북도,고창군,아산면,구암리,주진천1,30.5,8.1,10.0,3.5,3.6,21.2,1.445,0.196
2015,08,전라북도,고창군,아산면,반암리,주진천2,29.1,7.6,7.4,4.2,7.5,54.9,2.974,0.167
2015,09,전라북도,익산시,성당면,부곡리,산북천,24.1,8.0,9.0,3.6,9.4,17.5,1.223,0.071
2015,09,전라북도,익산시,망성면,무형리,마산천,26.2,9.2,15.6,7.6,14.9,19.5,1.494,0.203
2015,09,전라북도,부안군,동진면,하장리,고부천2,25.2,8.2,10.2,3.9,7.5,15.3,1.328,0.067
2015,09,전라북도,부안군,동진면,하장리,고부천3,23.7,7.6,10.2,2.3,8.2,15.9,0.968,0.062
2015,09,전라북도,정읍시,영원면,앵성리,고부천1,25.8,8.6,13.3,5.2,7.3,25.3,1.490,0.138
2015,09,전라북도,김제시,부량면,옥정리,동진강3,22.9,8.1,9.8,3.3,7.4,12.8,1.753,0.080
2015,09,전라북도,정읍시,신태인읍,,동진강2,22.6,7.5,9.6,1.6,5.7,9.4,1.698,0.091
2015,09,전라북도,정읍시,신태인읍,구석리,용호천,24.4,7.8,8.0,2.0,5.0,6.6,0.812,0.050
2015,09,전라북도,정읍시,옹동면,산성리,동진강1,14.0,7.8,11.7,1.4,3.6,2.6,1.261,0.020
2015,09,전라북도,김제시,성덕면,남포리,신평천,23.3,7.9,8.4,2.8,7.1,15.8,0.978,0.063
2015,09,전라북도,김제시,죽산면,대창리,원평천3,23.4,7.6,10.7,3.0,7.7,15.0,0.864,0.073
2015,09,전라북도,김제시,봉남면,용신리,원평천1,24.7,7.9,10.6,3.8,9.8,18.0,0.757,0.099
2015,09,전라북도,김제시,죽산면,죽산리,원평천2,24.7,8.7,10.5,3.0,7.8,14.5,0.489,0.042
2015,09,전라북도,정읍시,공평동,,정읍천3,27.3,8.4,12.1,2.6,5.0,8.5,0.337,0.024
2015,09,전라북도,정읍시,송산동,,정읍천1,24.4,7.9,10.2,1.0,2.3,1.2,0.217,0.019
2015,09,전라북도,정읍시,연지동,,정읍천2,24.7,7.8,10.8,1.2,2.6,6.5,0.561,0.021
2015,09,전라북도,정읍시,이평면,하송리,정읍천4,20.2,7.5,8.8,1.6,6.0,8.9,2.311,0.076
2015,09,전라북도,정읍시,하모동,,천원천,25.5,7.3,9.6,2.9,6.1,8.2,0.954,0.058
2015,09,전라북도,김제시,백구면,마산리,마산천,28.3,9.0,15.8,8.4,12.9,20.0,1.461,0.130
2015,09,전라북도,완주군,삼례읍,,삼례,23.3,7.4,8.1,2.9,8.8,5.0,5.453,0.080
2015,09,전라북도,익산시,춘포면,인수리,익산천1,22.3,7.3,6.8,2.0,6.0,11.6,0.767,0.128
2015,09,전라북도,익산시,춘포면,인수리,익산천2,22.9,7.4,7.6,4.6,12.9,14.7,6.318,1.014
2015,09,전라북도,군산시,대야면,광교리,탑천,24.6,7.7,11.6,3.1,9.1,14.9,1.074,0.078
2015,09,전라북도,김제시,백구면,백구리,김제,24.6,8.4,12.2,6.2,13.9,18.5,3.542,0.107
2015,09,전라북도,김제시,백구면,월봉리,용암천,25.9,7.8,13.2,6.9,10.1,18.8,2.088,0.097
2015,09,전라북도,전주시완산구,서신동,,삼천3,26.6,7.6,8.1,2.7,5.7,14.8,1.198,0.085
2015,09,전라북도,전주시완산구,평화동3가,,삼천1,24.1,7.4,10.7,0.9,3.3,5.8,0.817,0.059
2015,09,전라북도,전주시완산구,효자동2가,,삼천2,28.9,7.6,11.9,2.0,5.2,5.1,1.183,0.095
2015,09,전라북도,완주군,소양면,황운리,소양천1,25.1,7.6,12.6,0.6,2.1,1.3,0.485,0.018
2015,09,전라북도,완주군,용진읍,상운리,소양천2,24.0,8.0,10.1,0.8,3.6,2.8,1.739,0.033
2015,09,전라북도,익산시,춘포면,용연리,익산천3,24.4,7.4,7.9,3.4,8.5,15.4,3.580,0.326
2015,09,전라북도,전주시덕진구,고랑동,,전주천7,24.0,7.0,7.5,5.7,11.9,3.5,8.513,0.111
2015,09,전라북도,전주시덕진구,전미동1가,,전주,23.6,7.2,9.8,1.6,5.0,2.1,0.606,0.060
2015,09,전라북도,전주시완산구,대성동,,전주천1,22.1,7.7,12.6,0.6,1.4,0.6,0.944,0.018
2015,09,전라북도,완주군,고산면,읍내리,고산,21.7,7.4,9.9,1.0,2.8,0.8,1.357,0.012
2015,09,전라북도,무주군,무주읍,대차리,무주남대천2,22.6,8.3,9.9,1.2,3.2,1.7,1.317,0.018
2015,09,전라북도,무주군,무주읍,읍내리,무주남대천1,23.1,8.6,11.4,1.1,3.1,1.7,1.253,0.011
2015,09,전라북도,무주군,무주읍,읍내리,무주남대천3,21.7,7.7,11.2,0.9,3.5,2.9,1.187,0.029
2015,09,전라북도,부안군,상서면,청림리,백천내,20.0,6.4,8.8,0.8,1.8,0.4,0.935,0.004
2015,09,전라북도,무주군,안성면,진도리,구량천,18.8,7.7,10.8,0.7,3.0,3.2,1.474,0.021
2015,09,전라북도,진안군,정천면,월평리,정자천,21.0,7.3,9.2,0.7,2.3,2.6,0.638,0.024
2015,09,전라북도,진안군,진안읍,운산리,진안천,25.0,7.8,9.2,1.8,2.8,2.4,1.487,0.047
2015,09,전라북도,진안군,진안읍,가막리,가막,20.9,7.6,10.9,0.7,3.4,3.7,1.848,0.032
2015,09,전라북도,무주군,무주읍,용포리,용포,21.2,8.5,9.9,1.0,2.9,1.2,1.221,0.008
2015,09,전라북도,진안군,용담면,송풍리,용담,20.0,6.9,9.7,0.7,3.2,1.3,1.500,0.012
2015,09,전라북도,남원시,운봉읍,,람천2,20.5,8.5,9.6,0.5,2.9,1.0,1.336,0.043
2015,09,전라북도,남원시,인월면,중군리,람천1,21.1,8.1,10.0,0.9,3.8,3.0,2.035,0.056
2015,09,전라북도,임실군,관촌면,방수리,관촌,21.7,7.1,9.6,1.0,3.3,4.0,0.623,0.034
2015,09,전라북도,임실군,운암면,학암리,운암,25.5,8.3,10.3,1.8,3.5,3.7,0.181,0.021
2015,09,전라북도,정읍시,산내면,매죽리,추령천,22.3,7.6,9.8,0.8,2.7,2.7,0.813,0.022
2015,09,전라북도,임실군,강진면,용수리,임실,24.2,7.7,10.1,0.8,3.3,1.1,0.922,0.014
2015,09,전라북도,순창군,동계면,구미리,동계,24.4,8.7,9.6,1.8,3.5,1.4,0.143,0.015
2015,09,전라북도,순창군,구림면,안정리,치천,19.8,7.5,9.0,0.6,2.3,1.0,0.658,0.015
2015,09,전라북도,남원시,대강면,풍산리,수홍천,18.4,7.4,9.7,0.5,3.0,1.7,1.568,0.047
2015,09,전라북도,순창군,유등면,유촌리,옥택천,20.3,7.2,9.5,0.8,3.5,7.9,0.866,0.052
2015,09,전라북도,순창군,적성면,고원리,적성,25.3,8.2,8.7,1.5,3.8,2.4,0.491,0.040
2015,09,전라북도,남원시,금지면,귀석리,남원,23.4,8.2,9.1,0.6,4.0,2.7,0.375,0.041
2015,09,전라북도,남원시,대강면,월탄리,대강,23.2,7.3,10.1,1.1,4.3,7.1,0.811,0.081
2015,09,전라북도,장수군,산서면,사상리,오수천1,20.0,6.9,8.7,0.6,2.9,1.7,1.274,0.045
2015,09,전라북도,남원시,덕과면,사율리,율천,22.6,7.1,8.1,0.9,3.4,2.1,0.784,0.064
2015,09,전라북도,남원시,사매면,서도리,월평천,21.3,7.0,9.2,0.8,3.8,1.7,1.159,0.060
2015,09,전라북도,순창군,동계면,서호리,오수천2,23.4,8.0,10.5,1.0,3.7,4.7,0.871,0.056
2015,09,전라북도,임실군,삼계면,후천리,후곡천,20.9,7.4,8.6,1.0,3.5,2.3,1.134,0.043
2015,09,전라북도,남원시,산동면,월석리,요천1,20.3,7.4,11.7,0.7,2.2,2.0,1.049,0.027
2015,09,전라북도,남원시,금지면,창산리,요천2,22.8,8.0,10.1,0.7,3.8,3.2,0.816,0.042
2015,09,전라북도,남원시,송동면,세전리,요천3,23.7,7.6,12.4,1.3,4.4,4.7,1.534,0.068
2015,09,전라북도,고창군,아산면,구암리,주진천1,22.2,7.8,9.4,2.7,5.9,10.6,0.838,0.140
2015,09,전라북도,고창군,아산면,반암리,주진천2,22.3,7.7,7.6,2.4,6.7,25.6,0.844,0.096
2015,10,전라북도,익산시,성당면,부곡리,산북천,18.0,7.9,10.3,8.5,16.3,61.5,4.807,0.171
2015,10,전라북도,익산시,망성면,무형리,마산천,21.1,8.8,9.5,3.6,10.2,40.0,3.300,0.321
2015,10,전라북도,부안군,동진면,하장리,고부천2,23.8,7.7,9.4,4.2,7.9,13.0,1.758,0.092
2015,10,전라북도,부안군,동진면,하장리,고부천3,18.7,7.6,9.7,2.4,9.0,22.6,2.718,0.087
2015,10,전라북도,정읍시,영원면,앵성리,고부천1,24.2,7.7,10.2,4.8,10.3,29.1,1.926,0.071
2015,10,전라북도,김제시,부량면,옥정리,동진강3,19.0,7.8,12.1,3.2,8.7,22.4,3.129,0.064
2015,10,전라북도,정읍시,신태인읍,,동진강2,22.7,8.1,12.1,2.8,8.7,12.9,2.481,0.071
2015,10,전라북도,정읍시,신태인읍,구석리,용호천,24.6,7.7,9.6,2.0,4.9,7.1,0.880,0.069
2015,10,전라북도,정읍시,옹동면,산성리,동진강1,21.1,8.4,9.5,1.3,8.7,3.3,1.617,0.032
2015,10,전라북도,김제시,성덕면,남포리,신평천,21.7,7.9,10.7,3.5,8.3,15.9,2.090,0.090
2015,10,전라북도,김제시,죽산면,대창리,원평천3,19.1,7.4,8.8,2.0,6.5,12.5,1.066,0.043
2015,10,전라북도,김제시,봉남면,용신리,원평천1,21.9,7.9,10.3,3.0,8.8,14.3,1.927,0.099
2015,10,전라북도,김제시,죽산면,죽산리,원평천2,22.1,8.1,8.6,2.1,6.2,15.3,0.924,0.060
2015,10,전라북도,정읍시,공평동,,정읍천3,23.2,7.7,10.5,2.3,5.3,8.9,1.511,0.051
2015,10,전라북도,정읍시,송산동,,정읍천1,19.8,7.8,10.8,0.8,2.8,1.5,0.442,0.025
2015,10,전라북도,정읍시,연지동,,정읍천2,24.8,7.9,10.8,1.2,3.5,1.8,1.482,0.047
2015,10,전라북도,정읍시,이평면,하송리,정읍천4,19.5,7.3,11.4,1.6,7.9,8.7,7.292,0.068
2015,10,전라북도,정읍시,하모동,,천원천,21.5,7.8,10.1,2.5,4.8,6.9,1.809,0.076
2015,10,전라북도,김제시,백구면,마산리,마산천,21.9,8.7,15.9,5.6,11.8,29.0,4.674,0.078
2015,10,전라북도,완주군,삼례읍,,삼례,21.1,7.5,6.5,3.0,7.1,6.0,6.581,0.141
2015,10,전라북도,익산시,춘포면,인수리,익산천1,17.8,7.6,9.6,1.5,5.4,9.4,2.539,0.110
2015,10,전라북도,익산시,춘포면,인수리,익산천2,18.9,7.4,8.5,2.4,9.2,17.0,5.455,0.300
2015,10,전라북도,군산시,대야면,광교리,탑천,18.1,7.4,9.7,3.0,9.3,19.8,2.790,0.063
2015,10,전라북도,김제시,백구면,백구리,김제,19.8,7.8,10.5,4.8,11.9,20.6,5.039,0.103
2015,10,전라북도,김제시,백구면,월봉리,용암천,19.9,8.3,10.9,4.6,11.9,26.0,3.474,0.067
2015,10,전라북도,전주시완산구,서신동,,삼천3,20.0,7.8,8.9,2.2,4.6,6.5,1.370,0.089
2015,10,전라북도,전주시완산구,평화동3가,,삼천1,18.4,7.7,9.6,1.3,3.3,2.3,1.256,0.053
2015,10,전라북도,전주시완산구,효자동2가,,삼천2,21.7,8.1,9.6,1.7,3.8,2.8,1.166,0.074
2015,10,전라북도,완주군,소양면,황운리,소양천1,17.8,7.5,8.8,1.3,2.1,1.5,1.332,0.016
2015,10,전라북도,완주군,용진읍,상운리,소양천2,18.4,7.5,8.7,1.4,3.1,2.2,1.872,0.043
2015,10,전라북도,익산시,춘포면,용연리,익산천3,20.1,7.5,6.9,4.6,10.4,27.8,4.398,0.401
2015,10,전라북도,전주시덕진구,고랑동,,전주천7,21.2,7.2,7.0,6.5,12.5,5.9,7.446,0.123
2015,10,전라북도,전주시덕진구,전미동1가,,전주,18.4,7.4,8.9,1.8,5.5,3.5,0.876,0.127
2015,10,전라북도,전주시완산구,대성동,,전주천1,19.2,7.9,10.9,0.5,0.8,0.6,1.299,0.021
2015,10,전라북도,완주군,고산면,읍내리,고산,19.0,7.8,11.4,0.7,3.8,2.4,1.588,0.019
2015,10,전라북도,무주군,무주읍,대차리,무주남대천2,17.9,8.0,8.9,1.2,4.8,1.3,1.207,0.028
2015,10,전라북도,무주군,무주읍,읍내리,무주남대천1,17.9,8.1,11.3,1.2,3.9,2.2,1.176,0.011
2015,10,전라북도,무주군,무주읍,읍내리,무주남대천3,16.6,7.7,11.2,1.1,3.3,2.2,1.371,0.031
2015,10,전라북도,부안군,상서면,청림리,백천내,20.0,6.4,8.4,0.8,1.8,0.4,1.366,0.006
2015,10,전라북도,무주군,안성면,진도리,구량천,14.6,7.7,11.4,0.8,3.2,4.3,2.323,0.018
2015,10,전라북도,진안군,정천면,월평리,정자천,16.3,7.2,9.8,0.5,2.1,1.1,1.235,0.016
2015,10,전라북도,진안군,진안읍,운산리,진안천,20.0,7.8,8.8,1.7,2.7,2.3,1.710,0.055
2015,10,전라북도,진안군,진안읍,가막리,가막,15.5,7.8,11.8,0.9,3.2,2.0,3.110,0.037
2015,10,전라북도,무주군,무주읍,용포리,용포,18.0,8.6,9.3,0.8,4.4,3.2,1.274,0.009
2015,10,전라북도,진안군,용담면,송풍리,용담,17.4,7.4,9.5,0.6,3.1,1.1,1.435,0.018
2015,10,전라북도,남원시,운봉읍,,람천2,15.7,8.0,11.0,0.9,2.5,1.0,1.562,0.037
2015,10,전라북도,남원시,인월면,중군리,람천1,16.7,7.9,11.5,1.1,3.0,3.2,2.295,0.061
2015,10,전라북도,임실군,관촌면,방수리,관촌,17.1,7.5,10.3,1.2,3.2,7.0,1.007,0.033
2015,10,전라북도,임실군,운암면,학암리,운암,21.1,8.7,12.9,0.6,3.8,2.7,0.490,0.019
2015,10,전라북도,정읍시,산내면,매죽리,추령천,17.3,7.8,11.5,0.9,3.1,2.1,1.699,0.020
2015,10,전라북도,임실군,강진면,용수리,임실,18.7,7.8,10.8,0.9,3.4,0.6,1.131,0.014
2015,10,전라북도,순창군,동계면,구미리,동계,20.8,8.7,10.6,0.5,3.0,2.5,0.389,0.034
2015,10,전라북도,순창군,구림면,안정리,치천,15.5,7.2,11.3,1.1,3.2,1.5,1.494,0.022
2015,10,전라북도,남원시,대강면,풍산리,수홍천,14.3,7.1,10.1,0.8,2.9,1.2,2.134,0.042
2015,10,전라북도,순창군,유등면,유촌리,옥택천,15.6,7.1,10.4,1.0,3.2,5.0,1.444,0.053
2015,10,전라북도,순창군,적성면,고원리,적성,20.1,8.5,9.3,0.8,3.4,2.5,0.787,0.037
2015,10,전라북도,남원시,금지면,귀석리,남원,18.3,8.5,10.9,1.1,3.7,3.4,1.118,0.047
2015,10,전라북도,남원시,대강면,월탄리,대강,18.9,7.4,11.5,1.2,4.5,6.7,1.205,0.072
2015,10,전라북도,장수군,산서면,사상리,오수천1,15.5,6.9,10.4,1.2,3.3,1.2,1.534,0.052
2015,10,전라북도,남원시,덕과면,사율리,율천,17.6,7.1,9.6,1.4,4.2,5.7,0.991,0.073
2015,10,전라북도,남원시,사매면,서도리,월평천,15.8,7.0,10.7,1.3,4.4,7.7,1.287,0.072
2015,10,전라북도,순창군,동계면,서호리,오수천2,17.6,7.6,11.5,1.6,4.9,7.8,1.401,0.098
2015,10,전라북도,임실군,삼계면,후천리,후곡천,16.3,7.2,9.8,1.4,4.6,3.2,1.466,0.067
2015,10,전라북도,남원시,산동면,월석리,요천1,14.8,7.5,11.6,0.8,2.7,4.4,1.766,0.022
2015,10,전라북도,남원시,금지면,창산리,요천2,18.7,8.2,10.9,0.8,3.4,6.8,2.466,0.067
2015,10,전라북도,남원시,송동면,세전리,요천3,18.0,7.5,11.0,1.2,4.5,5.5,1.993,0.076
2015,10,전라북도,고창군,아산면,구암리,주진천1,18.4,7.9,10.8,1.8,5.4,12.3,2.823,0.125
2015,10,전라북도,고창군,아산면,반암리,주진천2,18.8,7.6,8.8,1.4,4.8,26.6,3.142,0.141
2015,11,전라북도,익산시,성당면,부곡리,산북천,11.9,7.2,8.5,5.8,13.7,33.2,3.859,0.162
2015,11,전라북도,익산시,망성면,무형리,마산천,15.3,8.1,9.5,2.7,14.1,17.2,5.586,0.377
2015,11,전라북도,부안군,동진면,하장리,고부천2,15.3,8.1,11.7,6.0,12.5,42.5,5.685,0.094
2015,11,전라북도,부안군,동진면,하장리,고부천3,14.4,7.7,8.0,4.1,12.4,43.6,7.280,0.101
2015,11,전라북도,정읍시,영원면,앵성리,고부천1,15.7,8.1,8.5,4.6,8.2,68.7,3.901,0.138
2015,11,전라북도,김제시,부량면,옥정리,동진강3,13.7,7.2,9.9,1.7,7.0,20.6,3.836,0.067
2015,11,전라북도,정읍시,신태인읍,,동진강2,13.1,7.6,11.2,0.7,3.0,9.5,2.034,0.047
2015,11,전라북도,정읍시,신태인읍,구석리,용호천,12.8,7.7,10.2,1.2,5.1,11.3,1.632,0.034
2015,11,전라북도,정읍시,옹동면,산성리,동진강1,13.9,8.0,11.5,0.6,2.4,1.2,1.962,0.027
2015,11,전라북도,김제시,성덕면,남포리,신평천,14.0,7.4,6.7,4.1,11.2,12.0,5.962,0.093
2015,11,전라북도,김제시,죽산면,대창리,원평천3,14.7,7.4,8.9,4.2,10.2,16.0,4.585,0.066
2015,11,전라북도,김제시,봉남면,용신리,원평천1,13.4,7.5,9.8,1.8,6.3,18.5,3.345,0.102
2015,11,전라북도,김제시,죽산면,죽산리,원평천2,14.0,7.5,10.1,5.6,13.7,21.8,4.710,0.126
2015,11,전라북도,정읍시,공평동,,정읍천3,13.9,8.1,15.0,2.0,6.7,12.4,0.945,0.039
2015,11,전라북도,정읍시,송산동,,정읍천1,13.8,8.1,11.1,0.7,1.8,0.3,0.296,0.008
2015,11,전라북도,정읍시,연지동,,정읍천2,14.2,7.8,10.5,0.8,2.9,0.8,1.769,0.022
2015,11,전라북도,정읍시,이평면,하송리,정읍천4,15.3,7.2,11.7,1.1,8.0,4.4,5.481,0.066
2015,11,전라북도,정읍시,하모동,,천원천,13.9,7.8,11.6,1.5,3.9,6.0,1.665,0.063
2015,11,전라북도,김제시,백구면,마산리,마산천,15.2,8.3,11.8,4.7,9.2,28.8,11.512,0.126
2015,11,전라북도,완주군,삼례읍,,삼례,17.1,7.5,9.3,3.1,8.1,5.2,5.602,0.082
2015,11,전라북도,익산시,춘포면,인수리,익산천1,15.1,7.6,11.5,2.4,9.7,11.6,4.492,0.182
2015,11,전라북도,익산시,춘포면,인수리,익산천2,15.3,7.5,10.7,4.8,13.7,16.5,11.449,0.736
2015,11,전라북도,군산시,대야면,광교리,탑천,15.0,7.4,8.9,4.9,13.8,36.6,5.404,0.116
2015,11,전라북도,김제시,백구면,백구리,김제,14.9,7.6,9.5,3.5,9.2,12.3,5.419,0.091
2015,11,전라북도,김제시,백구면,월봉리,용암천,13.9,7.6,9.9,6.2,13.9,28.0,5.394,0.143
2015,11,전라북도,전주시완산구,서신동,,삼천3,15.5,8.0,11.8,2.2,5.2,6.6,1.919,0.079
2015,11,전라북도,전주시완산구,평화동3가,,삼천1,12.6,7.6,11.9,1.2,2.7,2.0,1.558,0.045
2015,11,전라북도,전주시완산구,효자동2가,,삼천2,17.1,8.0,11.8,1.9,4.2,9.8,1.449,0.046
2015,11,전라북도,완주군,소양면,황운리,소양천1,15.1,7.9,11.5,0.8,1.7,0.9,3.438,0.006
2015,11,전라북도,완주군,용진읍,상운리,소양천2,15.0,7.7,8.6,1.3,4.1,1.2,3.217,0.030
2015,11,전라북도,익산시,춘포면,용연리,익산천3,15.5,7.6,10.0,3.4,11.3,17.2,6.266,0.342
2015,11,전라북도,전주시덕진구,고랑동,,전주천7,18.4,7.2,7.9,4.1,11.1,4.9,7.431,0.084
2015,11,전라북도,전주시덕진구,전미동1가,,전주,14.5,7.7,10.7,1.9,4.6,3.4,1.952,0.146
2015,11,전라북도,전주시완산구,대성동,,전주천1,13.3,8.1,11.7,0.8,1.0,0.3,1.264,0.004
2015,11,전라북도,완주군,고산면,읍내리,고산,15.2,8.3,12.9,1.4,3.7,4.4,2.532,0.029
2015,11,전라북도,무주군,무주읍,대차리,무주남대천2,13.2,7.7,11.6,0.8,5.0,3.3,1.926,0.020
2015,11,전라북도,무주군,무주읍,읍내리,무주남대천1,12.6,7.6,11.6,0.7,2.3,1.7,1.979,0.008
2015,11,전라북도,무주군,무주읍,읍내리,무주남대천3,12.3,7.8,10.7,1.0,3.0,2.7,1.956,0.013
2015,11,전라북도,부안군,상서면,청림리,백천내,17.0,6.6,10.0,0.6,1.6,0.3,2.755,0.004
2015,11,전라북도,무주군,안성면,진도리,구량천,11.2,7.6,12.4,0.7,3.4,3.6,2.033,0.025
2015,11,전라북도,진안군,정천면,월평리,정자천,12.5,7.5,11.3,0.6,2.4,1.1,2.915,0.006
2015,11,전라북도,진안군,진안읍,운산리,진안천,14.0,7.7,10.1,1.6,2.6,2.0,2.780,0.057
2015,11,전라북도,진안군,진안읍,가막리,가막,12.3,7.7,12.5,0.9,4.3,4.0,3.818,0.058
2015,11,전라북도,무주군,무주읍,용포리,용포,13.7,7.8,11.0,0.8,2.6,1.8,1.374,0.008
2015,11,전라북도,진안군,용담면,송풍리,용담,13.1,7.4,9.7,0.6,3.1,1.6,1.151,0.018
2015,11,전라북도,남원시,운봉읍,,람천2,13.1,8.4,13.5,0.7,2.4,2.0,2.466,0.036
2015,11,전라북도,남원시,인월면,중군리,람천1,12.3,8.9,12.6,0.6,1.8,0.2,1.455,0.014
2015,11,전라북도,임실군,관촌면,방수리,관촌,12.5,6.9,11.4,0.6,2.8,1.2,1.996,0.027
2015,11,전라북도,임실군,운암면,학암리,운암,13.1,8.0,12.0,0.5,3.3,2.2,2.098,0.015
2015,11,전라북도,정읍시,산내면,매죽리,추령천,12.7,7.1,11.4,0.6,2.4,0.5,2.260,0.018
2015,11,전라북도,임실군,강진면,용수리,임실,13.1,7.3,11.0,0.6,2.6,0.5,1.356,0.020
2015,11,전라북도,순창군,동계면,구미리,동계,12.8,7.9,10.9,0.5,2.8,1.3,2.022,0.019
2015,11,전라북도,순창군,구림면,안정리,치천,11.6,7.4,11.0,0.7,2.5,1.0,1.880,0.016
2015,11,전라북도,남원시,대강면,풍산리,수홍천,11.9,7.4,10.1,0.7,3.1,1.0,2.584,0.031
2015,11,전라북도,순창군,유등면,유촌리,옥택천,12.3,7.4,10.5,0.7,2.6,2.0,1.761,0.026
2015,11,전라북도,순창군,적성면,고원리,적성,13.0,7.9,10.9,0.7,3.4,2.4,1.218,0.025
2015,11,전라북도,남원시,금지면,귀석리,남원,14.6,7.7,10.9,0.8,5.0,4.8,1.523,0.044
2015,11,전라북도,남원시,대강면,월탄리,대강,13.3,7.2,10.4,0.8,4.2,2.2,1.666,0.045
2015,11,전라북도,장수군,산서면,사상리,오수천1,12.5,7.5,10.8,0.7,2.4,0.9,2.054,0.033
2015,11,전라북도,남원시,덕과면,사율리,율천,13.7,7.2,10.0,1.1,4.0,4.1,1.236,0.055
2015,11,전라북도,남원시,사매면,서도리,월평천,12.8,7.0,10.8,0.7,3.5,1.0,1.654,0.036
2015,11,전라북도,순창군,동계면,서호리,오수천2,13.2,7.7,11.3,0.9,3.9,2.0,1.593,0.040
2015,11,전라북도,임실군,삼계면,후천리,후곡천,12.7,7.3,10.8,0.9,3.5,3.4,1.710,0.044
2015,11,전라북도,남원시,산동면,월석리,요천1,11.8,7.3,11.7,0.5,2.1,1.4,1.888,0.021
2015,11,전라북도,남원시,금지면,창산리,요천2,14.8,7.9,10.9,0.8,4.6,12.4,2.110,0.084
2015,11,전라북도,남원시,송동면,세전리,요천3,13.8,7.6,11.8,0.9,3.8,2.8,2.314,0.057
2015,11,전라북도,고창군,아산면,구암리,주진천1,11.6,8.0,11.4,1.1,4.9,9.0,3.137,0.131
2015,11,전라북도,고창군,아산면,반암리,주진천2,11.4,7.9,11.1,1.2,4.8,22.3,2.930,0.147
2015,12,전라북도,익산시,성당면,부곡리,산북천,6.9,7.4,11.7,5.4,11.4,31.4,5.973,0.336
2015,12,전라북도,익산시,망성면,무형리,마산천,7.4,7.9,13.5,1.7,4.5,3.5,5.002,0.234
2015,12,전라북도,부안군,동진면,하장리,고부천2,6.9,7.9,11.8,3.1,8.2,37.5,4.827,0.196
2015,12,전라북도,부안군,동진면,하장리,고부천3,6.8,7.7,11.9,2.2,8.9,19.3,4.332,0.131
2015,12,전라북도,정읍시,영원면,앵성리,고부천1,6.8,7.9,12.4,3.7,7.6,26.0,4.121,0.099
2015,12,전라북도,김제시,부량면,옥정리,동진강3,6.8,7.9,13.0,2.6,6.2,11.6,4.219,0.079
2015,12,전라북도,정읍시,신태인읍,,동진강2,7.8,7.8,14.5,0.6,3.4,3.5,3.893,0.035
2015,12,전라북도,정읍시,신태인읍,구석리,용호천,7.1,8.0,12.2,1.2,5.2,3.8,3.678,0.077
2015,12,전라북도,정읍시,옹동면,산성리,동진강1,9.3,8.0,13.5,0.5,3.2,3.1,3.991,0.030
2015,12,전라북도,김제시,성덕면,남포리,신평천,7.1,7.5,9.8,2.2,8.9,15.3,6.345,0.130
2015,12,전라북도,김제시,죽산면,대창리,원평천3,6.2,7.4,11.0,3.1,10.7,19.1,3.742,0.148
2015,12,전라북도,김제시,봉남면,용신리,원평천1,8.0,7.7,14.3,0.9,4.4,4.4,5.638,0.075
2015,12,전라북도,김제시,죽산면,죽산리,원평천2,7.0,7.6,11.4,1.8,8.8,17.3,4.970,0.125
2015,12,전라북도,정읍시,공평동,,정읍천3,8.1,8.0,12.1,1.4,3.0,3.6,3.688,0.033
2015,12,전라북도,정읍시,송산동,,정읍천1,9.1,8.0,12.3,0.6,1.4,0.4,3.772,0.009
2015,12,전라북도,정읍시,연지동,,정읍천2,8.0,7.9,11.6,0.7,1.6,0.8,4.254,0.019
2015,12,전라북도,정읍시,이평면,하송리,정읍천4,8.5,7.8,13.6,1.7,6.9,5.8,4.901,0.079
2015,12,전라북도,정읍시,하모동,,천원천,7.9,8.0,11.7,1.2,3.2,3.4,3.850,0.046
2015,12,전라북도,김제시,백구면,마산리,마산천,4.3,7.9,12.6,4.6,9.3,16.5,7.216,0.210
2015,12,전라북도,완주군,삼례읍,,삼례,11.0,7.8,11.7,1.4,6.5,4.4,6.305,0.077
2015,12,전라북도,익산시,춘포면,인수리,익산천1,7.9,8.1,13.0,1.2,4.3,3.9,4.588,0.109
2015,12,전라북도,익산시,춘포면,인수리,익산천2,7.9,7.5,15.5,4.7,7.4,6.6,7.244,0.525
2015,12,전라북도,군산시,대야면,광교리,탑천,8.4,7.3,10.9,2.5,8.9,20.2,4.099,0.131
2015,12,전라북도,김제시,백구면,백구리,김제,8.4,7.8,10.9,2.9,7.1,8.3,5.071,0.097
2015,12,전라북도,김제시,백구면,월봉리,용암천,4.2,7.8,12.0,3.3,8.7,29.5,7.368,0.171
2015,12,전라북도,전주시완산구,서신동,,삼천3,9.3,8.0,13.6,1.5,3.0,3.1,3.927,0.044
2015,12,전라북도,전주시완산구,평화동3가,,삼천1,9.8,8.1,13.8,0.8,2.3,3.8,4.162,0.035
2015,12,전라북도,전주시완산구,효자동2가,,삼천2,9.7,7.9,13.6,1.3,3.0,2.2,3.793,0.038
2015,12,전라북도,완주군,소양면,황운리,소양천1,9.3,7.9,13.7,0.5,1.2,0.8,4.776,0.021
2015,12,전라북도,완주군,용진읍,상운리,소양천2,8.2,8.0,10.1,0.7,1.6,1.8,4.780,0.023
2015,12,전라북도,익산시,춘포면,용연리,익산천3,7.1,7.8,13.6,1.1,4.3,6.4,4.790,0.224
2015,12,전라북도,전주시덕진구,고랑동,,전주천7,12.5,7.3,9.4,2.8,9.3,4.4,5.844,0.086
2015,12,전라북도,전주시덕진구,전미동1가,,전주,7.2,8.0,12.7,1.1,3.4,2.9,3.543,0.087
2015,12,전라북도,전주시완산구,대성동,,전주천1,10.7,7.5,13.4,0.7,1.6,0.4,4.003,0.019
2015,12,전라북도,완주군,고산면,읍내리,고산,8.5,8.6,14.5,0.6,2.0,1.0,4.392,0.017
2015,12,전라북도,무주군,무주읍,대차리,무주남대천2,7.6,8.4,14.9,0.8,2.4,1.4,2.810,0.017
2015,12,전라북도,무주군,무주읍,읍내리,무주남대천1,5.9,8.2,13.9,0.6,1.9,1.0,2.382,0.011
2015,12,전라북도,무주군,무주읍,읍내리,무주남대천3,6.7,7.7,13.7,0.7,2.7,0.9,2.837,0.038
2015,12,전라북도,부안군,상서면,청림리,백천내,11.0,6.3,9.8,0.5,1.5,0.2,3.080,0.004
2015,12,전라북도,무주군,안성면,진도리,구량천,6.8,7.9,11.7,0.9,2.3,1.7,2.559,0.036
2015,12,전라북도,진안군,정천면,월평리,정자천,8.2,7.3,12.4,0.5,1.6,0.6,3.618,0.024
2015,12,전라북도,진안군,진안읍,운산리,진안천,11.0,7.6,10.9,1.4,3.0,2.8,4.793,0.081
2015,12,전라북도,진안군,진안읍,가막리,가막,7.0,7.5,11.7,0.5,2.7,2.5,4.069,0.037
2015,12,전라북도,무주군,무주읍,용포리,용포,7.1,8.7,13.4,0.6,2.6,1.1,1.707,0.013
2015,12,전라북도,진안군,용담면,송풍리,용담,10.0,7.3,10.9,0.5,2.9,0.8,1.558,0.088
2015,12,전라북도,남원시,운봉읍,,람천2,7.6,8.0,12.4,0.5,3.6,2.7,1.603,0.022
2015,12,전라북도,남원시,인월면,중군리,람천1,8.5,8.2,12.6,0.8,3.6,9.2,2.783,0.051
2015,12,전라북도,임실군,관촌면,방수리,관촌,6.6,7.0,12.5,0.7,1.9,0.9,3.226,0.011
2015,12,전라북도,임실군,운암면,학암리,운암,9.1,8.6,14.0,1.5,3.6,7.5,3.368,0.027
2015,12,전라북도,정읍시,산내면,매죽리,추령천,6.7,7.1,13.0,0.7,1.6,0.3,3.247,0.012
2015,12,전라북도,임실군,강진면,용수리,임실,6.8,7.4,12.5,0.7,1.7,0.3,1.920,0.008
2015,12,전라북도,순창군,동계면,구미리,동계,9.7,8.0,12.8,0.5,2.6,3.1,2.393,0.015
2015,12,전라북도,순창군,구림면,안정리,치천,6.5,7.1,13.6,0.9,1.8,0.5,1.774,0.013
2015,12,전라북도,남원시,대강면,풍산리,수홍천,7.0,6.9,12.8,1.1,2.7,1.1,1.814,0.030
2015,12,전라북도,순창군,유등면,유촌리,옥택천,6.8,7.0,13.5,1.1,2.9,3.4,1.613,0.031
2015,12,전라북도,순창군,적성면,고원리,적성,7.3,8.1,13.1,0.7,3.1,2.2,2.439,0.020
2015,12,전라북도,남원시,금지면,귀석리,남원,10.1,8.4,13.0,1.3,2.0,1.7,2.330,0.027
2015,12,전라북도,남원시,대강면,월탄리,대강,6.5,7.3,13.4,1.4,3.3,4.0,2.303,0.036
2015,12,전라북도,장수군,산서면,사상리,오수천1,6.7,6.9,13.0,1.0,2.7,1.5,1.562,0.033
2015,12,전라북도,남원시,덕과면,사율리,율천,6.7,7.0,13.0,0.9,3.2,1.4,1.063,0.054
2015,12,전라북도,남원시,사매면,서도리,월평천,6.7,7.0,13.1,1.1,3.7,1.0,1.567,0.037
2015,12,전라북도,순창군,동계면,서호리,오수천2,6.0,7.1,14.1,0.8,3.1,1.3,2.148,0.029
2015,12,전라북도,임실군,삼계면,후천리,후곡천,5.4,7.1,13.2,1.5,3.1,2.6,1.320,0.034
2015,12,전라북도,남원시,산동면,월석리,요천1,5.8,7.4,11.9,0.7,1.8,0.8,2.595,0.009
2015,12,전라북도,남원시,금지면,창산리,요천2,10.5,8.3,12.7,1.6,2.8,4.0,3.125,0.034
2015,12,전라북도,남원시,송동면,세전리,요천3,7.2,7.4,13.8,1.4,3.0,2.9,2.718,0.036
2015,12,전라북도,고창군,아산면,구암리,주진천1,6.3,8.1,13.9,1.7,5.7,7.3,4.227,0.110
2015,12,전라북도,고창군,아산면,반암리,주진천2,6.4,8.4,12.5,1.6,6.5,15.4,4.353,0.123
2016,01,전라북도,익산시,성당면,부곡리,산북천,3.7,7.8,14.0,6.3,15.3,18.1,8.853,0.560
2016,01,전라북도,익산시,망성면,무형리,마산천,5.4,8.2,9.7,1.0,3.7,2.8,4.960,0.203
2016,01,전라북도,부안군,동진면,하장리,고부천2,5.4,8.1,12.4,4.6,7.0,15.7,4.475,0.105
2016,01,전라북도,부안군,동진면,하장리,고부천3,2.1,7.7,14.1,2.8,9.0,24.3,5.073,0.130
2016,01,전라북도,정읍시,영원면,앵성리,고부천1,4.8,8.2,12.5,4.0,6.3,22.0,4.855,0.145
2016,01,전라북도,김제시,부량면,옥정리,동진강3,2.9,7.6,15.5,2.1,6.3,9.9,4.803,0.067
2016,01,전라북도,정읍시,신태인읍,,동진강2,1.1,7.7,14.7,1.8,3.3,4.2,3.513,0.028
2016,01,전라북도,정읍시,신태인읍,구석리,용호천,5.2,8.0,12.9,1.7,3.9,7.1,4.068,0.050
2016,01,전라북도,정읍시,옹동면,산성리,동진강1,3.8,8.6,15.9,0.2,2.9,4.7,2.921,0.031
2016,01,전라북도,김제시,성덕면,남포리,신평천,2.6,7.9,7.0,5.9,15.0,18.9,2.413,0.198
2016,01,전라북도,김제시,죽산면,대창리,원평천3,3.3,8.1,15.8,4.2,9.7,11.8,3.960,0.085
2016,01,전라북도,김제시,봉남면,용신리,원평천1,1.4,7.7,15.7,1.0,5.6,10.9,5.114,0.048
2016,01,전라북도,김제시,죽산면,죽산리,원평천2,2.2,7.8,15.9,2.1,7.9,10.1,4.347,0.065
2016,01,전라북도,정읍시,공평동,,정읍천3,5.5,8.2,12.7,1.4,2.3,1.8,3.849,0.021
2016,01,전라북도,정읍시,송산동,,정읍천1,5.3,8.2,13.1,0.6,1.5,0.8,4.350,0.010
2016,01,전라북도,정읍시,연지동,,정읍천2,6.1,8.7,12.2,0.8,1.6,0.7,2.663,0.009
2016,01,전라북도,정읍시,이평면,하송리,정읍천4,5.6,7.9,16.2,2.0,8.4,7.8,6.021,0.067
2016,01,전라북도,정읍시,하모동,,천원천,4.9,8.6,13.0,1.2,2.4,3.1,3.877,0.026
2016,01,전라북도,김제시,백구면,마산리,마산천,6.2,8.9,11.0,4.1,5.0,19.0,8.506,0.272
2016,01,전라북도,완주군,삼례읍,,삼례,7.8,7.5,10.4,4.8,9.2,9.3,7.132,0.077
2016,01,전라북도,익산시,춘포면,인수리,익산천1,6.3,7.8,12.9,1.0,4.3,3.3,5.140,0.142
2016,01,전라북도,익산시,춘포면,인수리,익산천2,6.1,7.8,14.0,3.2,7.7,7.4,7.092,0.447
2016,01,전라북도,군산시,대야면,광교리,탑천,3.4,8.1,12.5,3.9,9.6,10.9,6.544,0.165
2016,01,전라북도,김제시,백구면,백구리,김제,4.4,7.5,13.6,4.1,10.1,6.8,7.394,0.109
2016,01,전라북도,김제시,백구면,월봉리,용암천,3.2,8.2,9.3,4.2,7.8,32.0,9.060,0.244
2016,01,전라북도,전주시완산구,서신동,,삼천3,5.2,7.9,12.3,1.6,3.1,4.0,3.543,0.067
2016,01,전라북도,전주시완산구,평화동3가,,삼천1,5.4,7.9,11.4,0.8,1.8,2.2,3.619,0.036
2016,01,전라북도,전주시완산구,효자동2가,,삼천2,5.3,7.8,12.3,1.1,3.0,10.0,3.606,0.048
2016,01,전라북도,완주군,소양면,황운리,소양천1,5.6,8.1,8.3,0.7,1.5,0.6,4.644,0.034
2016,01,전라북도,완주군,용진읍,상운리,소양천2,5.0,8.0,10.0,0.8,2.4,1.6,5.624,0.036
2016,01,전라북도,익산시,춘포면,용연리,익산천3,6.2,8.1,14.6,4.6,10.9,48.9,7.274,0.608
2016,01,전라북도,전주시덕진구,고랑동,,전주천7,10.6,7.2,10.9,3.8,15.2,3.8,9.658,0.074
2016,01,전라북도,전주시덕진구,전미동1가,,전주,3.5,8.1,14.6,2.2,5.2,6.8,4.085,0.083
2016,01,전라북도,전주시완산구,대성동,,전주천1,8.0,8.0,9.5,0.5,1.2,0.2,3.624,0.012
2016,01,전라북도,완주군,고산면,읍내리,고산,4.0,8.4,14.3,1.1,3.1,6.8,3.955,0.006
2016,01,전라북도,무주군,무주읍,대차리,무주남대천2,0.3,8.1,15.1,0.2,2.8,2.8,3.686,0.014
2016,01,전라북도,무주군,무주읍,읍내리,무주남대천1,0.7,7.9,14.3,0.3,3.0,0.6,3.504,0.001
2016,01,전라북도,무주군,무주읍,읍내리,무주남대천3,0.7,8.0,16.2,0.7,2.3,0.7,3.246,0.012
2016,01,전라북도,부안군,상서면,청림리,백천내,9.0,6.7,11.9,0.6,1.2,0.3,1.811,0.006
2016,01,전라북도,무주군,안성면,진도리,구량천,0.5,7.7,15.4,0.6,2.1,1.2,3.685,0.011
2016,01,전라북도,진안군,정천면,월평리,정자천,0.9,8.2,14.4,0.5,1.5,0.6,3.045,0.006
2016,01,전라북도,진안군,진안읍,운산리,진안천,8.0,7.6,12.6,1.2,3.0,2.8,3.798,0.043
2016,01,전라북도,진안군,진안읍,가막리,가막,0.7,7.4,15.4,0.7,2.3,1.2,4.612,0.013
2016,01,전라북도,무주군,무주읍,용포리,용포,0.3,8.3,15.0,0.3,2.6,0.4,1.605,0.000
2016,01,전라북도,진안군,용담면,송풍리,용담,3.9,7.7,13.2,0.6,2.9,1.6,1.479,0.012
2016,01,전라북도,남원시,운봉읍,,람천2,0.5,8.2,15.1,0.2,3.2,3.2,2.234,0.007
2016,01,전라북도,남원시,인월면,중군리,람천1,1.5,8.3,15.8,0.5,3.5,1.0,3.159,0.021
2016,01,전라북도,임실군,관촌면,방수리,관촌,1.8,7.1,15.7,0.8,2.4,1.3,3.053,0.013
2016,01,전라북도,임실군,운암면,학암리,운암,0.2,8.3,15.6,1.3,3.7,3.0,2.860,0.015
2016,01,전라북도,정읍시,산내면,매죽리,추령천,0.5,7.2,13.7,0.7,1.7,1.3,3.310,0.005
2016,01,전라북도,임실군,강진면,용수리,임실,1.3,7.7,15.5,0.7,2.4,1.0,1.909,0.013
2016,01,전라북도,순창군,동계면,구미리,동계,0.8,7.8,15.9,0.5,2.4,0.1,2.142,0.003
2016,01,전라북도,순창군,구림면,안정리,치천,-0.1,7.6,14.3,0.6,1.8,0.8,2.679,0.014
2016,01,전라북도,남원시,대강면,풍산리,수홍천,1.2,7.4,12.7,0.5,1.9,1.1,3.621,0.023
2016,01,전라북도,순창군,유등면,유촌리,옥택천,1.4,7.3,14.4,0.6,2.0,1.1,2.522,0.015
2016,01,전라북도,순창군,적성면,고원리,적성,3.5,8.3,14.8,0.6,2.9,1.8,2.023,0.005
2016,01,전라북도,남원시,금지면,귀석리,남원,0.6,8.3,15.4,0.4,2.6,2.2,1.877,0.008
2016,01,전라북도,남원시,대강면,월탄리,대강,1.1,7.4,15.1,0.9,2.6,1.5,2.302,0.012
2016,01,전라북도,장수군,산서면,사상리,오수천1,1.7,6.9,15.2,0.5,1.7,0.6,2.733,0.018
2016,01,전라북도,남원시,덕과면,사율리,율천,2.9,7.3,15.6,0.7,3.1,4.8,2.053,0.057
2016,01,전라북도,남원시,사매면,서도리,월평천,2.5,7.2,15.2,0.7,2.6,1.1,3.289,0.023
2016,01,전라북도,순창군,동계면,서호리,오수천2,1.2,7.6,16.9,1.3,2.7,1.3,2.305,0.013
2016,01,전라북도,임실군,삼계면,후천리,후곡천,1.2,7.6,16.5,0.9,2.7,1.9,2.333,0.020
2016,01,전라북도,남원시,산동면,월석리,요천1,0.5,6.3,14.8,0.4,1.3,1.2,2.629,0.024
2016,01,전라북도,남원시,금지면,창산리,요천2,1.0,8.8,14.7,1.0,5.1,11.9,4.187,0.062
2016,01,전라북도,남원시,송동면,세전리,요천3,2.4,7.3,17.3,1.5,3.6,3.7,4.047,0.037
2016,01,전라북도,고창군,아산면,구암리,주진천1,3.7,8.4,13.8,1.3,5.1,3.6,4.505,0.065
2016,01,전라북도,고창군,아산면,반암리,주진천2,4.1,8.2,13.8,1.2,4.4,4.8,4.294,0.036
2016,02,전라북도,익산시,성당면,부곡리,산북천,6.0,7.9,13.3,8.2,14.2,27.8,7.849,0.428
2016,02,전라북도,익산시,망성면,무형리,마산천,5.6,7.4,12.9,1.6,5.8,3.4,6.540,0.242
2016,02,전라북도,부안군,동진면,하장리,고부천2,1.4,8.0,13.7,4.1,9.8,24.5,4.325,0.114
2016,02,전라북도,부안군,동진면,하장리,고부천3,3.4,7.4,14.0,3.4,10.3,27.2,3.442,0.154
2016,02,전라북도,정읍시,영원면,앵성리,고부천1,2.5,8.0,13.7,3.9,9.2,24.0,5.038,0.088
2016,02,전라북도,김제시,부량면,옥정리,동진강3,5.0,7.5,13.5,2.7,7.1,12.9,4.745,0.110
2016,02,전라북도,정읍시,신태인읍,,동진강2,2.8,8.1,14.7,0.8,4.4,7.3,3.786,0.050
2016,02,전라북도,정읍시,신태인읍,구석리,용호천,2.4,8.0,13.4,1.9,6.1,12.5,4.502,0.071
2016,02,전라북도,정읍시,옹동면,산성리,동진강1,3.1,7.9,15.2,0.2,2.6,1.3,3.521,0.013
2016,02,전라북도,김제시,성덕면,남포리,신평천,6.1,8.2,9.9,6.2,15.5,52.2,4.363,0.177
2016,02,전라북도,김제시,죽산면,대창리,원평천3,5.2,7.4,13.5,4.8,11.1,22.7,4.032,0.147
2016,02,전라북도,김제시,봉남면,용신리,원평천1,3.3,8.6,13.2,1.7,6.6,7.8,4.100,0.060
2016,02,전라북도,김제시,죽산면,죽산리,원평천2,5.9,8.0,12.9,3.1,9.8,34.3,3.967,0.104
2016,02,전라북도,정읍시,공평동,,정읍천3,2.2,8.1,13.5,1.5,3.3,3.3,4.565,0.032
2016,02,전라북도,정읍시,송산동,,정읍천1,2.9,8.6,13.5,0.7,1.5,0.2,4.844,0.009
2016,02,전라북도,정읍시,연지동,,정읍천2,2.4,8.2,14.4,0.8,2.2,0.6,5.006,0.017
2016,02,전라북도,정읍시,이평면,하송리,정읍천4,6.3,8.0,13.9,7.4,12.2,14.1,7.312,0.301
2016,02,전라북도,정읍시,하모동,,천원천,2.2,8.1,14.0,1.5,3.5,7.6,4.854,0.029
2016,02,전라북도,김제시,백구면,마산리,마산천,8.3,8.2,15.8,3.2,7.0,18.0,6.068,0.232
2016,02,전라북도,완주군,삼례읍,,삼례,7.3,8.1,12.4,3.1,8.2,5.9,7.822,0.058
2016,02,전라북도,익산시,춘포면,인수리,익산천1,3.0,7.9,14.1,1.7,5.1,8.2,4.285,0.113
2016,02,전라북도,익산시,춘포면,인수리,익산천2,3.1,7.5,14.8,4.3,7.4,13.2,6.875,0.375
2016,02,전라북도,군산시,대야면,광교리,탑천,5.6,7.7,11.8,4.7,11.9,19.1,5.023,0.150
2016,02,전라북도,김제시,백구면,백구리,김제,6.5,7.5,11.8,4.0,10.2,9.4,7.043,0.130
2016,02,전라북도,김제시,백구면,월봉리,용암천,4.4,7.8,12.3,3.7,9.6,45.0,8.526,0.272
2016,02,전라북도,전주시완산구,서신동,,삼천3,4.4,8.1,12.4,2.0,4.4,7.4,3.908,0.074
2016,02,전라북도,전주시완산구,평화동3가,,삼천1,4.8,8.1,13.8,0.9,2.8,2.8,4.256,0.044
2016,02,전라북도,전주시완산구,효자동2가,,삼천2,4.6,8.0,13.6,1.9,4.7,19.4,4.111,0.071
2016,02,전라북도,완주군,소양면,황운리,소양천1,6.7,8.3,12.9,0.6,1.7,0.8,4.572,0.010
2016,02,전라북도,완주군,용진읍,상운리,소양천2,6.2,8.3,12.9,0.9,2.7,2.2,4.940,0.014
2016,02,전라북도,익산시,춘포면,용연리,익산천3,2.8,7.8,15.7,1.9,9.3,17.9,5.970,0.300
2016,02,전라북도,전주시덕진구,고랑동,,전주천7,9.6,7.2,10.5,3.6,10.8,4.9,8.526,0.091
2016,02,전라북도,전주시덕진구,전미동1가,,전주,5.4,7.9,13.4,2.4,5.5,5.4,3.729,0.083
2016,02,전라북도,전주시완산구,대성동,,전주천1,5.0,8.3,13.5,0.6,1.6,0.7,3.598,0.022
2016,02,전라북도,완주군,고산면,읍내리,고산,4.0,7.8,15.6,2.2,3.2,0.6,2.435,0.014
2016,02,전라북도,무주군,무주읍,대차리,무주남대천2,1.4,7.9,15.1,1.7,2.4,0.4,3.533,0.005
2016,02,전라북도,무주군,무주읍,읍내리,무주남대천1,1.5,7.8,14.0,1.1,2.8,0.2,3.827,0.001
2016,02,전라북도,무주군,무주읍,읍내리,무주남대천3,2.7,7.5,15.2,0.7,3.0,0.9,3.404,0.029
2016,02,전라북도,부안군,상서면,청림리,백천내,6.0,6.5,12.5,0.5,1.1,0.7,2.975,0.009
2016,02,전라북도,무주군,안성면,진도리,구량천,1.6,7.8,15.2,0.6,2.8,1.4,2.879,0.017
2016,02,전라북도,진안군,정천면,월평리,정자천,3.0,8.0,15.0,0.4,2.1,0.8,2.978,0.012
2016,02,전라북도,진안군,진안읍,운산리,진안천,3.0,7.6,13.9,1.3,2.8,2.4,3.716,0.040
2016,02,전라북도,진안군,진안읍,가막리,가막,2.1,7.6,14.7,0.7,2.7,1.7,3.733,0.023
2016,02,전라북도,무주군,무주읍,용포리,용포,1.8,8.1,15.0,0.7,2.1,0.4,1.577,0.001
2016,02,전라북도,진안군,용담면,송풍리,용담,3.9,7.6,14.1,0.6,2.9,2.2,1.489,0.018
2016,02,전라북도,남원시,운봉읍,,람천2,2.1,8.5,14.0,0.2,2.8,1.4,1.410,0.019
2016,02,전라북도,남원시,인월면,중군리,람천1,2.1,8.7,14.0,0.8,4.2,5.2,2.432,0.044
2016,02,전라북도,임실군,관촌면,방수리,관촌,3.0,6.9,14.9,0.7,2.0,2.2,3.273,0.010
2016,02,전라북도,임실군,운암면,학암리,운암,4.8,8.6,15.8,0.6,2.9,3.5,3.009,0.013
2016,02,전라북도,정읍시,산내면,매죽리,추령천,3.6,7.1,15.4,0.7,1.7,1.1,3.413,0.006
2016,02,전라북도,임실군,강진면,용수리,임실,4.3,7.6,14.7,0.6,2.0,1.0,2.019,0.005
2016,02,전라북도,순창군,동계면,구미리,동계,5.4,8.0,14.7,0.1,2.2,0.5,2.455,0.004
2016,02,전라북도,순창군,구림면,안정리,치천,2.7,7.6,15.2,0.5,1.6,0.6,2.724,0.008
2016,02,전라북도,남원시,대강면,풍산리,수홍천,4.1,7.5,15.0,0.5,1.8,0.9,2.866,0.015
2016,02,전라북도,순창군,유등면,유촌리,옥택천,4.4,7.7,16.5,0.5,1.8,0.7,2.323,0.010
2016,02,전라북도,순창군,적성면,고원리,적성,4.1,8.6,14.5,0.7,3.2,1.1,2.079,0.006
2016,02,전라북도,남원시,금지면,귀석리,남원,4.6,8.5,13.4,0.6,4.1,3.8,2.152,0.013
2016,02,전라북도,남원시,대강면,월탄리,대강,4.7,7.5,14.6,1.0,2.9,1.7,2.321,0.016
2016,02,전라북도,장수군,산서면,사상리,오수천1,4.0,7.3,14.4,0.6,2.1,2.1,2.750,0.021
2016,02,전라북도,남원시,덕과면,사율리,율천,4.9,7.3,14.7,0.7,2.6,1.2,1.576,0.027
2016,02,전라북도,남원시,사매면,서도리,월평천,4.5,7.2,15.4,0.8,2.9,4.8,2.783,0.042
2016,02,전라북도,순창군,동계면,서호리,오수천2,4.3,8.0,16.4,0.9,3.1,2.2,2.045,0.021
2016,02,전라북도,임실군,삼계면,후천리,후곡천,2.8,7.3,15.5,0.7,2.4,1.9,1.747,0.018
2016,02,전라북도,남원시,산동면,월석리,요천1,2.5,7.3,13.4,0.5,1.5,1.2,2.816,0.017
2016,02,전라북도,남원시,금지면,창산리,요천2,4.8,8.0,13.4,0.8,3.3,2.8,3.120,0.022
2016,02,전라북도,남원시,송동면,세전리,요천3,5.3,7.5,14.1,1.2,3.2,2.3,3.388,0.035
2016,02,전라북도,고창군,아산면,구암리,주진천1,3.8,8.8,14.7,1.2,5.0,9.4,2.749,0.061
2016,02,전라북도,고창군,아산면,반암리,주진천2,4.3,8.2,14.0,0.9,5.3,7.8,3.081,0.055
2016,03,전라북도,익산시,성당면,부곡리,산북천,11.6,8.2,11.4,6.8,15.4,44.0,7.623,0.246
2016,03,전라북도,익산시,망성면,무형리,마산천,5.4,8.1,12.3,3.1,6.9,7.3,5.384,0.298
2016,03,전라북도,부안군,동진면,하장리,고부천2,9.5,8.1,12.8,3.7,8.0,46.0,2.705,0.166
2016,03,전라북도,부안군,동진면,하장리,고부천3,10.8,7.5,12.5,2.9,10.8,35.8,3.817,0.116
2016,03,전라북도,정읍시,영원면,앵성리,고부천1,10.2,8.1,11.8,3.4,7.5,78.0,3.294,0.219
2016,03,전라북도,김제시,부량면,옥정리,동진강3,9.2,7.6,12.6,2.8,7.4,14.0,5.941,0.249
2016,03,전라북도,정읍시,신태인읍,,동진강2,9.6,6.9,13.2,0.9,3.8,7.0,3.614,0.048
2016,03,전라북도,정읍시,신태인읍,구석리,용호천,8.5,8.0,14.5,2.1,4.8,6.0,3.427,0.045
2016,03,전라북도,정읍시,옹동면,산성리,동진강1,10.5,6.9,13.7,0.8,3.1,1.2,3.042,0.012
2016,03,전라북도,김제시,성덕면,남포리,신평천,9.5,8.6,16.2,5.4,16.4,17.7,4.673,0.089
2016,03,전라북도,김제시,죽산면,대창리,원평천3,10.0,7.6,12.3,4.2,10.1,33.6,3.694,0.099
2016,03,전라북도,김제시,봉남면,용신리,원평천1,9.0,8.4,11.9,1.4,5.7,17.9,4.614,0.058
2016,03,전라북도,김제시,죽산면,죽산리,원평천2,10.6,8.2,15.8,4.7,12.7,19.1,3.916,0.086
2016,03,전라북도,정읍시,공평동,,정읍천3,8.3,8.0,13.5,1.2,2.9,3.0,3.533,0.027
2016,03,전라북도,정읍시,송산동,,정읍천1,7.3,8.2,13.3,0.6,1.9,0.9,2.601,0.011
2016,03,전라북도,정읍시,연지동,,정읍천2,8.4,8.2,14.1,0.5,1.9,0.9,3.251,0.022
2016,03,전라북도,정읍시,이평면,하송리,정읍천4,13.0,7.7,11.9,1.3,5.8,7.4,4.939,0.054
2016,03,전라북도,정읍시,하모동,,천원천,8.0,8.1,13.3,1.4,3.1,5.6,3.764,0.041
2016,03,전라북도,김제시,백구면,마산리,마산천,13.4,8.0,11.2,4.9,11.8,114.0,4.973,0.477
2016,03,전라북도,완주군,삼례읍,,삼례,15.7,7.6,11.0,5.5,9.4,10.5,8.473,0.057
2016,03,전라북도,익산시,춘포면,인수리,익산천1,16.3,7.9,12.3,3.3,7.5,16.0,4.376,0.153
2016,03,전라북도,익산시,춘포면,인수리,익산천2,15.1,8.2,13.8,6.9,9.2,21.4,5.896,0.464
2016,03,전라북도,군산시,대야면,광교리,탑천,10.4,7.9,13.2,5.0,9.3,11.3,5.519,0.059
2016,03,전라북도,김제시,백구면,백구리,김제,11.6,7.4,11.4,3.8,8.9,14.5,6.839,0.108
2016,03,전라북도,김제시,백구면,월봉리,용암천,11.3,7.9,11.3,7.9,18.8,158.0,6.053,0.605
2016,03,전라북도,전주시완산구,서신동,,삼천3,7.8,8.0,12.6,1.9,3.9,5.2,2.518,0.039
2016,03,전라북도,전주시완산구,평화동3가,,삼천1,6.1,8.5,13.4,1.4,3.1,2.0,2.350,0.033
2016,03,전라북도,전주시완산구,효자동2가,,삼천2,7.3,8.2,13.0,1.9,3.8,4.0,2.592,0.036
2016,03,전라북도,완주군,소양면,황운리,소양천1,10.9,8.0,10.9,0.7,1.9,1.7,5.690,0.029
2016,03,전라북도,완주군,용진읍,상운리,소양천2,10.5,8.0,11.4,1.0,2.8,7.9,5.618,0.032
2016,03,전라북도,익산시,춘포면,용연리,익산천3,15.2,8.3,14.7,5.3,10.0,36.2,5.198,0.427
2016,03,전라북도,전주시덕진구,고랑동,,전주천7,12.7,7.5,10.2,3.1,9.1,5.2,8.305,0.068
2016,03,전라북도,전주시덕진구,전미동1가,,전주,10.9,7.9,12.9,1.9,5.3,7.8,4.344,0.065
2016,03,전라북도,전주시완산구,대성동,,전주천1,6.2,8.5,13.5,0.7,1.9,0.3,3.545,0.047
2016,03,전라북도,완주군,고산면,읍내리,고산,12.3,8.5,12.6,0.9,2.9,1.6,3.845,0.007
2016,03,전라북도,무주군,무주읍,대차리,무주남대천2,9.1,7.4,14.7,1.0,2.9,2.6,3.042,0.012
2016,03,전라북도,무주군,무주읍,읍내리,무주남대천1,7.5,7.6,14.0,0.1,3.0,0.4,2.807,0.000
2016,03,전라북도,무주군,무주읍,읍내리,무주남대천3,8.9,8.0,12.9,0.6,2.6,2.4,2.663,0.018
2016,03,전라북도,부안군,상서면,청림리,백천내,10.0,6.9,11.7,1.0,1.9,0.3,1.286,0.008
2016,03,전라북도,무주군,안성면,진도리,구량천,6.4,8.0,13.6,0.7,2.4,1.8,3.031,0.020
2016,03,전라북도,진안군,정천면,월평리,정자천,6.6,7.7,13.5,0.6,2.2,2.3,2.753,0.013
2016,03,전라북도,진안군,진안읍,운산리,진안천,8.0,7.6,13.1,1.4,2.9,1.7,4.387,0.047
2016,03,전라북도,진안군,진안읍,가막리,가막,7.4,8.0,12.9,0.9,2.9,2.3,3.949,0.024
2016,03,전라북도,무주군,무주읍,용포리,용포,6.6,7.4,13.8,0.3,2.7,0.5,1.799,0.000
2016,03,전라북도,진안군,용담면,송풍리,용담,6.7,7.4,13.1,0.4,2.7,2.3,2.183,0.010
2016,03,전라북도,남원시,운봉읍,,람천2,6.8,7.5,13.3,0.3,2.1,2.8,2.942,0.027
2016,03,전라북도,남원시,인월면,중군리,람천1,8.7,7.4,13.8,0.6,2.9,4.9,1.752,0.007
2016,03,전라북도,임실군,관촌면,방수리,관촌,7.8,7.1,14.0,0.9,2.3,1.9,2.968,0.013
2016,03,전라북도,임실군,운암면,학암리,운암,9.7,8.4,13.5,0.6,2.5,2.1,3.493,0.012
2016,03,전라북도,정읍시,산내면,매죽리,추령천,8.5,7.1,13.6,0.9,2.2,2.3,3.187,0.012
2016,03,전라북도,임실군,강진면,용수리,임실,8.5,7.2,13.7,0.9,2.4,1.4,1.952,0.011
2016,03,전라북도,순창군,동계면,구미리,동계,8.2,7.9,13.2,0.7,2.5,1.6,2.397,0.006
2016,03,전라북도,순창군,구림면,안정리,치천,6.6,7.4,14.1,1.1,1.7,0.6,2.256,0.008
2016,03,전라북도,남원시,대강면,풍산리,수홍천,7.6,7.2,13.5,1.4,3.1,4.0,2.719,0.032
2016,03,전라북도,순창군,유등면,유촌리,옥택천,8.3,7.1,14.3,1.4,3.0,12.0,2.203,0.045
2016,03,전라북도,순창군,적성면,고원리,적성,8.7,8.2,12.1,1.3,3.5,2.8,2.293,0.011
2016,03,전라북도,남원시,금지면,귀석리,남원,11.6,8.2,11.1,2.8,7.2,19.9,2.668,0.080
2016,03,전라북도,남원시,대강면,월탄리,대강,9.4,7.3,13.2,1.4,3.1,6.2,2.103,0.030
2016,03,전라북도,장수군,산서면,사상리,오수천1,8.1,7.0,12.0,1.2,2.5,8.1,2.461,0.017
2016,03,전라북도,남원시,덕과면,사율리,율천,9.2,7.2,12.0,3.4,5.8,3.1,1.526,0.030
2016,03,전라북도,남원시,사매면,서도리,월평천,8.4,7.2,13.5,1.6,3.9,5.1,2.492,0.040
2016,03,전라북도,순창군,동계면,서호리,오수천2,9.3,7.4,13.8,1.3,3.3,4.6,2.082,0.026
2016,03,전라북도,임실군,삼계면,후천리,후곡천,7.9,7.4,13.0,1.3,3.1,2.4,1.586,0.016
2016,03,전라북도,남원시,산동면,월석리,요천1,6.2,7.1,13.5,1.0,2.8,18.6,2.654,0.055
2016,03,전라북도,남원시,금지면,창산리,요천2,10.8,7.8,11.4,1.9,4.0,13.4,3.035,0.045
2016,03,전라북도,남원시,송동면,세전리,요천3,9.9,7.5,13.6,1.7,4.0,5.6,3.038,0.038
2016,03,전라북도,고창군,아산면,구암리,주진천1,4.3,7.8,12.6,2.3,5.7,15.7,4.684,0.065
2016,03,전라북도,고창군,아산면,반암리,주진천2,9.6,8.3,12.7,2.0,5.3,13.0,4.516,0.038
2016,04,전라북도,익산시,성당면,부곡리,산북천,17.1,8.2,10.7,6.3,16.2,16.4,6.113,0.209
2016,04,전라북도,익산시,망성면,무형리,마산천,16.4,7.8,9.2,5.6,11.6,35.6,3.310,0.320
2016,04,전라북도,부안군,동진면,하장리,고부천2,16.1,8.2,12.7,3.5,7.0,7.3,3.344,0.088
2016,04,전라북도,부안군,동진면,하장리,고부천3,15.5,7.7,10.6,3.6,9.8,16.2,4.402,0.111
2016,04,전라북도,정읍시,영원면,앵성리,고부천1,15.6,8.2,10.6,3.7,8.1,12.0,2.993,0.082
2016,04,전라북도,김제시,부량면,옥정리,동진강3,16.6,7.5,10.7,3.0,7.2,21.1,3.898,0.093
2016,04,전라북도,정읍시,신태인읍,,동진강2,15.7,7.9,9.9,0.5,5.0,12.6,3.529,0.070
2016,04,전라북도,정읍시,신태인읍,구석리,용호천,14.0,8.3,9.9,2.3,5.4,5.0,2.576,0.019
2016,04,전라북도,정읍시,옹동면,산성리,동진강1,15.3,8.5,11.3,0.5,3.1,4.2,3.106,0.014
2016,04,전라북도,김제시,성덕면,남포리,신평천,16.6,7.9,11.4,8.0,14.7,21.9,5.750,0.085
2016,04,전라북도,김제시,죽산면,대창리,원평천3,15.7,7.9,11.0,4.5,10.4,13.4,4.205,0.121
2016,04,전라북도,김제시,봉남면,용신리,원평천1,17.5,7.7,10.2,1.1,6.2,11.2,3.618,0.051
2016,04,전라북도,김제시,죽산면,죽산리,원평천2,16.4,8.2,12.3,6.2,12.8,20.4,4.227,0.109
2016,04,전라북도,정읍시,공평동,,정읍천3,14.1,8.2,9.9,1.9,5.1,7.0,2.727,0.023
2016,04,전라북도,정읍시,송산동,,정읍천1,13.5,8.1,10.7,1.1,2.9,0.9,2.321,0.009
2016,04,전라북도,정읍시,연지동,,정읍천2,14.1,8.3,11.5,1.2,3.3,1.8,3.244,0.021
2016,04,전라북도,정읍시,이평면,하송리,정읍천4,16.2,7.5,9.2,5.0,12.1,18.8,5.214,0.227
2016,04,전라북도,정읍시,하모동,,천원천,14.3,8.2,11.2,2.1,5.5,6.3,2.798,0.017
2016,04,전라북도,김제시,백구면,마산리,마산천,15.6,9.1,13.2,5.1,12.0,24.0,5.848,0.445
2016,04,전라북도,완주군,삼례읍,,삼례,18.3,7.3,10.3,3.7,13.5,9.0,13.184,0.000
2016,04,전라북도,익산시,춘포면,인수리,익산천1,18.7,7.5,6.4,3.8,7.3,15.9,4.498,0.061
2016,04,전라북도,익산시,춘포면,인수리,익산천2,18.7,7.7,10.9,18.7,17.8,25.2,10.893,0.897
2016,04,전라북도,군산시,대야면,광교리,탑천,15.8,7.6,9.1,6.2,13.9,95.1,4.817,0.145
2016,04,전라북도,김제시,백구면,백구리,김제,17.6,7.5,10.1,4.3,10.6,31.4,6.034,0.127
2016,04,전라북도,김제시,백구면,월봉리,용암천,16.2,8.1,11.9,9.2,19.2,28.5,6.920,0.605
2016,04,전라북도,전주시완산구,서신동,,삼천3,14.2,7.9,11.5,2.3,5.5,6.8,3.314,0.088
2016,04,전라북도,전주시완산구,평화동3가,,삼천1,13.4,8.0,10.5,1.6,3.6,2.8,3.289,0.031
2016,04,전라북도,전주시완산구,효자동2가,,삼천2,13.8,8.1,11.3,1.7,4.0,3.2,3.290,0.075
2016,04,전라북도,완주군,소양면,황운리,소양천1,13.2,8.0,11.0,0.9,2.3,0.8,4.202,0.021
2016,04,전라북도,완주군,용진읍,상운리,소양천2,14.8,7.7,9.3,1.2,3.1,2.0,4.539,0.009
2016,04,전라북도,익산시,춘포면,용연리,익산천3,17.3,8.1,13.1,6.3,12.9,52.4,9.653,0.610
2016,04,전라북도,전주시덕진구,고랑동,,전주천7,17.2,7.5,8.8,4.6,11.1,10.6,8.162,0.088
2016,04,전라북도,전주시덕진구,전미동1가,,전주,16.7,8.3,11.1,2.4,5.8,8.8,3.440,0.092
2016,04,전라북도,전주시완산구,대성동,,전주천1,12.2,8.4,11.4,0.6,2.0,0.8,3.793,0.007
2016,04,전라북도,완주군,고산면,읍내리,고산,13.7,8.2,12.8,0.6,3.2,2.3,2.973,0.000
2016,04,전라북도,무주군,무주읍,대차리,무주남대천2,11.0,8.3,12.1,0.7,3.5,4.0,2.361,0.006
2016,04,전라북도,무주군,무주읍,읍내리,무주남대천1,10.8,7.8,11.8,0.6,3.5,3.1,2.310,0.000
2016,04,전라북도,무주군,무주읍,읍내리,무주남대천3,14.4,7.9,11.8,0.8,3.3,3.0,2.219,0.017
2016,04,전라북도,부안군,상서면,청림리,백천내,11.0,7.2,10.8,0.6,1.8,0.0,1.374,0.003
2016,04,전라북도,무주군,안성면,진도리,구량천,11.1,7.8,12.6,1.0,3.6,3.5,2.273,0.017
2016,04,전라북도,진안군,정천면,월평리,정자천,12.5,7.9,11.7,0.7,2.6,2.7,2.596,0.011
2016,04,전라북도,진안군,진안읍,운산리,진안천,12.0,7.7,10.7,1.4,4.6,14.8,3.518,0.030
2016,04,전라북도,진안군,진안읍,가막리,가막,13.3,7.8,11.5,1.6,4.9,8.0,3.551,0.057
2016,04,전라북도,무주군,무주읍,용포리,용포,10.6,8.6,12.0,0.4,3.5,2.5,2.246,0.000
2016,04,전라북도,진안군,용담면,송풍리,용담,12.3,7.7,11.9,0.5,3.6,1.5,2.231,0.010
2016,04,전라북도,남원시,운봉읍,,람천2,10.4,8.0,11.5,0.4,3.1,7.8,1.457,0.013
2016,04,전라북도,남원시,인월면,중군리,람천1,12.5,7.8,11.2,1.7,5.0,17.6,2.714,0.045
2016,04,전라북도,임실군,관촌면,방수리,관촌,13.6,7.2,10.6,1.0,3.1,12.0,2.453,0.035
2016,04,전라북도,임실군,운암면,학암리,운암,17.4,8.4,11.5,1.9,3.3,4.5,2.735,0.012
2016,04,전라북도,정읍시,산내면,매죽리,추령천,14.9,7.3,10.9,1.0,2.7,5.8,2.757,0.028
2016,04,전라북도,임실군,강진면,용수리,임실,14.4,7.3,11.0,0.8,2.7,2.4,1.766,0.017
2016,04,전라북도,순창군,동계면,구미리,동계,17.8,8.1,11.1,1.7,3.2,2.6,1.708,0.000
2016,04,전라북도,순창군,구림면,안정리,치천,13.1,7.6,11.4,0.8,2.9,3.0,2.219,0.055
2016,04,전라북도,남원시,대강면,풍산리,수홍천,14.5,7.2,11.2,4.2,5.4,13.0,2.470,0.150
2016,04,전라북도,순창군,유등면,유촌리,옥택천,14.6,7.2,12.2,1.3,4.3,14.2,2.479,0.118
2016,04,전라북도,순창군,적성면,고원리,적성,16.3,8.1,10.5,0.9,3.6,4.1,1.709,0.016
2016,04,전라북도,남원시,금지면,귀석리,남원,14.3,7.8,10.6,1.0,6.6,30.4,2.467,0.113
2016,04,전라북도,남원시,대강면,월탄리,대강,16.6,7.1,10.3,2.0,5.5,22.3,2.015,0.082
2016,04,전라북도,장수군,산서면,사상리,오수천1,13.4,7.0,11.7,1.4,4.2,5.2,2.183,0.084
2016,04,전라북도,남원시,덕과면,사율리,율천,15.4,7.2,11.3,2.2,6.4,12.5,1.958,0.146
2016,04,전라북도,남원시,사매면,서도리,월평천,15.0,7.1,11.6,2.9,6.7,33.0,2.777,0.266
2016,04,전라북도,순창군,동계면,서호리,오수천2,15.8,7.4,11.6,1.8,5.4,15.7,2.095,0.077
2016,04,전라북도,임실군,삼계면,후천리,후곡천,14.8,7.4,11.8,1.8,4.8,7.6,1.790,0.105
2016,04,전라북도,남원시,산동면,월석리,요천1,12.4,7.2,11.7,0.9,2.8,6.4,2.393,0.023
2016,04,전라북도,남원시,금지면,창산리,요천2,14.0,7.8,10.9,0.9,5.3,11.0,2.496,0.036
2016,04,전라북도,남원시,송동면,세전리,요천3,15.8,7.3,10.9,2.4,5.5,19.1,2.306,0.088
2016,04,전라북도,고창군,아산면,구암리,주진천1,15.0,8.2,11.9,3.8,6.2,14.2,4.318,0.114
2016,04,전라북도,고창군,아산면,반암리,주진천2,14.0,8.2,11.0,2.6,5.5,9.5,4.388,0.110
2016,05,전라북도,익산시,성당면,부곡리,산북천,20.2,7.6,8.7,6.3,12.6,26.4,3.857,0.211
2016,05,전라북도,익산시,망성면,무형리,마산천,25.0,7.2,8.8,8.8,15.5,25.7,3.832,0.242
2016,05,전라북도,부안군,동진면,하장리,고부천2,21.3,8.3,10.3,3.3,8.8,11.0,2.746,0.093
2016,05,전라북도,부안군,동진면,하장리,고부천3,20.9,7.2,6.9,4.2,10.1,16.9,2.537,0.091
2016,05,전라북도,정읍시,영원면,앵성리,고부천1,21.3,7.9,10.3,3.6,9.3,25.2,2.408,0.082
2016,05,전라북도,김제시,부량면,옥정리,동진강3,20.2,7.1,8.1,3.9,9.5,26.1,3.585,0.154
2016,05,전라북도,정읍시,신태인읍,,동진강2,20.8,7.5,7.6,2.9,8.2,27.3,3.377,0.076
2016,05,전라북도,정읍시,신태인읍,구석리,용호천,19.7,7.9,8.0,2.9,7.3,8.2,2.647,0.064
2016,05,전라북도,정읍시,옹동면,산성리,동진강1,16.2,7.9,11.0,2.7,3.5,7.1,3.214,0.010
2016,05,전라북도,김제시,성덕면,남포리,신평천,21.8,7.2,7.2,2.8,8.1,28.7,4.461,0.058
2016,05,전라북도,김제시,죽산면,대창리,원평천3,20.4,7.1,7.4,3.3,8.3,18.6,2.813,0.065
2016,05,전라북도,김제시,봉남면,용신리,원평천1,22.5,7.7,11.8,6.1,11.2,12.7,2.742,0.059
2016,05,전라북도,김제시,죽산면,죽산리,원평천2,21.9,7.5,9.1,1.8,7.0,9.2,3.678,0.167
2016,05,전라북도,정읍시,공평동,,정읍천3,19.1,7.7,9.1,2.0,4.3,5.8,2.763,0.034
2016,05,전라북도,정읍시,송산동,,정읍천1,17.3,7.8,10.1,1.2,2.8,0.7,1.795,0.013
2016,05,전라북도,정읍시,연지동,,정읍천2,17.5,8.0,10.6,1.2,2.9,1.1,2.761,0.015
2016,05,전라북도,정읍시,이평면,하송리,정읍천4,21.1,7.0,8.0,4.6,12.5,22.6,5.120,0.397
2016,05,전라북도,정읍시,하모동,,천원천,18.4,7.8,10.2,2.0,4.5,3.7,3.062,0.053
2016,05,전라북도,김제시,백구면,마산리,마산천,21.8,8.9,15.8,4.9,12.1,12.0,3.092,0.038
2016,05,전라북도,완주군,삼례읍,,삼례,22.2,7.5,7.6,4.0,8.8,16.7,4.522,0.063
2016,05,전라북도,익산시,춘포면,인수리,익산천1,22.3,7.3,6.3,10.5,14.5,40.2,6.373,0.192
2016,05,전라북도,익산시,춘포면,인수리,익산천2,21.4,7.1,6.5,10.1,15.7,127.3,4.976,0.236
2016,05,전라북도,군산시,대야면,광교리,탑천,20.6,7.2,6.0,6.4,10.9,20.9,4.057,0.116
2016,05,전라북도,김제시,백구면,백구리,김제,21.1,7.6,9.9,5.7,11.5,13.8,4.091,0.082
2016,05,전라북도,김제시,백구면,월봉리,용암천,20.5,7.9,12.1,7.9,16.5,17.0,4.105,0.149
2016,05,전라북도,전주시완산구,서신동,,삼천3,21.0,8.3,10.6,1.5,3.2,6.2,2.263,0.013
2016,05,전라북도,전주시완산구,평화동3가,,삼천1,16.8,8.0,11.1,1.0,2.6,2.4,3.202,0.025
2016,05,전라북도,전주시완산구,효자동2가,,삼천2,18.2,8.0,10.4,1.3,2.9,3.6,2.232,0.012
2016,05,전라북도,완주군,소양면,황운리,소양천1,19.3,7.9,10.5,0.8,2.2,2.9,2.774,0.026
2016,05,전라북도,완주군,용진읍,상운리,소양천2,19.9,7.8,8.0,1.1,3.2,2.9,3.242,0.030
2016,05,전라북도,익산시,춘포면,용연리,익산천3,21.1,7.6,7.6,6.0,10.0,79.3,13.399,0.110
2016,05,전라북도,전주시덕진구,고랑동,,전주천7,22.3,7.2,8.0,3.3,9.9,3.8,5.780,0.070
2016,05,전라북도,전주시덕진구,전미동1가,,전주,21.7,7.6,9.8,2.3,4.8,4.8,1.898,0.048
2016,05,전라북도,전주시완산구,대성동,,전주천1,16.2,8.4,11.3,0.7,1.9,1.0,2.739,0.017
2016,05,전라북도,완주군,고산면,읍내리,고산,18.5,8.1,10.0,1.2,3.0,1.9,2.445,0.011
2016,05,전라북도,무주군,무주읍,대차리,무주남대천2,20.6,8.7,10.8,1.0,3.2,2.5,1.830,0.021
2016,05,전라북도,무주군,무주읍,읍내리,무주남대천1,19.2,8.4,9.9,0.9,3.0,2.2,1.882,0.012
2016,05,전라북도,무주군,무주읍,읍내리,무주남대천3,21.1,8.1,12.2,1.1,3.8,3.3,1.841,0.024
2016,05,전라북도,부안군,상서면,청림리,백천내,18.0,6.4,9.6,0.5,2.0,0.6,1.705,0.004
2016,05,전라북도,무주군,안성면,진도리,구량천,16.4,7.7,11.0,1.2,4.2,10.6,2.334,0.055
2016,05,전라북도,진안군,정천면,월평리,정자천,18.8,7.7,11.1,0.7,3.2,4.0,2.348,0.019
2016,05,전라북도,진안군,진안읍,운산리,진안천,17.0,7.7,11.8,1.3,3.2,5.0,3.125,0.036
2016,05,전라북도,진안군,진안읍,가막리,가막,18.8,8.1,10.2,1.5,5.2,9.4,3.776,0.077
2016,05,전라북도,무주군,무주읍,용포리,용포,19.2,8.5,10.7,1.0,3.2,1.2,2.030,0.010
2016,05,전라북도,진안군,용담면,송풍리,용담,17.6,7.3,11.6,0.5,3.0,1.1,2.237,0.011
2016,05,전라북도,남원시,운봉읍,,람천2,21.8,7.5,9.1,1.2,3.3,3.3,1.200,0.006
2016,05,전라북도,남원시,인월면,중군리,람천1,23.9,7.0,9.5,1.6,5.0,8.1,2.581,0.063
2016,05,전라북도,임실군,관촌면,방수리,관촌,18.3,7.0,9.8,1.3,4.4,10.2,2.531,0.060
2016,05,전라북도,임실군,운암면,학암리,운암,22.3,8.1,9.7,3.0,5.2,10.6,2.032,0.014
2016,05,전라북도,정읍시,산내면,매죽리,추령천,19.1,7.1,11.2,1.1,3.5,8.6,2.894,0.043
2016,05,전라북도,임실군,강진면,용수리,임실,18.6,7.1,11.3,1.1,3.1,2.1,1.580,0.028
2016,05,전라북도,순창군,동계면,구미리,동계,23.1,8.2,8.1,0.8,4.2,3.7,1.665,0.014
2016,05,전라북도,순창군,구림면,안정리,치천,17.1,7.5,9.1,1.5,3.5,3.1,2.506,0.032
2016,05,전라북도,남원시,대강면,풍산리,수홍천,16.7,7.2,9.2,2.6,5.1,6.3,3.425,0.058
2016,05,전라북도,순창군,유등면,유촌리,옥택천,18.3,7.4,9.2,2.4,5.2,11.3,2.497,0.062
2016,05,전라북도,순창군,적성면,고원리,적성,20.8,8.2,8.2,1.3,4.6,4.0,1.744,0.017
2016,05,전라북도,남원시,금지면,귀석리,남원,24.6,8.3,8.8,1.6,6.1,6.0,1.759,0.034
2016,05,전라북도,남원시,대강면,월탄리,대강,21.4,7.0,9.8,1.7,6.2,10.8,2.177,0.072
2016,05,전라북도,장수군,산서면,사상리,오수천1,16.7,6.8,10.4,2.3,5.6,14.5,2.334,0.091
2016,05,전라북도,남원시,덕과면,사율리,율천,19.6,6.9,9.8,2.1,6.0,12.9,1.496,0.083
2016,05,전라북도,남원시,사매면,서도리,월평천,18.5,6.9,10.5,3.3,8.6,16.1,2.691,0.111
2016,05,전라북도,순창군,동계면,서호리,오수천2,20.5,7.4,9.0,1.8,6.3,12.0,1.953,0.075
2016,05,전라북도,임실군,삼계면,후천리,후곡천,19.3,7.0,9.9,2.4,6.5,10.4,1.930,0.090
2016,05,전라북도,남원시,산동면,월석리,요천1,16.1,7.0,10.6,0.8,2.8,3.7,1.980,0.033
2016,05,전라북도,남원시,금지면,창산리,요천2,23.0,7.6,9.6,2.7,6.4,6.7,2.270,0.039
2016,05,전라북도,남원시,송동면,세전리,요천3,20.5,7.3,10.5,2.1,6.3,13.6,2.153,0.080
2016,05,전라북도,고창군,아산면,구암리,주진천1,19.1,7.7,9.1,4.2,10.9,52.4,3.602,0.088
2016,05,전라북도,고창군,아산면,반암리,주진천2,19.6,7.5,8.6,3.5,9.7,46.4,3.445,0.072
2016,06,전라북도,익산시,성당면,부곡리,산북천,25.8,7.7,7.9,4.9,14.4,17.3,3.150,0.083
2016,06,전라북도,익산시,망성면,무형리,마산천,25.2,7.5,8.5,7.9,17.9,68.5,3.713,0.369
2016,06,전라북도,부안군,동진면,하장리,고부천2,26.3,7.9,8.7,3.9,9.6,10.4,3.215,0.047
2016,06,전라북도,부안군,동진면,하장리,고부천3,23.8,7.5,6.6,3.8,13.9,13.0,2.363,0.056
2016,06,전라북도,정읍시,영원면,앵성리,고부천1,26.2,7.9,8.5,4.0,10.9,8.6,2.861,0.028
2016,06,전라북도,김제시,부량면,옥정리,동진강3,24.4,7.7,8.8,3.9,11.3,23.0,2.866,0.096
2016,06,전라북도,정읍시,신태인읍,,동진강2,24.1,7.3,7.0,3.8,8.5,14.6,3.632,0.065
2016,06,전라북도,정읍시,신태인읍,구석리,용호천,23.8,7.7,8.1,3.7,9.3,8.2,2.561,0.041
2016,06,전라북도,정읍시,옹동면,산성리,동진강1,18.7,7.4,9.5,0.7,3.8,6.6,2.516,0.022
2016,06,전라북도,김제시,성덕면,남포리,신평천,25.5,7.2,7.8,2.7,7.8,17.0,3.429,0.067
2016,06,전라북도,김제시,죽산면,대창리,원평천3,23.3,7.3,6.3,4.1,9.3,21.7,2.419,0.066
2016,06,전라북도,김제시,봉남면,용신리,원평천1,28.0,7.2,10.1,4.6,11.7,17.8,2.574,0.059
2016,06,전라북도,김제시,죽산면,죽산리,원평천2,25.7,7.3,9.5,2.3,7.6,13.1,3.331,0.099
2016,06,전라북도,정읍시,공평동,,정읍천3,23.3,7.9,8.2,2.4,5.8,4.1,2.388,0.023
2016,06,전라북도,정읍시,송산동,,정읍천1,19.8,8.9,10.3,1.2,2.7,0.6,1.181,0.011
2016,06,전라북도,정읍시,연지동,,정읍천2,21.6,8.6,10.0,1.3,2.8,1.4,1.573,0.014
2016,06,전라북도,정읍시,이평면,하송리,정읍천4,23.1,7.3,8.1,4.0,10.0,20.3,3.249,0.110
2016,06,전라북도,정읍시,하모동,,천원천,23.2,8.0,8.6,3.1,7.1,6.0,2.818,0.022
2016,06,전라북도,김제시,백구면,마산리,마산천,27.0,8.4,11.0,5.7,15.5,16.8,3.927,0.384
2016,06,전라북도,완주군,삼례읍,,삼례,23.5,6.7,7.0,4.0,10.1,6.3,7.543,0.197
2016,06,전라북도,익산시,춘포면,인수리,익산천1,23.6,6.8,7.2,4.2,15.2,19.1,3.475,0.202
2016,06,전라북도,익산시,춘포면,인수리,익산천2,24.0,7.1,7.5,3.9,18.5,52.9,4.398,0.386
2016,06,전라북도,군산시,대야면,광교리,탑천,24.4,7.2,4.3,5.7,14.2,21.1,2.592,0.072
2016,06,전라북도,김제시,백구면,백구리,김제,24.9,7.6,9.5,5.3,12.3,18.4,3.846,0.074
2016,06,전라북도,김제시,백구면,월봉리,용암천,25.2,8.4,10.6,8.2,18.8,16.0,2.856,0.156
2016,06,전라북도,전주시완산구,서신동,,삼천3,26.0,8.1,8.7,1.9,5.5,12.9,2.289,0.034
2016,06,전라북도,전주시완산구,평화동3가,,삼천1,21.7,7.9,9.3,1.2,4.6,6.8,2.419,0.028
2016,06,전라북도,전주시완산구,효자동2가,,삼천2,22.9,8.0,9.0,1.7,4.9,7.4,2.222,0.038
2016,06,전라북도,완주군,소양면,황운리,소양천1,20.2,7.8,9.0,0.7,2.5,3.5,1.879,0.009
2016,06,전라북도,완주군,용진읍,상운리,소양천2,22.3,7.5,7.6,1.3,4.1,4.7,2.862,0.019
2016,06,전라북도,익산시,춘포면,용연리,익산천3,23.4,7.0,7.5,2.5,10.0,27.2,2.990,0.254
2016,06,전라북도,전주시덕진구,고랑동,,전주천7,24.9,7.3,7.4,4.1,13.6,6.3,6.771,0.085
2016,06,전라북도,전주시덕진구,전미동1가,,전주,25.1,7.6,9.0,2.7,6.8,5.6,1.060,0.058
2016,06,전라북도,전주시완산구,대성동,,전주천1,21.0,7.8,10.6,0.4,0.9,1.9,1.756,0.009
2016,06,전라북도,완주군,고산면,읍내리,고산,16.3,8.0,10.4,0.5,2.4,0.8,2.093,0.018
2016,06,전라북도,무주군,무주읍,대차리,무주남대천2,25.4,8.3,10.9,0.8,3.6,3.0,1.580,0.028
2016,06,전라북도,무주군,무주읍,읍내리,무주남대천1,25.5,8.2,8.6,1.2,3.1,3.2,1.457,0.022
2016,06,전라북도,무주군,무주읍,읍내리,무주남대천3,25.2,8.3,12.8,1.0,4.1,3.3,1.354,0.024
2016,06,전라북도,부안군,상서면,청림리,백천내,21.0,6.7,8.3,0.6,1.6,2.1,1.004,0.010
2016,06,전라북도,무주군,안성면,진도리,구량천,20.9,7.6,10.3,1.1,4.7,8.1,1.869,0.038
2016,06,전라북도,진안군,정천면,월평리,정자천,22.2,7.3,9.1,0.5,3.0,3.9,1.517,0.017
2016,06,전라북도,진안군,진안읍,운산리,진안천,28.0,7.7,8.1,1.4,4.9,2.6,3.246,0.071
2016,06,전라북도,진안군,진안읍,가막리,가막,22.8,7.9,9.8,1.5,5.5,9.2,2.720,0.057
2016,06,전라북도,무주군,무주읍,용포리,용포,22.0,8.8,9.3,0.5,2.8,2.0,2.075,0.017
2016,06,전라북도,진안군,용담면,송풍리,용담,20.0,7.3,9.7,0.5,3.1,1.5,2.095,0.010
2016,06,전라북도,남원시,운봉읍,,람천2,22.8,7.3,8.9,1.4,5.9,10.1,2.279,0.077
2016,06,전라북도,남원시,인월면,중군리,람천1,23.0,7.2,8.9,2.4,8.0,14.7,3.006,0.093
2016,06,전라북도,임실군,관촌면,방수리,관촌,23.5,7.2,8.6,1.4,4.5,8.2,1.453,0.046
2016,06,전라북도,임실군,운암면,학암리,운암,25.1,7.4,8.1,1.6,5.0,7.0,0.841,0.029
2016,06,전라북도,정읍시,산내면,매죽리,추령천,23.6,7.5,9.0,1.1,3.5,4.8,1.332,0.029
2016,06,전라북도,임실군,강진면,용수리,임실,24.4,7.8,10.1,1.3,3.5,2.5,1.340,0.016
2016,06,전라북도,순창군,동계면,구미리,동계,26.7,7.2,7.1,0.9,4.9,4.9,0.827,0.030
2016,06,전라북도,순창군,구림면,안정리,치천,22.7,7.5,9.0,2.2,4.1,2.1,1.606,0.028
2016,06,전라북도,남원시,대강면,풍산리,수홍천,21.0,7.0,7.2,2.9,7.8,13.0,3.058,0.086
2016,06,전라북도,순창군,유등면,유촌리,옥택천,22.7,7.1,8.8,1.6,6.5,11.0,1.318,0.046
2016,06,전라북도,순창군,적성면,고원리,적성,25.3,7.7,7.6,1.4,6.6,5.5,1.761,0.070
2016,06,전라북도,남원시,금지면,귀석리,남원,26.3,7.2,8.4,1.5,7.9,8.2,1.889,0.054
2016,06,전라북도,남원시,대강면,월탄리,대강,25.5,7.4,8.8,1.7,7.4,19.4,1.734,0.087
2016,06,전라북도,장수군,산서면,사상리,오수천1,20.6,7.0,8.5,2.7,6.8,15.5,2.502,0.076
2016,06,전라북도,남원시,덕과면,사율리,율천,23.6,6.9,8.1,1.6,7.0,13.7,1.991,0.073
2016,06,전라북도,남원시,사매면,서도리,월평천,22.5,6.9,8.7,3.5,8.3,20.1,2.154,0.127
2016,06,전라북도,순창군,동계면,서호리,오수천2,24.3,7.3,8.7,1.5,7.0,13.2,1.801,0.088
2016,06,전라북도,임실군,삼계면,후천리,후곡천,23.4,7.1,8.0,3.4,10.5,12.4,2.087,0.115
2016,06,전라북도,남원시,산동면,월석리,요천1,20.1,7.2,10.2,1.2,4.3,18.0,1.507,0.055
2016,06,전라북도,남원시,금지면,창산리,요천2,26.8,7.3,7.9,1.1,6.6,6.6,2.150,0.077
2016,06,전라북도,남원시,송동면,세전리,요천3,25.1,7.8,10.6,1.6,6.0,9.2,1.849,0.079
2016,06,전라북도,고창군,아산면,구암리,주진천1,20.6,7.3,8.7,3.1,9.9,15.8,2.357,0.082
2016,06,전라북도,고창군,아산면,반암리,주진천2,21.2,7.1,8.2,3.1,11.1,29.1,5.870,0.151
2016,07,전라북도,익산시,성당면,부곡리,산북천,27.7,7.9,8.2,5.0,10.8,17.2,2.804,0.153
2016,07,전라북도,익산시,망성면,무형리,마산천,27.4,7.6,6.6,3.1,8.4,23.4,4.279,0.229
2016,07,전라북도,부안군,동진면,하장리,고부천2,26.1,7.5,11.6,4.1,11.5,9.3,2.197,0.059
2016,07,전라북도,부안군,동진면,하장리,고부천3,28.4,8.1,9.0,5.2,11.8,18.7,2.306,0.112
2016,07,전라북도,정읍시,영원면,앵성리,고부천1,25.6,7.5,9.8,4.2,11.5,14.7,1.827,0.067
2016,07,전라북도,김제시,부량면,옥정리,동진강3,26.5,7.5,8.3,3.5,7.9,19.1,2.485,0.092
2016,07,전라북도,정읍시,신태인읍,,동진강2,24.7,7.7,7.0,2.2,8.7,18.0,2.689,0.193
2016,07,전라북도,정읍시,신태인읍,구석리,용호천,24.7,7.6,9.0,3.5,7.9,9.7,1.802,0.095
2016,07,전라북도,정읍시,옹동면,산성리,동진강1,20.1,7.8,10.5,1.1,3.9,14.0,2.624,0.039
2016,07,전라북도,김제시,성덕면,남포리,신평천,26.6,7.9,9.4,3.5,7.0,35.0,2.883,0.098
2016,07,전라북도,김제시,죽산면,대창리,원평천3,27.5,8.0,7.7,4.0,8.5,17.6,2.375,0.098
2016,07,전라북도,김제시,봉남면,용신리,원평천1,26.4,7.7,9.1,4.0,8.0,16.2,3.544,0.106
2016,07,전라북도,김제시,죽산면,죽산리,원평천2,27.4,8.2,10.9,4.4,8.9,10.0,3.000,0.100
2016,07,전라북도,정읍시,공평동,,정읍천3,25.2,7.6,10.9,2.5,5.9,7.2,1.229,0.046
2016,07,전라북도,정읍시,송산동,,정읍천1,23.2,7.8,12.7,0.9,2.4,0.8,0.635,0.014
2016,07,전라북도,정읍시,연지동,,정읍천2,24.3,7.9,12.9,1.4,3.0,1.8,0.946,0.019
2016,07,전라북도,정읍시,이평면,하송리,정읍천4,25.6,7.1,9.1,2.0,6.9,14.4,2.994,0.079
2016,07,전라북도,정읍시,하모동,,천원천,24.9,7.6,10.5,3.3,7.5,6.2,1.638,0.071
2016,07,전라북도,김제시,백구면,마산리,마산천,30.3,7.9,8.6,4.9,9.0,34.7,3.098,0.160
2016,07,전라북도,완주군,삼례읍,,삼례,26.3,7.2,7.2,2.4,5.2,5.2,4.303,0.044
2016,07,전라북도,익산시,춘포면,인수리,익산천1,26.0,7.3,7.1,2.5,9.4,68.6,2.246,0.293
2016,07,전라북도,익산시,춘포면,인수리,익산천2,26.4,7.2,7.1,3.2,9.1,74.5,2.550,0.325
2016,07,전라북도,군산시,대야면,광교리,탑천,28.1,8.2,7.4,4.2,8.4,19.8,2.479,0.084
2016,07,전라북도,김제시,백구면,백구리,김제,28.7,7.6,8.5,3.7,8.8,12.8,3.223,0.100
2016,07,전라북도,김제시,백구면,월봉리,용암천,29.9,8.1,9.9,8.7,25.0,42.0,4.364,0.289
2016,07,전라북도,전주시완산구,서신동,,삼천3,24.8,7.7,10.0,1.9,4.8,8.2,3.186,0.117
2016,07,전라북도,전주시완산구,평화동3가,,삼천1,22.4,8.0,11.6,1.4,3.7,3.2,3.211,0.062
2016,07,전라북도,전주시완산구,효자동2가,,삼천2,24.5,7.9,11.3,1.7,4.4,6.2,3.198,0.095
2016,07,전라북도,완주군,소양면,황운리,소양천1,21.1,7.8,9.2,0.9,2.0,2.1,3.922,0.025
2016,07,전라북도,완주군,용진읍,상운리,소양천2,23.6,7.6,7.4,1.4,3.0,3.5,4.566,0.037
2016,07,전라북도,익산시,춘포면,용연리,익산천3,26.7,7.2,7.2,2.5,8.8,94.3,2.977,0.299
2016,07,전라북도,전주시덕진구,고랑동,,전주천7,27.3,6.9,7.5,3.4,11.5,7.4,6.575,0.100
2016,07,전라북도,전주시덕진구,전미동1가,,전주,27.3,7.2,7.2,1.9,4.9,5.7,2.155,0.045
2016,07,전라북도,전주시완산구,대성동,,전주천1,21.1,7.3,12.7,0.6,1.8,1.1,3.471,0.034
2016,07,전라북도,완주군,고산면,읍내리,고산,22.0,7.7,8.5,1.2,3.8,4.6,2.689,0.022
2016,07,전라북도,무주군,무주읍,대차리,무주남대천2,24.2,7.7,8.7,1.0,3.5,3.3,2.541,0.013
2016,07,전라북도,무주군,무주읍,읍내리,무주남대천1,23.7,7.6,8.4,1.2,3.1,2.1,2.361,0.009
2016,07,전라북도,무주군,무주읍,읍내리,무주남대천3,25.1,8.0,9.8,0.7,3.7,2.4,2.249,0.023
2016,07,전라북도,부안군,상서면,청림리,백천내,23.0,6.5,8.7,0.6,2.2,3.0,2.240,0.011
2016,07,전라북도,무주군,안성면,진도리,구량천,22.8,7.7,9.0,0.9,3.6,2.4,1.973,0.021
2016,07,전라북도,진안군,정천면,월평리,정자천,23.5,7.6,8.2,0.5,2.8,3.3,2.125,0.016
2016,07,전라북도,진안군,진안읍,운산리,진안천,23.0,7.7,8.3,1.6,5.7,14.8,3.476,0.112
2016,07,전라북도,진안군,진안읍,가막리,가막,23.5,7.4,8.1,0.9,4.0,3.4,2.992,0.032
2016,07,전라북도,무주군,무주읍,용포리,용포,24.0,8.3,8.7,1.2,3.6,5.3,2.023,0.007
2016,07,전라북도,진안군,용담면,송풍리,용담,23.2,7.1,8.9,0.7,4.5,2.8,2.156,0.023
2016,07,전라북도,남원시,운봉읍,,람천2,23.8,7.9,9.0,1.1,3.0,2.0,1.213,0.029
2016,07,전라북도,남원시,인월면,중군리,람천1,23.4,8.3,8.8,1.4,4.3,2.9,1.728,0.057
2016,07,전라북도,임실군,관촌면,방수리,관촌,25.4,7.3,8.6,1.0,4.0,11.1,1.495,0.047
2016,07,전라북도,임실군,운암면,학암리,운암,26.6,7.9,9.3,0.5,3.7,5.4,2.146,0.044
2016,07,전라북도,정읍시,산내면,매죽리,추령천,26.4,7.4,9.7,1.0,3.5,6.5,1.950,0.036
2016,07,전라북도,임실군,강진면,용수리,임실,25.0,7.6,9.4,0.8,3.2,2.3,1.179,0.018
2016,07,전라북도,순창군,동계면,구미리,동계,26.5,7.7,8.6,0.1,3.4,4.8,1.446,0.036
2016,07,전라북도,순창군,구림면,안정리,치천,25.1,7.7,9.4,0.7,3.4,3.2,1.513,0.033
2016,07,전라북도,남원시,대강면,풍산리,수홍천,23.7,7.1,8.2,0.6,3.4,8.7,1.991,0.058
2016,07,전라북도,순창군,유등면,유촌리,옥택천,25.2,6.9,8.7,0.5,3.8,10.3,1.281,0.055
2016,07,전라북도,순창군,적성면,고원리,적성,25.9,7.9,7.8,1.1,5.2,9.9,1.629,0.068
2016,07,전라북도,남원시,금지면,귀석리,남원,26.9,8.1,8.4,1.3,4.7,5.5,1.471,0.052
2016,07,전라북도,남원시,대강면,월탄리,대강,28.0,7.4,9.0,1.2,4.6,10.7,1.278,0.062
2016,07,전라북도,장수군,산서면,사상리,오수천1,23.4,7.3,8.4,0.7,3.8,6.6,2.050,0.053
2016,07,전라북도,남원시,덕과면,사율리,율천,26.4,7.2,8.2,1.1,4.9,9.4,1.666,0.073
2016,07,전라북도,남원시,사매면,서도리,월평천,25.5,7.1,9.8,1.8,5.0,9.6,1.964,0.077
2016,07,전라북도,순창군,동계면,서호리,오수천2,26.9,7.3,9.3,1.5,5.2,14.6,1.400,0.070
2016,07,전라북도,임실군,삼계면,후천리,후곡천,26.4,7.3,8.0,0.8,4.7,9.8,1.391,0.079
2016,07,전라북도,남원시,산동면,월석리,요천1,22.2,7.1,9.5,0.8,3.1,7.4,1.478,0.036
2016,07,전라북도,남원시,금지면,창산리,요천2,25.9,8.2,8.6,1.2,3.9,6.0,1.981,0.046
2016,07,전라북도,남원시,송동면,세전리,요천3,26.6,7.4,9.4,1.4,5.0,14.2,1.623,0.066
2016,07,전라북도,고창군,아산면,구암리,주진천1,26.0,8.4,7.7,4.0,7.3,47.6,2.143,0.142
2016,07,전라북도,고창군,아산면,반암리,주진천2,26.3,7.8,7.8,3.1,6.8,37.7,2.322,0.203
2016,08,전라북도,익산시,성당면,부곡리,산북천,29.0,8.2,10.9,4.5,12.4,17.4,1.227,0.085
2016,08,전라북도,익산시,망성면,무형리,마산천,31.8,8.4,9.4,6.1,14.0,23.4,2.213,0.255
2016,08,전라북도,부안군,동진면,하장리,고부천2,30.5,8.2,8.7,3.8,7.5,15.7,1.823,0.089
2016,08,전라북도,부안군,동진면,하장리,고부천3,28.4,7.6,8.1,2.9,8.6,10.1,1.364,0.074
2016,08,전라북도,정읍시,영원면,앵성리,고부천1,31.3,8.5,14.4,5.8,12.6,27.3,1.121,0.089
2016,08,전라북도,김제시,부량면,옥정리,동진강3,27.9,7.7,7.9,2.6,7.8,17.5,1.753,0.107
2016,08,전라북도,정읍시,신태인읍,,동진강2,28.9,7.7,7.8,1.4,6.0,8.4,1.898,0.058
2016,08,전라북도,정읍시,신태인읍,구석리,용호천,28.5,8.1,8.0,2.7,5.8,10.6,1.258,0.108
2016,08,전라북도,정읍시,옹동면,산성리,동진강1,25.8,8.1,8.9,2.2,5.6,7.0,1.758,0.035
2016,08,전라북도,김제시,성덕면,남포리,신평천,29.5,7.8,8.8,2.1,7.7,13.5,2.375,0.055
2016,08,전라북도,김제시,죽산면,대창리,원평천3,27.8,7.6,7.5,2.7,6.9,13.0,1.311,0.066
2016,08,전라북도,김제시,봉남면,용신리,원평천1,31.9,8.1,7.9,2.8,11.3,19.6,0.810,0.131
2016,08,전라북도,김제시,죽산면,죽산리,원평천2,30.7,8.8,10.8,2.1,8.6,13.6,1.335,0.050
2016,08,전라북도,정읍시,공평동,,정읍천3,28.2,7.5,7.3,2.1,4.5,3.4,0.943,0.051
2016,08,전라북도,정읍시,송산동,,정읍천1,24.5,8.3,12.6,1.2,3.2,0.7,0.703,0.015
2016,08,전라북도,정읍시,연지동,,정읍천2,25.2,7.9,11.3,1.4,3.3,1.4,0.990,0.021
2016,08,전라북도,정읍시,이평면,하송리,정읍천4,26.5,7.2,7.3,1.6,6.7,14.0,2.223,0.076
2016,08,전라북도,정읍시,하모동,,천원천,28.6,7.4,7.0,2.4,5.0,3.4,1.072,0.069
2016,08,전라북도,김제시,백구면,마산리,마산천,31.1,8.1,8.8,4.3,9.2,12.8,2.898,0.122
2016,08,전라북도,완주군,삼례읍,,삼례,28.0,7.3,9.6,2.5,9.1,5.7,4.469,0.047
2016,08,전라북도,익산시,춘포면,인수리,익산천1,29.0,8.1,8.3,1.6,7.7,13.7,0.817,0.079
2016,08,전라북도,익산시,춘포면,인수리,익산천2,30.5,7.5,7.2,4.2,10.4,21.4,2.811,0.321
2016,08,전라북도,군산시,대야면,광교리,탑천,28.6,7.5,7.8,3.1,10.0,22.9,1.505,0.107
2016,08,전라북도,김제시,백구면,백구리,김제,29.5,7.8,8.5,4.1,11.1,14.2,3.519,0.110
2016,08,전라북도,김제시,백구면,월봉리,용암천,31.6,8.8,13.8,8.1,17.3,26.5,1.111,0.138
2016,08,전라북도,전주시완산구,서신동,,삼천3,29.7,7.9,6.6,1.8,4.4,6.2,1.318,0.082
2016,08,전라북도,전주시완산구,평화동3가,,삼천1,27.6,7.5,7.1,1.6,4.0,3.1,1.473,0.050
2016,08,전라북도,전주시완산구,효자동2가,,삼천2,28.9,7.9,8.3,1.6,4.1,3.2,1.229,0.060
2016,08,전라북도,완주군,소양면,황운리,소양천1,26.8,8.6,9.8,1.4,3.9,3.1,1.601,0.043
2016,08,전라북도,완주군,용진읍,상운리,소양천2,27.6,8.0,6.3,1.9,4.8,4.6,2.764,0.060
2016,08,전라북도,익산시,춘포면,용연리,익산천3,29.6,7.6,4.8,2.1,5.4,15.0,1.704,0.089
2016,08,전라북도,전주시덕진구,고랑동,,전주천7,28.0,7.1,7.6,3.2,13.5,5.4,9.785,0.130
2016,08,전라북도,전주시덕진구,전미동1가,,전주,29.0,7.8,9.3,3.2,6.8,6.9,1.030,0.113
2016,08,전라북도,전주시완산구,대성동,,전주천1,25.9,8.0,8.3,0.7,1.8,1.2,1.698,0.013
2016,08,전라북도,완주군,고산면,읍내리,고산,21.5,7.6,9.8,1.0,3.7,3.4,2.116,0.016
2016,08,전라북도,무주군,무주읍,대차리,무주남대천2,28.5,8.0,8.6,1.1,4.2,4.0,0.993,0.022
2016,08,전라북도,무주군,무주읍,읍내리,무주남대천1,29.2,7.8,7.3,0.8,3.5,1.8,0.872,0.021
2016,08,전라북도,무주군,무주읍,읍내리,무주남대천3,27.1,7.7,9.9,1.0,4.7,3.5,1.082,0.060
2016,08,전라북도,부안군,상서면,청림리,백천내,29.0,6.6,8.5,0.5,1.6,0.5,0.997,0.009
2016,08,전라북도,무주군,안성면,진도리,구량천,24.8,8.0,11.5,1.0,4.4,5.5,1.560,0.039
2016,08,전라북도,진안군,정천면,월평리,정자천,24.3,7.6,9.7,0.8,3.5,5.0,1.349,0.024
2016,08,전라북도,진안군,진안읍,운산리,진안천,32.0,7.8,8.8,2.3,4.6,4.8,2.020,0.072
2016,08,전라북도,진안군,진안읍,가막리,가막,26.8,7.9,10.0,1.0,4.6,6.2,2.006,0.037
2016,08,전라북도,무주군,무주읍,용포리,용포,24.4,8.8,8.9,0.9,3.8,0.6,1.825,0.013
2016,08,전라북도,진안군,용담면,송풍리,용담,19.7,7.6,11.4,0.5,4.1,2.1,2.130,0.017
2016,08,전라북도,남원시,운봉읍,,람천2,24.1,7.7,8.2,0.7,5.4,7.4,1.632,0.036
2016,08,전라북도,남원시,인월면,중군리,람천1,24.6,7.6,8.3,1.4,6.0,8.5,1.544,0.042
2016,08,전라북도,임실군,관촌면,방수리,관촌,27.3,7.9,9.8,1.2,4.2,4.4,0.716,0.035
2016,08,전라북도,임실군,운암면,학암리,운암,32.6,9.1,11.5,1.2,3.9,6.2,0.407,0.030
2016,08,전라북도,정읍시,산내면,매죽리,추령천,27.5,7.7,9.2,1.1,3.0,4.0,0.625,0.022
2016,08,전라북도,임실군,강진면,용수리,임실,28.5,8.0,9.3,1.4,3.8,2.7,1.190,0.016
2016,08,전라북도,순창군,동계면,구미리,동계,32.3,8.6,8.4,1.8,3.6,1.6,0.378,0.030
2016,08,전라북도,순창군,구림면,안정리,치천,26.3,7.7,9.0,1.0,3.9,2.5,0.609,0.033
2016,08,전라북도,남원시,대강면,풍산리,수홍천,24.4,7.4,8.8,0.7,3.7,2.6,0.774,0.055
2016,08,전라북도,순창군,유등면,유촌리,옥택천,26.0,7.3,9.0,0.8,4.2,4.1,0.573,0.047
2016,08,전라북도,순창군,적성면,고원리,적성,31.6,8.1,8.2,1.7,5.4,4.5,0.688,0.039
2016,08,전라북도,남원시,금지면,귀석리,남원,33.1,8.3,10.1,1.1,4.5,7.8,0.360,0.036
2016,08,전라북도,남원시,대강면,월탄리,대강,29.1,7.7,8.8,1.2,5.1,5.4,0.726,0.053
2016,08,전라북도,장수군,산서면,사상리,오수천1,24.7,7.2,8.1,1.0,3.8,4.1,1.283,0.051
2016,08,전라북도,남원시,덕과면,사율리,율천,27.7,7.1,7.9,1.0,4.4,3.7,0.887,0.072
2016,08,전라북도,남원시,사매면,서도리,월평천,25.6,7.0,8.9,1.0,3.9,2.6,1.251,0.064
2016,08,전라북도,순창군,동계면,서호리,오수천2,27.6,7.7,9.8,1.2,4.9,5.8,0.835,0.065
2016,08,전라북도,임실군,삼계면,후천리,후곡천,26.8,7.1,7.0,0.9,4.8,4.0,0.770,0.072
2016,08,전라북도,남원시,산동면,월석리,요천1,23.3,7.7,9.2,0.9,2.6,1.9,0.925,0.026
2016,08,전라북도,남원시,금지면,창산리,요천2,31.1,8.2,9.1,1.6,5.3,3.3,1.910,0.050
2016,08,전라북도,남원시,송동면,세전리,요천3,28.4,7.7,9.2,1.3,5.1,4.4,1.224,0.070
2016,08,전라북도,고창군,아산면,구암리,주진천1,29.4,7.9,7.8,2.7,8.9,15.6,1.362,0.187
2016,08,전라북도,고창군,아산면,반암리,주진천2,29.5,7.5,7.8,2.6,8.8,40.9,0.954,0.136
2016,09,전라북도,익산시,성당면,부곡리,산북천,24.3,7.5,7.3,3.7,9.9,17.3,1.869,0.197
2016,09,전라북도,익산시,망성면,무형리,마산천,22.7,8.5,9.0,1.3,9.8,18.0,4.721,0.220
2016,09,전라북도,부안군,동진면,하장리,고부천2,24.7,7.7,8.9,4.2,8.4,2.0,0.922,0.060
2016,09,전라북도,부안군,동진면,하장리,고부천3,23.0,7.6,8.2,3.6,10.8,23.8,2.034,0.128
2016,09,전라북도,정읍시,영원면,앵성리,고부천1,24.1,7.8,8.7,4.1,8.0,9.1,0.967,0.074
2016,09,전라북도,김제시,부량면,옥정리,동진강3,23.4,7.6,8.5,2.9,7.9,13.4,2.196,0.122
2016,09,전라북도,정읍시,신태인읍,,동진강2,24.8,7.4,9.0,1.3,4.2,10.7,0.907,0.019
2016,09,전라북도,정읍시,신태인읍,구석리,용호천,24.1,7.6,7.8,2.6,5.4,7.4,0.802,0.086
2016,09,전라북도,정읍시,옹동면,산성리,동진강1,23.4,7.8,8.8,0.9,4.8,6.1,1.029,0.007
2016,09,전라북도,김제시,성덕면,남포리,신평천,25.0,7.7,6.3,1.5,5.3,14.8,1.012,0.009
2016,09,전라북도,김제시,죽산면,대창리,원평천3,23.2,7.2,7.8,3.5,9.1,15.0,1.866,0.123
2016,09,전라북도,김제시,봉남면,용신리,원평천1,25.8,7.9,9.5,3.2,7.4,15.9,0.589,0.014
2016,09,전라북도,김제시,죽산면,죽산리,원평천2,25.5,7.9,9.7,2.0,10.1,11.0,0.664,0.014
2016,09,전라북도,정읍시,공평동,,정읍천3,24.1,7.4,8.1,2.4,5.4,3.1,0.708,0.047
2016,09,전라북도,정읍시,송산동,,정읍천1,23.1,8.0,8.6,1.3,3.0,1.0,0.195,0.011
2016,09,전라북도,정읍시,연지동,,정읍천2,23.7,7.8,10.3,1.5,3.3,2.3,0.827,0.021
2016,09,전라북도,정읍시,이평면,하송리,정읍천4,23.4,7.5,8.2,1.7,7.8,13.7,3.135,0.097
2016,09,전라북도,정읍시,하모동,,천원천,23.6,7.6,7.3,2.1,4.9,3.7,1.104,0.069
2016,09,전라북도,김제시,백구면,마산리,마산천,28.5,8.4,14.7,4.6,9.9,11.6,3.860,0.068
2016,09,전라북도,완주군,삼례읍,,삼례,25.8,7.2,6.1,4.8,11.9,6.5,8.661,0.032
2016,09,전라북도,익산시,춘포면,인수리,익산천1,25.9,7.9,8.7,3.9,8.1,12.3,0.441,0.029
2016,09,전라북도,익산시,춘포면,인수리,익산천2,26.6,7.6,9.8,4.5,11.2,14.2,1.965,0.189
2016,09,전라북도,군산시,대야면,광교리,탑천,23.0,7.3,7.8,3.4,11.4,13.5,2.093,0.123
2016,09,전라북도,김제시,백구면,백구리,김제,25.0,7.6,10.8,4.7,11.6,11.4,4.520,0.127
2016,09,전라북도,김제시,백구면,월봉리,용암천,28.2,8.7,12.9,5.7,11.2,17.0,1.245,0.110
2016,09,전라북도,전주시완산구,서신동,,삼천3,26.5,7.7,5.2,3.9,10.4,3.6,0.982,0.088
2016,09,전라북도,전주시완산구,평화동3가,,삼천1,26.1,7.7,8.4,1.7,4.0,3.1,0.820,0.117
2016,09,전라북도,전주시완산구,효자동2가,,삼천2,28.3,8.1,10.7,2.1,4.7,3.5,0.950,0.072
2016,09,전라북도,완주군,소양면,황운리,소양천1,23.8,7.3,6.4,1.5,3.5,1.4,0.212,0.036
2016,09,전라북도,완주군,용진읍,상운리,소양천2,25.9,7.4,5.8,2.1,4.8,4.0,1.794,0.030
2016,09,전라북도,익산시,춘포면,용연리,익산천3,26.9,7.8,10.9,2.3,6.2,10.3,1.456,0.037
2016,09,전라북도,전주시덕진구,고랑동,,전주천7,25.0,7.0,6.9,3.5,13.6,4.2,9.767,0.123
2016,09,전라북도,전주시덕진구,전미동1가,,전주,23.6,7.5,8.5,1.6,5.4,2.3,1.164,0.051
2016,09,전라북도,전주시완산구,대성동,,전주천1,23.5,7.8,9.6,0.7,1.5,0.6,0.943,0.021
2016,09,전라북도,완주군,고산면,읍내리,고산,18.6,8.3,10.7,0.7,3.7,1.8,1.299,0.000
2016,09,전라북도,무주군,무주읍,대차리,무주남대천2,19.5,8.8,9.7,1.0,3.0,1.6,2.180,0.006
2016,09,전라북도,무주군,무주읍,읍내리,무주남대천1,19.2,8.6,9.5,1.0,3.4,5.0,2.169,0.000
2016,09,전라북도,무주군,무주읍,읍내리,무주남대천3,20.7,7.4,10.4,0.6,3.8,1.9,1.604,0.032
2016,09,전라북도,부안군,상서면,청림리,백천내,21.0,6.6,8.3,0.6,2.4,2.7,1.002,0.000
2016,09,전라북도,무주군,안성면,진도리,구량천,19.0,7.8,11.5,0.8,3.2,1.3,1.969,0.023
2016,09,전라북도,진안군,정천면,월평리,정자천,19.9,7.5,9.2,0.6,2.5,1.5,1.839,0.017
2016,09,전라북도,진안군,진안읍,운산리,진안천,29.0,7.8,7.7,2.1,5.1,2.6,1.484,0.072
2016,09,전라북도,진안군,진안읍,가막리,가막,20.0,7.3,9.5,0.6,3.5,2.4,2.845,0.042
2016,09,전라북도,무주군,무주읍,용포리,용포,19.6,9.2,9.3,0.9,3.8,2.3,1.807,0.000
2016,09,전라북도,진안군,용담면,송풍리,용담,19.8,7.4,11.1,0.6,4.0,1.5,1.954,0.019
2016,09,전라북도,남원시,운봉읍,,람천2,22.8,8.0,9.0,0.8,3.3,2.0,1.252,0.015
2016,09,전라북도,남원시,인월면,중군리,람천1,23.5,8.4,9.0,1.2,3.8,3.4,2.060,0.032
2016,09,전라북도,임실군,관촌면,방수리,관촌,22.3,7.6,11.5,0.9,3.7,3.4,1.340,0.022
2016,09,전라북도,임실군,운암면,학암리,운암,19.9,8.6,9.1,1.0,4.5,4.9,2.796,0.008
2016,09,전라북도,정읍시,산내면,매죽리,추령천,22.7,7.4,11.4,0.7,2.5,2.8,1.542,0.018
2016,09,전라북도,임실군,강진면,용수리,임실,22.7,7.6,11.2,1.2,4.0,2.1,1.352,0.012
2016,09,전라북도,순창군,동계면,구미리,동계,20.9,8.5,9.6,0.7,3.9,3.1,2.121,0.013
2016,09,전라북도,순창군,구림면,안정리,치천,21.2,7.6,9.9,0.7,3.1,1.9,1.060,0.022
2016,09,전라북도,남원시,대강면,풍산리,수홍천,20.8,7.5,10.9,0.7,3.0,2.5,1.939,0.044
2016,09,전라북도,순창군,유등면,유촌리,옥택천,21.7,7.3,9.7,0.6,2.8,2.7,1.019,0.027
2016,09,전라북도,순창군,적성면,고원리,적성,23.7,8.1,8.4,0.8,4.0,2.0,0.773,0.016
2016,09,전라북도,남원시,금지면,귀석리,남원,25.5,8.0,9.3,1.4,4.9,1.9,0.330,0.017
2016,09,전라북도,남원시,대강면,월탄리,대강,24.1,7.3,9.3,0.9,4.0,5.0,1.271,0.041
2016,09,전라북도,장수군,산서면,사상리,오수천1,20.9,7.4,8.4,0.7,2.8,2.1,1.604,0.031
2016,09,전라북도,남원시,덕과면,사율리,율천,23.1,7.1,7.8,0.8,3.2,2.8,0.931,0.048
2016,09,전라북도,남원시,사매면,서도리,월평천,21.3,7.0,8.6,0.7,3.4,1.6,1.468,0.268
2016,09,전라북도,순창군,동계면,서호리,오수천2,23.4,7.6,10.4,0.8,3.6,2.6,1.114,0.037
2016,09,전라북도,임실군,삼계면,후천리,후곡천,22.0,7.2,7.7,0.7,3.9,3.1,1.029,0.043
2016,09,전라북도,남원시,산동면,월석리,요천1,20.2,7.7,9.6,0.6,2.4,2.6,1.387,0.014
2016,09,전라북도,남원시,금지면,창산리,요천2,24.7,7.9,9.3,1.4,5.6,3.1,1.988,0.029
2016,09,전라북도,남원시,송동면,세전리,요천3,24.0,7.4,9.2,1.2,4.7,6.6,1.760,0.064
2016,09,전라북도,고창군,아산면,구암리,주진천1,21.5,7.5,8.4,1.8,8.1,27.1,2.536,0.086
2016,09,전라북도,고창군,아산면,반암리,주진천2,20.8,7.5,8.5,1.6,7.9,70.1,2.657,0.078
2016,10,전라북도,익산시,성당면,부곡리,산북천,19.1,7.3,7.0,6.1,13.5,44.4,4.322,0.444
2016,10,전라북도,익산시,망성면,무형리,마산천,21.1,8.5,10.1,2.2,10.2,26.7,3.179,0.288
2016,10,전라북도,부안군,동진면,하장리,고부천2,16.7,7.6,9.6,4.2,8.7,50.7,3.750,0.174
2016,10,전라북도,부안군,동진면,하장리,고부천3,18.4,6.9,7.9,2.4,11.9,44.6,3.186,0.257
2016,10,전라북도,정읍시,영원면,앵성리,고부천1,15.9,7.6,9.9,4.2,8.6,64.5,3.865,0.184
2016,10,전라북도,김제시,부량면,옥정리,동진강3,18.5,7.2,8.7,2.7,7.7,18.8,3.548,0.332
2016,10,전라북도,정읍시,신태인읍,,동진강2,17.9,7.7,11.7,0.7,3.8,6.4,2.948,0.029
2016,10,전라북도,정읍시,신태인읍,구석리,용호천,16.4,7.6,9.3,2.7,5.8,8.2,2.860,0.109
2016,10,전라북도,정읍시,옹동면,산성리,동진강1,16.8,7.9,12.8,0.6,2.4,1.8,2.934,0.014
2016,10,전라북도,김제시,성덕면,남포리,신평천,20.2,7.1,8.3,4.7,10.5,49.8,5.547,0.063
2016,10,전라북도,김제시,죽산면,대창리,원평천3,18.7,7.0,8.1,3.0,10.4,25.5,3.217,0.304
2016,10,전라북도,김제시,봉남면,용신리,원평천1,20.7,7.8,13.6,1.3,6.1,13.1,4.117,0.062
2016,10,전라북도,김제시,죽산면,죽산리,원평천2,20.1,7.2,9.9,4.2,10.1,24.8,3.460,0.066
2016,10,전라북도,정읍시,공평동,,정읍천3,16.6,7.6,9.9,1.6,3.5,3.8,3.042,0.043
2016,10,전라북도,정읍시,송산동,,정읍천1,17.0,8.4,9.7,1.1,2.5,0.5,2.359,0.016
2016,10,전라북도,정읍시,연지동,,정읍천2,17.3,8.0,11.1,1.2,2.6,1.1,3.152,0.032
2016,10,전라북도,정읍시,이평면,하송리,정읍천4,20.0,7.5,9.2,1.3,6.7,12.7,3.725,0.218
2016,10,전라북도,정읍시,하모동,,천원천,16.9,7.8,9.9,1.5,3.6,4.9,3.074,0.057
2016,10,전라북도,김제시,백구면,마산리,마산천,19.4,7.9,10.4,4.6,10.0,38.0,9.538,0.214
2016,10,전라북도,완주군,삼례읍,,삼례,25.6,7.9,7.7,2.9,8.0,4.0,4.817,0.075
2016,10,전라북도,익산시,춘포면,인수리,익산천1,27.9,8.2,9.6,2.1,6.8,15.0,3.499,0.137
2016,10,전라북도,익산시,춘포면,인수리,익산천2,26.6,8.1,8.9,3.3,9.3,15.2,4.364,0.286
2016,10,전라북도,군산시,대야면,광교리,탑천,18.6,6.9,7.4,3.3,10.3,22.8,3.080,0.497
2016,10,전라북도,김제시,백구면,백구리,김제,19.4,7.3,9.6,2.9,8.1,14.1,4.464,0.234
2016,10,전라북도,김제시,백구면,월봉리,용암천,16.1,8.3,10.0,4.9,10.1,26.7,6.162,0.223
2016,10,전라북도,전주시완산구,서신동,,삼천3,17.4,7.8,9.8,2.4,5.1,3.0,3.823,0.078
2016,10,전라북도,전주시완산구,평화동3가,,삼천1,16.9,7.9,9.7,1.8,4.2,1.6,3.730,0.061
2016,10,전라북도,전주시완산구,효자동2가,,삼천2,17.2,7.7,10.4,2.2,4.6,3.3,3.860,0.068
2016,10,전라북도,완주군,소양면,황운리,소양천1,19.1,7.9,10.4,0.8,1.9,1.1,4.946,0.023
2016,10,전라북도,완주군,용진읍,상운리,소양천2,18.0,7.9,9.4,1.1,2.7,2.4,5.698,0.044
2016,10,전라북도,익산시,춘포면,용연리,익산천3,25.9,6.7,9.1,2.8,7.8,21.8,3.655,0.206
2016,10,전라북도,전주시덕진구,고랑동,,전주천7,20.8,6.8,8.1,3.1,11.0,17.0,4.411,0.164
2016,10,전라북도,전주시덕진구,전미동1가,,전주,19.1,7.1,9.4,1.1,4.1,2.8,3.948,0.127
2016,10,전라북도,전주시완산구,대성동,,전주천1,18.0,8.1,9.9,1.3,3.4,0.7,3.464,0.015
2016,10,전라북도,완주군,고산면,읍내리,고산,23.2,8.2,9.6,1.0,3.4,2.1,2.082,0.000
2016,10,전라북도,무주군,무주읍,대차리,무주남대천2,18.8,8.6,11.1,0.5,2.4,2.6,2.342,0.000
2016,10,전라북도,무주군,무주읍,읍내리,무주남대천1,18.1,8.9,10.8,0.6,2.6,7.1,2.210,0.002
2016,10,전라북도,무주군,무주읍,읍내리,무주남대천3,16.0,7.5,11.1,0.5,3.4,1.2,2.458,0.057
2016,10,전라북도,부안군,상서면,청림리,백천내,22.0,6.7,7.9,0.6,2.1,2.5,1.091,0.005
2016,10,전라북도,무주군,안성면,진도리,구량천,14.8,7.5,11.4,0.7,3.4,1.8,2.150,0.068
2016,10,전라북도,진안군,정천면,월평리,정자천,16.1,7.8,11.1,0.5,2.7,1.2,2.898,0.061
2016,10,전라북도,진안군,진안읍,운산리,진안천,26.0,7.8,8.7,1.0,3.5,4.0,2.539,0.084
2016,10,전라북도,진안군,진안읍,가막리,가막,15.7,7.1,10.7,1.5,4.9,5.1,3.469,0.123
2016,10,전라북도,무주군,무주읍,용포리,용포,18.6,8.9,10.3,1.2,3.5,1.0,1.743,0.006
2016,10,전라북도,진안군,용담면,송풍리,용담,18.0,7.4,11.2,0.7,4.4,2.0,2.221,0.043
2016,10,전라북도,남원시,운봉읍,,람천2,15.0,7.8,11.3,0.7,2.1,1.2,1.579,0.015
2016,10,전라북도,남원시,인월면,중군리,람천1,16.2,7.9,11.9,0.9,3.5,2.6,2.774,0.054
2016,10,전라북도,임실군,관촌면,방수리,관촌,16.9,7.3,9.6,0.9,3.1,3.7,2.217,0.036
2016,10,전라북도,임실군,운암면,학암리,운암,17.5,8.3,11.1,1.0,3.8,4.6,2.332,0.010
2016,10,전라북도,정읍시,산내면,매죽리,추령천,17.7,7.4,11.0,0.8,3.0,2.8,2.280,0.026
2016,10,전라북도,임실군,강진면,용수리,임실,17.4,8.3,8.1,1.3,3.9,1.9,1.580,0.021
2016,10,전라북도,순창군,동계면,구미리,동계,17.4,8.0,10.9,0.8,3.9,3.7,1.815,0.020
2016,10,전라북도,순창군,구림면,안정리,치천,16.6,7.7,9.9,0.4,2.6,2.0,1.748,0.019
2016,10,전라북도,남원시,대강면,풍산리,수홍천,17.2,7.4,10.6,0.6,2.9,3.2,2.382,0.043
2016,10,전라북도,순창군,유등면,유촌리,옥택천,17.1,7.4,10.2,0.5,3.2,4.7,1.616,0.038
2016,10,전라북도,순창군,적성면,고원리,적성,19.0,7.9,10.2,0.7,3.9,3.1,1.555,0.018
2016,10,전라북도,남원시,금지면,귀석리,남원,20.1,7.5,8.3,1.5,7.1,19.7,2.148,0.078
2016,10,전라북도,남원시,대강면,월탄리,대강,18.3,7.4,10.9,1.3,4.1,6.8,1.747,0.069
2016,10,전라북도,장수군,산서면,사상리,오수천1,16.6,7.7,10.5,0.5,3.2,1.8,1.777,0.048
2016,10,전라북도,남원시,덕과면,사율리,율천,17.8,7.5,9.9,0.9,4.4,9.2,1.577,0.105
2016,10,전라북도,남원시,사매면,서도리,월평천,17.3,7.3,10.6,0.7,4.5,5.4,1.968,0.070
2016,10,전라북도,순창군,동계면,서호리,오수천2,18.0,7.5,9.9,1.2,4.3,6.6,1.818,0.078
2016,10,전라북도,임실군,삼계면,후천리,후곡천,17.2,7.5,10.7,0.7,4.3,5.0,1.397,0.048
2016,10,전라북도,남원시,산동면,월석리,요천1,15.7,7.6,10.9,0.7,2.1,3.9,2.154,0.022
2016,10,전라북도,남원시,금지면,창산리,요천2,19.4,7.8,10.4,1.0,5.3,9.8,2.229,0.027
2016,10,전라북도,남원시,송동면,세전리,요천3,17.8,7.5,10.7,1.1,4.1,4.8,2.258,0.061
2016,10,전라북도,고창군,아산면,구암리,주진천1,18.0,8.4,9.3,1.2,5.5,8.8,3.288,0.076
2016,10,전라북도,고창군,아산면,반암리,주진천2,17.9,8.1,9.3,1.1,5.0,13.9,3.415,0.080
2016,11,전라북도,익산시,성당면,부곡리,산북천,10.8,7.9,9.2,6.0,13.4,24.5,7.880,0.463
2016,11,전라북도,익산시,망성면,무형리,마산천,7.1,9.0,12.4,1.6,5.9,9.6,5.425,0.313
2016,11,전라북도,부안군,동진면,하장리,고부천2,10.8,8.1,11.6,4.1,8.8,28.0,2.860,0.123
2016,11,전라북도,부안군,동진면,하장리,고부천3,10.7,7.7,12.2,2.1,9.3,16.1,3.324,0.098
2016,11,전라북도,정읍시,영원면,앵성리,고부천1,11.1,8.0,12.2,3.6,7.8,28.0,2.883,0.137
2016,11,전라북도,김제시,부량면,옥정리,동진강3,10.8,8.2,12.8,1.2,5.3,5.6,3.672,0.064
2016,11,전라북도,정읍시,신태인읍,,동진강2,10.1,7.8,13.4,0.9,4.1,2.5,2.783,0.051
2016,11,전라북도,정읍시,신태인읍,구석리,용호천,11.9,8.0,11.3,1.9,4.3,2.2,3.321,0.056
2016,11,전라북도,정읍시,옹동면,산성리,동진강1,10.2,8.1,13.0,0.5,3.0,1.6,2.217,0.043
2016,11,전라북도,김제시,성덕면,남포리,신평천,10.2,7.5,11.7,2.1,10.2,33.4,5.941,0.113
2016,11,전라북도,김제시,죽산면,대창리,원평천3,10.3,7.9,13.1,2.9,8.2,25.6,3.715,0.110
2016,11,전라북도,김제시,봉남면,용신리,원평천1,11.5,8.5,17.5,0.9,6.3,3.2,4.225,0.061
2016,11,전라북도,김제시,죽산면,죽산리,원평천2,11.5,7.6,11.3,1.8,8.3,28.8,3.381,0.124
2016,11,전라북도,정읍시,공평동,,정읍천3,11.9,7.9,11.0,1.4,3.4,2.8,2.683,0.046
2016,11,전라북도,정읍시,송산동,,정읍천1,12.3,8.5,11.8,0.9,2.1,0.5,2.032,0.018
2016,11,전라북도,정읍시,연지동,,정읍천2,13.3,8.2,12.5,1.1,2.4,1.8,3.761,0.052
2016,11,전라북도,정읍시,이평면,하송리,정읍천4,12.7,8.3,15.0,1.8,7.2,2.8,5.663,0.042
2016,11,전라북도,정읍시,하모동,,천원천,11.9,8.1,11.9,1.3,3.2,2.0,2.627,0.040
2016,11,전라북도,김제시,백구면,마산리,마산천,12.8,8.2,10.3,3.9,8.5,16.0,11.560,0.171
2016,11,전라북도,완주군,삼례읍,,삼례,14.6,7.7,9.7,6.1,11.8,5.6,9.954,0.073
2016,11,전라북도,익산시,춘포면,인수리,익산천1,10.8,7.8,13.1,1.4,5.7,3.0,4.499,0.115
2016,11,전라북도,익산시,춘포면,인수리,익산천2,10.8,7.5,14.1,2.0,7.6,6.0,4.961,0.283
2016,11,전라북도,군산시,대야면,광교리,탑천,10.4,7.4,11.4,2.3,6.8,11.2,5.056,0.084
2016,11,전라북도,김제시,백구면,백구리,김제,12.5,7.4,11.1,4.0,10.4,9.4,8.165,0.094
2016,11,전라북도,김제시,백구면,월봉리,용암천,9.1,8.7,11.9,4.3,10.8,28.5,9.935,0.169
2016,11,전라북도,전주시완산구,서신동,,삼천3,11.0,7.7,13.6,1.5,3.5,1.4,2.695,0.060
2016,11,전라북도,전주시완산구,평화동3가,,삼천1,12.0,7.8,13.4,1.2,2.9,2.5,2.778,0.094
2016,11,전라북도,전주시완산구,효자동2가,,삼천2,11.7,7.6,14.7,1.5,3.6,3.0,2.758,0.064
2016,11,전라북도,완주군,소양면,황운리,소양천1,12.0,8.0,12.7,0.7,1.9,1.0,3.532,0.026
2016,11,전라북도,완주군,용진읍,상운리,소양천2,12.7,8.5,10.1,1.0,2.4,2.8,5.452,0.033
2016,11,전라북도,익산시,춘포면,용연리,익산천3,11.0,8.2,14.3,1.6,10.3,82.4,4.389,0.397
2016,11,전라북도,전주시덕진구,고랑동,,전주천7,17.4,7.0,8.6,5.3,12.5,4.2,12.873,0.092
2016,11,전라북도,전주시덕진구,전미동1가,,전주,10.9,7.6,12.6,2.1,5.7,5.6,2.801,0.054
2016,11,전라북도,전주시완산구,대성동,,전주천1,13.6,8.0,14.2,0.7,1.5,0.5,2.837,0.018
2016,11,전라북도,완주군,고산면,읍내리,고산,11.8,8.7,12.3,0.9,5.2,0.2,2.238,0.027
2016,11,전라북도,무주군,무주읍,대차리,무주남대천2,13.8,8.3,13.2,0.8,3.2,0.1,2.431,0.036
2016,11,전라북도,무주군,무주읍,읍내리,무주남대천1,13.3,8.3,11.8,0.5,2.7,0.2,2.370,0.021
2016,11,전라북도,무주군,무주읍,읍내리,무주남대천3,8.0,8.1,12.9,0.4,2.8,0.6,2.408,0.023
2016,11,전라북도,부안군,상서면,청림리,백천내,12.0,6.9,9.7,1.1,1.6,1.1,1.246,0.006
2016,11,전라북도,무주군,안성면,진도리,구량천,7.5,7.6,13.7,0.4,3.0,1.6,2.722,0.013
2016,11,전라북도,진안군,정천면,월평리,정자천,8.2,8.0,11.6,0.4,2.1,0.9,2.058,0.003
2016,11,전라북도,진안군,진안읍,운산리,진안천,20.0,7.8,9.0,1.4,2.0,5.0,3.393,0.028
2016,11,전라북도,진안군,진안읍,가막리,가막,7.9,7.4,13.5,0.6,2.8,1.0,3.804,0.035
2016,11,전라북도,무주군,무주읍,용포리,용포,14.4,8.2,11.5,0.6,4.0,0.2,1.516,0.028
2016,11,전라북도,진안군,용담면,송풍리,용담,13.1,7.8,11.3,0.7,3.9,1.5,1.768,0.018
2016,11,전라북도,남원시,운봉읍,,람천2,9.1,8.3,12.9,0.5,1.9,0.5,1.753,0.015
2016,11,전라북도,남원시,인월면,중군리,람천1,9.1,8.6,13.2,0.8,2.4,0.2,2.776,0.032
2016,11,전라북도,임실군,관촌면,방수리,관촌,10.1,7.8,13.2,0.7,2.3,1.2,1.716,0.024
2016,11,전라북도,임실군,운암면,학암리,운암,13.2,8.9,14.3,2.0,2.3,1.9,1.600,0.034
2016,11,전라북도,정읍시,산내면,매죽리,추령천,9.2,7.7,12.9,0.6,2.3,0.5,1.756,0.017
2016,11,전라북도,임실군,강진면,용수리,임실,12.5,7.7,11.8,0.9,3.4,1.1,1.831,0.030
2016,11,전라북도,순창군,동계면,구미리,동계,13.0,8.6,12.3,2.5,2.5,0.3,1.240,0.022
2016,11,전라북도,순창군,구림면,안정리,치천,7.7,7.9,12.5,0.8,2.1,0.6,1.567,0.014
2016,11,전라북도,남원시,대강면,풍산리,수홍천,9.9,7.6,12.3,1.9,3.6,4.3,2.771,0.020
2016,11,전라북도,순창군,유등면,유촌리,옥택천,9.0,7.6,12.5,0.7,2.0,1.0,1.682,0.018
2016,11,전라북도,순창군,적성면,고원리,적성,12.6,8.6,12.4,1.6,3.1,2.1,1.378,0.026
2016,11,전라북도,남원시,금지면,귀석리,남원,12.1,8.1,14.0,0.6,2.5,0.8,1.299,0.029
2016,11,전라북도,남원시,대강면,월탄리,대강,11.2,7.7,12.8,0.9,2.7,1.8,1.671,0.041
2016,11,전라북도,장수군,산서면,사상리,오수천1,9.9,7.4,11.7,0.6,2.1,0.9,2.039,0.031
2016,11,전라북도,남원시,덕과면,사율리,율천,10.8,7.4,11.8,0.8,2.7,2.8,1.639,0.056
2016,11,전라북도,남원시,사매면,서도리,월평천,10.2,7.2,12.9,0.9,2.6,2.6,2.588,0.032
2016,11,전라북도,순창군,동계면,서호리,오수천2,9.9,7.6,12.8,1.0,2.9,1.3,1.519,0.028
2016,11,전라북도,임실군,삼계면,후천리,후곡천,8.6,7.4,12.4,0.8,2.9,1.2,1.315,0.018
2016,11,전라북도,남원시,산동면,월석리,요천1,9.9,7.7,12.4,0.5,1.9,0.7,1.454,0.021
2016,11,전라북도,남원시,금지면,창산리,요천2,12.1,8.3,13.5,0.7,2.8,2.4,2.108,0.036
2016,11,전라북도,남원시,송동면,세전리,요천3,11.8,7.7,12.6,1.0,3.1,2.4,2.257,0.034
2016,11,전라북도,고창군,아산면,구암리,주진천1,13.4,8.6,12.2,1.7,4.3,2.4,3.610,0.066
2016,11,전라북도,고창군,아산면,반암리,주진천2,13.6,8.1,11.4,1.6,4.3,27.8,3.663,0.101
2016,12,전라북도,익산시,성당면,부곡리,산북천,5.7,8.1,8.1,8.0,16.5,26.1,11.164,0.601
2016,12,전라북도,익산시,망성면,무형리,마산천,7.5,8.6,13.1,2.2,5.3,6.6,5.321,0.330
2016,12,전라북도,부안군,동진면,하장리,고부천2,7.3,8.3,13.8,3.6,7.8,22.0,3.193,0.168
2016,12,전라북도,부안군,동진면,하장리,고부천3,5.4,7.2,13.1,2.2,8.2,15.1,3.500,0.083
2016,12,전라북도,정읍시,영원면,앵성리,고부천1,7.9,8.3,14.1,3.2,6.7,34.5,3.878,0.152
2016,12,전라북도,김제시,부량면,옥정리,동진강3,5.8,8.0,13.9,1.7,6.6,7.4,4.078,0.046
2016,12,전라북도,정읍시,신태인읍,,동진강2,5.3,8.1,13.1,2.4,3.0,2.6,2.507,0.004
2016,12,전라북도,정읍시,신태인읍,구석리,용호천,7.8,8.3,13.2,1.9,4.4,3.7,2.872,0.042
2016,12,전라북도,정읍시,옹동면,산성리,동진강1,6.8,8.2,12.5,0.4,2.8,1.8,2.049,0.000
2016,12,전라북도,김제시,성덕면,남포리,신평천,4.4,7.9,10.8,3.0,9.7,37.0,9.142,0.061
2016,12,전라북도,김제시,죽산면,대창리,원평천3,6.9,7.7,14.0,3.2,8.2,13.1,3.737,0.098
2016,12,전라북도,김제시,봉남면,용신리,원평천1,3.8,8.1,14.3,1.3,5.6,7.2,4.451,0.023
2016,12,전라북도,김제시,죽산면,죽산리,원평천2,4.0,8.0,13.1,2.8,7.5,21.2,4.129,0.076
2016,12,전라북도,정읍시,공평동,,정읍천3,7.5,8.2,12.8,1.3,2.8,4.0,2.593,0.031
2016,12,전라북도,정읍시,송산동,,정읍천1,7.4,8.2,13.0,0.7,1.6,0.3,1.718,0.012
2016,12,전라북도,정읍시,연지동,,정읍천2,9.0,8.4,13.9,1.2,2.9,2.1,3.757,0.037
2016,12,전라북도,정읍시,이평면,하송리,정읍천4,8.5,8.0,15.8,1.6,8.2,5.3,6.135,0.040
2016,12,전라북도,정읍시,하모동,,천원천,7.6,8.3,13.3,1.6,4.3,6.0,2.984,0.064
2016,12,전라북도,김제시,백구면,마산리,마산천,8.8,7.9,15.3,4.5,10.6,125.8,6.314,0.292
2016,12,전라북도,완주군,삼례읍,,삼례,10.5,7.5,7.5,6.8,11.6,7.9,9.727,0.016
2016,12,전라북도,익산시,춘포면,인수리,익산천1,3.7,7.8,7.8,0.9,3.2,2.7,4.428,0.055
2016,12,전라북도,익산시,춘포면,인수리,익산천2,3.8,7.7,7.7,1.2,3.8,7.5,4.975,0.083
2016,12,전라북도,군산시,대야면,광교리,탑천,5.8,7.4,13.0,3.0,5.5,14.1,5.527,0.082
2016,12,전라북도,김제시,백구면,백구리,김제,8.1,7.8,11.7,5.2,10.4,13.8,8.122,0.082
2016,12,전라북도,김제시,백구면,월봉리,용암천,6.4,7.7,12.4,4.7,11.3,42.5,8.404,0.234
2016,12,전라북도,전주시완산구,서신동,,삼천3,9.4,7.5,12.3,1.4,3.5,2.6,2.764,0.064
2016,12,전라북도,전주시완산구,평화동3가,,삼천1,11.1,7.5,11.8,1.1,2.5,2.2,2.820,0.043
2016,12,전라북도,전주시완산구,효자동2가,,삼천2,10.8,7.5,12.1,1.6,3.9,9.6,3.033,0.094
2016,12,전라북도,완주군,소양면,황운리,소양천1,7.4,7.9,11.9,0.6,1.8,0.4,3.579,0.027
2016,12,전라북도,완주군,용진읍,상운리,소양천2,6.1,7.7,11.7,1.2,2.9,1.4,5.644,0.031
2016,12,전라북도,익산시,춘포면,용연리,익산천3,3.8,7.7,7.7,1.3,4.6,34.1,4.199,0.120
2016,12,전라북도,전주시덕진구,고랑동,,전주천7,14.6,7.4,9.3,8.4,14.3,9.3,11.097,0.093
2016,12,전라북도,전주시덕진구,전미동1가,,전주,6.0,8.1,15.6,4.0,7.0,10.3,3.082,0.076
2016,12,전라북도,전주시완산구,대성동,,전주천1,11.1,8.0,12.4,0.7,1.6,1.1,2.386,0.017
2016,12,전라북도,완주군,고산면,읍내리,고산,6.4,8.4,8.4,0.8,2.6,1.0,2.238,0.000
2016,12,전라북도,무주군,무주읍,대차리,무주남대천2,4.1,8.3,14.5,0.6,2.1,0.6,2.390,0.000
2016,12,전라북도,무주군,무주읍,읍내리,무주남대천1,3.7,8.3,13.4,0.3,1.8,0.4,2.428,0.000
2016,12,전라북도,무주군,무주읍,읍내리,무주남대천3,4.0,8.1,15.2,0.4,2.5,0.6,2.645,0.017
2016,12,전라북도,부안군,상서면,청림리,백천내,10.0,6.7,11.2,0.5,1.4,0.8,1.732,0.004
2016,12,전라북도,무주군,안성면,진도리,구량천,4.2,7.7,14.3,0.4,2.4,1.3,2.745,0.009
2016,12,전라북도,진안군,정천면,월평리,정자천,4.5,7.9,14.8,0.4,1.7,0.9,2.363,0.007
2016,12,전라북도,진안군,진안읍,운산리,진안천,5.0,7.8,13.0,1.2,2.7,3.0,4.547,0.028
2016,12,전라북도,진안군,진안읍,가막리,가막,3.8,7.5,14.6,0.5,2.6,0.7,4.193,0.015
2016,12,전라북도,무주군,무주읍,용포리,용포,7.1,8.5,11.7,0.6,3.2,0.8,1.601,0.000
2016,12,전라북도,진안군,용담면,송풍리,용담,9.8,7.5,13.5,0.5,3.6,1.0,1.774,0.011
2016,12,전라북도,남원시,운봉읍,,람천2,4.7,8.7,12.7,1.0,2.3,0.3,2.070,0.008
2016,12,전라북도,남원시,인월면,중군리,람천1,5.2,8.8,14.1,1.1,3.3,4.1,3.067,0.018
2016,12,전라북도,임실군,관촌면,방수리,관촌,4.8,7.7,13.7,0.7,2.3,1.1,1.966,0.009
2016,12,전라북도,임실군,운암면,학암리,운암,5.6,8.9,15.3,0.6,2.7,2.3,2.056,0.004
2016,12,전라북도,정읍시,산내면,매죽리,추령천,4.7,7.5,13.9,0.7,1.9,0.3,1.890,0.007
2016,12,전라북도,임실군,강진면,용수리,임실,6.4,7.7,12.8,0.9,3.4,0.9,1.708,0.009
2016,12,전라북도,순창군,동계면,구미리,동계,4.3,8.5,14.0,0.4,3.0,0.3,1.585,0.000
2016,12,전라북도,순창군,구림면,안정리,치천,3.6,7.9,13.9,0.4,2.0,1.2,1.975,0.006
2016,12,전라북도,남원시,대강면,풍산리,수홍천,5.8,7.8,12.8,0.4,1.9,1.6,3.153,0.015
2016,12,전라북도,순창군,유등면,유촌리,옥택천,4.8,7.7,12.9,0.4,1.9,0.8,1.971,0.013
2016,12,전라북도,순창군,적성면,고원리,적성,5.2,8.6,14.1,0.7,2.9,0.4,1.734,0.000
2016,12,전라북도,남원시,금지면,귀석리,남원,6.5,8.5,13.3,1.1,2.1,1.6,1.591,0.000
2016,12,전라북도,남원시,대강면,월탄리,대강,5.5,7.9,15.4,1.0,3.0,1.8,1.944,0.021
2016,12,전라북도,장수군,산서면,사상리,오수천1,6.1,7.2,11.7,0.4,1.9,0.8,2.146,0.054
2016,12,전라북도,남원시,덕과면,사율리,율천,6.2,7.1,11.9,0.5,2.7,7.8,1.969,0.074
2016,12,전라북도,남원시,사매면,서도리,월평천,5.9,7.1,12.1,0.7,2.9,1.6,2.924,0.025
2016,12,전라북도,순창군,동계면,서호리,오수천2,4.7,7.7,13.7,1.0,2.5,1.6,1.780,0.009
2016,12,전라북도,임실군,삼계면,후천리,후곡천,4.3,7.5,12.4,0.4,2.7,0.8,1.523,0.014
2016,12,전라북도,남원시,산동면,월석리,요천1,4.5,7.3,13.9,0.7,1.5,1.2,1.826,0.010
2016,12,전라북도,남원시,금지면,창산리,요천2,6.7,8.4,14.0,1.1,2.9,1.6,3.050,0.000
2016,12,전라북도,남원시,송동면,세전리,요천3,6.0,7.6,14.4,1.4,3.4,1.9,3.108,0.017
2016,12,전라북도,고창군,아산면,구암리,주진천1,6.9,8.3,13.8,1.7,5.0,3.2,4.456,0.065
2016,12,전라북도,고창군,아산면,반암리,주진천2,6.0,8.3,14.1,1.7,5.0,2.2,3.774,0.048
2017,01,전라북도,익산시,성당면,부곡리,산북천,3.6,7.7,7.6,5.9,12.2,19.4,10.219,0.789
2017,01,전라북도,익산시,망성면,무형리,마산천,6.9,7.6,13.8,1.4,6.4,8.0,5.241,0.242
2017,01,전라북도,부안군,동진면,하장리,고부천2,5.0,7.9,9.1,4.8,10.3,40.7,5.025,0.196
2017,01,전라북도,부안군,동진면,하장리,고부천3,2.7,8.0,13.2,2.3,8.3,45.0,4.868,0.200
2017,01,전라북도,정읍시,영원면,앵성리,고부천1,6.7,7.7,9.1,4.8,10.2,108.0,5.159,0.336
2017,01,전라북도,김제시,부량면,옥정리,동진강3,3.0,7.8,14.7,1.5,6.1,6.3,4.673,0.077
2017,01,전라북도,정읍시,신태인읍,,동진강2,6.4,7.9,13.9,0.7,3.1,8.2,2.763,0.024
2017,01,전라북도,정읍시,신태인읍,구석리,용호천,5.6,7.8,9.4,1.8,4.3,4.4,3.696,0.046
2017,01,전라북도,정읍시,옹동면,산성리,동진강1,7.3,7.9,13.1,0.6,2.7,1.8,2.276,0.011
2017,01,전라북도,김제시,성덕면,남포리,신평천,5.5,7.7,10.9,5.5,13.3,17.5,7.798,0.135
2017,01,전라북도,김제시,죽산면,대창리,원평천3,3.4,8.7,14.5,2.6,7.4,17.7,4.030,0.180
2017,01,전라북도,김제시,봉남면,용신리,원평천1,6.8,8.7,16.2,0.9,4.3,3.4,4.161,0.035
2017,01,전라북도,김제시,죽산면,죽산리,원평천2,5.3,8.0,13.5,1.9,7.2,21.5,4.303,0.121
2017,01,전라북도,정읍시,공평동,,정읍천3,5.8,7.8,9.3,1.3,2.7,2.5,3.581,0.040
2017,01,전라북도,정읍시,송산동,,정읍천1,6.7,7.9,9.6,0.8,1.8,0.3,2.782,0.025
2017,01,전라북도,정읍시,연지동,,정읍천2,6.6,7.9,9.7,1.1,2.6,1.5,3.592,0.032
2017,01,전라북도,정읍시,이평면,하송리,정읍천4,5.4,7.4,13.3,2.5,11.1,6.1,7.233,0.093
2017,01,전라북도,정읍시,하모동,,천원천,5.4,8.0,9.6,1.3,3.2,4.6,3.728,0.054
2017,01,전라북도,김제시,백구면,마산리,마산천,4.2,7.1,14.8,3.4,6.4,44.5,6.473,0.282
2017,01,전라북도,완주군,삼례읍,,삼례,10.2,7.5,11.3,4.1,8.1,2.9,8.230,0.033
2017,01,전라북도,익산시,춘포면,인수리,익산천1,7.1,7.8,14.6,1.1,3.9,2.0,4.980,0.070
2017,01,전라북도,익산시,춘포면,인수리,익산천2,6.6,7.9,14.9,2.1,6.1,4.8,4.374,0.069
2017,01,전라북도,군산시,대야면,광교리,탑천,3.0,8.0,14.2,1.9,5.7,8.6,5.024,0.105
2017,01,전라북도,김제시,백구면,백구리,김제,5.5,7.6,12.2,3.0,9.2,11.9,9.801,0.123
2017,01,전라북도,김제시,백구면,월봉리,용암천,3.0,6.9,12.6,4.3,9.8,21.2,7.741,0.187
2017,01,전라북도,전주시완산구,서신동,,삼천3,7.9,7.5,11.7,1.3,3.0,4.4,3.176,0.064
2017,01,전라북도,전주시완산구,평화동3가,,삼천1,5.8,8.1,12.2,1.3,2.8,4.4,3.855,0.081
2017,01,전라북도,전주시완산구,효자동2가,,삼천2,5.8,7.7,12.2,1.6,3.5,21.3,3.806,0.087
2017,01,전라북도,완주군,소양면,황운리,소양천1,7.9,7.2,12.8,0.6,1.6,0.2,4.179,0.023
2017,01,전라북도,완주군,용진읍,상운리,소양천2,6.8,7.5,11.6,0.8,1.8,1.5,4.915,0.028
2017,01,전라북도,익산시,춘포면,용연리,익산천3,6.1,8.3,16.6,1.8,5.0,7.3,5.156,0.107
2017,01,전라북도,전주시덕진구,고랑동,,전주천7,10.7,7.1,10.0,4.3,13.4,4.3,13.814,0.124
2017,01,전라북도,전주시덕진구,전미동1가,,전주,3.8,7.8,13.5,2.3,4.7,4.4,4.172,0.083
2017,01,전라북도,전주시완산구,대성동,,전주천1,8.4,8.1,12.2,0.6,1.2,0.5,3.306,0.017
2017,01,전라북도,완주군,고산면,읍내리,고산,6.7,8.2,13.2,0.3,2.1,0.3,2.958,0.000
2017,01,전라북도,무주군,무주읍,대차리,무주남대천2,5.7,8.8,13.0,0.4,1.9,0.1,2.273,0.013
2017,01,전라북도,무주군,무주읍,읍내리,무주남대천1,5.9,8.6,12.6,0.1,2.5,0.1,2.063,0.000
2017,01,전라북도,무주군,무주읍,읍내리,무주남대천3,2.7,8.3,15.0,0.4,2.5,0.7,2.682,0.026
2017,01,전라북도,부안군,상서면,청림리,백천내,9.0,6.7,11.2,0.6,0.8,0.0,2.039,0.003
2017,01,전라북도,무주군,안성면,진도리,구량천,2.6,8.2,13.6,0.6,2.6,1.4,3.027,0.023
2017,01,전라북도,진안군,정천면,월평리,정자천,3.6,7.8,13.6,0.4,1.9,0.9,2.821,0.017
2017,01,전라북도,진안군,진안읍,운산리,진안천,6.0,7.9,12.2,1.2,3.1,4.0,3.838,0.062
2017,01,전라북도,진안군,진안읍,가막리,가막,3.0,7.8,12.5,0.6,2.5,1.3,3.931,0.023
2017,01,전라북도,무주군,무주읍,용포리,용포,7.4,8.8,11.7,0.2,3.0,0.2,1.511,0.000
2017,01,전라북도,진안군,용담면,송풍리,용담,6.3,7.6,12.7,0.5,3.0,0.7,1.656,0.014
2017,01,전라북도,남원시,운봉읍,,람천2,4.4,8.7,13.3,0.3,2.1,0.1,1.836,0.006
2017,01,전라북도,남원시,인월면,중군리,람천1,4.5,8.6,14.4,0.6,2.9,1.7,2.676,0.016
2017,01,전라북도,임실군,관촌면,방수리,관촌,2.0,7.7,15.0,0.8,2.1,1.5,2.434,0.012
2017,01,전라북도,임실군,운암면,학암리,운암,-0.2,8.6,14.5,1.4,2.8,0.1,2.460,0.009
2017,01,전라북도,정읍시,산내면,매죽리,추령천,2.6,7.8,15.7,0.6,2.1,0.5,2.508,0.007
2017,01,전라북도,임실군,강진면,용수리,임실,4.1,7.9,15.0,0.7,2.9,0.8,1.686,0.012
2017,01,전라북도,순창군,동계면,구미리,동계,1.2,8.7,14.8,0.6,2.1,0.1,1.628,0.000
2017,01,전라북도,순창군,구림면,안정리,치천,0.9,6.4,13.7,0.4,1.7,0.9,2.233,0.013
2017,01,전라북도,남원시,대강면,풍산리,수홍천,3.4,7.2,12.7,0.4,1.4,1.7,3.234,0.013
2017,01,전라북도,순창군,유등면,유촌리,옥택천,2.2,7.2,13.2,0.5,1.9,1.4,2.237,0.013
2017,01,전라북도,순창군,적성면,고원리,적성,3.3,8.6,13.9,0.9,2.4,0.4,1.866,0.000
2017,01,전라북도,남원시,금지면,귀석리,남원,4.7,8.5,12.9,0.8,2.7,0.4,1.681,0.000
2017,01,전라북도,남원시,대강면,월탄리,대강,3.2,7.8,15.5,0.9,2.8,2.2,2.022,0.022
2017,01,전라북도,장수군,산서면,사상리,오수천1,2.8,7.7,14.1,0.5,1.7,1.4,2.485,0.018
2017,01,전라북도,남원시,덕과면,사율리,율천,3.7,7.5,14.4,0.7,2.5,5.2,2.928,0.169
2017,01,전라북도,남원시,사매면,서도리,월평천,3.1,7.5,14.7,1.0,2.7,2.0,3.462,0.037
2017,01,전라북도,순창군,동계면,서호리,오수천2,2.3,7.4,14.3,0.7,2.8,1.4,2.130,0.018
2017,01,전라북도,임실군,삼계면,후천리,후곡천,1.6,7.6,15.2,0.6,2.4,0.9,1.791,0.020
2017,01,전라북도,남원시,산동면,월석리,요천1,1.9,7.9,15.1,0.4,1.5,0.6,2.046,0.008
2017,01,전라북도,남원시,금지면,창산리,요천2,5.3,8.7,12.9,1.1,3.4,0.6,3.595,0.008
2017,01,전라북도,남원시,송동면,세전리,요천3,3.6,7.6,15.7,1.1,3.6,2.2,3.721,0.025
2017,01,전라북도,고창군,아산면,구암리,주진천1,3.0,8.2,14.0,1.8,3.9,2.8,4.659,0.027
2017,01,전라북도,고창군,아산면,반암리,주진천2,2.7,8.5,14.2,1.7,3.7,1.4,4.419,0.030
2017,02,전라북도,익산시,성당면,부곡리,산북천,5.2,7.6,8.6,8.4,15.1,18.5,12.322,0.917
2017,02,전라북도,익산시,망성면,무형리,마산천,7.8,7.9,12.7,5.2,11.9,24.1,6.294,0.427
2017,02,전라북도,부안군,동진면,하장리,고부천2,3.5,7.5,12.9,4.3,9.6,61.0,4.840,0.189
2017,02,전라북도,부안군,동진면,하장리,고부천3,3.6,7.9,13.0,3.1,11.2,32.5,5.433,0.223
2017,02,전라북도,정읍시,영원면,앵성리,고부천1,4.1,7.6,13.1,3.9,7.9,75.0,4.767,0.193
2017,02,전라북도,김제시,부량면,옥정리,동진강3,4.3,7.6,14.0,2.4,6.7,13.8,4.530,0.110
2017,02,전라북도,정읍시,신태인읍,,동진강2,3.0,8.7,13.4,0.5,2.9,7.3,2.364,0.024
2017,02,전라북도,정읍시,신태인읍,구석리,용호천,4.1,7.6,13.1,1.6,3.8,3.4,3.852,0.052
2017,02,전라북도,정읍시,옹동면,산성리,동진강1,4.0,8.8,13.2,0.7,2.6,3.4,2.006,0.011
2017,02,전라북도,김제시,성덕면,남포리,신평천,3.8,9.1,16.5,5.4,10.1,18.4,7.718,0.070
2017,02,전라북도,김제시,죽산면,대창리,원평천3,4.7,7.9,13.8,3.9,9.2,33.1,5.333,0.222
2017,02,전라북도,김제시,봉남면,용신리,원평천1,3.2,8.6,13.5,1.8,5.1,11.7,4.547,0.056
2017,02,전라북도,김제시,죽산면,죽산리,원평천2,3.6,8.5,13.4,2.6,7.2,33.0,4.299,0.111
2017,02,전라북도,정읍시,공평동,,정읍천3,4.7,7.9,12.5,1.2,2.7,2.9,3.253,0.032
2017,02,전라북도,정읍시,송산동,,정읍천1,5.7,8.1,12.7,0.7,1.8,0.4,2.915,0.020
2017,02,전라북도,정읍시,연지동,,정읍천2,3.9,7.9,13.5,1.0,2.4,5.7,3.238,0.036
2017,02,전라북도,정읍시,이평면,하송리,정읍천4,6.2,7.4,13.1,4.1,9.8,42.9,6.374,0.169
2017,02,전라북도,정읍시,하모동,,천원천,4.5,8.1,13.2,1.4,3.2,1.9,3.468,0.045
2017,02,전라북도,김제시,백구면,마산리,마산천,1.8,8.3,14.6,2.9,5.6,27.0,6.034,0.254
2017,02,전라북도,완주군,삼례읍,,삼례,10.0,7.8,11.5,6.2,10.0,6.1,14.859,0.096
2017,02,전라북도,익산시,춘포면,인수리,익산천1,7.9,8.4,16.7,1.3,3.7,6.9,5.117,0.129
2017,02,전라북도,익산시,춘포면,인수리,익산천2,6.7,8.4,14.9,2.4,5.8,18.4,7.123,0.291
2017,02,전라북도,군산시,대야면,광교리,탑천,4.1,7.4,12.8,2.9,8.5,16.4,6.082,0.170
2017,02,전라북도,김제시,백구면,백구리,김제,6.5,7.4,11.9,4.1,11.1,26.2,10.986,0.195
2017,02,전라북도,김제시,백구면,월봉리,용암천,3.4,8.4,13.3,5.1,12.0,25.0,10.475,0.253
2017,02,전라북도,전주시완산구,서신동,,삼천3,5.3,7.4,12.4,1.9,4.6,6.7,3.765,0.094
2017,02,전라북도,전주시완산구,평화동3가,,삼천1,3.1,7.9,13.1,1.8,4.5,20.0,4.350,0.136
2017,02,전라북도,전주시완산구,효자동2가,,삼천2,2.7,7.6,13.2,2.2,5.3,24.3,4.006,0.112
2017,02,전라북도,완주군,소양면,황운리,소양천1,4.3,7.9,13.5,0.7,1.7,0.9,4.401,0.027
2017,02,전라북도,완주군,용진읍,상운리,소양천2,5.2,8.0,12.9,1.0,2.5,1.8,5.265,0.037
2017,02,전라북도,익산시,춘포면,용연리,익산천3,5.6,8.5,16.2,2.2,5.2,17.4,5.563,0.190
2017,02,전라북도,전주시덕진구,고랑동,,전주천7,11.0,7.1,9.8,4.5,14.5,9.8,13.836,0.179
2017,02,전라북도,전주시덕진구,전미동1가,,전주,4.5,7.6,13.0,3.0,5.7,5.8,3.377,0.121
2017,02,전라북도,전주시완산구,대성동,,전주천1,5.0,8.4,12.6,0.6,1.1,0.7,3.028,0.016
2017,02,전라북도,완주군,고산면,읍내리,고산,5.6,8.9,13.7,0.5,1.5,0.2,2.032,0.000
2017,02,전라북도,무주군,무주읍,대차리,무주남대천2,3.8,8.4,14.2,0.6,2.3,0.7,3.449,0.020
2017,02,전라북도,무주군,무주읍,읍내리,무주남대천1,3.0,8.2,14.7,0.4,3.0,0.1,3.174,0.000
2017,02,전라북도,무주군,무주읍,읍내리,무주남대천3,2.8,7.9,15.2,0.6,3.1,1.5,3.404,0.031
2017,02,전라북도,부안군,상서면,청림리,백천내,5.0,7.1,12.5,0.7,0.6,0.3,2.436,0.000
2017,02,전라북도,무주군,안성면,진도리,구량천,1.2,7.9,15.2,0.6,3.1,2.1,3.385,0.022
2017,02,전라북도,진안군,정천면,월평리,정자천,2.1,7.8,14.0,0.7,3.1,2.5,2.760,0.047
2017,02,전라북도,진안군,진안읍,운산리,진안천,5.0,7.8,10.1,1.1,3.0,3.8,4.056,0.068
2017,02,전라북도,진안군,진안읍,가막리,가막,2.3,7.7,14.3,1.2,4.2,9.4,4.362,0.058
2017,02,전라북도,무주군,무주읍,용포리,용포,3.8,8.6,12.8,0.3,2.9,0.1,1.546,0.003
2017,02,전라북도,진안군,용담면,송풍리,용담,5.1,7.5,13.0,0.8,3.4,2.3,1.788,0.016
2017,02,전라북도,남원시,운봉읍,,람천2,5.5,8.1,12.9,4.3,7.7,22.3,2.679,0.069
2017,02,전라북도,남원시,인월면,중군리,람천1,6.1,8.1,12.1,5.4,8.7,19.4,3.823,0.101
2017,02,전라북도,임실군,관촌면,방수리,관촌,3.2,8.0,13.4,1.1,2.9,3.7,2.617,0.022
2017,02,전라북도,임실군,운암면,학암리,운암,1.4,8.6,14.0,1.5,2.9,0.7,2.333,0.003
2017,02,전라북도,정읍시,산내면,매죽리,추령천,3.2,7.8,12.3,0.9,2.7,2.2,2.812,0.014
2017,02,전라북도,임실군,강진면,용수리,임실,4.9,8.0,12.4,0.7,3.0,0.9,1.757,0.011
2017,02,전라북도,순창군,동계면,구미리,동계,2.0,8.6,14.2,1.1,2.6,0.1,1.617,0.000
2017,02,전라북도,순창군,구림면,안정리,치천,1.6,7.1,14.5,0.9,3.0,2.5,2.373,0.014
2017,02,전라북도,남원시,대강면,풍산리,수홍천,3.8,7.1,14.0,1.0,3.9,4.9,3.277,0.032
2017,02,전라북도,순창군,유등면,유촌리,옥택천,3.0,7.2,14.7,1.2,3.5,4.6,2.468,0.028
2017,02,전라북도,순창군,적성면,고원리,적성,4.5,8.6,13.8,1.3,3.2,0.6,1.994,0.003
2017,02,전라북도,남원시,금지면,귀석리,남원,4.2,8.4,13.8,1.2,3.1,0.4,1.988,0.006
2017,02,전라북도,남원시,대강면,월탄리,대강,4.0,7.2,14.2,1.5,4.1,5.4,2.334,0.037
2017,02,전라북도,장수군,산서면,사상리,오수천1,3.7,7.2,12.7,1.3,4.3,6.8,3.023,0.041
2017,02,전라북도,남원시,덕과면,사율리,율천,4.3,7.3,12.6,1.6,3.9,9.8,2.307,0.084
2017,02,전라북도,남원시,사매면,서도리,월평천,4.0,7.2,12.6,2.3,6.7,6.0,4.074,0.115
2017,02,전라북도,순창군,동계면,서호리,오수천2,4.2,7.5,14.5,1.5,4.6,4.4,2.487,0.034
2017,02,전라북도,임실군,삼계면,후천리,후곡천,3.2,7.3,13.2,1.0,3.8,2.7,1.799,0.028
2017,02,전라북도,남원시,산동면,월석리,요천1,2.4,8.0,14.6,0.6,2.3,2.8,2.298,0.016
2017,02,전라북도,남원시,금지면,창산리,요천2,4.6,8.3,14.2,1.4,3.8,0.8,4.215,0.000
2017,02,전라북도,남원시,송동면,세전리,요천3,4.9,7.6,14.4,1.9,4.9,4.4,3.930,0.050
2017,02,전라북도,고창군,아산면,구암리,주진천1,6.5,8.4,12.7,1.3,5.1,5.0,4.642,0.130
2017,02,전라북도,고창군,아산면,반암리,주진천2,6.0,8.2,13.4,2.0,4.9,3.1,4.646,0.126
2017,03,전라북도,익산시,성당면,부곡리,산북천,9.9,8.3,12.7,10.7,23.3,35.5,10.004,0.656
2017,03,전라북도,익산시,망성면,무형리,마산천,6.8,8.8,13.1,2.5,10.0,11.9,5.777,0.285
2017,03,전라북도,부안군,동진면,하장리,고부천2,9.8,7.3,11.4,3.2,7.3,76.8,4.727,0.216
2017,03,전라북도,부안군,동진면,하장리,고부천3,9.1,8.1,11.2,4.2,10.1,47.3,3.894,0.162
2017,03,전라북도,정읍시,영원면,앵성리,고부천1,8.5,7.3,12.1,2.6,6.0,52.8,4.619,0.171
2017,03,전라북도,김제시,부량면,옥정리,동진강3,9.0,8.0,12.8,2.2,6.3,18.9,3.872,0.074
2017,03,전라북도,정읍시,신태인읍,,동진강2,8.6,8.1,12.5,2.1,4.6,23.8,2.708,0.031
2017,03,전라북도,정읍시,신태인읍,구석리,용호천,6.6,7.4,12.3,2.0,4.8,4.1,4.512,0.071
2017,03,전라북도,정읍시,옹동면,산성리,동진강1,7.8,8.4,12.8,0.6,3.1,18.5,2.203,0.021
2017,03,전라북도,김제시,성덕면,남포리,신평천,7.6,8.6,14.3,6.4,14.6,32.8,7.452,0.122
2017,03,전라북도,김제시,죽산면,대창리,원평천3,9.6,8.4,14.0,5.4,10.1,42.7,3.965,0.154
2017,03,전라북도,김제시,봉남면,용신리,원평천1,12.0,9.0,13.7,1.1,5.1,12.8,4.032,0.044
2017,03,전라북도,김제시,죽산면,죽산리,원평천2,7.0,8.0,12.7,2.7,8.4,81.7,4.107,0.108
2017,03,전라북도,정읍시,공평동,,정읍천3,6.3,7.7,12.0,1.2,2.6,1.3,3.649,0.025
2017,03,전라북도,정읍시,송산동,,정읍천1,5.7,8.4,12.8,0.7,1.8,0.4,2.187,0.015
2017,03,전라북도,정읍시,연지동,,정읍천2,7.1,8.2,13.4,0.9,2.2,1.1,2.611,0.020
2017,03,전라북도,정읍시,이평면,하송리,정읍천4,10.4,7.6,12.3,3.4,8.5,14.3,6.827,0.088
2017,03,전라북도,정읍시,하모동,,천원천,7.0,7.8,13.3,1.2,2.9,4.6,4.560,0.036
2017,03,전라북도,김제시,백구면,마산리,마산천,7.4,8.1,13.7,3.9,8.0,45.3,6.236,0.237
2017,03,전라북도,완주군,삼례읍,,삼례,10.6,7.6,10.7,3.9,8.7,4.2,11.012,0.082
2017,03,전라북도,익산시,춘포면,인수리,익산천1,7.1,8.1,12.3,2.2,5.9,9.9,4.556,0.117
2017,03,전라북도,익산시,춘포면,인수리,익산천2,9.3,8.1,14.1,3.2,6.9,11.8,4.777,0.213
2017,03,전라북도,군산시,대야면,광교리,탑천,9.3,7.7,11.3,3.1,7.3,17.2,4.640,0.093
2017,03,전라북도,김제시,백구면,백구리,김제,11.2,7.6,12.0,5.2,11.4,23.0,9.024,0.105
2017,03,전라북도,김제시,백구면,월봉리,용암천,7.8,8.1,10.5,4.4,12.5,47.3,7.870,0.219
2017,03,전라북도,전주시완산구,서신동,,삼천3,8.4,7.6,14.6,1.5,3.4,4.8,2.628,0.054
2017,03,전라북도,전주시완산구,평화동3가,,삼천1,5.3,7.9,16.5,1.4,3.3,1.1,3.801,0.049
2017,03,전라북도,전주시완산구,효자동2가,,삼천2,7.3,7.7,16.4,1.2,2.6,7.7,2.783,0.049
2017,03,전라북도,완주군,소양면,황운리,소양천1,7.8,7.7,14.0,0.7,1.6,1.9,4.614,0.020
2017,03,전라북도,완주군,용진읍,상운리,소양천2,7.0,7.7,11.8,0.9,2.3,3.9,5.321,0.017
2017,03,전라북도,익산시,춘포면,용연리,익산천3,6.7,7.8,12.8,3.1,7.1,19.0,3.680,0.188
2017,03,전라북도,전주시덕진구,고랑동,,전주천7,13.2,7.2,9.9,5.3,13.2,6.9,11.821,0.138
2017,03,전라북도,전주시덕진구,전미동1가,,전주,9.6,8.1,13.3,2.3,5.1,6.5,3.839,0.069
2017,03,전라북도,전주시완산구,대성동,,전주천1,7.2,8.3,16.6,0.5,1.0,0.4,3.680,0.012
2017,03,전라북도,완주군,고산면,읍내리,고산,8.2,8.5,13.4,0.6,2.6,0.2,3.070,0.012
2017,03,전라북도,무주군,무주읍,대차리,무주남대천2,10.6,8.4,12.2,0.7,3.1,2.4,2.420,0.023
2017,03,전라북도,무주군,무주읍,읍내리,무주남대천1,11.1,8.9,13.6,0.4,2.5,0.8,2.264,0.011
2017,03,전라북도,무주군,무주읍,읍내리,무주남대천3,7.0,8.2,14.5,0.8,3.2,2.1,2.384,0.016
2017,03,전라북도,부안군,상서면,청림리,백천내,8.0,6.7,11.6,0.6,1.4,0.8,2.996,0.000
2017,03,전라북도,무주군,안성면,진도리,구량천,5.0,8.0,15.1,0.5,2.8,1.7,2.748,0.010
2017,03,전라북도,진안군,정천면,월평리,정자천,5.7,7.7,13.3,0.5,2.2,1.5,2.682,0.008
2017,03,전라북도,진안군,진안읍,운산리,진안천,9.0,7.8,9.2,1.1,2.8,3.0,3.651,0.080
2017,03,전라북도,진안군,진안읍,가막리,가막,6.3,7.8,14.3,1.0,3.1,1.5,3.335,0.025
2017,03,전라북도,무주군,무주읍,용포리,용포,9.2,8.2,12.3,0.5,3.0,0.2,1.669,0.008
2017,03,전라북도,진안군,용담면,송풍리,용담,6.8,7.6,13.0,0.7,3.3,1.2,1.672,0.020
2017,03,전라북도,남원시,운봉읍,,람천2,2.3,8.1,13.8,0.6,2.3,0.2,2.016,0.014
2017,03,전라북도,남원시,인월면,중군리,람천1,3.5,8.1,14.3,0.9,3.0,0.7,3.150,0.034
2017,03,전라북도,임실군,관촌면,방수리,관촌,7.0,7.9,13.3,1.0,3.0,3.8,2.355,0.012
2017,03,전라북도,임실군,운암면,학암리,운암,12.3,8.7,13.2,0.9,3.1,2.0,2.027,0.012
2017,03,전라북도,정읍시,산내면,매죽리,추령천,7.9,7.6,13.9,1.0,2.8,1.0,2.805,0.008
2017,03,전라북도,임실군,강진면,용수리,임실,7.4,7.8,13.9,0.8,3.4,1.1,1.875,0.009
2017,03,전라북도,순창군,동계면,구미리,동계,9.2,8.6,11.5,0.6,3.2,0.2,1.606,0.009
2017,03,전라북도,순창군,구림면,안정리,치천,6.4,7.6,12.7,0.9,2.9,1.0,2.156,0.011
2017,03,전라북도,남원시,대강면,풍산리,수홍천,7.8,7.4,12.4,1.0,3.3,1.8,2.794,0.022
2017,03,전라북도,순창군,유등면,유촌리,옥택천,7.2,7.4,12.6,1.1,3.3,1.4,2.155,0.020
2017,03,전라북도,순창군,적성면,고원리,적성,8.9,8.4,12.1,1.0,3.2,0.4,1.712,0.016
2017,03,전라북도,남원시,금지면,귀석리,남원,12.3,8.3,12.9,0.7,3.1,0.8,1.639,0.014
2017,03,전라북도,남원시,대강면,월탄리,대강,8.8,7.1,13.1,1.2,3.7,2.7,2.024,0.019
2017,03,전라북도,장수군,산서면,사상리,오수천1,7.4,7.7,12.5,1.3,3.3,2.7,2.263,0.078
2017,03,전라북도,남원시,덕과면,사율리,율천,8.1,7.7,12.3,1.3,3.6,4.1,2.217,0.092
2017,03,전라북도,남원시,사매면,서도리,월평천,7.9,7.5,13.7,1.7,4.2,1.9,3.264,0.047
2017,03,전라북도,순창군,동계면,서호리,오수천2,8.7,7.8,11.5,1.2,3.8,2.8,2.007,0.019
2017,03,전라북도,임실군,삼계면,후천리,후곡천,6.8,7.7,13.3,1.0,3.4,0.6,1.693,0.021
2017,03,전라북도,남원시,산동면,월석리,요천1,5.7,7.5,11.8,0.7,2.1,1.3,2.181,0.007
2017,03,전라북도,남원시,금지면,창산리,요천2,12.7,7.8,12.2,1.3,3.7,2.6,2.828,0.041
2017,03,전라북도,남원시,송동면,세전리,요천3,8.4,7.5,11.5,1.5,4.2,3.2,3.576,0.026
2017,03,전라북도,고창군,아산면,구암리,주진천1,9.3,8.1,11.2,1.5,5.2,7.9,4.726,0.104
2017,03,전라북도,고창군,아산면,반암리,주진천2,9.2,7.9,11.9,1.7,5.1,16.8,4.648,0.116
2017,04,전라북도,익산시,성당면,부곡리,산북천,16.0,8.7,12.3,12.7,22.7,25.5,10.232,0.833
2017,04,전라북도,익산시,망성면,무형리,마산천,14.4,7.9,8.5,9.4,13.9,38.3,7.833,0.453
2017,04,전라북도,부안군,동진면,하장리,고부천2,15.8,8.5,9.4,5.1,11.4,10.0,3.605,0.175
2017,04,전라북도,부안군,동진면,하장리,고부천3,15.2,8.2,10.7,3.8,9.3,8.0,3.211,0.058
2017,04,전라북도,정읍시,영원면,앵성리,고부천1,15.2,7.8,7.0,3.2,7.5,160.0,3.599,0.255
2017,04,전라북도,김제시,부량면,옥정리,동진강3,16.3,8.8,11.0,4.7,10.2,13.4,4.247,0.085
2017,04,전라북도,정읍시,신태인읍,,동진강2,16.4,8.1,10.4,4.8,9.1,10.3,2.749,0.148
2017,04,전라북도,정읍시,신태인읍,구석리,용호천,12.4,8.4,8.3,3.3,8.8,6.6,2.260,0.073
2017,04,전라북도,정읍시,옹동면,산성리,동진강1,12.9,8.4,11.4,0.8,3.5,4.8,1.876,0.033
2017,04,전라북도,김제시,성덕면,남포리,신평천,16.5,8.1,9.1,6.2,11.5,15.4,3.030,0.154
2017,04,전라북도,김제시,죽산면,대창리,원평천3,14.7,8.6,11.4,3.5,6.6,9.6,1.897,0.046
2017,04,전라북도,김제시,봉남면,용신리,원평천1,16.7,8.5,10.8,3.8,8.9,10.4,1.488,0.055
2017,04,전라북도,김제시,죽산면,죽산리,원평천2,16.0,8.5,9.6,1.9,6.0,8.5,1.691,0.048
2017,04,전라북도,정읍시,공평동,,정읍천3,14.7,7.9,10.0,1.6,4.2,3.2,2.035,0.032
2017,04,전라북도,정읍시,송산동,,정읍천1,12.0,7.8,10.2,0.6,2.2,0.6,1.609,0.020
2017,04,전라북도,정읍시,연지동,,정읍천2,14.7,7.8,9.6,1.3,3.3,2.7,2.255,0.022
2017,04,전라북도,정읍시,이평면,하송리,정읍천4,16.5,7.7,8.6,5.0,10.8,18.2,6.035,0.131
2017,04,전라북도,정읍시,하모동,,천원천,16.3,7.3,9.8,1.8,4.9,3.7,2.110,0.052
2017,04,전라북도,김제시,백구면,마산리,마산천,18.6,8.7,15.2,4.8,11.7,67.7,5.898,0.282
2017,04,전라북도,완주군,삼례읍,,삼례,16.8,7.6,8.8,5.9,9.2,12.8,5.833,0.164
2017,04,전라북도,익산시,춘포면,인수리,익산천1,14.9,7.8,10.2,4.8,10.9,34.7,3.633,0.191
2017,04,전라북도,익산시,춘포면,인수리,익산천2,15.2,7.7,11.2,7.3,12.4,33.7,5.028,0.528
2017,04,전라북도,군산시,대야면,광교리,탑천,16.3,7.9,10.5,4.3,8.2,13.4,3.793,0.088
2017,04,전라북도,김제시,백구면,백구리,김제,17.6,7.9,10.0,6.9,13.2,31.6,9.029,0.145
2017,04,전라북도,김제시,백구면,월봉리,용암천,13.6,7.9,10.1,4.5,12.6,74.7,8.724,0.376
2017,04,전라북도,전주시완산구,서신동,,삼천3,15.0,7.6,10.3,2.1,5.5,8.2,2.432,0.118
2017,04,전라북도,전주시완산구,평화동3가,,삼천1,12.5,7.8,10.9,1.3,3.1,3.5,2.803,0.067
2017,04,전라북도,전주시완산구,효자동2가,,삼천2,15.1,7.7,11.4,1.8,4.6,10.5,2.241,0.072
2017,04,전라북도,완주군,소양면,황운리,소양천1,13.2,8.2,12.1,0.9,2.2,2.0,3.376,0.034
2017,04,전라북도,완주군,용진읍,상운리,소양천2,13.4,8.5,10.9,1.5,4.0,5.2,4.981,0.050
2017,04,전라북도,익산시,춘포면,용연리,익산천3,14.7,7.8,9.4,2.9,8.5,84.3,2.518,0.262
2017,04,전라북도,전주시덕진구,고랑동,,전주천7,17.8,7.3,8.2,6.5,14.0,5.7,11.905,0.194
2017,04,전라북도,전주시덕진구,전미동1가,,전주,16.8,8.7,11.6,4.5,9.1,11.5,1.815,0.197
2017,04,전라북도,전주시완산구,대성동,,전주천1,11.7,8.5,11.9,0.6,1.3,0.7,2.645,0.011
2017,04,전라북도,완주군,고산면,읍내리,고산,12.4,8.3,10.7,1.6,4.6,1.7,2.224,0.038
2017,04,전라북도,무주군,무주읍,대차리,무주남대천2,16.2,8.3,11.7,2.1,2.8,3.1,1.767,0.043
2017,04,전라북도,무주군,무주읍,읍내리,무주남대천1,14.8,8.2,10.4,1.1,2.6,2.2,1.605,0.037
2017,04,전라북도,무주군,무주읍,읍내리,무주남대천3,12.4,8.1,12.3,0.8,3.3,4.1,1.828,0.015
2017,04,전라북도,부안군,상서면,청림리,백천내,15.0,7.1,11.6,0.5,1.2,1.4,1.957,0.005
2017,04,전라북도,무주군,안성면,진도리,구량천,10.4,8.1,12.0,0.6,2.8,2.2,2.003,0.013
2017,04,전라북도,진안군,정천면,월평리,정자천,11.2,7.9,11.9,0.5,2.9,2.2,2.152,0.009
2017,04,전라북도,진안군,진안읍,운산리,진안천,11.0,7.8,9.4,1.2,2.7,2.8,3.540,0.075
2017,04,전라북도,진안군,진안읍,가막리,가막,12.2,8.1,11.8,1.5,3.9,5.1,2.811,0.036
2017,04,전라북도,무주군,무주읍,용포리,용포,14.5,8.1,11.3,1.2,2.9,1.2,1.531,0.026
2017,04,전라북도,진안군,용담면,송풍리,용담,11.3,7.7,12.0,1.1,3.4,1.5,1.687,0.012
2017,04,전라북도,남원시,운봉읍,,람천2,12.3,7.9,10.7,0.7,3.2,1.8,1.163,0.052
2017,04,전라북도,남원시,인월면,중군리,람천1,14.5,7.7,10.5,1.8,5.9,4.4,2.383,0.083
2017,04,전라북도,임실군,관촌면,방수리,관촌,14.5,6.9,12.1,1.2,3.4,5.5,1.705,0.025
2017,04,전라북도,임실군,운암면,학암리,운암,12.4,8.9,10.7,0.9,3.8,4.7,1.572,0.020
2017,04,전라북도,정읍시,산내면,매죽리,추령천,15.6,7.3,11.2,1.1,3.4,2.4,2.208,0.016
2017,04,전라북도,임실군,강진면,용수리,임실,14.5,7.1,12.3,1.1,4.0,3.6,1.698,0.015
2017,04,전라북도,순창군,동계면,구미리,동계,17.4,8.3,10.7,1.0,3.9,0.6,1.194,0.030
2017,04,전라북도,순창군,구림면,안정리,치천,11.8,7.6,11.1,0.8,3.2,1.5,1.762,0.015
2017,04,전라북도,남원시,대강면,풍산리,수홍천,14.4,7.5,11.0,0.8,3.2,2.2,2.019,0.023
2017,04,전라북도,순창군,유등면,유촌리,옥택천,14.6,7.5,10.3,1.0,3.6,3.0,1.484,0.027
2017,04,전라북도,순창군,적성면,고원리,적성,16.3,8.3,10.1,1.3,4.1,2.3,1.486,0.040
2017,04,전라북도,남원시,금지면,귀석리,남원,16.9,8.8,11.3,3.4,4.4,4.5,1.541,0.036
2017,04,전라북도,남원시,대강면,월탄리,대강,17.1,8.0,11.8,1.2,4.0,7.1,1.367,0.036
2017,04,전라북도,장수군,산서면,사상리,오수천1,14.1,7.2,10.1,0.9,3.5,2.0,1.683,0.028
2017,04,전라북도,남원시,덕과면,사율리,율천,15.1,7.2,9.9,1.3,4.1,7.4,1.669,0.091
2017,04,전라북도,남원시,사매면,서도리,월평천,14.7,7.2,11.5,1.4,4.8,2.6,1.838,0.053
2017,04,전라북도,순창군,동계면,서호리,오수천2,17.6,8.1,13.1,1.3,4.6,6.2,1.475,0.039
2017,04,전라북도,임실군,삼계면,후천리,후곡천,14.8,7.4,10.0,0.9,4.1,2.4,1.504,0.189
2017,04,전라북도,남원시,산동면,월석리,요천1,12.5,7.9,11.8,0.8,2.7,3.6,2.107,0.016
2017,04,전라북도,남원시,금지면,창산리,요천2,15.8,8.8,12.0,2.0,4.4,6.1,1.948,0.086
2017,04,전라북도,남원시,송동면,세전리,요천3,16.7,8.1,12.1,1.5,4.7,5.6,2.500,0.039
2017,04,전라북도,고창군,아산면,구암리,주진천1,14.2,8.5,11.8,5.7,9.5,16.4,3.083,0.202
2017,04,전라북도,고창군,아산면,반암리,주진천2,14.8,8.2,12.0,5.6,9.0,30.9,2.422,0.125
2017,05,전라북도,익산시,성당면,부곡리,산북천,21.7,8.1,7.5,8.4,16.0,19.9,4.092,0.154
2017,05,전라북도,익산시,망성면,무형리,마산천,22.2,7.4,8.5,4.7,13.7,46.6,4.584,0.278
2017,05,전라북도,부안군,동진면,하장리,고부천2,23.0,8.4,11.1,4.0,9.7,10.7,2.638,0.065
2017,05,전라북도,부안군,동진면,하장리,고부천3,21.1,7.8,9.0,3.5,9.7,20.4,2.684,0.082
2017,05,전라북도,정읍시,영원면,앵성리,고부천1,23.7,8.4,12.2,3.5,8.9,10.5,2.285,0.072
2017,05,전라북도,김제시,부량면,옥정리,동진강3,20.4,7.6,8.6,4.2,9.9,21.9,2.977,0.081
2017,05,전라북도,정읍시,신태인읍,,동진강2,20.3,7.5,9.4,2.3,7.9,22.3,2.353,0.092
2017,05,전라북도,정읍시,신태인읍,구석리,용호천,23.4,7.8,8.1,2.7,7.6,15.3,1.938,0.067
2017,05,전라북도,정읍시,옹동면,산성리,동진강1,15.4,7.6,10.3,1.3,3.7,7.2,1.775,0.019
2017,05,전라북도,김제시,성덕면,남포리,신평천,19.1,7.6,9.2,2.2,7.7,15.9,5.044,0.097
2017,05,전라북도,김제시,죽산면,대창리,원평천3,20.2,8.3,10.6,4.2,7.5,8.3,1.901,0.066
2017,05,전라북도,김제시,봉남면,용신리,원평천1,21.5,7.7,10.0,5.6,11.3,6.7,1.915,0.070
2017,05,전라북도,김제시,죽산면,죽산리,원평천2,19.3,7.9,9.9,1.8,3.8,6.4,1.828,0.028
2017,05,전라북도,정읍시,공평동,,정읍천3,22.0,8.0,10.4,1.8,5.0,5.7,1.063,0.044
2017,05,전라북도,정읍시,송산동,,정읍천1,17.2,8.4,9.6,0.9,2.6,1.0,1.211,0.020
2017,05,전라북도,정읍시,연지동,,정읍천2,19.6,8.3,11.5,1.2,2.9,6.9,1.286,0.041
2017,05,전라북도,정읍시,이평면,하송리,정읍천4,19.6,7.7,8.5,4.2,9.7,19.1,3.597,0.126
2017,05,전라북도,정읍시,하모동,,천원천,22.8,7.8,10.8,2.3,7.5,10.7,1.271,0.069
2017,05,전라북도,김제시,백구면,마산리,마산천,21.4,9.0,12.7,4.5,11.2,18.6,3.234,0.106
2017,05,전라북도,완주군,삼례읍,,삼례,18.5,7.7,8.7,3.8,9.7,9.2,9.335,0.093
2017,05,전라북도,익산시,춘포면,인수리,익산천1,17.9,8.2,9.4,2.7,5.5,24.0,1.578,0.140
2017,05,전라북도,익산시,춘포면,인수리,익산천2,18.4,7.8,9.9,9.1,8.6,36.5,2.385,0.380
2017,05,전라북도,군산시,대야면,광교리,탑천,21.4,7.5,7.5,5.6,12.2,12.8,3.239,0.094
2017,05,전라북도,김제시,백구면,백구리,김제,21.3,7.6,9.5,4.7,10.7,23.8,5.507,0.080
2017,05,전라북도,김제시,백구면,월봉리,용암천,20.5,9.1,12.0,6.9,18.5,29.5,3.431,0.157
2017,05,전라북도,전주시완산구,서신동,,삼천3,21.3,7.6,7.6,2.6,6.1,19.3,1.660,0.136
2017,05,전라북도,전주시완산구,평화동3가,,삼천1,19.2,7.8,10.4,1.9,4.8,7.1,1.257,0.044
2017,05,전라북도,전주시완산구,효자동2가,,삼천2,21.9,7.6,9.6,2.4,6.0,8.8,1.521,0.077
2017,05,전라북도,완주군,소양면,황운리,소양천1,18.8,8.1,8.9,1.4,3.6,3.5,2.717,0.041
2017,05,전라북도,완주군,용진읍,상운리,소양천2,19.9,8.5,11.8,2.1,5.4,2.8,2.354,0.049
2017,05,전라북도,익산시,춘포면,용연리,익산천3,18.2,7.9,9.0,2.1,12.4,27.0,1.648,0.133
2017,05,전라북도,전주시덕진구,고랑동,,전주천7,22.8,7.0,8.3,4.2,13.1,6.0,12.058,0.117
2017,05,전라북도,전주시덕진구,전미동1가,,전주,21.8,8.0,9.9,3.6,6.5,6.7,0.625,0.095
2017,05,전라북도,전주시완산구,대성동,,전주천1,16.3,8.1,11.8,1.0,2.4,1.0,1.915,0.024
2017,05,전라북도,완주군,고산면,읍내리,고산,14.0,8.7,10.4,0.1,2.7,2.1,1.646,0.015
2017,05,전라북도,무주군,무주읍,대차리,무주남대천2,20.7,8.6,12.4,1.0,3.3,4.8,1.208,0.034
2017,05,전라북도,무주군,무주읍,읍내리,무주남대천1,19.3,8.5,10.4,0.6,3.0,3.1,1.220,0.031
2017,05,전라북도,무주군,무주읍,읍내리,무주남대천3,20.9,8.5,12.4,1.6,4.6,4.1,1.555,0.035
2017,05,전라북도,부안군,상서면,청림리,백천내,16.0,6.6,9.9,0.8,0.0,0.1,1.183,0.004
2017,05,전라북도,무주군,안성면,진도리,구량천,18.5,8.6,10.5,1.3,4.8,6.1,2.348,0.050
2017,05,전라북도,진안군,정천면,월평리,정자천,17.3,7.6,10.3,0.7,3.2,4.2,1.834,0.028
2017,05,전라북도,진안군,진안읍,운산리,진안천,20.0,7.7,10.3,1.3,2.8,2.7,3.102,0.080
2017,05,전라북도,진안군,진안읍,가막리,가막,19.8,8.2,10.0,1.5,5.2,6.8,3.092,0.067
2017,05,전라북도,무주군,무주읍,용포리,용포,17.8,8.5,10.5,0.5,3.3,1.5,1.356,0.010
2017,05,전라북도,진안군,용담면,송풍리,용담,16.5,7.5,10.9,0.9,3.5,2.1,1.621,0.026
2017,05,전라북도,남원시,운봉읍,,람천2,14.9,8.2,9.7,3.1,4.2,6.4,2.400,0.054
2017,05,전라북도,남원시,인월면,중군리,람천1,15.5,8.3,9.1,1.0,7.7,14.0,4.058,0.102
2017,05,전라북도,임실군,관촌면,방수리,관촌,20.7,8.1,11.1,1.5,4.2,3.2,1.198,0.024
2017,05,전라북도,임실군,운암면,학암리,운암,21.5,8.2,7.4,1.8,5.8,7.1,0.910,0.022
2017,05,전라북도,정읍시,산내면,매죽리,추령천,19.5,7.9,11.6,1.3,3.6,4.8,2.526,0.018
2017,05,전라북도,임실군,강진면,용수리,임실,21.3,8.1,9.6,1.7,4.2,1.8,1.473,0.014
2017,05,전라북도,순창군,동계면,구미리,동계,19.4,8.2,8.8,0.5,3.5,2.0,1.976,0.023
2017,05,전라북도,순창군,구림면,안정리,치천,18.6,7.8,10.3,1.0,4.2,3.8,2.365,0.025
2017,05,전라북도,남원시,대강면,풍산리,수홍천,19.7,7.6,10.2,2.1,6.0,4.0,2.585,0.042
2017,05,전라북도,순창군,유등면,유촌리,옥택천,18.2,7.6,8.3,2.5,7.1,10.1,3.212,0.056
2017,05,전라북도,순창군,적성면,고원리,적성,21.8,8.5,9.4,1.5,5.0,3.3,1.709,0.043
2017,05,전라북도,남원시,금지면,귀석리,남원,21.9,8.5,9.8,0.5,5.9,4.8,1.468,0.042
2017,05,전라북도,남원시,대강면,월탄리,대강,22.3,7.4,8.8,2.6,6.2,10.4,1.713,0.050
2017,05,전라북도,장수군,산서면,사상리,오수천1,17.6,7.2,9.5,1.6,5.6,7.5,1.915,0.067
2017,05,전라북도,남원시,덕과면,사율리,율천,19.1,7.0,9.6,2.6,7.1,18.5,2.477,0.128
2017,05,전라북도,남원시,사매면,서도리,월평천,19.0,6.8,9.4,2.2,7.5,14.3,2.411,0.112
2017,05,전라북도,순창군,동계면,서호리,오수천2,24.1,7.7,10.4,2.5,6.9,9.6,1.471,0.051
2017,05,전라북도,임실군,삼계면,후천리,후곡천,20.9,7.2,7.9,1.2,6.2,4.6,1.720,0.064
2017,05,전라북도,남원시,산동면,월석리,요천1,17.2,7.7,10.8,0.9,2.7,3.8,1.711,0.013
2017,05,전라북도,남원시,금지면,창산리,요천2,22.3,8.9,11.8,1.7,7.0,6.0,10.420,0.170
2017,05,전라북도,남원시,송동면,세전리,요천3,23.5,7.4,10.5,2.8,7.2,7.9,2.234,0.057
2017,05,전라북도,고창군,아산면,구암리,주진천1,17.5,8.1,9.3,5.8,10.0,20.6,4.309,0.221
2017,05,전라북도,고창군,아산면,반암리,주진천2,17.2,8.4,9.1,4.6,9.7,59.6,3.203,0.142
2017,06,전라북도,익산시,성당면,부곡리,산북천,25.3,8.0,8.5,7.2,18.0,18.7,2.840,0.107
2017,06,전라북도,익산시,망성면,무형리,마산천,28.7,8.8,13.8,10.5,27.6,40.7,2.776,0.226
2017,06,전라북도,부안군,동진면,하장리,고부천2,23.6,7.5,7.7,4.3,10.8,14.6,2.935,0.067
2017,06,전라북도,부안군,동진면,하장리,고부천3,23.8,7.7,11.7,4.3,13.3,14.3,2.755,0.064
2017,06,전라북도,정읍시,영원면,앵성리,고부천1,23.0,7.4,5.3,5.7,14.3,80.7,4.224,0.227
2017,06,전라북도,김제시,부량면,옥정리,동진강3,24.0,7.9,8.5,4.2,10.8,23.2,2.500,0.078
2017,06,전라북도,정읍시,신태인읍,,동진강2,22.8,8.0,8.2,2.6,9.5,17.5,2.572,0.066
2017,06,전라북도,정읍시,신태인읍,구석리,용호천,21.7,7.3,4.6,4.8,13.8,15.0,4.408,0.196
2017,06,전라북도,정읍시,옹동면,산성리,동진강1,18.2,8.7,9.7,1.1,4.0,9.2,1.677,0.015
2017,06,전라북도,김제시,성덕면,남포리,신평천,22.1,8.1,8.8,4.1,9.3,21.0,3.937,0.132
2017,06,전라북도,김제시,죽산면,대창리,원평천3,22.8,7.7,8.4,4.2,9.2,10.6,2.078,0.058
2017,06,전라북도,김제시,봉남면,용신리,원평천1,24.3,7.9,10.1,9.6,22.3,32.8,2.870,0.094
2017,06,전라북도,김제시,죽산면,죽산리,원평천2,22.1,8.1,9.6,2.6,8.1,13.0,2.526,0.036
2017,06,전라북도,정읍시,공평동,,정읍천3,20.8,7.3,8.2,3.4,9.5,30.8,3.305,0.143
2017,06,전라북도,정읍시,송산동,,정읍천1,19.2,7.0,9.6,1.6,4.3,4.9,1.984,0.061
2017,06,전라북도,정읍시,연지동,,정읍천2,20.8,7.6,9.5,1.9,5.2,10.2,2.464,0.089
2017,06,전라북도,정읍시,이평면,하송리,정읍천4,23.0,7.7,6.9,3.5,10.0,21.3,2.905,0.097
2017,06,전라북도,정읍시,하모동,,천원천,21.3,7.4,7.6,3.9,10.1,18.4,3.410,0.119
2017,06,전라북도,김제시,백구면,마산리,마산천,24.1,7.5,10.3,4.6,11.5,15.6,3.496,0.131
2017,06,전라북도,완주군,삼례읍,,삼례,22.2,7.4,6.9,6.3,11.4,21.2,6.589,0.165
2017,06,전라북도,익산시,춘포면,인수리,익산천1,21.5,7.5,7.5,7.3,22.3,72.7,7.975,0.423
2017,06,전라북도,익산시,춘포면,인수리,익산천2,21.9,7.4,7.7,7.7,22.5,45.6,7.860,0.384
2017,06,전라북도,군산시,대야면,광교리,탑천,23.8,7.4,6.6,6.2,14.9,19.3,3.078,0.105
2017,06,전라북도,김제시,백구면,백구리,김제,24.2,7.6,8.6,4.5,10.5,31.2,4.345,0.093
2017,06,전라북도,김제시,백구면,월봉리,용암천,22.3,7.6,7.8,5.8,12.4,15.0,3.219,0.108
2017,06,전라북도,전주시완산구,서신동,,삼천3,22.1,7.2,6.7,3.9,9.3,16.0,2.772,0.166
2017,06,전라북도,전주시완산구,평화동3가,,삼천1,20.8,7.6,8.3,2.9,7.8,11.3,2.720,0.121
2017,06,전라북도,전주시완산구,효자동2가,,삼천2,22.2,7.5,8.4,3.7,9.2,12.3,2.549,0.131
2017,06,전라북도,완주군,소양면,황운리,소양천1,21.5,7.8,11.6,1.2,3.1,4.4,0.609,0.042
2017,06,전라북도,완주군,용진읍,상운리,소양천2,23.7,7.7,9.3,1.7,4.5,2.1,2.872,0.048
2017,06,전라북도,익산시,춘포면,용연리,익산천3,21.1,7.4,7.4,7.5,21.3,67.6,7.373,0.469
2017,06,전라북도,전주시덕진구,고랑동,,전주천7,24.3,7.0,7.2,4.2,13.5,5.9,12.219,0.111
2017,06,전라북도,전주시덕진구,전미동1가,,전주,23.6,7.8,9.9,2.8,6.9,8.6,1.143,0.065
2017,06,전라북도,전주시완산구,대성동,,전주천1,19.7,8.1,10.3,0.9,2.0,1.7,1.414,0.019
2017,06,전라북도,완주군,고산면,읍내리,고산,13.6,8.2,10.8,0.6,3.2,1.5,1.800,0.010
2017,06,전라북도,무주군,무주읍,대차리,무주남대천2,22.9,8.1,11.9,2.2,5.5,5.7,2.934,0.113
2017,06,전라북도,무주군,무주읍,읍내리,무주남대천1,24.3,8.0,7.9,0.8,3.3,4.4,1.063,0.025
2017,06,전라북도,무주군,무주읍,읍내리,무주남대천3,22.8,8.4,14.4,3.0,6.6,2.9,1.912,0.102
2017,06,전라북도,부안군,상서면,청림리,백천내,16.0,6.9,8.0,0.8,1.8,0.1,1.012,0.010
2017,06,전라북도,무주군,안성면,진도리,구량천,22.0,8.6,10.8,1.2,5.6,4.5,1.630,0.040
2017,06,전라북도,진안군,정천면,월평리,정자천,21.0,7.7,8.8,0.8,3.3,3.0,1.035,0.016
2017,06,전라북도,진안군,진안읍,운산리,진안천,26.0,7.8,8.7,1.2,4.1,1.6,1.120,0.090
2017,06,전라북도,진안군,진안읍,가막리,가막,23.2,8.1,9.4,1.3,5.2,5.3,1.956,0.046
2017,06,전라북도,무주군,무주읍,용포리,용포,20.9,8.5,9.5,0.5,2.8,1.5,1.382,0.006
2017,06,전라북도,진안군,용담면,송풍리,용담,19.0,7.6,10.1,0.9,3.4,2.0,1.487,0.017
2017,06,전라북도,남원시,운봉읍,,람천2,26.1,8.5,9.0,0.4,4.2,2.0,1.369,0.046
2017,06,전라북도,남원시,인월면,중군리,람천1,27.5,8.5,9.5,1.0,7.4,6.4,1.410,0.092
2017,06,전라북도,임실군,관촌면,방수리,관촌,22.7,7.5,9.8,1.5,7.2,28.8,1.636,0.095
2017,06,전라북도,임실군,운암면,학암리,운암,19.4,8.3,7.9,1.7,6.0,5.8,0.667,0.021
2017,06,전라북도,정읍시,산내면,매죽리,추령천,23.4,7.9,12.3,1.3,4.6,3.6,1.491,0.022
2017,06,전라북도,임실군,강진면,용수리,임실,20.6,7.7,10.7,1.1,3.8,1.8,1.359,0.015
2017,06,전라북도,순창군,동계면,구미리,동계,24.4,8.5,9.5,0.9,5.0,1.4,0.953,0.020
2017,06,전라북도,순창군,구림면,안정리,치천,21.9,7.7,10.1,1.3,4.9,3.8,1.602,0.090
2017,06,전라북도,남원시,대강면,풍산리,수홍천,28.1,7.8,10.3,1.3,5.1,5.0,0.462,0.045
2017,06,전라북도,순창군,유등면,유촌리,옥택천,21.4,7.6,8.0,2.1,8.6,4.9,1.166,0.047
2017,06,전라북도,순창군,적성면,고원리,적성,25.2,8.0,9.0,1.9,7.9,3.5,1.160,0.037
2017,06,전라북도,남원시,금지면,귀석리,남원,26.7,8.8,9.8,0.9,8.5,1.9,1.235,0.042
2017,06,전라북도,남원시,대강면,월탄리,대강,25.1,7.4,8.0,1.8,9.1,10.4,1.488,0.057
2017,06,전라북도,장수군,산서면,사상리,오수천1,20.6,7.3,8.5,2.6,8.1,6.3,2.386,0.073
2017,06,전라북도,남원시,덕과면,사율리,율천,22.4,7.2,8.4,2.5,7.8,6.7,1.462,0.076
2017,06,전라북도,남원시,사매면,서도리,월평천,21.7,7.1,8.9,2.1,9.3,5.0,1.661,0.074
2017,06,전라북도,순창군,동계면,서호리,오수천2,26.1,7.6,10.1,2.2,9.7,9.2,1.513,0.059
2017,06,전라북도,임실군,삼계면,후천리,후곡천,23.5,7.2,7.2,1.9,12.0,4.3,1.955,0.089
2017,06,전라북도,남원시,산동면,월석리,요천1,19.9,7.6,9.8,0.8,3.3,5.4,1.404,0.017
2017,06,전라북도,남원시,금지면,창산리,요천2,26.5,8.8,10.1,1.8,9.0,4.5,4.038,0.143
2017,06,전라북도,남원시,송동면,세전리,요천3,25.4,7.7,12.2,1.7,8.3,3.5,1.682,0.055
2017,06,전라북도,고창군,아산면,구암리,주진천1,24.1,7.9,8.8,4.3,9.7,18.9,2.783,0.110
2017,06,전라북도,고창군,아산면,반암리,주진천2,24.9,7.6,7.2,2.8,10.2,65.9,2.268,0.060
2017,07,전라북도,익산시,성당면,부곡리,산북천,29.0,7.9,7.5,4.6,10.1,56.4,2.391,0.156
2017,07,전라북도,익산시,망성면,무형리,마산천,30.4,7.0,9.2,4.5,10.5,22.5,3.974,0.296
2017,07,전라북도,부안군,동진면,하장리,고부천2,29.3,7.6,8.3,3.6,11.1,9.8,2.659,0.076
2017,07,전라북도,부안군,동진면,하장리,고부천3,28.6,7.4,7.1,2.5,9.3,28.9,2.639,0.131
2017,07,전라북도,정읍시,영원면,앵성리,고부천1,29.4,7.6,9.7,3.8,11.3,16.3,2.400,0.090
2017,07,전라북도,김제시,부량면,옥정리,동진강3,28.1,7.8,6.5,3.6,10.3,20.1,2.715,0.101
2017,07,전라북도,정읍시,신태인읍,,동진강2,33.1,9.5,15.8,7.5,17.4,18.9,3.199,0.121
2017,07,전라북도,정읍시,신태인읍,구석리,용호천,27.5,7.3,4.3,3.9,10.5,10.6,2.025,0.123
2017,07,전라북도,정읍시,옹동면,산성리,동진강1,21.9,8.0,9.6,0.9,2.9,2.5,1.589,0.011
2017,07,전라북도,김제시,성덕면,남포리,신평천,30.4,8.6,10.3,3.8,9.7,15.9,2.233,0.137
2017,07,전라북도,김제시,죽산면,대창리,원평천3,27.2,7.5,6.8,2.9,8.6,25.9,2.514,0.132
2017,07,전라북도,김제시,봉남면,용신리,원평천1,31.8,8.4,10.8,3.2,11.4,16.1,2.670,0.183
2017,07,전라북도,김제시,죽산면,죽산리,원평천2,32.5,8.7,10.1,6.1,10.7,27.6,2.965,0.197
2017,07,전라북도,정읍시,공평동,,정읍천3,28.9,7.2,8.2,2.5,6.3,5.0,1.080,0.066
2017,07,전라북도,정읍시,송산동,,정읍천1,24.4,7.6,8.3,1.0,2.2,1.5,1.007,0.046
2017,07,전라북도,정읍시,연지동,,정읍천2,27.7,7.7,9.9,1.2,3.0,3.1,2.039,0.051
2017,07,전라북도,정읍시,이평면,하송리,정읍천4,28.0,7.2,6.6,3.5,9.4,19.5,3.447,0.106
2017,07,전라북도,정읍시,하모동,,천원천,28.3,7.2,4.6,3.1,7.4,1.8,1.539,0.083
2017,07,전라북도,김제시,백구면,마산리,마산천,27.8,7.2,7.0,4.2,12.1,36.0,2.863,0.252
2017,07,전라북도,완주군,삼례읍,,삼례,27.3,7.3,7.0,1.2,6.1,6.0,3.819,0.063
2017,07,전라북도,익산시,춘포면,인수리,익산천1,33.0,7.5,7.0,1.9,7.8,59.0,2.430,0.144
2017,07,전라북도,익산시,춘포면,인수리,익산천2,31.0,7.6,7.1,1.5,9.5,53.5,2.606,0.196
2017,07,전라북도,군산시,대야면,광교리,탑천,27.4,7.2,5.0,3.5,9.1,20.3,2.779,0.126
2017,07,전라북도,김제시,백구면,백구리,김제,28.5,8.0,8.4,5.1,9.3,18.7,3.706,0.105
2017,07,전라북도,김제시,백구면,월봉리,용암천,29.0,7.4,8.4,4.6,12.7,41.5,3.118,0.238
2017,07,전라북도,전주시완산구,서신동,,삼천3,27.0,7.3,6.4,2.2,5.0,7.2,2.077,0.153
2017,07,전라북도,전주시완산구,평화동3가,,삼천1,23.6,7.2,7.8,2.0,4.7,7.7,2.430,0.119
2017,07,전라북도,전주시완산구,효자동2가,,삼천2,25.7,7.4,7.8,2.4,5.7,8.4,2.247,0.146
2017,07,전라북도,완주군,소양면,황운리,소양천1,22.1,7.6,8.6,1.0,2.6,2.8,4.514,0.033
2017,07,전라북도,완주군,용진읍,상운리,소양천2,24.9,7.2,3.9,1.4,4.2,1.4,2.808,0.057
2017,07,전라북도,익산시,춘포면,용연리,익산천3,29.9,7.5,6.7,1.5,8.3,33.2,2.572,0.162
2017,07,전라북도,전주시덕진구,고랑동,,전주천7,26.6,7.1,7.0,2.3,9.6,4.0,5.693,0.087
2017,07,전라북도,전주시덕진구,전미동1가,,전주,26.1,7.4,7.8,1.1,5.0,4.5,2.574,0.033
2017,07,전라북도,전주시완산구,대성동,,전주천1,20.9,7.4,9.0,1.2,2.8,2.0,3.425,0.026
2017,07,전라북도,완주군,고산면,읍내리,고산,23.7,7.7,9.1,0.5,2.9,3.8,5.086,0.057
2017,07,전라북도,무주군,무주읍,대차리,무주남대천2,23.0,8.2,8.4,1.0,4.3,19.6,2.324,0.024
2017,07,전라북도,무주군,무주읍,읍내리,무주남대천1,22.6,7.9,8.6,0.9,4.0,14.2,2.316,0.017
2017,07,전라북도,무주군,무주읍,읍내리,무주남대천3,25.3,8.1,10.0,0.9,4.1,3.7,1.695,0.016
2017,07,전라북도,부안군,상서면,청림리,백천내,23.0,6.3,7.8,1.1,2.0,1.2,1.317,0.011
2017,07,전라북도,무주군,안성면,진도리,구량천,23.1,8.0,9.7,1.0,4.3,5.5,1.996,0.024
2017,07,전라북도,진안군,정천면,월평리,정자천,22.0,7.7,10.5,0.5,3.0,7.7,2.652,0.007
2017,07,전라북도,진안군,진안읍,운산리,진안천,22.0,7.8,8.2,1.6,3.5,0.0,2.400,0.090
2017,07,전라북도,진안군,진안읍,가막리,가막,24.7,7.7,9.1,1.2,5.7,8.8,2.990,0.083
2017,07,전라북도,무주군,무주읍,용포리,용포,24.3,8.3,8.0,1.0,3.2,4.0,1.468,0.008
2017,07,전라북도,진안군,용담면,송풍리,용담,20.8,7.7,10.8,0.7,3.8,15.5,1.470,0.014
2017,07,전라북도,남원시,운봉읍,,람천2,20.8,8.1,8.7,0.6,5.3,1.9,1.385,0.126
2017,07,전라북도,남원시,인월면,중군리,람천1,22.5,8.2,8.1,0.5,7.8,2.6,2.096,0.169
2017,07,전라북도,임실군,관촌면,방수리,관촌,24.0,7.0,8.9,0.8,4.6,15.9,2.405,0.053
2017,07,전라북도,임실군,운암면,학암리,운암,22.7,8.5,8.4,0.7,5.0,13.3,2.765,0.071
2017,07,전라북도,정읍시,산내면,매죽리,추령천,29.2,7.4,8.8,0.8,4.0,3.6,2.196,0.018
2017,07,전라북도,임실군,강진면,용수리,임실,24.8,7.0,9.7,0.8,3.9,1.1,1.401,0.015
2017,07,전라북도,순창군,동계면,구미리,동계,23.6,8.1,8.3,0.5,4.8,3.6,2.459,0.034
2017,07,전라북도,순창군,구림면,안정리,치천,26.0,7.3,9.4,0.9,4.9,2.2,1.884,0.033
2017,07,전라북도,남원시,대강면,풍산리,수홍천,27.6,7.4,9.7,1.1,6.1,4.1,1.207,0.048
2017,07,전라북도,순창군,유등면,유촌리,옥택천,26.3,7.2,8.0,1.1,5.1,4.0,1.145,0.042
2017,07,전라북도,순창군,적성면,고원리,적성,27.1,8.0,7.3,1.2,6.1,4.8,1.611,0.063
2017,07,전라북도,남원시,금지면,귀석리,남원,27.1,7.8,7.5,1.0,7.1,10.3,1.822,0.104
2017,07,전라북도,남원시,대강면,월탄리,대강,29.5,7.6,8.2,0.9,6.2,6.5,1.401,0.053
2017,07,전라북도,장수군,산서면,사상리,오수천1,23.6,7.2,7.4,1.1,5.3,5.1,2.128,0.076
2017,07,전라북도,남원시,덕과면,사율리,율천,27.9,7.0,7.3,1.5,6.8,7.7,1.366,0.080
2017,07,전라북도,남원시,사매면,서도리,월평천,26.7,6.9,7.2,1.3,7.6,5.0,1.393,0.112
2017,07,전라북도,순창군,동계면,서호리,오수천2,29.2,7.7,8.8,1.0,7.1,5.7,1.523,0.075
2017,07,전라북도,임실군,삼계면,후천리,후곡천,28.3,7.0,6.3,0.9,7.6,2.7,1.262,0.100
2017,07,전라북도,남원시,산동면,월석리,요천1,22.9,7.6,9.4,0.6,3.6,5.3,1.744,0.020
2017,07,전라북도,남원시,금지면,창산리,요천2,25.8,8.1,8.1,1.1,5.1,6.2,1.674,0.029
2017,07,전라북도,남원시,송동면,세전리,요천3,28.4,7.5,8.6,1.3,5.9,5.4,1.687,0.064
2017,07,전라북도,고창군,아산면,구암리,주진천1,28.6,8.1,7.6,2.5,8.5,14.0,2.407,0.164
2017,07,전라북도,고창군,아산면,반암리,주진천2,28.1,7.8,7.8,2.7,8.3,42.1,2.107,0.167
2017,08,전라북도,익산시,성당면,부곡리,산북천,28.4,7.9,8.1,5.6,11.2,42.0,2.332,0.137
2017,08,전라북도,익산시,망성면,무형리,마산천,28.0,7.7,7.1,1.9,8.6,33.8,3.359,0.296
2017,08,전라북도,부안군,동진면,하장리,고부천2,32.6,8.2,9.5,3.2,9.9,23.6,2.470,0.176
2017,08,전라북도,부안군,동진면,하장리,고부천3,26.4,7.4,6.0,2.5,8.4,55.0,1.967,0.124
2017,08,전라북도,정읍시,영원면,앵성리,고부천1,33.7,8.3,10.1,3.4,9.8,27.0,2.304,0.161
2017,08,전라북도,김제시,부량면,옥정리,동진강3,26.0,7.8,7.2,3.1,8.9,39.3,2.397,0.175
2017,08,전라북도,정읍시,신태인읍,,동진강2,26.5,7.6,6.9,1.2,8.4,15.5,3.219,0.155
2017,08,전라북도,정읍시,신태인읍,구석리,용호천,29.1,7.4,5.4,3.1,7.7,14.2,1.903,0.168
2017,08,전라북도,정읍시,옹동면,산성리,동진강1,22.9,8.1,9.0,0.9,4.1,2.4,3.424,0.027
2017,08,전라북도,김제시,성덕면,남포리,신평천,26.8,7.4,7.0,1.5,7.4,19.1,4.660,0.169
2017,08,전라북도,김제시,죽산면,대창리,원평천3,26.0,7.4,7.0,3.2,7.9,22.0,1.850,0.111
2017,08,전라북도,김제시,봉남면,용신리,원평천1,28.1,7.6,7.6,1.2,6.9,9.8,3.374,0.093
2017,08,전라북도,김제시,죽산면,죽산리,원평천2,28.1,7.6,7.0,2.2,8.6,25.5,2.646,0.194
2017,08,전라북도,정읍시,공평동,,정읍천3,30.4,7.3,5.5,2.1,4.8,1.8,1.473,0.066
2017,08,전라북도,정읍시,송산동,,정읍천1,25.9,8.0,8.7,1.3,3.2,1.3,1.375,0.033
2017,08,전라북도,정읍시,연지동,,정읍천2,27.5,8.3,9.7,1.3,3.3,1.3,1.588,0.047
2017,08,전라북도,정읍시,이평면,하송리,정읍천4,25.0,7.8,8.3,2.7,8.4,89.9,2.975,0.177
2017,08,전라북도,정읍시,하모동,,천원천,29.7,7.5,6.5,2.4,5.4,3.6,1.973,0.093
2017,08,전라북도,김제시,백구면,마산리,마산천,31.4,8.4,12.1,2.6,9.6,27.0,2.672,0.123
2017,08,전라북도,완주군,삼례읍,,삼례,27.1,7.5,6.6,4.4,11.1,5.7,8.322,0.067
2017,08,전라북도,익산시,춘포면,인수리,익산천1,27.1,7.9,7.9,2.5,9.4,27.6,2.961,0.097
2017,08,전라북도,익산시,춘포면,인수리,익산천2,27.6,7.7,7.8,3.3,12.1,18.1,4.090,0.213
2017,08,전라북도,군산시,대야면,광교리,탑천,25.9,7.3,6.6,3.2,9.5,59.2,2.382,0.170
2017,08,전라북도,김제시,백구면,백구리,김제,26.2,7.7,7.6,6.0,10.2,72.2,3.565,0.245
2017,08,전라북도,김제시,백구면,월봉리,용암천,30.5,8.2,9.9,2.8,13.1,20.8,3.047,0.177
2017,08,전라북도,전주시완산구,서신동,,삼천3,29.1,7.7,7.6,2.3,5.4,9.4,1.949,0.080
2017,08,전라북도,전주시완산구,평화동3가,,삼천1,25.7,7.5,7.7,2.2,5.1,4.0,2.858,0.047
2017,08,전라북도,전주시완산구,효자동2가,,삼천2,28.2,7.7,8.6,2.2,5.4,10.9,1.948,0.067
2017,08,전라북도,완주군,소양면,황운리,소양천1,24.2,8.2,8.2,0.9,2.2,3.4,3.664,0.022
2017,08,전라북도,완주군,용진읍,상운리,소양천2,24.7,7.8,7.6,1.2,3.0,15.2,3.631,0.026
2017,08,전라북도,익산시,춘포면,용연리,익산천3,27.7,7.7,7.0,2.1,7.4,19.1,3.027,0.078
2017,08,전라북도,전주시덕진구,고랑동,,전주천7,24.9,7.4,6.8,7.2,11.5,22.1,6.323,0.226
2017,08,전라북도,전주시덕진구,전미동1가,,전주,25.7,7.9,7.3,1.3,4.8,4.5,2.003,0.052
2017,08,전라북도,전주시완산구,대성동,,전주천1,24.7,7.3,10.0,1.3,3.0,1.7,2.577,0.021
2017,08,전라북도,완주군,고산면,읍내리,고산,23.2,8.3,8.7,0.4,3.0,2.4,2.430,0.012
2017,08,전라북도,무주군,무주읍,대차리,무주남대천2,22.1,7.7,8.6,0.7,3.7,5.8,2.443,0.019
2017,08,전라북도,무주군,무주읍,읍내리,무주남대천1,21.9,7.7,8.7,0.7,3.7,4.9,2.491,0.016
2017,08,전라북도,무주군,무주읍,읍내리,무주남대천3,23.8,7.8,8.9,1.1,4.1,3.8,1.922,0.039
2017,08,전라북도,부안군,상서면,청림리,백천내,25.0,6.4,8.0,1.1,2.2,0.8,3.494,0.018
2017,08,전라북도,무주군,안성면,진도리,구량천,21.8,8.0,9.2,1.0,4.1,4.3,1.698,0.035
2017,08,전라북도,진안군,정천면,월평리,정자천,21.7,7.9,9.3,0.6,3.6,5.5,2.295,0.032
2017,08,전라북도,진안군,진안읍,운산리,진안천,26.0,7.8,8.1,1.2,3.0,1.4,2.620,0.090
2017,08,전라북도,진안군,진안읍,가막리,가막,23.2,7.7,8.9,1.1,5.2,8.6,3.124,0.071
2017,08,전라북도,무주군,무주읍,용포리,용포,25.5,8.0,9.5,0.7,3.9,2.9,2.203,0.012
2017,08,전라북도,진안군,용담면,송풍리,용담,21.3,7.6,9.7,0.7,3.5,2.6,1.770,0.015
2017,08,전라북도,남원시,운봉읍,,람천2,21.3,8.1,8.6,0.8,4.5,3.2,1.451,0.049
2017,08,전라북도,남원시,인월면,중군리,람천1,23.2,8.2,8.3,1.2,6.4,8.5,2.229,0.112
2017,08,전라북도,임실군,관촌면,방수리,관촌,23.9,7.6,10.9,0.7,3.5,5.0,1.710,0.037
2017,08,전라북도,임실군,운암면,학암리,운암,24.2,8.0,8.2,0.7,4.9,5.0,2.349,0.034
2017,08,전라북도,정읍시,산내면,매죽리,추령천,24.7,7.6,11.6,0.7,3.5,5.2,2.466,0.024
2017,08,전라북도,임실군,강진면,용수리,임실,25.3,7.7,9.3,0.8,4.2,1.4,1.403,0.020
2017,08,전라북도,순창군,동계면,구미리,동계,23.7,7.9,8.3,0.7,4.2,2.2,1.721,0.021
2017,08,전라북도,순창군,구림면,안정리,치천,23.1,7.3,9.4,0.6,3.1,1.9,2.050,0.025
2017,08,전라북도,남원시,대강면,풍산리,수홍천,23.2,7.3,9.4,1.0,4.5,4.6,1.758,0.065
2017,08,전라북도,순창군,유등면,유촌리,옥택천,23.5,7.2,8.6,1.0,4.6,9.1,1.421,0.066
2017,08,전라북도,순창군,적성면,고원리,적성,27.3,7.9,7.7,1.0,5.2,5.2,1.549,0.050
2017,08,전라북도,남원시,금지면,귀석리,남원,29.8,8.5,7.3,0.4,5.0,1.6,0.558,0.024
2017,08,전라북도,남원시,대강면,월탄리,대강,27.0,7.1,8.3,0.8,5.0,7.0,1.471,0.063
2017,08,전라북도,장수군,산서면,사상리,오수천1,22.7,7.2,9.0,0.9,4.1,4.6,1.733,0.056
2017,08,전라북도,남원시,덕과면,사율리,율천,26.4,7.2,7.9,1.2,5.4,10.0,1.239,0.104
2017,08,전라북도,남원시,사매면,서도리,월평천,24.1,7.0,8.4,1.3,7.2,12.5,1.784,0.108
2017,08,전라북도,순창군,동계면,서호리,오수천2,26.8,7.2,8.4,1.0,5.1,5.3,1.391,0.076
2017,08,전라북도,임실군,삼계면,후천리,후곡천,24.5,7.3,7.1,0.7,5.6,2.9,1.360,0.093
2017,08,전라북도,남원시,산동면,월석리,요천1,21.8,7.6,8.7,0.6,2.9,2.4,1.632,0.020
2017,08,전라북도,남원시,금지면,창산리,요천2,28.2,8.1,8.4,0.7,5.0,1.9,2.773,0.048
2017,08,전라북도,남원시,송동면,세전리,요천3,26.1,7.2,7.9,0.9,5.3,4.9,1.583,0.070
2017,08,전라북도,고창군,아산면,구암리,주진천1,26.0,7.6,7.9,1.0,6.6,16.6,2.068,0.087
2017,08,전라북도,고창군,아산면,반암리,주진천2,25.9,7.6,7.3,1.3,7.1,24.5,1.719,0.060
2017,09,전라북도,익산시,성당면,부곡리,산북천,23.7,8.3,8.9,5.1,9.5,14.5,2.110,0.085
2017,09,전라북도,익산시,망성면,무형리,마산천,22.4,9.3,14.6,3.2,11.3,22.0,3.756,0.209
2017,09,전라북도,부안군,동진면,하장리,고부천2,25.9,7.4,7.2,2.9,7.2,15.7,1.937,0.097
2017,09,전라북도,부안군,동진면,하장리,고부천3,23.2,7.8,5.9,2.7,8.9,27.7,1.551,0.147
2017,09,전라북도,정읍시,영원면,앵성리,고부천1,24.9,7.4,8.0,3.1,7.6,15.3,1.146,0.089
2017,09,전라북도,김제시,부량면,옥정리,동진강3,22.8,7.8,8.1,2.8,7.2,21.1,2.216,0.103
2017,09,전라북도,정읍시,신태인읍,,동진강2,24.4,7.8,8.0,1.2,6.8,8.0,2.019,0.134
2017,09,전라북도,정읍시,신태인읍,구석리,용호천,22.5,7.4,7.7,2.8,6.4,6.7,2.399,0.136
2017,09,전라북도,정읍시,옹동면,산성리,동진강1,22.5,8.4,9.0,0.9,4.0,5.5,1.888,0.020
2017,09,전라북도,김제시,성덕면,남포리,신평천,24.0,7.9,8.3,2.2,7.8,17.8,1.697,0.284
2017,09,전라북도,김제시,죽산면,대창리,원평천3,22.4,7.7,8.0,3.2,7.9,30.3,1.688,0.128
2017,09,전라북도,김제시,봉남면,용신리,원평천1,24.8,7.8,8.2,1.2,7.8,4.7,1.873,0.110
2017,09,전라북도,김제시,죽산면,죽산리,원평천2,24.8,8.3,10.7,2.7,8.5,15.8,1.500,0.062
2017,09,전라북도,정읍시,공평동,,정읍천3,22.2,7.4,8.8,2.2,5.1,2.2,2.330,0.056
2017,09,전라북도,정읍시,송산동,,정읍천1,21.5,7.2,9.3,1.2,2.7,1.5,2.187,0.028
2017,09,전라북도,정읍시,연지동,,정읍천2,21.7,7.3,11.8,1.3,3.1,0.7,2.958,0.029
2017,09,전라북도,정읍시,이평면,하송리,정읍천4,21.4,8.1,7.8,4.9,9.8,66.3,3.025,0.259
2017,09,전라북도,정읍시,하모동,,천원천,22.3,7.2,8.6,2.6,6.0,3.9,2.476,0.084
2017,09,전라북도,김제시,백구면,마산리,마산천,26.1,7.7,13.6,3.5,8.9,12.3,2.909,0.089
2017,09,전라북도,완주군,삼례읍,,삼례,22.6,7.6,8.0,1.4,5.5,1.6,2.508,0.096
2017,09,전라북도,익산시,춘포면,인수리,익산천1,20.0,8.0,9.2,1.4,6.5,8.5,0.957,0.227
2017,09,전라북도,익산시,춘포면,인수리,익산천2,20.9,7.8,9.0,1.4,7.4,11.7,1.150,0.137
2017,09,전라북도,군산시,대야면,광교리,탑천,22.1,7.7,7.5,4.0,8.6,35.5,2.060,0.120
2017,09,전라북도,김제시,백구면,백구리,김제,23.3,7.9,10.1,6.6,10.6,78.2,4.275,0.173
2017,09,전라북도,김제시,백구면,월봉리,용암천,25.8,8.1,12.3,3.6,9.4,21.0,2.124,0.194
2017,09,전라북도,전주시완산구,서신동,,삼천3,22.1,8.2,8.7,2.1,5.2,14.1,2.171,0.069
2017,09,전라북도,전주시완산구,평화동3가,,삼천1,21.7,7.9,8.3,1.9,4.5,8.2,3.633,0.084
2017,09,전라북도,전주시완산구,효자동2가,,삼천2,23.2,8.1,9.2,2.0,5.1,7.9,2.059,0.062
2017,09,전라북도,완주군,소양면,황운리,소양천1,23.2,7.4,11.9,1.1,2.6,2.6,2.939,0.029
2017,09,전라북도,완주군,용진읍,상운리,소양천2,23.3,7.2,8.5,1.3,3.0,2.3,4.583,0.031
2017,09,전라북도,익산시,춘포면,용연리,익산천3,20.4,7.7,9.2,1.5,7.2,13.4,1.235,0.129
2017,09,전라북도,전주시덕진구,고랑동,,전주천7,23.2,7.5,7.0,7.0,10.7,17.5,5.805,0.177
2017,09,전라북도,전주시덕진구,전미동1가,,전주,23.1,8.2,8.2,2.0,5.1,7.6,1.861,0.066
2017,09,전라북도,전주시완산구,대성동,,전주천1,21.7,8.0,9.8,0.8,1.7,1.4,3.332,0.026
2017,09,전라북도,완주군,고산면,읍내리,고산,20.1,8.5,8.9,0.5,3.8,0.5,2.312,0.028
2017,09,전라북도,무주군,무주읍,대차리,무주남대천2,22.6,8.5,9.4,0.9,3.3,0.3,1.592,0.023
2017,09,전라북도,무주군,무주읍,읍내리,무주남대천1,22.0,8.3,9.3,0.6,3.3,0.6,1.487,0.004
2017,09,전라북도,무주군,무주읍,읍내리,무주남대천3,20.8,8.1,10.7,0.9,3.8,2.9,1.877,0.023
2017,09,전라북도,부안군,상서면,청림리,백천내,21.0,6.5,6.6,1.0,1.6,1.1,3.028,0.019
2017,09,전라북도,무주군,안성면,진도리,구량천,19.2,8.1,10.6,0.5,3.5,2.9,1.880,0.024
2017,09,전라북도,진안군,정천면,월평리,정자천,18.9,7.7,9.8,0.6,3.1,2.4,1.869,0.013
2017,09,전라북도,진안군,진안읍,운산리,진안천,21.0,7.8,10.1,1.2,2.8,1.1,2.250,0.085
2017,09,전라북도,진안군,진안읍,가막리,가막,20.3,8.0,10.3,1.0,4.4,3.0,3.152,0.054
2017,09,전라북도,무주군,무주읍,용포리,용포,21.9,8.5,10.4,0.7,3.4,0.2,1.380,0.019
2017,09,전라북도,진안군,용담면,송풍리,용담,19.5,7.6,10.6,0.5,3.8,2.9,1.707,0.010
2017,09,전라북도,남원시,운봉읍,,람천2,20.1,8.2,8.8,0.7,4.8,2.0,1.141,0.041
2017,09,전라북도,남원시,인월면,중군리,람천1,21.2,8.4,8.7,1.2,6.1,3.2,1.917,0.087
2017,09,전라북도,임실군,관촌면,방수리,관촌,22.4,7.7,9.5,0.6,2.9,1.5,1.652,0.021
2017,09,전라북도,임실군,운암면,학암리,운암,24.6,9.2,11.4,0.9,2.8,1.6,1.308,0.047
2017,09,전라북도,정읍시,산내면,매죽리,추령천,21.8,7.8,10.6,0.7,2.9,2.9,2.488,0.016
2017,09,전라북도,임실군,강진면,용수리,임실,23.1,7.4,9.1,0.9,4.2,1.3,1.478,0.014
2017,09,전라북도,순창군,동계면,구미리,동계,24.2,9.0,9.3,0.7,2.9,0.1,1.097,0.030
2017,09,전라북도,순창군,구림면,안정리,치천,20.1,7.1,10.7,0.6,2.8,1.2,1.781,0.019
2017,09,전라북도,남원시,대강면,풍산리,수홍천,18.8,7.1,10.3,0.6,3.5,2.7,1.938,0.051
2017,09,전라북도,순창군,유등면,유촌리,옥택천,19.6,7.1,9.7,0.7,3.6,3.0,1.309,0.051
2017,09,전라북도,순창군,적성면,고원리,적성,22.9,8.7,8.3,0.7,4.1,2.6,1.160,0.058
2017,09,전라북도,남원시,금지면,귀석리,남원,22.9,7.8,8.8,0.8,5.0,4.1,1.518,0.082
2017,09,전라북도,남원시,대강면,월탄리,대강,22.6,7.3,13.0,0.8,4.1,4.3,1.266,0.040
2017,09,전라북도,장수군,산서면,사상리,오수천1,19.1,6.8,9.0,0.6,3.5,2.4,1.790,0.045
2017,09,전라북도,남원시,덕과면,사율리,율천,21.6,6.8,8.7,0.8,4.4,5.0,1.405,0.075
2017,09,전라북도,남원시,사매면,서도리,월평천,20.0,6.8,8.6,1.0,5.1,4.5,1.709,0.079
2017,09,전라북도,순창군,동계면,서호리,오수천2,22.1,7.5,12.8,0.6,4.0,3.2,1.404,0.047
2017,09,전라북도,임실군,삼계면,후천리,후곡천,20.3,6.9,8.1,0.8,4.6,2.8,1.263,0.064
2017,09,전라북도,남원시,산동면,월석리,요천1,17.9,7.6,12.9,0.5,2.5,1.3,1.689,0.013
2017,09,전라북도,남원시,금지면,창산리,요천2,23.7,7.7,9.0,0.5,3.6,2.6,7.903,0.234
2017,09,전라북도,남원시,송동면,세전리,요천3,22.0,7.4,11.8,0.8,4.4,2.8,1.718,0.043
2017,09,전라북도,고창군,아산면,구암리,주진천1,22.5,7.9,8.6,1.1,6.3,19.1,0.218,0.022
2017,09,전라북도,고창군,아산면,반암리,주진천2,21.8,8.2,8.4,1.1,5.3,26.9,0.176,0.031
2017,10,전라북도,익산시,성당면,부곡리,산북천,20.4,8.6,12.9,17.0,20.2,30.8,7.782,0.375
2017,10,전라북도,부안군,동진면,하장리,고부천2,25.6,7.9,10.2,3.9,8.2,50.5,2.533,0.153
2017,10,전라북도,부안군,동진면,하장리,고부천3,17.2,8.2,8.8,3.0,8.0,47.8,2.300,0.130
2017,10,전라북도,정읍시,영원면,앵성리,고부천1,25.7,7.8,7.6,4.3,9.3,61.0,2.449,0.187
2017,10,전라북도,김제시,부량면,옥정리,동진강3,16.0,8.1,10.4,1.6,6.2,19.4,3.540,0.089
2017,10,전라북도,정읍시,신태인읍,,동진강2,17.7,8.3,9.5,0.8,4.3,3.8,2.013,0.058
2017,10,전라북도,정읍시,신태인읍,구석리,용호천,21.4,7.7,7.4,2.2,4.6,14.3,2.206,0.093
2017,10,전라북도,정읍시,옹동면,산성리,동진강1,17.3,8.3,9.9,0.8,3.9,1.6,1.760,0.020
2017,10,전라북도,김제시,성덕면,남포리,신평천,17.4,8.5,9.5,2.9,8.8,23.2,4.132,0.000
2017,10,전라북도,김제시,죽산면,대창리,원평천3,17.5,7.9,12.6,3.6,8.0,20.1,2.143,0.109
2017,10,전라북도,김제시,봉남면,용신리,원평천1,18.3,8.2,12.3,1.7,6.6,39.3,2.242,0.069
2017,10,전라북도,김제시,죽산면,죽산리,원평천2,17.1,8.4,9.7,2.8,9.0,26.5,2.481,0.016
2017,10,전라북도,정읍시,공평동,,정읍천3,22.9,7.4,7.0,1.6,3.5,2.7,2.562,0.062
2017,10,전라북도,정읍시,송산동,,정읍천1,21.9,7.3,9.5,1.0,2.2,2.0,1.192,0.025
2017,10,전라북도,정읍시,연지동,,정읍천2,22.8,7.6,10.9,1.3,3.0,2.1,2.650,0.042
2017,10,전라북도,정읍시,이평면,하송리,정읍천4,17.8,8.0,11.0,1.2,6.9,21.1,5.493,0.082
2017,10,전라북도,정읍시,하모동,,천원천,22.2,7.6,8.4,2.1,4.3,4.1,2.991,0.110
2017,10,전라북도,김제시,백구면,마산리,마산천,21.2,8.1,11.5,5.4,11.7,23.5,11.375,0.460
2017,10,전라북도,완주군,삼례읍,,삼례,17.9,7.7,7.6,4.3,8.9,1.0,6.571,0.105
2017,10,전라북도,익산시,춘포면,인수리,익산천1,15.3,7.9,9.6,2.9,6.3,16.5,2.508,0.132
2017,10,전라북도,익산시,춘포면,인수리,익산천2,15.6,7.9,9.9,2.6,6.0,15.2,2.457,0.094
2017,10,전라북도,군산시,대야면,광교리,탑천,17.8,7.6,9.2,3.6,8.4,25.3,2.787,0.092
2017,10,전라북도,김제시,백구면,백구리,김제,17.1,8.0,10.3,4.3,10.7,14.0,7.310,0.112
2017,10,전라북도,김제시,백구면,월봉리,용암천,21.4,7.9,6.0,4.7,10.2,50.8,5.705,0.254
2017,10,전라북도,전주시완산구,서신동,,삼천3,23.4,8.0,8.2,1.5,3.2,3.2,2.272,0.081
2017,10,전라북도,전주시완산구,평화동3가,,삼천1,21.2,7.8,9.7,1.5,3.1,8.0,4.275,0.093
2017,10,전라북도,전주시완산구,효자동2가,,삼천2,23.4,8.2,11.2,1.4,3.0,3.2,2.511,0.068
2017,10,전라북도,완주군,소양면,황운리,소양천1,19.6,7.4,6.4,1.0,2.1,2.2,2.130,0.032
2017,10,전라북도,완주군,용진읍,상운리,소양천2,21.3,7.7,6.4,1.3,2.8,1.9,4.293,0.053
2017,10,전라북도,익산시,춘포면,용연리,익산천3,15.6,7.8,9.6,2.4,6.6,26.2,2.565,0.021
2017,10,전라북도,전주시덕진구,고랑동,,전주천7,21.0,7.4,7.7,5.8,13.5,7.4,11.432,0.119
2017,10,전라북도,전주시덕진구,전미동1가,,전주,17.9,7.9,9.6,1.9,4.8,3.5,1.818,0.109
2017,10,전라북도,전주시완산구,대성동,,전주천1,20.8,8.4,11.1,0.7,1.5,1.4,2.468,0.022
2017,10,전라북도,완주군,고산면,읍내리,고산,15.6,8.9,9.9,1.1,2.7,3.8,2.044,0.013
2017,10,전라북도,무주군,무주읍,대차리,무주남대천2,16.4,8.5,11.1,1.2,3.4,0.3,1.566,0.042
2017,10,전라북도,무주군,무주읍,읍내리,무주남대천1,15.9,8.5,10.9,1.0,2.6,0.1,1.444,0.026
2017,10,전라북도,무주군,무주읍,읍내리,무주남대천3,15.2,8.0,12.8,0.8,3.3,1.3,1.775,0.025
2017,10,전라북도,부안군,상서면,청림리,백천내,20.0,6.6,7.2,0.9,1.4,1.2,3.043,0.011
2017,10,전라북도,무주군,안성면,진도리,구량천,13.5,8.2,11.5,0.7,3.2,2.3,1.997,0.021
2017,10,전라북도,진안군,정천면,월평리,정자천,13.4,7.7,10.8,0.7,2.9,1.9,1.418,0.005
2017,10,전라북도,진안군,진안읍,운산리,진안천,19.0,7.6,9.2,1.1,2.6,1.2,2.500,0.070
2017,10,전라북도,진안군,진안읍,가막리,가막,14.9,8.2,11.9,0.8,3.4,1.5,3.784,0.046
2017,10,전라북도,무주군,무주읍,용포리,용포,16.7,8.4,10.7,0.9,3.2,0.1,1.362,0.010
2017,10,전라북도,진안군,용담면,송풍리,용담,17.3,7.6,10.7,0.5,3.6,1.5,1.685,0.012
2017,10,전라북도,남원시,운봉읍,,람천2,13.1,8.5,10.2,0.7,3.1,0.2,1.270,0.034
2017,10,전라북도,남원시,인월면,중군리,람천1,13.9,8.7,9.9,1.1,4.0,0.3,2.178,0.040
2017,10,전라북도,임실군,관촌면,방수리,관촌,15.6,7.7,11.0,0.8,2.9,2.4,1.290,0.027
2017,10,전라북도,임실군,운암면,학암리,운암,17.1,8.9,9.8,1.2,3.2,1.0,1.303,0.019
2017,10,전라북도,정읍시,산내면,매죽리,추령천,16.3,7.4,12.2,0.8,2.7,1.3,1.847,0.022
2017,10,전라북도,임실군,강진면,용수리,임실,18.1,7.2,8.9,0.7,3.8,1.7,1.761,0.023
2017,10,전라북도,순창군,동계면,구미리,동계,17.6,9.0,10.5,0.3,2.9,0.4,0.992,0.022
2017,10,전라북도,순창군,구림면,안정리,치천,14.7,7.4,13.3,0.5,2.4,0.7,1.539,0.014
2017,10,전라북도,남원시,대강면,풍산리,수홍천,14.3,7.3,12.7,0.5,2.8,3.4,2.120,0.034
2017,10,전라북도,순창군,유등면,유촌리,옥택천,14.5,7.3,12.2,0.7,3.1,3.1,1.468,0.040
2017,10,전라북도,순창군,적성면,고원리,적성,17.8,8.4,9.4,0.5,3.2,1.7,1.253,0.009
2017,10,전라북도,남원시,금지면,귀석리,남원,16.9,8.9,9.8,1.1,4.6,1.4,1.239,0.011
2017,10,전라북도,남원시,대강면,월탄리,대강,17.5,7.1,10.3,0.7,3.5,3.3,1.296,0.044
2017,10,전라북도,장수군,산서면,사상리,오수천1,15.2,7.3,12.2,0.6,3.1,1.3,1.787,0.039
2017,10,전라북도,남원시,덕과면,사율리,율천,16.7,7.2,11.9,0.5,3.6,3.9,1.709,0.093
2017,10,전라북도,남원시,사매면,서도리,월평천,15.5,7.2,12.0,0.8,4.6,5.8,1.980,0.069
2017,10,전라북도,순창군,동계면,서호리,오수천2,16.6,7.1,10.3,0.7,3.4,2.7,1.800,0.045
2017,10,전라북도,임실군,삼계면,후천리,후곡천,15.4,7.2,12.3,0.4,3.9,1.7,1.661,0.050
2017,10,전라북도,남원시,산동면,월석리,요천1,15.6,7.1,9.5,0.5,2.6,1.0,1.410,0.021
2017,10,전라북도,남원시,금지면,창산리,요천2,16.1,8.7,9.9,1.2,3.2,1.2,1.820,0.393
2017,10,전라북도,남원시,송동면,세전리,요천3,17.0,7.1,9.5,0.9,3.8,6.8,2.293,0.055
2017,10,전라북도,고창군,아산면,구암리,주진천1,15.4,8.0,10.1,1.1,4.0,7.4,3.191,0.048
2017,10,전라북도,고창군,아산면,반암리,주진천2,14.7,8.2,10.3,1.8,5.1,26.2,2.689,0.008
2017,11,전라북도,익산시,성당면,부곡리,산북천,10.3,8.2,11.5,11.9,15.7,37.9,9.260,0.458
2017,11,전라북도,부안군,동진면,하장리,고부천2,15.3,8.2,12.7,5.8,11.5,67.0,2.739,0.039
2017,11,전라북도,부안군,동진면,하장리,고부천3,10.7,8.3,12.0,3.8,8.9,22.3,2.859,0.123
2017,11,전라북도,정읍시,영원면,앵성리,고부천1,15.2,8.4,12.9,4.4,9.3,97.0,2.286,0.036
2017,11,전라북도,김제시,부량면,옥정리,동진강3,10.2,8.1,12.5,1.2,5.1,9.6,3.308,0.051
2017,11,전라북도,정읍시,신태인읍,,동진강2,10.3,8.7,11.4,0.7,3.3,2.1,1.661,0.026
2017,11,전라북도,정읍시,신태인읍,구석리,용호천,12.0,7.9,11.0,2.6,5.5,9.8,2.578,0.123
2017,11,전라북도,정읍시,옹동면,산성리,동진강1,11.8,9.1,10.9,0.4,3.3,1.9,1.639,0.016
2017,11,전라북도,김제시,성덕면,남포리,신평천,10.8,8.8,13.1,6.1,13.3,30.0,5.303,0.091
2017,11,전라북도,김제시,죽산면,대창리,원평천3,11.4,8.7,14.6,5.2,10.1,19.5,2.421,0.131
2017,11,전라북도,김제시,봉남면,용신리,원평천1,9.0,8.7,11.7,2.6,6.4,6.9,2.005,0.052
2017,11,전라북도,김제시,죽산면,죽산리,원평천2,10.7,8.4,12.0,4.0,9.2,18.9,3.256,0.048
2017,11,전라북도,정읍시,공평동,,정읍천3,13.4,7.6,11.7,1.8,4.0,2.5,1.545,0.067
2017,11,전라북도,정읍시,송산동,,정읍천1,12.7,7.0,10.4,0.9,2.1,0.9,0.913,0.017
2017,11,전라북도,정읍시,연지동,,정읍천2,13.5,7.5,14.4,1.3,2.8,0.4,1.972,0.044
2017,11,전라북도,정읍시,이평면,하송리,정읍천4,12.5,8.1,13.4,1.5,7.7,7.0,5.822,0.052
2017,11,전라북도,정읍시,하모동,,천원천,13.1,7.5,12.3,2.9,5.8,5.6,3.422,0.101
2017,11,전라북도,김제시,백구면,마산리,마산천,13.4,8.2,14.3,8.3,16.4,38.0,12.185,0.385
2017,11,전라북도,완주군,삼례읍,,삼례,13.5,7.5,9.7,6.3,11.9,8.1,8.551,0.046
2017,11,전라북도,익산시,춘포면,인수리,익산천1,10.2,7.9,15.1,0.9,4.9,6.0,3.924,0.057
2017,11,전라북도,익산시,춘포면,인수리,익산천2,9.6,8.1,14.1,0.9,5.3,6.6,4.449,0.096
2017,11,전라북도,군산시,대야면,광교리,탑천,9.9,8.1,11.3,3.7,6.9,22.4,5.689,0.095
2017,11,전라북도,김제시,백구면,백구리,김제,11.5,7.8,12.3,4.6,11.6,18.0,8.716,0.111
2017,11,전라북도,김제시,백구면,월봉리,용암천,14.4,8.4,12.1,6.3,13.3,27.0,9.351,0.245
2017,11,전라북도,전주시완산구,서신동,,삼천3,14.0,8.0,12.8,2.1,4.4,2.7,2.009,0.058
2017,11,전라북도,전주시완산구,평화동3가,,삼천1,13.3,7.7,11.0,1.3,2.9,4.8,2.388,0.036
2017,11,전라북도,전주시완산구,효자동2가,,삼천2,12.9,7.8,11.3,2.0,4.3,4.9,2.321,0.049
2017,11,전라북도,완주군,소양면,황운리,소양천1,14.9,7.6,11.0,1.1,2.4,2.7,1.515,0.024
2017,11,전라북도,완주군,용진읍,상운리,소양천2,13.5,7.7,11.4,1.6,3.5,2.0,4.625,0.028
2017,11,전라북도,익산시,춘포면,용연리,익산천3,9.3,8.4,14.3,1.6,5.5,8.0,3.440,0.093
2017,11,전라북도,전주시덕진구,고랑동,,전주천7,17.6,7.6,8.1,5.2,15.0,2.8,13.180,0.094
2017,11,전라북도,전주시덕진구,전미동1가,,전주,10.5,8.4,12.9,2.3,5.5,6.7,2.147,0.108
2017,11,전라북도,전주시완산구,대성동,,전주천1,14.4,8.1,11.7,0.7,1.4,0.7,2.015,0.014
2017,11,전라북도,완주군,고산면,읍내리,고산,11.2,8.3,12.6,0.2,3.0,0.1,1.898,0.011
2017,11,전라북도,무주군,무주읍,대차리,무주남대천2,10.5,8.4,10.9,0.7,2.4,0.1,1.684,0.016
2017,11,전라북도,무주군,무주읍,읍내리,무주남대천1,10.5,8.3,11.0,0.9,2.7,0.1,1.863,0.008
2017,11,전라북도,무주군,무주읍,읍내리,무주남대천3,7.0,7.7,13.6,0.7,2.8,1.2,2.004,0.018
2017,11,전라북도,부안군,상서면,청림리,백천내,14.0,6.8,10.2,0.9,1.2,0.5,1.353,0.002
2017,11,전라북도,무주군,안성면,진도리,구량천,5.7,8.4,14.1,0.5,2.5,1.6,2.530,0.010
2017,11,전라북도,진안군,정천면,월평리,정자천,6.1,7.7,12.8,0.6,2.7,1.6,1.639,0.013
2017,11,전라북도,진안군,진안읍,운산리,진안천,18.0,7.6,8.6,1.1,2.6,1.2,2.050,0.012
2017,11,전라북도,진안군,진안읍,가막리,가막,7.4,8.1,13.6,0.7,3.0,1.5,4.263,0.020
2017,11,전라북도,무주군,무주읍,용포리,용포,12.6,8.6,10.0,0.4,3.4,0.1,1.346,0.005
2017,11,전라북도,진안군,용담면,송풍리,용담,12.4,7.7,11.0,0.4,3.4,1.2,1.642,0.015
2017,11,전라북도,남원시,운봉읍,,람천2,9.9,8.4,11.1,0.3,2.0,0.1,1.864,0.023
2017,11,전라북도,남원시,인월면,중군리,람천1,10.6,8.3,11.9,0.5,3.0,0.1,2.928,0.042
2017,11,전라북도,임실군,관촌면,방수리,관촌,8.6,7.6,12.5,0.8,2.6,1.1,1.153,0.019
2017,11,전라북도,임실군,운암면,학암리,운암,7.0,8.2,10.9,0.2,2.5,0.1,0.862,0.015
2017,11,전라북도,정읍시,산내면,매죽리,추령천,9.2,7.8,12.5,0.7,2.6,1.1,1.544,0.011
2017,11,전라북도,임실군,강진면,용수리,임실,12.1,7.6,11.3,0.6,3.6,1.0,1.637,0.012
2017,11,전라북도,순창군,동계면,구미리,동계,9.9,8.4,11.2,0.6,2.4,0.2,1.114,0.009
2017,11,전라북도,순창군,구림면,안정리,치천,8.0,7.5,12.2,0.9,2.1,0.3,1.638,0.006
2017,11,전라북도,남원시,대강면,풍산리,수홍천,8.8,7.3,11.1,0.8,2.2,1.4,2.361,0.015
2017,11,전라북도,순창군,유등면,유촌리,옥택천,8.7,7.3,10.5,1.0,2.0,0.9,1.571,0.016
2017,11,전라북도,순창군,적성면,고원리,적성,10.8,8.6,11.3,0.9,3.2,0.4,1.272,0.017
2017,11,전라북도,남원시,금지면,귀석리,남원,10.8,8.4,11.4,0.5,2.9,0.1,1.079,0.012
2017,11,전라북도,남원시,대강면,월탄리,대강,10.1,7.4,13.2,0.7,3.0,1.2,1.371,0.023
2017,11,전라북도,장수군,산서면,사상리,오수천1,10.2,7.2,11.8,0.8,2.3,0.9,2.054,0.021
2017,11,전라북도,남원시,덕과면,사율리,율천,10.3,7.0,12.4,1.1,3.2,3.9,1.493,0.046
2017,11,전라북도,남원시,사매면,서도리,월평천,9.9,7.1,11.4,1.4,3.7,1.3,2.257,0.033
2017,11,전라북도,순창군,동계면,서호리,오수천2,10.2,7.6,13.4,0.8,3.0,1.3,1.671,0.021
2017,11,전라북도,임실군,삼계면,후천리,후곡천,8.6,7.3,11.8,0.9,2.8,0.4,1.766,0.023
2017,11,전라북도,남원시,산동면,월석리,요천1,9.4,7.8,12.3,0.5,2.2,0.4,1.744,0.013
2017,11,전라북도,남원시,금지면,창산리,요천2,11.1,8.5,11.2,0.6,4.8,1.1,2.655,0.030
2017,11,전라북도,남원시,송동면,세전리,요천3,10.5,7.4,12.7,1.1,3.8,6.8,2.814,0.028
2017,11,전라북도,고창군,아산면,구암리,주진천1,13.2,8.1,11.3,2.3,6.6,1.6,4.224,0.172
2017,11,전라북도,고창군,아산면,반암리,주진천2,10.2,8.3,11.5,1.7,7.8,11.2,3.475,0.115
2017,12,전라북도,익산시,성당면,부곡리,산북천,3.9,8.1,10.5,8.0,12.2,12.6,12.748,0.587
2017,12,전라북도,익산시,망성면,무형리,마산천,2.4,7.9,17.4,1.8,4.1,3.2,6.502,0.445
2017,12,전라북도,부안군,동진면,하장리,고부천2,6.3,8.0,12.9,4.7,9.9,62.0,4.689,0.271
2017,12,전라북도,부안군,동진면,하장리,고부천3,5.6,8.0,14.3,2.6,8.4,8.5,4.217,0.093
2017,12,전라북도,정읍시,영원면,앵성리,고부천1,6.5,7.9,12.6,4.4,9.3,86.0,5.553,0.316
2017,12,전라북도,김제시,부량면,옥정리,동진강3,3.7,8.0,14.1,3.6,8.4,14.8,6.473,0.097
2017,12,전라북도,정읍시,신태인읍,,동진강2,2.9,8.6,13.3,0.9,3.9,3.7,3.966,0.095
2017,12,전라북도,정읍시,신태인읍,구석리,용호천,5.0,7.9,13.2,2.5,5.5,5.4,2.279,0.050
2017,12,전라북도,정읍시,옹동면,산성리,동진강1,3.3,9.2,12.3,0.2,2.7,3.7,2.084,0.028
2017,12,전라북도,김제시,성덕면,남포리,신평천,4.6,9.0,15.7,7.1,11.7,17.5,7.586,0.348
2017,12,전라북도,김제시,죽산면,대창리,원평천3,5.6,9.2,20.1,4.2,9.5,17.2,3.949,0.063
2017,12,전라북도,김제시,봉남면,용신리,원평천1,3.3,8.7,13.2,3.4,6.2,7.9,3.253,0.051
2017,12,전라북도,김제시,죽산면,죽산리,원평천2,3.4,8.5,14.5,2.1,6.4,14.4,4.241,0.146
2017,12,전라북도,정읍시,공평동,,정읍천3,6.1,7.9,13.7,2.2,5.1,2.0,1.468,0.037
2017,12,전라북도,정읍시,송산동,,정읍천1,6.0,8.2,12.9,1.2,2.8,0.6,1.601,0.026
2017,12,전라북도,정읍시,연지동,,정읍천2,8.4,7.9,13.8,1.4,3.0,3.0,3.461,0.038
2017,12,전라북도,정읍시,이평면,하송리,정읍천4,6.5,8.2,14.5,2.1,8.3,4.1,8.221,0.041
2017,12,전라북도,정읍시,하모동,,천원천,6.7,7.9,12.5,2.4,5.2,3.4,1.896,0.050
2017,12,전라북도,김제시,백구면,마산리,마산천,3.6,8.2,13.2,4.9,9.8,134.0,8.047,0.387
2017,12,전라북도,완주군,삼례읍,,삼례,7.4,7.7,10.5,5.3,10.6,4.7,11.300,0.238
2017,12,전라북도,익산시,춘포면,인수리,익산천1,0.8,7.8,13.9,1.4,4.0,5.4,6.137,0.251
2017,12,전라북도,익산시,춘포면,인수리,익산천2,1.2,7.8,14.5,1.4,3.8,6.6,6.218,0.232
2017,12,전라북도,군산시,대야면,광교리,탑천,5.1,7.8,13.8,2.8,7.6,21.4,6.837,0.108
2017,12,전라북도,김제시,백구면,백구리,김제,5.8,7.9,12.9,5.6,10.8,11.7,8.722,0.119
2017,12,전라북도,김제시,백구면,월봉리,용암천,4.3,8.2,12.5,6.2,13.2,28.0,12.950,0.186
2017,12,전라북도,전주시완산구,서신동,,삼천3,8.4,8.0,15.7,2.3,5.1,4.0,2.378,0.071
2017,12,전라북도,전주시완산구,평화동3가,,삼천1,5.2,7.7,14.7,1.3,2.9,1.7,2.663,0.034
2017,12,전라북도,전주시완산구,효자동2가,,삼천2,3.5,7.7,13.9,2.1,4.5,5.0,2.857,0.062
2017,12,전라북도,완주군,소양면,황운리,소양천1,5.4,7.8,13.5,1.0,2.3,1.6,2.602,0.030
2017,12,전라북도,완주군,용진읍,상운리,소양천2,5.5,8.2,12.7,1.8,4.1,2.4,9.549,0.062
2017,12,전라북도,익산시,춘포면,용연리,익산천3,0.6,7.8,14.9,1.8,4.5,11.7,6.001,0.252
2017,12,전라북도,전주시덕진구,고랑동,,전주천7,14.6,7.4,8.2,7.2,15.8,6.3,13.279,0.075
2017,12,전라북도,전주시덕진구,전미동1가,,전주,5.5,8.4,11.8,2.3,5.1,3.4,3.342,0.201
2017,12,전라북도,전주시완산구,대성동,,전주천1,8.0,8.3,14.0,0.8,1.6,0.5,1.972,0.010
2017,12,전라북도,완주군,고산면,읍내리,고산,2.2,8.7,13.9,0.7,2.7,1.7,1.929,0.005
2017,12,전라북도,무주군,무주읍,대차리,무주남대천2,2.2,7.8,14.8,0.4,2.3,0.3,2.710,0.007
2017,12,전라북도,무주군,무주읍,읍내리,무주남대천1,2.1,7.9,13.1,0.2,2.6,0.1,2.886,0.005
2017,12,전라북도,무주군,무주읍,읍내리,무주남대천3,1.6,8.2,15.1,0.8,3.1,2.6,2.910,0.011
2017,12,전라북도,부안군,상서면,청림리,백천내,7.0,6.7,11.2,1.0,0.8,0.5,1.868,0.004
2017,12,전라북도,무주군,안성면,진도리,구량천,1.4,8.5,12.8,0.8,2.7,1.0,4.392,0.007
2017,12,전라북도,진안군,정천면,월평리,정자천,1.0,8.0,12.8,0.5,2.3,0.9,2.419,0.003
2017,12,전라북도,진안군,진안읍,운산리,진안천,5.0,7.3,13.1,1.2,2.3,4.6,2.918,0.086
2017,12,전라북도,진안군,진안읍,가막리,가막,1.2,8.2,12.9,1.0,4.0,1.0,5.432,0.014
2017,12,전라북도,무주군,무주읍,용포리,용포,2.5,7.6,12.5,0.4,3.0,0.2,1.435,0.006
2017,12,전라북도,진안군,용담면,송풍리,용담,7.4,7.9,12.3,0.5,3.5,1.0,1.775,0.008
2017,12,전라북도,남원시,운봉읍,,람천2,1.3,8.8,13.3,0.7,3.4,0.7,2.640,0.009
2017,12,전라북도,남원시,인월면,중군리,람천1,1.4,9.0,13.3,0.9,4.2,0.6,3.497,0.017
2017,12,전라북도,임실군,관촌면,방수리,관촌,2.4,7.5,15.2,0.8,2.4,0.4,1.874,0.011
2017,12,전라북도,임실군,운암면,학암리,운암,1.1,8.7,13.3,1.0,3.2,0.1,1.402,0.018
2017,12,전라북도,정읍시,산내면,매죽리,추령천,3.1,7.8,15.2,0.7,2.2,0.4,2.158,0.007
2017,12,전라북도,임실군,강진면,용수리,임실,4.7,7.7,13.6,0.7,3.4,0.5,1.590,0.009
2017,12,전라북도,순창군,동계면,구미리,동계,0.8,8.7,12.9,0.6,3.1,0.1,1.709,0.011
2017,12,전라북도,순창군,구림면,안정리,치천,1.2,7.3,15.1,0.8,2.1,0.4,2.398,0.012
2017,12,전라북도,남원시,대강면,풍산리,수홍천,1.9,7.3,14.8,0.9,1.7,0.5,3.395,0.017
2017,12,전라북도,순창군,유등면,유촌리,옥택천,1.5,7.2,13.5,0.5,2.0,0.5,2.122,0.020
2017,12,전라북도,순창군,적성면,고원리,적성,3.4,8.7,13.4,1.1,2.9,0.3,1.787,0.013
2017,12,전라북도,남원시,금지면,귀석리,남원,2.4,8.7,13.7,0.5,3.0,0.4,1.750,0.014
2017,12,전라북도,남원시,대강면,월탄리,대강,2.2,8.0,14.4,0.9,3.2,1.6,1.828,0.015
2017,12,전라북도,장수군,산서면,사상리,오수천1,3.4,7.7,12.8,0.9,2.1,0.8,2.454,0.026
2017,12,전라북도,남원시,덕과면,사율리,율천,3.5,7.4,13.6,1.0,2.8,2.2,1.892,0.055
2017,12,전라북도,남원시,사매면,서도리,월평천,3.7,7.3,12.9,1.2,3.0,1.4,2.903,0.037
2017,12,전라북도,순창군,동계면,서호리,오수천2,3.1,8.1,14.6,0.9,2.8,1.0,1.952,0.014
2017,12,전라북도,임실군,삼계면,후천리,후곡천,1.9,7.4,14.2,1.0,2.6,0.2,1.864,0.022
2017,12,전라북도,남원시,산동면,월석리,요천1,1.6,7.8,13.3,0.7,2.2,1.0,2.186,0.007
2017,12,전라북도,남원시,금지면,창산리,요천2,3.2,8.4,15.5,0.6,4.0,1.4,6.311,0.196
2017,12,전라북도,남원시,송동면,세전리,요천3,3.1,8.1,14.2,1.0,4.1,6.9,4.479,0.027
2017,12,전라북도,고창군,아산면,구암리,주진천1,3.1,8.6,12.9,2.5,6.1,6.5,4.628,0.179
2017,12,전라북도,고창군,아산면,반암리,주진천2,3.7,8.5,13.4,2.2,6.9,13.3,3.291,0.057
2018,01,전라북도,익산시,성당면,부곡리,산북천,2.4,7.8,8.2,8.2,14.8,10.5,14.932,0.758
2018,01,전라북도,익산시,망성면,무형리,마산천,2.0,7.9,16.3,2.8,5.8,1.3,7.180,0.299
2018,01,전라북도,부안군,동진면,하장리,고부천2,4.2,7.8,12.9,3.4,7.5,33.0,4.487,0.249
2018,01,전라북도,부안군,동진면,하장리,고부천3,3.0,7.7,13.8,3.3,9.9,24.7,10.817,0.171
2018,01,전라북도,정읍시,영원면,앵성리,고부천1,3.5,7.5,12.6,3.2,7.0,15.7,5.250,0.229
2018,01,전라북도,김제시,부량면,옥정리,동진강3,3.4,7.6,14.7,4.1,9.9,24.7,8.410,0.134
2018,01,전라북도,정읍시,신태인읍,,동진강2,4.3,8.5,12.6,4.4,6.8,8.3,3.852,0.064
2018,01,전라북도,정읍시,신태인읍,구석리,용호천,2.6,7.6,11.2,2.9,6.0,5.1,2.988,0.291
2018,01,전라북도,정읍시,옹동면,산성리,동진강1,4.9,8.4,12.2,0.6,6.2,0.8,2.196,0.024
2018,01,전라북도,김제시,성덕면,남포리,신평천,3.3,9.4,18.2,5.3,14.3,7.3,8.147,0.644
2018,01,전라북도,김제시,죽산면,대창리,원평천3,3.9,8.1,14.3,4.5,10.0,22.9,6.880,0.165
2018,01,전라북도,김제시,봉남면,용신리,원평천1,5.3,8.8,13.2,3.0,5.6,30.4,3.794,0.056
2018,01,전라북도,김제시,죽산면,죽산리,원평천2,3.6,8.4,14.3,3.5,9.1,18.2,5.098,0.147
2018,01,전라북도,정읍시,공평동,,정읍천3,2.7,7.4,13.2,1.7,4.2,3.0,2.478,0.125
2018,01,전라북도,정읍시,송산동,,정읍천1,4.9,7.4,11.5,1.0,2.5,1.6,1.729,0.111
2018,01,전라북도,정읍시,연지동,,정읍천2,5.4,7.3,10.9,1.9,4.8,9.1,3.327,0.138
2018,01,전라북도,정읍시,이평면,하송리,정읍천4,5.1,7.6,14.5,5.2,11.1,17.5,9.368,0.175
2018,01,전라북도,정읍시,하모동,,천원천,4.4,7.2,11.6,2.3,5.0,4.7,3.285,0.137
2018,01,전라북도,김제시,백구면,마산리,마산천,1.1,8.0,15.0,3.2,6.9,44.7,7.716,0.291
2018,01,전라북도,완주군,삼례읍,,삼례,8.1,7.4,11.0,6.2,9.4,4.8,12.477,0.272
2018,01,전라북도,익산시,춘포면,인수리,익산천1,4.5,7.8,14.4,4.0,4.1,10.6,5.624,0.251
2018,01,전라북도,익산시,춘포면,인수리,익산천2,2.9,7.6,14.7,5.1,5.3,9.7,6.654,0.311
2018,01,전라북도,군산시,대야면,광교리,탑천,3.2,7.7,11.8,2.9,7.3,13.4,7.986,0.127
2018,01,전라북도,김제시,백구면,백구리,김제,6.0,7.5,13.0,5.1,10.5,13.8,9.718,0.125
2018,01,전라북도,김제시,백구면,월봉리,용암천,1.7,8.1,14.5,4.9,12.0,29.2,16.152,0.263
2018,01,전라북도,전주시완산구,서신동,,삼천3,5.8,7.8,12.2,2.5,5.5,10.8,3.666,0.101
2018,01,전라북도,전주시완산구,평화동3가,,삼천1,3.0,7.8,13.8,1.9,4.7,2.4,3.851,0.067
2018,01,전라북도,전주시완산구,효자동2가,,삼천2,1.9,7.8,13.4,2.0,4.7,5.5,3.484,0.082
2018,01,전라북도,완주군,소양면,황운리,소양천1,4.5,7.8,14.1,0.8,1.8,0.9,3.507,0.017
2018,01,전라북도,완주군,용진읍,상운리,소양천2,4.3,8.0,14.0,1.3,3.0,2.4,7.502,0.034
2018,01,전라북도,익산시,춘포면,용연리,익산천3,2.9,8.2,15.0,2.7,4.0,6.6,5.815,0.263
2018,01,전라북도,전주시덕진구,고랑동,,전주천7,12.3,7.2,9.1,7.1,16.1,8.4,14.001,0.187
2018,01,전라북도,전주시덕진구,전미동1가,,전주,4.4,8.3,14.8,3.9,6.9,6.1,3.481,0.207
2018,01,전라북도,전주시완산구,대성동,,전주천1,5.4,8.0,13.3,0.6,1.2,0.4,2.257,0.008
2018,01,전라북도,완주군,고산면,읍내리,고산,4.8,8.2,13.6,2.5,2.2,0.1,2.127,0.016
2018,01,전라북도,무주군,무주읍,대차리,무주남대천2,0.2,8.2,14.3,1.1,4.2,5.5,3.574,0.009
2018,01,전라북도,무주군,무주읍,읍내리,무주남대천1,0.2,8.1,14.4,0.7,2.6,0.1,3.206,0.006
2018,01,전라북도,무주군,무주읍,읍내리,무주남대천3,0.6,7.9,14.3,1.0,3.4,3.0,3.830,0.022
2018,01,전라북도,부안군,상서면,청림리,백천내,6.0,6.8,12.3,1.0,2.0,0.5,2.400,0.008
2018,01,전라북도,무주군,안성면,진도리,구량천,0.9,8.1,14.8,0.8,3.2,1.9,3.726,0.010
2018,01,전라북도,진안군,정천면,월평리,정자천,1.7,8.2,13.7,0.6,2.2,1.0,3.154,0.011
2018,01,전라북도,진안군,진안읍,운산리,진안천,3.0,7.8,12.4,1.2,3.3,1.6,2.713,0.064
2018,01,전라북도,진안군,진안읍,가막리,가막,1.4,8.3,14.5,1.8,4.9,1.9,5.081,0.085
2018,01,전라북도,무주군,무주읍,용포리,용포,2.3,8.6,13.1,0.5,2.6,0.1,1.480,0.005
2018,01,전라북도,진안군,용담면,송풍리,용담,4.5,8.1,12.6,0.4,3.1,1.4,1.601,0.009
2018,01,전라북도,남원시,운봉읍,,람천2,1.4,8.6,12.9,1.1,4.8,0.6,2.430,0.015
2018,01,전라북도,남원시,인월면,중군리,람천1,2.2,8.8,12.4,1.3,4.0,0.6,3.547,0.032
2018,01,전라북도,임실군,관촌면,방수리,관촌,1.0,6.8,15.9,1.0,3.3,2.2,3.096,0.018
2018,01,전라북도,임실군,운암면,학암리,운암,3.7,8.8,13.2,1.2,4.1,0.9,1.817,0.018
2018,01,전라북도,정읍시,산내면,매죽리,추령천,2.2,7.1,16.1,1.0,3.3,1.7,3.639,0.020
2018,01,전라북도,임실군,강진면,용수리,임실,3.0,7.3,15.4,0.6,3.3,0.7,1.821,0.015
2018,01,전라북도,순창군,동계면,구미리,동계,1.6,8.6,13.6,0.9,3.3,0.1,1.972,0.038
2018,01,전라북도,순창군,구림면,안정리,치천,2.2,7.7,15.0,1.0,3.2,1.3,3.086,0.011
2018,01,전라북도,남원시,대강면,풍산리,수홍천,2.9,7.5,14.4,1.1,4.2,1.1,3.196,0.031
2018,01,전라북도,순창군,유등면,유촌리,옥택천,2.4,7.4,13.7,1.1,4.4,1.8,2.945,0.024
2018,01,전라북도,순창군,적성면,고원리,적성,2.7,8.7,13.7,1.1,4.0,0.1,2.225,0.012
2018,01,전라북도,남원시,금지면,귀석리,남원,3.6,8.3,12.7,1.4,5.5,6.7,2.516,0.027
2018,01,전라북도,남원시,대강면,월탄리,대강,1.6,8.0,15.9,1.4,4.7,3.6,2.876,0.032
2018,01,전라북도,장수군,산서면,사상리,오수천1,3.6,7.5,14.2,1.3,4.9,2.0,3.822,0.039
2018,01,전라북도,남원시,덕과면,사율리,율천,2.9,7.2,15.0,1.7,4.7,3.7,2.802,0.095
2018,01,전라북도,남원시,사매면,서도리,월평천,3.5,7.1,14.4,3.3,10.3,6.6,4.875,0.151
2018,01,전라북도,순창군,동계면,서호리,오수천2,2.4,8.0,16.4,1.7,5.9,2.9,3.166,0.042
2018,01,전라북도,임실군,삼계면,후천리,후곡천,2.1,7.4,15.9,1.2,4.9,1.1,2.262,0.056
2018,01,전라북도,남원시,산동면,월석리,요천1,1.9,7.9,15.1,0.6,2.9,0.6,2.622,0.014
2018,01,전라북도,남원시,금지면,창산리,요천2,4.6,8.5,12.3,1.0,5.8,1.6,5.700,0.226
2018,01,전라북도,남원시,송동면,세전리,요천3,3.8,8.2,10.6,1.9,5.5,5.3,4.014,0.053
2018,01,전라북도,고창군,아산면,구암리,주진천1,3.0,8.7,13.2,3.6,4.4,3.2,6.041,0.132
2018,01,전라북도,고창군,아산면,반암리,주진천2,2.1,8.2,13.3,2.8,5.6,4.5,5.365,0.118
2018,02,전라북도,익산시,성당면,부곡리,산북천,4.8,7.7,5.8,10.7,17.6,20.0,15.866,1.067
2018,02,전라북도,익산시,망성면,무형리,마산천,3.0,7.8,14.7,1.7,5.6,4.4,9.015,0.427
2018,02,전라북도,부안군,동진면,하장리,고부천2,0.9,7.9,13.4,2.4,7.5,30.6,5.853,0.104
2018,02,전라북도,부안군,동진면,하장리,고부천3,4.3,7.9,14.8,2.9,8.1,30.6,4.711,0.188
2018,02,전라북도,정읍시,영원면,앵성리,고부천1,1.2,7.9,13.4,2.1,7.3,42.7,6.559,0.144
2018,02,전라북도,김제시,부량면,옥정리,동진강3,3.3,7.7,14.4,2.6,8.3,17.0,8.005,0.110
2018,02,전라북도,정읍시,신태인읍,,동진강2,2.4,7.9,14.3,3.9,4.9,8.5,4.639,0.097
2018,02,전라북도,정읍시,신태인읍,구석리,용호천,1.4,7.8,12.9,3.3,8.5,14.3,5.173,0.083
2018,02,전라북도,정읍시,옹동면,산성리,동진강1,1.7,8.0,13.6,0.7,2.9,1.0,2.747,0.024
2018,02,전라북도,김제시,성덕면,남포리,신평천,0.2,8.6,14.7,2.3,9.1,6.4,10.027,0.302
2018,02,전라북도,김제시,죽산면,대창리,원평천3,3.9,8.9,16.0,5.5,12.1,21.7,5.738,0.109
2018,02,전라북도,김제시,봉남면,용신리,원평천1,0.0,8.2,15.4,1.3,4.9,17.7,3.257,0.073
2018,02,전라북도,김제시,죽산면,죽산리,원평천2,2.9,9.1,15.1,3.7,8.9,12.1,4.721,0.152
2018,02,전라북도,정읍시,공평동,,정읍천3,2.6,7.9,12.7,1.2,4.1,3.2,3.543,0.032
2018,02,전라북도,정읍시,송산동,,정읍천1,0.1,8.2,14.0,0.6,1.8,1.8,3.151,0.020
2018,02,전라북도,정읍시,연지동,,정읍천2,4.4,7.9,12.9,1.3,3.5,11.8,4.591,0.051
2018,02,전라북도,정읍시,이평면,하송리,정읍천4,5.9,7.6,12.8,4.4,11.3,16.0,9.473,0.101
2018,02,전라북도,정읍시,하모동,,천원천,2.6,7.9,13.2,1.7,4.3,6.7,4.015,0.042
2018,02,전라북도,김제시,백구면,마산리,마산천,1.9,7.9,13.8,4.4,7.8,40.5,8.989,0.386
2018,02,전라북도,완주군,삼례읍,,삼례,6.9,7.4,11.9,6.0,12.6,4.8,17.765,0.310
2018,02,전라북도,익산시,춘포면,인수리,익산천1,0.8,7.9,14.6,2.1,5.8,24.6,7.677,0.336
2018,02,전라북도,익산시,춘포면,인수리,익산천2,1.6,7.5,14.5,1.9,5.0,8.8,8.098,0.354
2018,02,전라북도,군산시,대야면,광교리,탑천,4.7,7.9,12.6,2.7,7.3,14.9,6.959,0.140
2018,02,전라북도,김제시,백구면,백구리,김제,4.9,7.8,14.1,5.2,12.8,16.1,13.247,0.140
2018,02,전라북도,김제시,백구면,월봉리,용암천,2.7,7.9,12.8,5.7,14.1,27.3,16.521,0.215
2018,02,전라북도,전주시완산구,서신동,,삼천3,2.4,8.0,14.4,2.0,4.4,5.6,3.892,0.055
2018,02,전라북도,전주시완산구,평화동3가,,삼천1,2.4,7.9,14.0,1.2,3.2,8.7,4.573,0.060
2018,02,전라북도,전주시완산구,효자동2가,,삼천2,1.5,7.9,14.6,1.5,4.2,10.5,4.360,0.034
2018,02,전라북도,완주군,소양면,황운리,소양천1,4.5,7.8,13.2,0.4,1.6,0.9,5.568,0.010
2018,02,전라북도,완주군,용진읍,상운리,소양천2,3.7,7.9,14.1,0.8,2.6,2.3,7.107,0.022
2018,02,전라북도,익산시,춘포면,용연리,익산천3,1.4,7.9,13.4,1.5,3.7,8.0,7.314,0.307
2018,02,전라북도,전주시덕진구,고랑동,,전주천7,11.8,7.2,8.3,8.9,18.9,6.2,18.451,0.307
2018,02,전라북도,전주시덕진구,전미동1가,,전주,5.2,8.2,14.6,5.1,8.5,15.9,3.326,0.221
2018,02,전라북도,전주시완산구,대성동,,전주천1,4.1,8.4,14.4,0.6,1.2,0.8,3.396,0.006
2018,02,전라북도,완주군,고산면,읍내리,고산,4.1,8.3,13.9,0.5,3.2,0.1,1.832,0.006
2018,02,전라북도,무주군,무주읍,대차리,무주남대천2,-0.3,7.7,14.5,0.5,3.0,0.1,3.542,0.014
2018,02,전라북도,무주군,무주읍,읍내리,무주남대천1,1.1,7.7,14.4,1.0,2.8,0.1,3.475,0.011
2018,02,전라북도,무주군,무주읍,읍내리,무주남대천3,0.8,7.9,13.8,1.6,3.0,1.5,3.696,0.025
2018,02,전라북도,부안군,상서면,청림리,백천내,3.0,6.6,11.6,1.0,2.0,0.2,1.963,0.005
2018,02,전라북도,무주군,안성면,진도리,구량천,1.6,8.0,15.3,0.7,2.8,0.6,3.701,0.010
2018,02,전라북도,진안군,정천면,월평리,정자천,2.0,8.0,14.2,0.7,1.7,0.8,3.019,0.005
2018,02,전라북도,진안군,진안읍,운산리,진안천,1.0,7.6,11.2,1.3,2.8,1.8,3.374,0.042
2018,02,전라북도,진안군,진안읍,가막리,가막,1.0,8.2,15.0,1.0,3.4,1.3,4.989,0.014
2018,02,전라북도,무주군,무주읍,용포리,용포,-0.7,8.1,14.4,1.1,3.5,0.4,1.414,0.005
2018,02,전라북도,진안군,용담면,송풍리,용담,2.7,8.1,13.6,0.4,3.1,1.5,1.522,0.007
2018,02,전라북도,남원시,운봉읍,,람천2,0.1,8.5,14.1,1.2,4.0,0.1,2.376,0.010
2018,02,전라북도,남원시,인월면,중군리,람천1,0.2,8.6,14.4,1.7,5.4,2.8,3.271,0.023
2018,02,전라북도,임실군,관촌면,방수리,관촌,2.0,7.4,15.5,0.8,2.5,0.7,2.543,0.016
2018,02,전라북도,임실군,운암면,학암리,운암,0.0,8.7,13.7,0.5,3.3,0.7,2.487,0.019
2018,02,전라북도,정읍시,산내면,매죽리,추령천,1.8,7.6,15.4,0.7,2.4,0.6,3.165,0.017
2018,02,전라북도,임실군,강진면,용수리,임실,3.1,7.3,15.5,0.7,3.5,1.1,1.469,0.014
2018,02,전라북도,순창군,동계면,구미리,동계,0.1,8.6,14.3,0.3,3.2,0.3,1.653,0.012
2018,02,전라북도,순창군,구림면,안정리,치천,0.1,7.6,17.7,0.7,2.2,0.4,2.541,0.006
2018,02,전라북도,남원시,대강면,풍산리,수홍천,1.1,7.4,17.1,0.6,2.2,0.9,3.293,0.011
2018,02,전라북도,순창군,유등면,유촌리,옥택천,0.9,7.5,16.2,0.6,2.4,1.0,2.395,0.014
2018,02,전라북도,순창군,적성면,고원리,적성,2.6,8.4,13.8,0.9,3.5,0.2,1.897,0.016
2018,02,전라북도,남원시,금지면,귀석리,남원,3.1,8.0,14.4,0.9,3.5,1.2,2.143,0.019
2018,02,전라북도,남원시,대강면,월탄리,대강,1.9,7.7,14.5,1.0,3.7,2.2,2.125,0.020
2018,02,전라북도,장수군,산서면,사상리,오수천1,2.6,7.6,14.4,0.7,2.2,1.6,2.624,0.016
2018,02,전라북도,남원시,덕과면,사율리,율천,2.0,7.5,14.9,0.8,3.3,2.8,2.480,0.078
2018,02,전라북도,남원시,사매면,서도리,월평천,2.9,7.4,14.6,2.3,4.2,3.0,3.301,0.037
2018,02,전라북도,순창군,동계면,서호리,오수천2,2.8,8.0,15.8,1.1,3.6,2.0,2.168,0.023
2018,02,전라북도,임실군,삼계면,후천리,후곡천,1.2,7.6,15.6,0.6,3.1,0.3,1.945,0.014
2018,02,전라북도,남원시,산동면,월석리,요천1,0.9,7.9,14.8,0.5,2.5,0.6,2.450,0.012
2018,02,전라북도,남원시,금지면,창산리,요천2,4.1,7.8,14.2,1.4,5.0,2.7,8.869,0.253
2018,02,전라북도,남원시,송동면,세전리,요천3,4.6,7.6,10.5,1.9,4.6,4.5,5.010,0.038
2018,02,전라북도,고창군,아산면,구암리,주진천1,2.0,7.6,13.6,1.8,5.1,3.0,5.943,0.140
2018,02,전라북도,고창군,아산면,반암리,주진천2,0.7,8.7,13.7,1.4,4.5,5.7,5.164,0.123
2018,03,전라북도,익산시,성당면,부곡리,산북천,9.3,7.3,10.2,12.4,22.7,58.1,13.447,0.485
2018,03,전라북도,익산시,망성면,무형리,마산천,10.5,7.5,12.6,6.5,15.1,10.1,10.698,0.610
2018,03,전라북도,부안군,동진면,하장리,고부천2,10.6,7.8,11.0,4.2,11.8,40.7,11.732,0.126
2018,03,전라북도,부안군,동진면,하장리,고부천3,9.7,7.7,11.3,6.6,12.0,39.7,9.956,0.163
2018,03,전라북도,정읍시,영원면,앵성리,고부천1,11.1,7.9,10.0,5.1,18.2,196.7,12.243,0.377
2018,03,전라북도,김제시,부량면,옥정리,동진강3,10.9,7.2,11.4,4.1,9.0,21.6,6.614,0.116
2018,03,전라북도,정읍시,신태인읍,,동진강2,10.4,8.6,11.0,2.0,5.9,19.1,4.060,0.071
2018,03,전라북도,정읍시,신태인읍,구석리,용호천,10.9,7.8,10.9,5.3,17.9,29.6,7.427,0.206
2018,03,전라북도,정읍시,옹동면,산성리,동진강1,9.3,9.2,11.7,0.8,3.4,1.6,3.266,0.028
2018,03,전라북도,김제시,성덕면,남포리,신평천,10.7,8.7,10.2,8.7,13.5,43.4,20.710,0.193
2018,03,전라북도,김제시,죽산면,대창리,원평천3,9.5,8.3,12.8,5.0,11.4,23.7,8.308,0.105
2018,03,전라북도,김제시,봉남면,용신리,원평천1,11.0,8.4,12.9,2.1,11.5,64.9,3.158,0.132
2018,03,전라북도,김제시,죽산면,죽산리,원평천2,9.5,9.1,12.3,6.0,9.2,21.5,5.956,0.117
2018,03,전라북도,정읍시,공평동,,정읍천3,9.5,8.1,11.1,2.9,9.6,19.4,5.040,0.083
2018,03,전라북도,정읍시,송산동,,정읍천1,9.3,8.0,11.1,0.9,3.4,1.3,3.506,0.022
2018,03,전라북도,정읍시,연지동,,정읍천2,8.8,7.9,12.5,1.1,4.1,2.4,3.937,0.022
2018,03,전라북도,정읍시,이평면,하송리,정읍천4,12.2,7.2,10.4,6.2,11.8,50.2,8.232,0.209
2018,03,전라북도,정읍시,하모동,,천원천,8.9,8.2,11.4,2.1,10.4,13.4,5.982,0.089
2018,03,전라북도,김제시,백구면,마산리,마산천,7.8,7.8,8.7,4.1,14.2,114.2,9.239,0.210
2018,03,전라북도,완주군,삼례읍,,삼례,16.5,7.5,10.3,3.4,11.0,4.8,9.963,0.075
2018,03,전라북도,익산시,춘포면,인수리,익산천1,20.2,7.6,11.5,2.2,7.4,26.4,3.856,0.099
2018,03,전라북도,익산시,춘포면,인수리,익산천2,16.5,8.1,12.5,1.8,7.1,16.1,3.890,0.101
2018,03,전라북도,군산시,대야면,광교리,탑천,9.2,7.4,9.8,5.8,11.8,25.1,9.912,0.162
2018,03,전라북도,김제시,백구면,백구리,김제,12.1,7.4,9.8,7.5,12.3,61.8,9.595,0.204
2018,03,전라북도,김제시,백구면,월봉리,용암천,8.4,7.7,7.3,6.1,23.2,150.0,15.715,0.390
2018,03,전라북도,전주시완산구,서신동,,삼천3,7.9,7.9,12.0,3.8,9.5,13.5,3.913,0.084
2018,03,전라북도,전주시완산구,평화동3가,,삼천1,5.1,8.2,12.5,1.1,5.2,6.4,3.904,0.055
2018,03,전라북도,전주시완산구,효자동2가,,삼천2,5.0,8.2,13.1,3.4,8.2,12.0,4.005,0.075
2018,03,전라북도,완주군,소양면,황운리,소양천1,7.6,7.9,9.0,0.4,2.9,2.1,6.160,0.032
2018,03,전라북도,완주군,용진읍,상운리,소양천2,8.6,8.1,8.4,1.0,6.7,8.7,5.640,0.060
2018,03,전라북도,익산시,춘포면,용연리,익산천3,17.5,8.2,13.2,3.2,8.8,51.4,4.134,0.069
2018,03,전라북도,전주시덕진구,고랑동,,전주천7,12.9,7.3,7.0,10.1,15.9,13.4,9.586,0.246
2018,03,전라북도,전주시덕진구,전미동1가,,전주,10.9,7.9,11.7,3.3,7.0,14.4,3.236,0.132
2018,03,전라북도,전주시완산구,대성동,,전주천1,5.6,8.5,13.0,0.3,1.1,0.4,2.861,0.007
2018,03,전라북도,완주군,고산면,읍내리,고산,14.4,8.2,11.9,0.6,3.4,2.3,3.503,0.040
2018,03,전라북도,무주군,무주읍,대차리,무주남대천2,9.9,8.8,10.9,0.5,3.0,0.9,2.420,0.036
2018,03,전라북도,무주군,무주읍,읍내리,무주남대천1,9.9,8.6,10.9,0.6,2.8,0.9,2.347,0.040
2018,03,전라북도,무주군,무주읍,읍내리,무주남대천3,5.9,7.8,12.9,1.6,4.8,2.6,2.817,0.027
2018,03,전라북도,부안군,상서면,청림리,백천내,9.0,6.8,12.0,1.1,1.2,0.6,2.014,0.005
2018,03,전라북도,무주군,안성면,진도리,구량천,4.9,7.8,14.3,1.3,5.0,3.3,3.028,0.045
2018,03,전라북도,진안군,정천면,월평리,정자천,6.6,7.6,13.0,0.8,4.3,4.5,3.294,0.020
2018,03,전라북도,진안군,진안읍,운산리,진안천,8.0,7.6,11.2,1.9,4.4,18.0,3.582,0.056
2018,03,전라북도,진안군,진안읍,가막리,가막,7.0,7.7,13.3,2.5,6.3,7.6,4.400,0.107
2018,03,전라북도,무주군,무주읍,용포리,용포,9.3,9.3,10.7,0.6,3.5,0.1,1.648,0.034
2018,03,전라북도,진안군,용담면,송풍리,용담,6.1,7.3,13.3,0.5,3.4,1.2,1.726,0.017
2018,03,전라북도,남원시,운봉읍,,람천2,8.2,8.9,11.5,0.1,3.2,1.1,1.651,0.049
2018,03,전라북도,남원시,인월면,중군리,람천1,9.6,8.9,12.2,0.7,3.5,2.0,3.085,0.050
2018,03,전라북도,임실군,관촌면,방수리,관촌,8.1,7.8,12.7,1.0,3.9,2.9,3.152,0.026
2018,03,전라북도,임실군,운암면,학암리,운암,9.9,9.1,11.6,0.5,3.2,3.3,2.981,0.040
2018,03,전라북도,정읍시,산내면,매죽리,추령천,9.4,7.7,13.7,1.0,3.3,1.9,3.403,0.018
2018,03,전라북도,임실군,강진면,용수리,임실,8.6,7.7,13.7,0.8,3.3,1.1,1.869,0.014
2018,03,전라북도,순창군,동계면,구미리,동계,10.2,8.8,11.1,0.1,2.9,0.1,2.339,0.029
2018,03,전라북도,순창군,구림면,안정리,치천,7.6,7.7,12.3,0.8,3.0,1.6,2.979,0.016
2018,03,전라북도,남원시,대강면,풍산리,수홍천,7.7,7.6,12.3,0.7,3.6,1.3,2.931,0.027
2018,03,전라북도,순창군,유등면,유촌리,옥택천,7.5,7.7,11.7,0.9,3.8,1.5,2.815,0.026
2018,03,전라북도,순창군,적성면,고원리,적성,10.1,8.8,10.8,1.2,4.2,2.5,2.490,0.035
2018,03,전라북도,남원시,금지면,귀석리,남원,9.7,8.9,11.4,0.1,5.0,5.1,2.875,0.034
2018,03,전라북도,남원시,대강면,월탄리,대강,10.1,7.7,13.4,1.4,4.9,4.6,2.299,0.034
2018,03,전라북도,장수군,산서면,사상리,오수천1,7.7,7.4,12.1,1.2,4.2,2.2,3.040,0.033
2018,03,전라북도,남원시,덕과면,사율리,율천,9.1,7.4,11.5,2.0,7.3,6.8,2.948,0.127
2018,03,전라북도,남원시,사매면,서도리,월평천,8.9,7.3,11.7,2.4,8.3,5.0,3.464,0.106
2018,03,전라북도,순창군,동계면,서호리,오수천2,9.9,7.7,13.1,1.5,5.6,3.6,2.375,0.035
2018,03,전라북도,임실군,삼계면,후천리,후곡천,7.8,7.7,12.7,0.8,4.3,1.8,1.950,0.031
2018,03,전라북도,남원시,산동면,월석리,요천1,6.2,7.6,13.7,0.6,3.1,1.3,2.803,0.016
2018,03,전라북도,남원시,금지면,창산리,요천2,9.1,8.7,11.5,0.1,5.0,1.8,2.883,0.028
2018,03,전라북도,남원시,송동면,세전리,요천3,11.5,7.3,11.3,2.2,5.5,3.7,3.656,0.046
2018,03,전라북도,고창군,아산면,구암리,주진천1,8.7,8.9,11.3,2.1,6.8,7.7,5.813,0.164
2018,03,전라북도,고창군,아산면,반암리,주진천2,8.1,9.1,11.3,2.2,6.5,8.3,5.184,0.075
2018,04,전라북도,익산시,성당면,부곡리,산북천,15.4,7.3,11.2,8.4,13.7,16.0,7.767,0.256
2018,04,전라북도,익산시,망성면,무형리,마산천,14.9,7.5,10.3,4.1,8.9,26.4,6.474,0.355
2018,04,전라북도,부안군,동진면,하장리,고부천2,15.0,7.7,11.8,3.4,9.5,30.5,6.718,0.166
2018,04,전라북도,부안군,동진면,하장리,고부천3,15.5,8.2,11.8,4.9,10.5,16.5,6.303,0.121
2018,04,전라북도,정읍시,영원면,앵성리,고부천1,16.5,7.7,11.5,2.5,10.0,26.5,4.923,0.118
2018,04,전라북도,김제시,부량면,옥정리,동진강3,17.2,7.3,10.7,4.2,7.8,20.5,4.501,0.102
2018,04,전라북도,정읍시,신태인읍,,동진강2,17.4,7.9,11.1,1.3,5.9,16.4,3.179,0.070
2018,04,전라북도,정읍시,신태인읍,구석리,용호천,14.6,7.7,12.9,1.8,6.4,7.4,4.105,0.079
2018,04,전라북도,정읍시,옹동면,산성리,동진강1,17.6,8.4,11.8,0.9,3.4,1.5,2.779,0.029
2018,04,전라북도,김제시,성덕면,남포리,신평천,13.3,8.1,10.2,5.8,15.0,31.7,10.361,0.334
2018,04,전라북도,김제시,죽산면,대창리,원평천3,14.7,8.1,12.5,3.9,9.7,10.8,5.728,0.090
2018,04,전라북도,김제시,봉남면,용신리,원평천1,18.7,8.1,10.2,4.0,8.4,20.3,2.980,0.065
2018,04,전라북도,김제시,죽산면,죽산리,원평천2,12.9,8.3,10.9,2.5,11.2,20.6,6.403,0.148
2018,04,전라북도,정읍시,공평동,,정읍천3,12.4,7.9,12.7,0.8,3.7,3.3,3.402,0.025
2018,04,전라북도,정읍시,송산동,,정읍천1,12.2,8.2,13.0,0.6,2.6,1.1,2.529,0.012
2018,04,전라북도,정읍시,연지동,,정읍천2,13.2,8.2,13.4,0.7,3.1,2.3,2.805,0.013
2018,04,전라북도,정읍시,이평면,하송리,정읍천4,17.1,7.1,9.5,3.9,7.9,25.7,4.964,0.111
2018,04,전라북도,정읍시,하모동,,천원천,13.2,8.0,12.9,0.8,3.8,4.5,3.584,0.031
2018,04,전라북도,김제시,백구면,마산리,마산천,20.6,9.0,14.5,10.5,13.7,33.5,4.719,0.190
2018,04,전라북도,완주군,삼례읍,,삼례,14.5,7.9,9.5,2.1,7.6,4.4,6.934,0.046
2018,04,전라북도,익산시,춘포면,인수리,익산천1,14.8,7.7,9.8,1.6,8.1,18.9,3.267,0.096
2018,04,전라북도,익산시,춘포면,인수리,익산천2,15.8,7.8,10.8,3.6,7.2,22.8,3.148,0.114
2018,04,전라북도,군산시,대야면,광교리,탑천,15.9,8.0,12.5,8.5,13.0,20.9,6.073,0.169
2018,04,전라북도,김제시,백구면,백구리,김제,17.5,7.8,10.1,6.3,10.8,29.6,6.305,0.151
2018,04,전라북도,김제시,백구면,월봉리,용암천,20.0,8.9,13.4,10.8,22.9,108.3,6.314,0.218
2018,04,전라북도,전주시완산구,서신동,,삼천3,18.8,8.2,9.4,1.9,4.5,9.2,2.487,0.053
2018,04,전라북도,전주시완산구,평화동3가,,삼천1,15.3,8.1,11.7,1.2,3.6,5.4,3.022,0.039
2018,04,전라북도,전주시완산구,효자동2가,,삼천2,17.0,8.2,10.9,1.4,4.0,12.9,2.425,0.036
2018,04,전라북도,완주군,소양면,황운리,소양천1,15.9,8.4,12.7,0.7,2.2,3.4,4.744,0.007
2018,04,전라북도,완주군,용진읍,상운리,소양천2,17.2,8.3,9.7,1.2,3.6,4.7,5.038,0.038
2018,04,전라북도,익산시,춘포면,용연리,익산천3,14.5,7.8,10.2,1.8,7.1,40.2,3.104,0.106
2018,04,전라북도,전주시덕진구,고랑동,,전주천7,16.9,7.3,6.9,8.2,12.7,8.1,9.780,0.222
2018,04,전라북도,전주시덕진구,전미동1가,,전주,16.5,8.0,11.8,2.6,5.5,6.5,2.979,0.121
2018,04,전라북도,전주시완산구,대성동,,전주천1,14.5,8.3,12.2,0.7,1.4,1.5,4.052,0.005
2018,04,전라북도,완주군,고산면,읍내리,고산,10.7,8.7,11.0,0.2,3.7,0.6,2.676,0.009
2018,04,전라북도,무주군,무주읍,대차리,무주남대천2,13.8,8.7,10.6,0.6,3.2,2.0,2.336,0.014
2018,04,전라북도,무주군,무주읍,읍내리,무주남대천1,14.3,8.7,10.0,0.3,2.7,1.4,1.998,0.013
2018,04,전라북도,무주군,무주읍,읍내리,무주남대천3,11.7,7.5,11.9,1.3,4.1,3.7,2.416,0.027
2018,04,전라북도,부안군,상서면,청림리,백천내,15.0,6.3,9.6,0.8,1.8,0.6,2.022,0.006
2018,04,전라북도,무주군,안성면,진도리,구량천,9.8,7.2,12.7,1.1,4.0,6.8,2.429,0.021
2018,04,전라북도,진안군,정천면,월평리,정자천,11.8,7.5,11.9,0.9,3.4,2.2,2.951,0.016
2018,04,전라북도,진안군,진안읍,운산리,진안천,20.0,7.8,11.1,1.8,4.1,12.0,3.300,0.080
2018,04,전라북도,진안군,진안읍,가막리,가막,11.7,7.5,11.7,2.5,5.0,13.8,3.894,0.102
2018,04,전라북도,무주군,무주읍,용포리,용포,11.0,9.2,10.4,0.3,3.1,1.8,1.799,0.010
2018,04,전라북도,진안군,용담면,송풍리,용담,9.3,7.4,13.3,0.8,3.1,0.9,1.775,0.012
2018,04,전라북도,남원시,운봉읍,,람천2,14.5,8.7,9.8,0.4,3.8,2.4,1.431,0.020
2018,04,전라북도,남원시,인월면,중군리,람천1,16.1,8.7,9.2,1.0,4.1,3.0,2.308,0.043
2018,04,전라북도,임실군,관촌면,방수리,관촌,14.0,7.2,11.4,1.5,4.1,3.3,2.517,0.023
2018,04,전라북도,임실군,운암면,학암리,운암,16.6,8.3,11.2,0.2,3.2,3.1,2.192,0.025
2018,04,전라북도,정읍시,산내면,매죽리,추령천,15.1,7.2,11.8,1.0,2.9,2.5,3.569,0.017
2018,04,전라북도,임실군,강진면,용수리,임실,14.5,7.2,11.6,1.0,3.6,1.7,1.889,0.017
2018,04,전라북도,순창군,동계면,구미리,동계,12.6,9.2,10.5,0.3,3.0,0.4,2.018,0.023
2018,04,전라북도,순창군,구림면,안정리,치천,13.2,7.5,12.2,0.7,2.9,2.8,2.580,0.015
2018,04,전라북도,남원시,대강면,풍산리,수홍천,11.8,7.4,12.5,0.7,3.0,1.6,2.771,0.030
2018,04,전라북도,순창군,유등면,유촌리,옥택천,12.5,7.5,11.5,0.8,3.4,2.7,2.230,0.028
2018,04,전라북도,순창군,적성면,고원리,적성,14.7,9.0,9.9,0.4,4.2,2.6,2.174,0.035
2018,04,전라북도,남원시,금지면,귀석리,남원,15.9,8.2,9.3,1.1,5.8,2.7,1.609,0.034
2018,04,전라북도,남원시,대강면,월탄리,대강,16.0,7.4,11.1,1.2,4.7,8.8,1.999,0.036
2018,04,전라북도,장수군,산서면,사상리,오수천1,13.0,7.4,11.3,0.8,3.2,3.3,2.407,0.028
2018,04,전라북도,남원시,덕과면,사율리,율천,15.2,7.4,10.7,1.0,4.6,7.1,2.003,0.090
2018,04,전라북도,남원시,사매면,서도리,월평천,13.5,7.4,11.4,0.9,4.4,4.0,2.288,0.063
2018,04,전라북도,순창군,동계면,서호리,오수천2,15.7,7.2,11.5,1.2,4.4,4.8,2.016,0.035
2018,04,전라북도,임실군,삼계면,후천리,후곡천,13.3,7.5,10.3,0.9,3.9,2.4,1.870,0.037
2018,04,전라북도,남원시,산동면,월석리,요천1,11.0,7.2,12.2,0.6,2.9,1.2,2.533,0.014
2018,04,전라북도,남원시,금지면,창산리,요천2,14.7,8.3,9.0,1.9,5.0,4.6,3.736,0.096
2018,04,전라북도,남원시,송동면,세전리,요천3,16.0,7.7,10.3,1.5,4.7,6.9,2.968,0.039
2018,04,전라북도,고창군,아산면,구암리,주진천1,18.3,8.2,9.3,1.6,7.2,17.0,3.337,0.152
2018,04,전라북도,고창군,아산면,반암리,주진천2,18.0,8.3,10.7,1.0,7.4,31.8,2.670,0.112
2018,05,전라북도,익산시,성당면,부곡리,산북천,21.2,7.4,8.2,7.6,12.1,17.2,4.304,0.194
2018,05,전라북도,익산시,망성면,무형리,마산천,23.1,7.3,7.6,5.8,11.7,49.5,4.473,0.361
2018,05,전라북도,부안군,동진면,하장리,고부천2,23.3,7.5,9.5,3.8,8.6,15.0,2.769,0.070
2018,05,전라북도,부안군,동진면,하장리,고부천3,19.0,7.4,9.9,5.0,10.3,14.4,3.015,0.121
2018,05,전라북도,정읍시,영원면,앵성리,고부천1,24.2,7.4,8.6,4.1,11.7,45.6,3.552,0.181
2018,05,전라북도,김제시,부량면,옥정리,동진강3,20.2,7.2,9.0,4.4,8.9,26.0,3.186,0.169
2018,05,전라북도,정읍시,신태인읍,,동진강2,17.8,8.0,8.9,3.4,10.6,25.3,3.332,0.123
2018,05,전라북도,정읍시,신태인읍,구석리,용호천,19.9,7.4,7.2,4.0,11.3,24.8,3.720,0.193
2018,05,전라북도,정읍시,옹동면,산성리,동진강1,13.6,8.6,10.4,1.1,4.0,4.8,2.348,0.018
2018,05,전라북도,김제시,성덕면,남포리,신평천,17.2,7.8,7.2,5.1,13.2,30.6,5.396,0.191
2018,05,전라북도,김제시,죽산면,대창리,원평천3,19.0,8.1,11.9,5.5,9.6,13.7,2.747,0.113
2018,05,전라북도,김제시,봉남면,용신리,원평천1,19.3,7.8,9.4,3.8,10.1,18.2,3.499,0.088
2018,05,전라북도,김제시,죽산면,죽산리,원평천2,17.6,8.2,11.0,5.4,10.1,15.1,2.665,0.065
2018,05,전라북도,정읍시,공평동,,정읍천3,19.2,7.7,9.6,1.2,4.9,5.8,2.585,0.060
2018,05,전라북도,정읍시,송산동,,정읍천1,18.1,7.8,9.8,0.6,2.7,1.4,1.897,0.023
2018,05,전라북도,정읍시,연지동,,정읍천2,18.5,7.9,11.4,0.7,3.2,6.0,2.149,0.029
2018,05,전라북도,정읍시,이평면,하송리,정읍천4,19.6,6.9,8.1,3.8,8.7,37.6,3.489,0.165
2018,05,전라북도,정읍시,하모동,,천원천,19.0,7.7,9.1,1.4,5.6,9.1,3.044,0.072
2018,05,전라북도,김제시,백구면,마산리,마산천,22.8,8.6,12.9,7.5,12.2,28.0,3.209,0.083
2018,05,전라북도,완주군,삼례읍,,삼례,17.6,8.1,9.7,1.7,6.0,4.2,3.075,0.058
2018,05,전라북도,익산시,춘포면,인수리,익산천1,18.8,7.7,8.6,4.2,10.3,29.4,3.937,0.189
2018,05,전라북도,익산시,춘포면,인수리,익산천2,19.0,7.7,9.3,2.4,11.0,23.2,3.810,0.152
2018,05,전라북도,군산시,대야면,광교리,탑천,19.4,7.4,8.6,8.6,11.9,28.1,4.030,0.198
2018,05,전라북도,김제시,백구면,백구리,김제,20.5,8.2,11.5,7.1,10.7,21.0,4.245,0.188
2018,05,전라북도,김제시,백구면,월봉리,용암천,21.5,9.1,11.3,9.1,15.4,21.2,4.262,0.082
2018,05,전라북도,전주시완산구,서신동,,삼천3,21.1,7.4,9.4,1.8,4.8,10.5,2.530,0.076
2018,05,전라북도,전주시완산구,평화동3가,,삼천1,17.8,7.7,10.8,1.4,4.1,8.5,3.003,0.044
2018,05,전라북도,전주시완산구,효자동2가,,삼천2,20.2,7.6,10.2,1.4,4.0,9.5,2.484,0.051
2018,05,전라북도,완주군,소양면,황운리,소양천1,19.0,8.0,13.1,1.3,2.7,3.9,3.252,0.027
2018,05,전라북도,완주군,용진읍,상운리,소양천2,22.0,7.9,9.8,2.3,4.1,3.6,4.305,0.057
2018,05,전라북도,익산시,춘포면,용연리,익산천3,17.5,7.8,9.6,4.2,9.3,16.0,3.480,0.120
2018,05,전라북도,전주시덕진구,고랑동,,전주천7,19.3,7.1,8.1,4.9,11.4,4.2,8.179,0.167
2018,05,전라북도,전주시덕진구,전미동1가,,전주,19.7,7.6,10.9,2.2,5.5,4.7,2.177,0.114
2018,05,전라북도,전주시완산구,대성동,,전주천1,15.9,7.7,11.2,0.6,1.6,1.5,3.269,0.012
2018,05,전라북도,완주군,고산면,읍내리,고산,13.5,8.4,10.6,0.9,3.8,1.6,2.623,0.018
2018,05,전라북도,무주군,무주읍,대차리,무주남대천2,17.7,8.5,9.9,0.2,3.1,0.8,1.874,0.017
2018,05,전라북도,무주군,무주읍,읍내리,무주남대천1,17.0,8.4,9.7,0.4,3.1,0.9,1.822,0.014
2018,05,전라북도,무주군,무주읍,읍내리,무주남대천3,16.4,7.5,11.2,1.1,4.1,4.0,1.683,0.050
2018,05,전라북도,부안군,상서면,청림리,백천내,16.0,6.3,9.9,0.8,1.8,0.9,2.497,0.007
2018,05,전라북도,무주군,안성면,진도리,구량천,13.3,7.4,11.6,0.9,4.3,7.8,2.415,0.061
2018,05,전라북도,진안군,정천면,월평리,정자천,15.9,7.6,10.4,0.6,3.5,3.5,2.523,0.040
2018,05,전라북도,진안군,진안읍,운산리,진안천,22.0,7.7,11.8,1.9,5.9,26.0,2.584,0.065
2018,05,전라북도,진안군,진안읍,가막리,가막,15.7,7.7,11.1,1.2,4.8,10.0,3.607,0.097
2018,05,전라북도,무주군,무주읍,용포리,용포,15.4,8.9,10.1,0.4,3.2,0.1,1.586,0.010
2018,05,전라북도,진안군,용담면,송풍리,용담,13.2,7.3,11.5,0.7,3.4,0.9,1.584,0.032
2018,05,전라북도,남원시,운봉읍,,람천2,17.2,7.9,9.4,0.5,3.7,0.8,1.653,0.036
2018,05,전라북도,남원시,인월면,중군리,람천1,19.8,7.8,9.1,1.1,6.2,4.4,3.401,0.079
2018,05,전라북도,임실군,관촌면,방수리,관촌,19.8,7.6,9.5,1.3,4.0,7.3,2.746,0.042
2018,05,전라북도,임실군,운암면,학암리,운암,17.7,8.1,10.3,1.0,4.8,4.8,2.722,0.031
2018,05,전라북도,정읍시,산내면,매죽리,추령천,20.2,7.6,10.1,1.1,3.8,5.9,3.500,0.025
2018,05,전라북도,임실군,강진면,용수리,임실,19.9,7.8,9.2,1.4,4.1,2.0,1.841,0.020
2018,05,전라북도,순창군,동계면,구미리,동계,21.0,8.2,9.0,0.3,4.3,5.2,2.195,0.029
2018,05,전라북도,순창군,구림면,안정리,치천,18.4,7.2,10.0,0.8,4.0,10.0,3.179,0.056
2018,05,전라북도,남원시,대강면,풍산리,수홍천,17.8,7.2,8.6,1.2,5.7,12.9,4.233,0.129
2018,05,전라북도,순창군,유등면,유촌리,옥택천,18.8,7.2,8.5,1.5,6.4,14.6,3.355,0.108
2018,05,전라북도,순창군,적성면,고원리,적성,18.3,8.4,8.6,0.8,5.6,7.0,2.109,0.044
2018,05,전라북도,남원시,금지면,귀석리,남원,21.7,8.0,8.2,0.2,5.6,5.4,1.975,0.046
2018,05,전라북도,남원시,대강면,월탄리,대강,23.2,7.1,10.2,1.3,6.0,9.1,2.096,0.053
2018,05,전라북도,장수군,산서면,사상리,오수천1,17.5,7.1,8.8,1.2,5.1,15.3,2.450,0.091
2018,05,전라북도,남원시,덕과면,사율리,율천,20.6,7.1,8.5,1.4,6.7,15.3,1.908,0.131
2018,05,전라북도,남원시,사매면,서도리,월평천,18.9,7.0,8.9,1.6,7.9,22.1,2.660,0.143
2018,05,전라북도,순창군,동계면,서호리,오수천2,22.0,7.0,9.5,1.5,6.8,11.6,2.202,0.076
2018,05,전라북도,임실군,삼계면,후천리,후곡천,19.1,7.1,8.6,1.2,5.9,7.8,2.541,0.119
2018,05,전라북도,남원시,산동면,월석리,요천1,16.5,6.8,10.1,0.7,3.0,9.3,2.259,0.019
2018,05,전라북도,남원시,금지면,창산리,요천2,20.1,8.3,8.5,1.2,6.0,9.3,2.942,0.078
2018,05,전라북도,남원시,송동면,세전리,요천3,21.4,7.0,9.5,1.6,6.6,13.4,2.393,0.093
2018,05,전라북도,고창군,아산면,구암리,주진천1,18.7,8.0,8.9,3.4,10.1,62.2,3.950,0.180
2018,05,전라북도,고창군,아산면,반암리,주진천2,18.9,7.9,9.2,2.9,9.0,45.4,3.519,0.120
2018,06,전라북도,익산시,성당면,부곡리,산북천,25.5,7.6,7.6,7.7,14.2,14.2,3.337,0.145
2018,06,전라북도,익산시,망성면,무형리,마산천,24.6,7.1,7.9,5.0,14.1,35.7,3.127,0.223
2018,06,전라북도,부안군,동진면,하장리,고부천2,25.8,7.4,8.8,2.9,9.7,13.0,3.222,0.069
2018,06,전라북도,부안군,동진면,하장리,고부천3,23.0,7.2,7.0,6.0,12.4,86.3,3.084,0.188
2018,06,전라북도,정읍시,영원면,앵성리,고부천1,26.8,7.6,9.1,3.5,10.8,21.0,3.110,0.073
2018,06,전라북도,김제시,부량면,옥정리,동진강3,24.2,7.2,7.9,6.1,12.8,131.7,2.999,0.228
2018,06,전라북도,정읍시,신태인읍,,동진강2,22.9,7.8,7.9,1.7,10.3,20.0,2.075,0.019
2018,06,전라북도,정읍시,신태인읍,구석리,용호천,24.6,7.4,7.4,1.9,11.2,20.6,2.481,0.124
2018,06,전라북도,정읍시,옹동면,산성리,동진강1,14.4,8.7,9.5,0.8,4.4,3.0,2.734,0.091
2018,06,전라북도,김제시,성덕면,남포리,신평천,22.1,7.9,8.4,2.2,11.7,12.6,2.954,0.085
2018,06,전라북도,김제시,죽산면,대창리,원평천3,23.0,7.2,6.7,5.1,10.7,51.1,2.957,0.174
2018,06,전라북도,김제시,봉남면,용신리,원평천1,24.2,7.6,8.3,4.8,13.8,22.8,2.060,0.085
2018,06,전라북도,김제시,죽산면,죽산리,원평천2,22.5,8.2,8.7,2.7,10.7,17.2,2.724,0.066
2018,06,전라북도,정읍시,공평동,,정읍천3,24.1,7.6,8.3,1.7,5.9,3.5,2.589,0.076
2018,06,전라북도,정읍시,송산동,,정읍천1,21.6,7.8,9.4,0.7,2.5,2.8,1.255,0.024
2018,06,전라북도,정읍시,연지동,,정읍천2,22.8,7.7,10.2,0.9,3.2,4.0,1.409,0.027
2018,06,전라북도,정읍시,이평면,하송리,정읍천4,22.5,7.2,7.8,4.6,11.2,116.4,3.335,0.234
2018,06,전라북도,정읍시,하모동,,천원천,24.2,7.4,7.5,2.2,7.5,7.0,3.140,0.116
2018,06,전라북도,김제시,백구면,마산리,마산천,26.4,8.2,12.8,4.9,11.6,19.7,3.762,0.095
2018,06,전라북도,완주군,삼례읍,,삼례,23.4,7.5,8.4,3.1,9.6,3.4,4.924,0.124
2018,06,전라북도,익산시,춘포면,인수리,익산천1,23.2,7.7,8.4,2.9,14.5,19.2,2.383,0.122
2018,06,전라북도,익산시,춘포면,인수리,익산천2,23.6,7.4,8.6,3.2,14.2,18.5,2.493,0.134
2018,06,전라북도,군산시,대야면,광교리,탑천,24.2,7.0,4.5,8.2,14.7,37.6,3.742,0.301
2018,06,전라북도,김제시,백구면,백구리,김제,23.2,7.6,8.7,6.2,11.7,45.8,3.555,0.174
2018,06,전라북도,김제시,백구면,월봉리,용암천,25.5,7.7,9.8,5.4,16.9,15.3,3.826,0.087
2018,06,전라북도,전주시완산구,서신동,,삼천3,24.6,8.0,9.0,2.3,6.2,18.3,2.294,0.099
2018,06,전라북도,전주시완산구,평화동3가,,삼천1,22.3,7.8,8.8,1.7,5.6,11.1,2.484,0.083
2018,06,전라북도,전주시완산구,효자동2가,,삼천2,23.6,7.8,10.4,2.3,6.7,15.2,2.323,0.099
2018,06,전라북도,완주군,소양면,황운리,소양천1,21.0,7.6,9.5,0.8,2.7,4.4,1.289,0.058
2018,06,전라북도,완주군,용진읍,상운리,소양천2,24.0,8.0,10.4,2.0,5.0,5.0,3.249,0.058
2018,06,전라북도,익산시,춘포면,용연리,익산천3,22.9,7.7,9.1,2.6,10.4,15.8,2.777,0.118
2018,06,전라북도,전주시덕진구,고랑동,,전주천7,21.9,7.1,6.8,10.3,16.1,57.0,7.710,0.337
2018,06,전라북도,전주시덕진구,전미동1가,,전주,22.4,7.4,8.0,2.9,7.1,8.1,1.573,0.180
2018,06,전라북도,전주시완산구,대성동,,전주천1,25.5,7.6,11.2,0.7,1.5,1.5,2.408,0.011
2018,06,전라북도,완주군,고산면,읍내리,고산,20.4,8.4,9.0,0.9,3.7,1.2,2.266,0.021
2018,06,전라북도,무주군,무주읍,대차리,무주남대천2,21.9,8.0,8.0,1.2,5.6,3.1,2.121,0.046
2018,06,전라북도,무주군,무주읍,읍내리,무주남대천1,23.7,7.9,7.7,0.8,4.5,2.8,0.798,0.021
2018,06,전라북도,무주군,무주읍,읍내리,무주남대천3,23.4,7.6,8.8,3.1,7.8,32.6,2.205,0.177
2018,06,전라북도,부안군,상서면,청림리,백천내,21.0,6.3,8.2,1.1,2.4,0.7,1.256,0.008
2018,06,전라북도,무주군,안성면,진도리,구량천,17.8,7.4,10.2,1.6,7.5,37.1,2.359,0.103
2018,06,전라북도,진안군,정천면,월평리,정자천,21.4,7.3,8.9,1.6,6.6,36.3,2.063,0.106
2018,06,전라북도,진안군,진안읍,운산리,진안천,27.0,8.0,9.9,1.8,3.7,16.4,2.581,0.100
2018,06,전라북도,진안군,진안읍,가막리,가막,21.1,7.8,9.8,2.2,9.3,72.5,3.352,0.219
2018,06,전라북도,무주군,무주읍,용포리,용포,18.7,8.9,8.9,0.5,5.2,2.1,1.472,0.026
2018,06,전라북도,진안군,용담면,송풍리,용담,16.4,7.0,10.1,0.9,3.9,5.7,1.993,0.039
2018,06,전라북도,남원시,운봉읍,,람천2,24.8,8.4,8.1,0.5,6.1,5.9,1.473,0.060
2018,06,전라북도,남원시,인월면,중군리,람천1,25.1,8.7,8.6,1.1,6.0,6.8,1.656,0.091
2018,06,전라북도,임실군,관촌면,방수리,관촌,23.1,7.4,10.5,1.7,5.1,5.4,2.027,0.041
2018,06,전라북도,임실군,운암면,학암리,운암,24.4,8.7,8.5,1.1,7.0,6.4,0.724,0.029
2018,06,전라북도,정읍시,산내면,매죽리,추령천,23.1,7.5,10.0,1.4,4.1,4.9,2.630,0.029
2018,06,전라북도,임실군,강진면,용수리,임실,24.3,7.2,8.3,1.6,4.3,1.6,1.831,0.022
2018,06,전라북도,순창군,동계면,구미리,동계,24.2,8.8,7.8,0.4,4.1,0.4,0.863,0.023
2018,06,전라북도,순창군,구림면,안정리,치천,22.7,7.6,10.8,0.9,5.2,4.6,2.398,0.038
2018,06,전라북도,남원시,대강면,풍산리,수홍천,22.0,7.3,9.7,1.3,7.0,5.5,1.788,0.069
2018,06,전라북도,순창군,유등면,유촌리,옥택천,21.8,7.4,9.2,1.3,7.5,7.1,1.609,0.071
2018,06,전라북도,순창군,적성면,고원리,적성,25.0,8.6,8.0,1.4,7.0,5.7,1.141,0.047
2018,06,전라북도,남원시,금지면,귀석리,남원,24.5,8.5,8.9,2.0,10.1,8.0,2.356,0.088
2018,06,전라북도,남원시,대강면,월탄리,대강,25.9,7.8,11.5,1.6,8.2,14.0,1.682,0.077
2018,06,전라북도,장수군,산서면,사상리,오수천1,20.9,7.3,9.5,1.7,6.6,10.9,2.558,0.089
2018,06,전라북도,남원시,덕과면,사율리,율천,23.4,7.2,10.2,2.3,8.6,15.6,1.834,0.116
2018,06,전라북도,남원시,사매면,서도리,월평천,22.2,7.0,8.5,2.4,9.8,15.2,2.066,0.127
2018,06,전라북도,순창군,동계면,서호리,오수천2,25.1,7.8,11.2,1.8,9.0,12.3,1.883,0.091
2018,06,전라북도,임실군,삼계면,후천리,후곡천,23.0,7.4,8.5,1.5,8.7,8.2,1.857,0.132
2018,06,전라북도,남원시,산동면,월석리,요천1,19.0,7.4,11.0,0.9,3.4,4.4,1.955,0.024
2018,06,전라북도,남원시,금지면,창산리,요천2,25.6,8.3,8.6,0.7,8.7,3.9,1.354,0.053
2018,06,전라북도,남원시,송동면,세전리,요천3,25.5,8.0,10.2,1.9,8.3,8.7,2.121,0.093
2018,06,전라북도,고창군,아산면,구암리,주진천1,24.5,8.3,7.2,3.5,12.8,16.8,2.202,0.085
2018,06,전라북도,고창군,아산면,반암리,주진천2,25.1,8.6,8.2,2.2,11.7,50.5,1.782,0.071
2018,07,전라북도,익산시,성당면,부곡리,산북천,29.7,8.1,10.8,5.9,10.2,15.4,2.682,0.129
2018,07,전라북도,익산시,망성면,무형리,마산천,28.4,7.9,8.2,5.0,10.0,19.9,4.218,0.354
2018,07,전라북도,부안군,동진면,하장리,고부천2,27.0,7.9,10.0,5.0,9.7,15.9,2.503,0.077
2018,07,전라북도,부안군,동진면,하장리,고부천3,28.4,8.0,9.8,5.6,10.3,14.6,1.931,0.101
2018,07,전라북도,정읍시,영원면,앵성리,고부천1,27.5,7.7,8.9,5.2,10.0,21.8,2.133,0.078
2018,07,전라북도,김제시,부량면,옥정리,동진강3,27.4,7.7,9.3,4.7,10.9,174.4,2.982,0.226
2018,07,전라북도,정읍시,신태인읍,,동진강2,28.0,7.9,8.9,1.5,7.9,11.1,3.155,0.058
2018,07,전라북도,정읍시,신태인읍,구석리,용호천,24.3,7.5,6.9,1.3,8.4,27.4,3.405,0.172
2018,07,전라북도,정읍시,옹동면,산성리,동진강1,22.8,8.3,8.5,0.5,4.9,1.4,2.539,0.036
2018,07,전라북도,김제시,성덕면,남포리,신평천,30.0,8.8,12.6,3.9,10.1,11.1,3.168,0.067
2018,07,전라북도,김제시,죽산면,대창리,원평천3,27.7,8.2,9.4,4.4,8.9,13.7,2.055,0.085
2018,07,전라북도,김제시,봉남면,용신리,원평천1,29.9,8.1,10.2,2.4,9.5,9.2,3.883,0.057
2018,07,전라북도,김제시,죽산면,죽산리,원평천2,29.6,8.8,11.2,4.1,10.1,6.8,2.376,0.048
2018,07,전라북도,정읍시,공평동,,정읍천3,22.8,7.5,8.5,1.0,3.9,3.7,3.677,0.060
2018,07,전라북도,정읍시,송산동,,정읍천1,22.3,8.0,9.1,0.7,2.4,2.2,2.361,0.027
2018,07,전라북도,정읍시,연지동,,정읍천2,22.8,7.7,9.6,0.8,2.8,2.8,3.462,0.039
2018,07,전라북도,정읍시,이평면,하송리,정읍천4,27.3,7.1,8.5,3.3,7.7,22.6,3.385,0.117
2018,07,전라북도,정읍시,하모동,,천원천,24.2,7.4,8.3,1.3,4.5,7.9,4.371,0.072
2018,07,전라북도,김제시,백구면,마산리,마산천,28.8,7.4,7.7,6.1,11.8,107.7,3.410,0.242
2018,07,전라북도,완주군,삼례읍,,삼례,22.4,7.3,7.7,1.4,7.6,9.2,4.800,0.174
2018,07,전라북도,익산시,춘포면,인수리,익산천1,22.6,7.5,7.8,3.3,16.4,10.9,2.827,0.390
2018,07,전라북도,익산시,춘포면,인수리,익산천2,22.4,7.6,7.5,3.2,13.7,26.9,2.851,0.291
2018,07,전라북도,군산시,대야면,광교리,탑천,28.2,7.3,5.6,4.8,9.2,18.6,2.610,0.116
2018,07,전라북도,김제시,백구면,백구리,김제,28.0,8.5,9.3,5.8,11.8,96.2,3.662,0.136
2018,07,전라북도,김제시,백구면,월봉리,용암천,27.8,7.5,6.7,5.0,12.9,66.0,4.411,0.320
2018,07,전라북도,전주시완산구,서신동,,삼천3,23.5,7.5,8.2,1.5,4.8,21.0,2.909,0.067
2018,07,전라북도,전주시완산구,평화동3가,,삼천1,20.9,7.4,8.9,0.9,4.3,11.1,4.396,0.067
2018,07,전라북도,전주시완산구,효자동2가,,삼천2,24.1,7.7,8.5,1.3,4.8,19.2,2.907,0.065
2018,07,전라북도,완주군,소양면,황운리,소양천1,21.5,7.5,8.7,0.5,2.5,4.3,6.059,0.041
2018,07,전라북도,완주군,용진읍,상운리,소양천2,23.2,7.7,7.7,0.8,3.7,12.7,6.264,0.056
2018,07,전라북도,익산시,춘포면,용연리,익산천3,22.4,7.5,7.8,3.2,10.9,63.9,2.868,0.195
2018,07,전라북도,전주시덕진구,고랑동,,전주천7,27.4,7.1,6.7,7.6,12.4,8.0,7.597,0.129
2018,07,전라북도,전주시덕진구,전미동1가,,전주,29.6,7.8,8.3,3.6,7.4,9.3,2.189,0.136
2018,07,전라북도,전주시완산구,대성동,,전주천1,18.9,7.6,9.1,0.6,2.4,4.3,5.176,0.040
2018,07,전라북도,완주군,고산면,읍내리,고산,18.5,8.1,9.1,0.4,4.0,4.5,3.303,0.053
2018,07,전라북도,무주군,무주읍,대차리,무주남대천2,28.6,7.9,9.7,0.9,4.0,2.2,1.114,0.053
2018,07,전라북도,무주군,무주읍,읍내리,무주남대천1,28.8,8.1,7.4,0.7,4.2,2.6,1.074,0.029
2018,07,전라북도,무주군,무주읍,읍내리,무주남대천3,24.2,7.8,9.3,1.0,4.8,3.6,1.637,0.082
2018,07,전라북도,부안군,상서면,청림리,백천내,21.0,6.4,8.1,1.5,3.0,2.8,3.646,0.000
2018,07,전라북도,무주군,안성면,진도리,구량천,22.8,7.7,9.0,0.8,4.3,5.4,1.705,0.035
2018,07,전라북도,진안군,정천면,월평리,정자천,24.9,7.3,8.9,0.7,3.3,2.6,1.908,0.025
2018,07,전라북도,진안군,진안읍,운산리,진안천,28.0,8.1,9.9,1.9,2.7,3.2,2.237,0.067
2018,07,전라북도,진안군,진안읍,가막리,가막,27.1,8.5,9.5,0.9,4.0,4.1,2.812,0.050
2018,07,전라북도,무주군,무주읍,용포리,용포,22.5,8.1,8.9,0.4,3.6,1.2,1.489,0.020
2018,07,전라북도,진안군,용담면,송풍리,용담,16.5,7.2,11.1,0.7,3.3,1.1,1.832,0.021
2018,07,전라북도,남원시,운봉읍,,람천2,30.3,8.6,7.9,1.1,3.8,1.4,1.044,0.059
2018,07,전라북도,남원시,인월면,중군리,람천1,31.5,8.9,9.3,0.8,4.6,2.7,1.091,0.043
2018,07,전라북도,임실군,관촌면,방수리,관촌,26.7,7.5,8.8,1.3,4.6,6.2,2.199,0.037
2018,07,전라북도,임실군,운암면,학암리,운암,20.4,8.1,8.6,0.9,4.2,16.3,2.954,0.032
2018,07,전라북도,정읍시,산내면,매죽리,추령천,27.2,8.0,10.0,1.0,3.8,3.5,3.121,0.027
2018,07,전라북도,임실군,강진면,용수리,임실,26.8,7.7,7.3,1.2,5.2,2.1,1.862,0.027
2018,07,전라북도,순창군,동계면,구미리,동계,30.2,8.6,7.2,0.8,4.7,2.5,1.218,0.028
2018,07,전라북도,순창군,구림면,안정리,치천,25.2,7.4,8.6,2.4,3.5,2.5,1.959,0.029
2018,07,전라북도,남원시,대강면,풍산리,수홍천,23.6,7.3,8.9,3.1,3.9,3.4,2.039,0.052
2018,07,전라북도,순창군,유등면,유촌리,옥택천,24.9,7.3,8.0,2.6,4.0,2.8,1.340,0.046
2018,07,전라북도,순창군,적성면,고원리,적성,26.2,8.7,7.6,1.2,5.9,4.3,1.437,0.044
2018,07,전라북도,남원시,금지면,귀석리,남원,24.3,8.6,7.7,0.2,4.8,9.4,2.039,0.046
2018,07,전라북도,남원시,대강면,월탄리,대강,28.0,7.4,8.4,1.3,5.7,10.7,1.459,0.065
2018,07,전라북도,장수군,산서면,사상리,오수천1,24.1,7.4,8.6,3.2,4.9,9.3,2.346,0.108
2018,07,전라북도,남원시,덕과면,사율리,율천,26.0,7.1,8.9,3.9,5.4,11.5,1.672,0.090
2018,07,전라북도,남원시,사매면,서도리,월평천,23.4,6.9,8.0,3.0,4.1,5.7,2.122,0.087
2018,07,전라북도,순창군,동계면,서호리,오수천2,28.3,7.7,9.5,2.2,6.6,7.8,1.672,0.078
2018,07,전라북도,임실군,삼계면,후천리,후곡천,26.5,7.0,8.4,3.6,5.9,7.1,1.841,0.109
2018,07,전라북도,남원시,산동면,월석리,요천1,21.4,7.4,9.3,0.7,3.3,2.9,1.753,0.025
2018,07,전라북도,남원시,금지면,창산리,요천2,21.6,9.3,8.3,0.2,4.4,7.2,2.116,0.097
2018,07,전라북도,남원시,송동면,세전리,요천3,27.1,7.5,9.8,1.5,5.5,4.6,1.770,0.067
2018,07,전라북도,고창군,아산면,구암리,주진천1,26.8,8.6,7.9,2.1,7.3,21.2,2.430,0.113
2018,07,전라북도,고창군,아산면,반암리,주진천2,26.2,8.2,8.1,1.5,7.1,32.9,2.428,0.095
2018,08,전라북도,익산시,성당면,부곡리,산북천,29.1,7.7,6.2,4.9,11.5,62.8,1.952,0.175
2018,08,전라북도,익산시,망성면,무형리,마산천,33.8,9.3,12.2,11.1,29.2,54.7,2.063,0.372
2018,08,전라북도,부안군,동진면,하장리,고부천2,33.7,8.7,10.2,4.1,9.0,10.5,1.601,0.044
2018,08,전라북도,부안군,동진면,하장리,고부천3,26.2,7.9,7.4,2.8,10.0,82.4,2.141,0.159
2018,08,전라북도,정읍시,영원면,앵성리,고부천1,34.5,9.2,11.3,4.5,10.6,19.0,1.294,0.052
2018,08,전라북도,김제시,부량면,옥정리,동진강3,28.5,7.7,8.6,3.0,9.3,82.7,2.247,0.150
2018,08,전라북도,정읍시,신태인읍,,동진강2,30.5,8.8,10.3,2.4,8.7,17.5,1.159,0.043
2018,08,전라북도,정읍시,신태인읍,구석리,용호천,29.8,8.0,7.0,1.4,6.5,14.0,1.256,0.079
2018,08,전라북도,정읍시,옹동면,산성리,동진강1,24.7,8.6,8.3,1.5,6.7,8.6,1.689,0.013
2018,08,전라북도,김제시,성덕면,남포리,신평천,30.1,8.0,9.3,2.8,9.4,10.4,2.060,0.014
2018,08,전라북도,김제시,죽산면,대창리,원평천3,25.8,7.5,6.8,2.7,11.1,173.9,1.947,0.209
2018,08,전라북도,김제시,봉남면,용신리,원평천1,32.9,8.2,7.8,2.9,14.2,30.9,0.766,0.071
2018,08,전라북도,김제시,죽산면,죽산리,원평천2,31.0,8.6,9.1,1.9,9.2,14.0,1.192,0.024
2018,08,전라북도,정읍시,공평동,,정읍천3,29.4,7.8,8.3,1.6,5.7,5.5,0.884,0.049
2018,08,전라북도,정읍시,송산동,,정읍천1,27.0,8.2,8.6,0.8,3.3,1.5,0.733,0.026
2018,08,전라북도,정읍시,연지동,,정읍천2,28.5,8.4,8.9,0.9,3.9,3.2,1.049,0.031
2018,08,전라북도,정읍시,이평면,하송리,정읍천4,26.4,7.7,8.4,2.9,9.1,64.9,2.528,0.186
2018,08,전라북도,정읍시,하모동,,천원천,30.0,7.7,6.7,1.9,6.6,5.0,1.395,0.090
2018,08,전라북도,김제시,백구면,마산리,마산천,32.8,8.9,11.4,5.9,11.7,19.5,3.880,0.081
2018,08,전라북도,완주군,삼례읍,,삼례,31.4,7.4,8.4,3.8,11.0,7.6,6.034,0.013
2018,08,전라북도,익산시,춘포면,인수리,익산천1,34.6,8.6,10.7,2.5,9.1,6.8,1.203,0.015
2018,08,전라북도,익산시,춘포면,인수리,익산천2,35.9,9.1,16.6,11.4,18.3,10.9,6.368,0.017
2018,08,전라북도,군산시,대야면,광교리,탑천,26.2,7.3,5.2,4.2,12.2,136.1,2.011,0.212
2018,08,전라북도,김제시,백구면,백구리,김제,29.5,8.0,7.6,5.4,12.3,44.8,4.032,0.147
2018,08,전라북도,김제시,백구면,월봉리,용암천,32.0,8.2,10.0,5.3,10.7,16.0,1.261,0.053
2018,08,전라북도,전주시완산구,서신동,,삼천3,30.2,7.8,7.8,1.3,4.3,6.0,1.217,0.084
2018,08,전라북도,전주시완산구,평화동3가,,삼천1,28.6,7.1,8.9,1.0,3.3,10.8,1.680,0.073
2018,08,전라북도,전주시완산구,효자동2가,,삼천2,31.2,7.6,12.7,1.0,3.7,4.2,1.124,0.062
2018,08,전라북도,완주군,소양면,황운리,소양천1,27.7,7.9,7.8,0.8,2.1,2.6,0.673,0.013
2018,08,전라북도,완주군,용진읍,상운리,소양천2,33.6,8.7,12.1,2.3,5.3,4.0,2.603,0.015
2018,08,전라북도,익산시,춘포면,용연리,익산천3,33.4,8.6,8.9,5.2,9.3,9.8,3.245,0.009
2018,08,전라북도,전주시덕진구,고랑동,,전주천7,26.4,6.7,5.9,5.6,14.3,15.3,8.804,0.190
2018,08,전라북도,전주시덕진구,전미동1가,,전주,27.7,7.2,7.8,2.3,7.1,11.2,1.176,0.162
2018,08,전라북도,전주시완산구,대성동,,전주천1,26.6,7.5,9.8,0.6,2.1,0.8,1.639,0.011
2018,08,전라북도,완주군,고산면,읍내리,고산,23.3,8.3,8.8,0.4,4.4,0.9,1.778,0.010
2018,08,전라북도,무주군,무주읍,대차리,무주남대천2,29.7,8.8,10.7,0.7,6.9,4.4,0.931,0.053
2018,08,전라북도,무주군,무주읍,읍내리,무주남대천1,29.1,8.2,7.7,0.7,5.3,2.5,1.494,0.008
2018,08,전라북도,무주군,무주읍,읍내리,무주남대천3,25.3,7.8,8.5,1.3,5.1,4.1,1.303,0.045
2018,08,전라북도,부안군,상서면,청림리,백천내,28.0,6.5,7.2,1.1,2.4,0.8,2.129,0.009
2018,08,전라북도,무주군,안성면,진도리,구량천,23.4,7.4,8.2,1.0,4.4,4.9,1.568,0.041
2018,08,전라북도,진안군,정천면,월평리,정자천,25.3,7.1,8.2,0.8,3.4,2.4,1.675,0.016
2018,08,전라북도,진안군,진안읍,운산리,진안천,32.0,8.3,11.1,2.4,3.6,2.4,1.795,0.070
2018,08,전라북도,진안군,진안읍,가막리,가막,26.0,7.4,7.8,0.8,4.6,9.3,2.349,0.071
2018,08,전라북도,무주군,무주읍,용포리,용포,23.9,8.6,9.1,0.3,4.8,1.9,0.406,0.015
2018,08,전라북도,진안군,용담면,송풍리,용담,18.5,7.0,10.2,0.6,3.4,1.7,1.967,0.010
2018,08,전라북도,남원시,운봉읍,,람천2,27.7,8.4,9.5,0.4,5.7,3.9,1.086,0.047
2018,08,전라북도,남원시,인월면,중군리,람천1,27.0,8.3,10.2,1.6,5.9,3.4,0.843,0.045
2018,08,전라북도,임실군,관촌면,방수리,관촌,26.1,7.3,10.5,1.5,4.5,4.7,1.252,0.038
2018,08,전라북도,임실군,운암면,학암리,운암,32.0,8.4,9.4,1.0,6.1,6.2,0.362,0.028
2018,08,전라북도,정읍시,산내면,매죽리,추령천,26.7,7.3,11.9,1.1,3.7,2.8,1.952,0.030
2018,08,전라북도,임실군,강진면,용수리,임실,22.2,7.2,9.4,1.3,4.6,2.3,2.140,0.024
2018,08,전라북도,순창군,동계면,구미리,동계,28.9,8.7,8.7,0.2,3.9,0.8,0.788,0.016
2018,08,전라북도,순창군,구림면,안정리,치천,25.3,7.5,9.9,1.0,3.6,2.2,1.531,0.028
2018,08,전라북도,남원시,대강면,풍산리,수홍천,22.7,7.2,8.1,1.2,5.3,6.5,1.717,0.086
2018,08,전라북도,순창군,유등면,유촌리,옥택천,24.6,7.3,8.2,1.4,5.6,5.9,1.308,0.075
2018,08,전라북도,순창군,적성면,고원리,적성,28.0,8.2,7.8,1.4,6.6,5.9,0.991,0.042
2018,08,전라북도,남원시,금지면,귀석리,남원,29.6,8.0,7.9,1.8,9.3,10.5,0.531,0.043
2018,08,전라북도,남원시,대강면,월탄리,대강,28.5,7.8,9.3,2.2,7.4,11.0,1.089,0.088
2018,08,전라북도,장수군,산서면,사상리,오수천1,24.0,7.0,8.2,1.1,4.9,6.5,1.605,0.065
2018,08,전라북도,남원시,덕과면,사율리,율천,25.3,7.0,8.2,1.7,6.4,8.6,1.329,0.103
2018,08,전라북도,남원시,사매면,서도리,월평천,24.5,6.9,8.3,2.1,7.0,18.4,1.666,0.148
2018,08,전라북도,순창군,동계면,서호리,오수천2,27.8,7.9,8.6,2.6,8.0,20.1,1.620,0.135
2018,08,전라북도,임실군,삼계면,후천리,후곡천,25.6,7.0,7.6,1.5,6.3,6.8,1.423,0.108
2018,08,전라북도,남원시,산동면,월석리,요천1,23.6,7.5,9.8,0.9,3.3,3.1,1.369,0.029
2018,08,전라북도,남원시,금지면,창산리,요천2,27.9,8.0,7.8,1.0,7.5,4.8,2.095,0.107
2018,08,전라북도,남원시,송동면,세전리,요천3,26.8,7.0,8.4,2.2,7.2,8.5,1.635,0.123
2018,08,전라북도,고창군,아산면,구암리,주진천1,30.1,7.3,7.2,3.3,10.4,24.6,1.189,0.092
2018,08,전라북도,고창군,아산면,반암리,주진천2,28.9,8.3,8.3,2.7,10.2,38.0,1.014,0.077
2018,09,전라북도,익산시,성당면,부곡리,산북천,24.7,7.6,9.3,4.3,10.1,39.7,2.905,0.261
2018,09,전라북도,익산시,망성면,무형리,마산천,26.5,8.2,7.5,2.3,6.3,18.9,4.119,0.431
2018,09,전라북도,부안군,동진면,하장리,고부천2,25.8,7.4,8.8,1.8,8.2,23.5,2.545,0.207
2018,09,전라북도,부안군,동진면,하장리,고부천3,24.1,7.9,7.5,2.0,8.3,27.7,2.593,0.211
2018,09,전라북도,정읍시,영원면,앵성리,고부천1,25.9,7.6,7.4,1.5,8.1,31.0,2.094,0.154
2018,09,전라북도,김제시,부량면,옥정리,동진강3,22.5,8.0,10.3,2.6,6.7,16.9,2.933,0.073
2018,09,전라북도,정읍시,신태인읍,,동진강2,21.5,7.9,10.3,3.1,7.9,11.0,3.097,0.068
2018,09,전라북도,정읍시,신태인읍,구석리,용호천,23.4,7.6,7.5,0.9,7.6,12.2,3.309,0.174
2018,09,전라북도,정읍시,옹동면,산성리,동진강1,21.4,8.1,9.2,1.1,5.2,4.9,2.368,0.031
2018,09,전라북도,김제시,성덕면,남포리,신평천,23.5,8.1,9.9,2.6,7.6,12.4,2.531,0.046
2018,09,전라북도,김제시,죽산면,대창리,원평천3,24.1,7.9,9.9,2.6,8.2,20.6,2.499,0.139
2018,09,전라북도,김제시,봉남면,용신리,원평천1,22.2,8.9,12.5,3.5,8.0,29.7,3.633,0.034
2018,09,전라북도,김제시,죽산면,죽산리,원평천2,24.6,9.0,11.7,4.0,8.6,12.2,2.320,0.046
2018,09,전라북도,정읍시,공평동,,정읍천3,22.8,7.6,8.5,0.9,3.9,5.0,3.277,0.060
2018,09,전라북도,정읍시,송산동,,정읍천1,22.4,7.9,8.9,0.7,3.2,2.3,2.472,0.027
2018,09,전라북도,정읍시,연지동,,정읍천2,22.3,7.8,8.7,0.8,3.5,3.4,3.111,0.040
2018,09,전라북도,정읍시,이평면,하송리,정읍천4,23.2,7.7,8.6,1.7,6.4,28.4,3.285,0.093
2018,09,전라북도,정읍시,하모동,,천원천,22.8,7.6,8.4,0.9,3.7,12.3,3.344,0.061
2018,09,전라북도,김제시,백구면,마산리,마산천,26.0,7.3,9.0,2.4,8.5,29.0,2.523,0.200
2018,09,전라북도,완주군,삼례읍,,삼례,22.6,7.5,9.0,1.4,7.2,3.5,3.722,0.051
2018,09,전라북도,익산시,춘포면,인수리,익산천1,23.0,7.5,9.7,1.4,9.5,10.8,2.218,0.081
2018,09,전라북도,익산시,춘포면,인수리,익산천2,22.5,7.4,8.4,2.4,12.2,15.3,8.480,0.099
2018,09,전라북도,군산시,대야면,광교리,탑천,24.4,7.5,7.8,2.5,7.7,18.8,1.951,0.131
2018,09,전라북도,김제시,백구면,백구리,김제,23.7,8.3,11.1,4.0,9.3,19.9,4.779,0.104
2018,09,전라북도,김제시,백구면,월봉리,용암천,26.1,7.2,7.0,4.1,10.7,41.3,3.304,0.316
2018,09,전라북도,전주시완산구,서신동,,삼천3,24.0,7.7,8.1,0.9,4.7,5.4,2.995,0.083
2018,09,전라북도,전주시완산구,평화동3가,,삼천1,22.7,7.7,8.0,0.5,3.8,3.2,4.367,0.087
2018,09,전라북도,전주시완산구,효자동2가,,삼천2,23.9,7.8,8.3,0.8,5.1,6.6,3.099,0.082
2018,09,전라북도,완주군,소양면,황운리,소양천1,22.0,7.2,10.7,0.3,1.9,1.1,4.301,0.031
2018,09,전라북도,완주군,용진읍,상운리,소양천2,23.6,7.4,8.7,0.5,3.2,5.0,5.281,0.065
2018,09,전라북도,익산시,춘포면,용연리,익산천3,21.3,7.5,8.7,3.0,11.0,10.6,4.955,0.061
2018,09,전라북도,전주시덕진구,고랑동,,전주천7,23.9,7.3,7.8,2.5,10.5,5.5,6.885,0.128
2018,09,전라북도,전주시덕진구,전미동1가,,전주,23.2,7.7,9.6,1.3,4.6,5.5,2.812,0.046
2018,09,전라북도,전주시완산구,대성동,,전주천1,22.8,7.7,8.6,0.4,2.2,0.5,4.075,0.029
2018,09,전라북도,완주군,고산면,읍내리,고산,19.8,8.5,9.4,0.9,5.1,1.7,2.543,0.017
2018,09,전라북도,무주군,무주읍,대차리,무주남대천2,20.5,8.1,9.8,0.8,3.8,1.6,1.831,0.020
2018,09,전라북도,무주군,무주읍,읍내리,무주남대천1,20.4,8.1,9.7,0.9,3.5,0.4,1.973,0.012
2018,09,전라북도,무주군,무주읍,읍내리,무주남대천3,21.4,7.6,8.6,1.0,3.9,3.7,2.003,0.024
2018,09,전라북도,부안군,상서면,청림리,백천내,22.0,6.5,7.8,1.0,1.6,0.1,4.303,0.010
2018,09,전라북도,무주군,안성면,진도리,구량천,18.9,7.9,9.9,0.5,3.5,1.6,2.092,0.019
2018,09,전라북도,진안군,정천면,월평리,정자천,20.5,7.2,9.3,0.6,2.8,1.0,2.369,0.012
2018,09,전라북도,진안군,진안읍,운산리,진안천,28.0,8.1,8.5,2.1,3.9,8.5,1.795,0.072
2018,09,전라북도,진안군,진안읍,가막리,가막,20.3,7.9,9.9,0.8,3.4,1.5,2.891,0.034
2018,09,전라북도,무주군,무주읍,용포리,용포,19.1,8.5,9.7,0.8,4.2,1.2,1.681,0.011
2018,09,전라북도,진안군,용담면,송풍리,용담,17.6,7.0,8.9,0.7,3.9,1.4,1.980,0.020
2018,09,전라북도,남원시,운봉읍,,람천2,19.9,8.3,9.7,1.4,3.7,0.6,1.691,0.033
2018,09,전라북도,남원시,인월면,중군리,람천1,19.9,8.3,9.3,1.2,4.1,2.0,2.527,0.056
2018,09,전라북도,임실군,관촌면,방수리,관촌,21.7,7.7,9.0,1.4,2.7,1.8,1.978,0.024
2018,09,전라북도,임실군,운암면,학암리,운암,23.1,8.9,11.7,6.2,8.7,9.0,1.672,0.035
2018,09,전라북도,정읍시,산내면,매죽리,추령천,22.2,7.8,10.4,1.3,3.0,3.2,2.483,0.016
2018,09,전라북도,임실군,강진면,용수리,임실,22.2,7.3,7.1,1.9,5.1,2.5,1.812,0.023
2018,09,전라북도,순창군,동계면,구미리,동계,23.1,7.9,8.6,1.0,4.6,1.4,1.414,0.028
2018,09,전라북도,순창군,구림면,안정리,치천,20.7,7.4,8.8,1.4,2.7,1.5,1.936,0.030
2018,09,전라북도,남원시,대강면,풍산리,수홍천,18.8,7.2,8.6,1.0,2.6,3.6,2.424,0.053
2018,09,전라북도,순창군,유등면,유촌리,옥택천,19.8,7.4,8.4,1.2,3.0,8.4,1.361,0.049
2018,09,전라북도,순창군,적성면,고원리,적성,21.4,7.9,8.8,1.0,4.7,3.5,1.565,0.040
2018,09,전라북도,남원시,금지면,귀석리,남원,23.6,7.7,9.2,1.0,4.0,1.2,1.668,0.035
2018,09,전라북도,남원시,대강면,월탄리,대강,22.8,7.3,11.1,1.5,3.8,2.1,1.610,0.041
2018,09,전라북도,장수군,산서면,사상리,오수천1,20.1,7.0,8.9,1.2,4.6,7.8,2.025,0.058
2018,09,전라북도,남원시,덕과면,사율리,율천,21.8,7.0,8.7,1.1,3.8,4.7,1.925,0.073
2018,09,전라북도,남원시,사매면,서도리,월평천,20.5,7.0,8.7,1.6,4.6,13.4,2.863,0.097
2018,09,전라북도,순창군,동계면,서호리,오수천2,22.3,7.4,10.2,1.4,3.9,4.4,1.974,0.061
2018,09,전라북도,임실군,삼계면,후천리,후곡천,21.2,7.1,9.2,1.0,4.3,6.9,1.684,0.084
2018,09,전라북도,남원시,산동면,월석리,요천1,19.4,7.8,10.8,1.1,3.2,2.3,1.304,0.014
2018,09,전라북도,남원시,금지면,창산리,요천2,22.4,8.1,9.0,0.8,4.2,2.2,1.805,0.028
2018,09,전라북도,남원시,송동면,세전리,요천3,21.6,7.5,9.3,1.7,4.4,3.1,1.782,0.042
2018,09,전라북도,고창군,아산면,구암리,주진천1,24.3,7.6,8.0,0.7,10.2,29.9,2.493,0.158
2018,09,전라북도,고창군,아산면,반암리,주진천2,24.5,7.3,8.3,0.8,10.6,34.5,2.715,0.155
2018,10,전라북도,익산시,성당면,부곡리,산북천,16.5,7.8,6.9,6.6,13.1,45.9,6.612,0.434
2018,10,전라북도,익산시,망성면,무형리,마산천,14.9,7.7,12.8,3.0,6.7,23.4,4.813,0.352
2018,10,전라북도,부안군,동진면,하장리,고부천2,19.0,7.6,8.8,2.3,9.0,48.0,2.793,0.120
2018,10,전라북도,부안군,동진면,하장리,고부천3,16.4,8.0,9.5,3.5,9.1,49.4,3.008,0.161
2018,10,전라북도,정읍시,영원면,앵성리,고부천1,18.6,8.0,9.2,1.7,8.4,64.7,2.580,0.112
2018,10,전라북도,김제시,부량면,옥정리,동진강3,15.9,7.8,11.0,1.3,6.0,11.6,3.734,0.073
2018,10,전라북도,정읍시,신태인읍,,동진강2,16.6,8.0,9.7,1.1,4.2,9.8,3.400,0.076
2018,10,전라북도,정읍시,신태인읍,구석리,용호천,17.6,7.5,9.0,0.9,6.6,12.4,2.723,0.143
2018,10,전라북도,정읍시,옹동면,산성리,동진강1,16.5,8.6,10.0,1.3,3.3,0.1,3.222,0.042
2018,10,전라북도,김제시,성덕면,남포리,신평천,20.5,8.6,11.8,5.2,11.5,20.5,3.398,0.144
2018,10,전라북도,김제시,죽산면,대창리,원평천3,16.9,8.0,10.5,3.5,9.3,37.5,2.844,0.135
2018,10,전라북도,김제시,봉남면,용신리,원평천1,16.5,7.8,9.6,1.2,6.7,13.2,2.881,0.064
2018,10,전라북도,김제시,죽산면,죽산리,원평천2,20.7,7.8,8.2,1.8,10.2,27.0,1.672,0.085
2018,10,전라북도,정읍시,공평동,,정읍천3,18.3,7.8,9.7,0.9,4.3,6.3,2.766,0.054
2018,10,전라북도,정읍시,송산동,,정읍천1,19.3,8.2,9.8,0.9,4.5,3.0,1.727,0.021
2018,10,전라북도,정읍시,연지동,,정읍천2,19.0,8.2,10.0,1.0,4.3,3.7,1.947,0.028
2018,10,전라북도,정읍시,이평면,하송리,정읍천4,17.8,7.8,12.5,1.5,7.7,6.5,5.261,0.059
2018,10,전라북도,정읍시,하모동,,천원천,17.9,8.0,9.9,0.8,3.9,8.0,3.281,0.062
2018,10,전라북도,김제시,백구면,마산리,마산천,20.1,8.8,12.0,6.6,12.3,21.2,9.089,0.231
2018,10,전라북도,완주군,삼례읍,,삼례,17.8,7.7,9.1,1.6,6.3,5.7,3.505,0.096
2018,10,전라북도,익산시,춘포면,인수리,익산천1,15.6,7.6,9.4,1.9,7.9,12.6,2.922,0.163
2018,10,전라북도,익산시,춘포면,인수리,익산천2,16.0,8.2,9.5,1.9,13.0,14.3,3.615,0.189
2018,10,전라북도,군산시,대야면,광교리,탑천,17.6,7.7,9.4,2.7,7.5,27.3,3.626,0.120
2018,10,전라북도,김제시,백구면,백구리,김제,17.4,8.1,12.1,3.8,10.5,13.2,6.095,0.098
2018,10,전라북도,김제시,백구면,월봉리,용암천,20.9,9.1,13.2,5.9,15.0,18.4,3.112,0.085
2018,10,전라북도,전주시완산구,서신동,,삼천3,20.2,8.0,9.5,0.9,3.8,6.2,2.290,0.078
2018,10,전라북도,전주시완산구,평화동3가,,삼천1,19.6,7.6,9.4,0.8,3.7,5.6,3.055,0.119
2018,10,전라북도,전주시완산구,효자동2가,,삼천2,20.2,8.0,11.3,0.8,3.6,3.2,2.259,0.083
2018,10,전라북도,완주군,소양면,황운리,소양천1,18.1,7.7,8.7,0.5,2.3,0.7,1.303,0.018
2018,10,전라북도,완주군,용진읍,상운리,소양천2,20.0,8.2,10.5,1.7,4.2,5.4,5.313,0.023
2018,10,전라북도,익산시,춘포면,용연리,익산천3,15.8,7.9,9.5,1.8,12.6,17.3,3.682,0.218
2018,10,전라북도,전주시덕진구,고랑동,,전주천7,19.8,7.3,8.5,4.2,12.7,3.8,8.221,0.082
2018,10,전라북도,전주시덕진구,전미동1가,,전주,16.6,8.2,11.8,2.7,5.5,6.4,2.418,0.119
2018,10,전라북도,전주시완산구,대성동,,전주천1,20.1,8.1,10.4,0.3,1.2,0.4,2.017,0.013
2018,10,전라북도,완주군,고산면,읍내리,고산,17.1,8.0,9.7,0.7,3.3,0.1,2.620,0.035
2018,10,전라북도,무주군,무주읍,대차리,무주남대천2,16.7,7.5,9.9,0.8,3.0,0.5,1.623,0.020
2018,10,전라북도,무주군,무주읍,읍내리,무주남대천1,17.0,7.8,10.0,0.4,3.5,0.4,1.649,0.018
2018,10,전라북도,무주군,무주읍,읍내리,무주남대천3,15.4,7.8,10.8,0.7,3.3,1.5,1.885,0.023
2018,10,전라북도,부안군,상서면,청림리,백천내,20.1,6.7,8.4,0.9,2.6,0.4,1.136,0.008
2018,10,전라북도,무주군,안성면,진도리,구량천,13.1,8.2,11.4,0.6,3.1,1.8,2.317,0.021
2018,10,전라북도,진안군,정천면,월평리,정자천,14.7,7.6,10.5,0.6,2.8,0.9,1.860,0.015
2018,10,전라북도,진안군,진안읍,운산리,진안천,18.5,7.7,10.0,1.0,3.0,2.8,2.951,0.049
2018,10,전라북도,진안군,진안읍,가막리,가막,14.9,8.3,11.7,0.6,3.2,2.1,2.840,0.040
2018,10,전라북도,무주군,무주읍,용포리,용포,18.6,8.2,10.9,0.9,4.1,0.7,1.678,0.013
2018,10,전라북도,진안군,용담면,송풍리,용담,17.0,7.6,10.5,0.7,4.2,1.6,1.627,0.018
2018,10,전라북도,남원시,운봉읍,,람천2,13.2,8.1,10.3,0.5,3.2,39.1,1.758,0.035
2018,10,전라북도,남원시,인월면,중군리,람천1,14.1,8.5,10.5,0.7,3.2,2.0,2.848,0.058
2018,10,전라북도,임실군,관촌면,방수리,관촌,15.7,7.7,10.8,1.1,2.6,2.6,1.601,0.024
2018,10,전라북도,임실군,운암면,학암리,운암,21.0,7.4,8.5,1.9,7.0,5.6,1.038,0.054
2018,10,전라북도,정읍시,산내면,매죽리,추령천,16.4,8.0,11.9,1.1,3.0,2.1,2.181,0.021
2018,10,전라북도,임실군,강진면,용수리,임실,18.5,7.8,8.5,1.2,4.3,1.5,1.826,0.023
2018,10,전라북도,순창군,동계면,구미리,동계,15.3,8.2,10.1,0.6,3.4,2.5,1.380,0.014
2018,10,전라북도,순창군,구림면,안정리,치천,14.3,7.6,11.7,0.8,2.9,4.2,1.946,0.040
2018,10,전라북도,남원시,대강면,풍산리,수홍천,13.0,7.4,11.0,0.6,2.3,3.0,2.406,0.029
2018,10,전라북도,순창군,유등면,유촌리,옥택천,13.7,7.4,10.8,0.6,2.8,2.4,1.508,0.036
2018,10,전라북도,순창군,적성면,고원리,적성,16.7,8.3,9.5,0.9,4.0,2.3,1.553,0.022
2018,10,전라북도,남원시,금지면,귀석리,남원,20.3,7.6,9.1,1.1,3.5,1.2,1.356,0.034
2018,10,전라북도,남원시,대강면,월탄리,대강,16.2,7.9,10.0,1.2,3.6,2.6,1.599,0.039
2018,10,전라북도,장수군,산서면,사상리,오수천1,13.9,7.2,11.5,0.8,2.6,15.6,1.993,0.050
2018,10,전라북도,남원시,덕과면,사율리,율천,16.1,7.1,10.6,0.8,3.1,3.1,1.881,0.088
2018,10,전라북도,남원시,사매면,서도리,월평천,14.7,7.1,11.6,0.9,3.1,12.7,3.113,0.062
2018,10,전라북도,순창군,동계면,서호리,오수천2,16.2,8.2,11.1,1.1,3.5,1.8,1.953,0.041
2018,10,전라북도,임실군,삼계면,후천리,후곡천,13.8,7.2,11.4,0.8,3.4,3.9,1.945,0.057
2018,10,전라북도,남원시,산동면,월석리,요천1,14.1,7.6,10.3,0.9,2.8,1.6,1.327,0.014
2018,10,전라북도,남원시,금지면,창산리,요천2,19.4,7.8,9.3,1.3,3.3,2.1,1.823,0.040
2018,10,전라북도,남원시,송동면,세전리,요천3,16.0,7.8,11.8,1.1,3.7,3.8,1.824,0.033
2018,10,전라북도,고창군,아산면,구암리,주진천1,15.9,8.3,9.6,1.6,8.2,19.0,3.026,0.139
2018,10,전라북도,고창군,아산면,반암리,주진천2,16.0,7.8,9.8,1.5,7.9,27.5,3.097,0.128
2018,11,전라북도,익산시,성당면,부곡리,산북천,10.3,7.8,7.4,6.2,11.9,19.2,6.252,0.309
2018,11,전라북도,익산시,망성면,무형리,마산천,10.5,7.8,8.9,2.8,6.4,12.5,6.101,0.455
2018,11,전라북도,부안군,동진면,하장리,고부천2,13.5,7.8,10.5,2.4,8.2,33.0,1.556,0.114
2018,11,전라북도,부안군,동진면,하장리,고부천3,10.0,8.1,12.0,2.8,9.1,54.8,3.279,0.146
2018,11,전라북도,정읍시,영원면,앵성리,고부천1,13.0,8.1,10.2,2.7,7.6,51.0,2.656,0.099
2018,11,전라북도,김제시,부량면,옥정리,동진강3,13.0,7.9,11.0,1.4,5.3,8.8,3.421,0.062
2018,11,전라북도,정읍시,신태인읍,,동진강2,12.6,8.0,11.3,0.7,4.5,2.9,2.286,0.028
2018,11,전라북도,정읍시,신태인읍,구석리,용호천,12.6,8.0,10.3,1.2,5.6,6.4,3.295,0.064
2018,11,전라북도,정읍시,옹동면,산성리,동진강1,11.2,8.5,11.4,0.6,4.1,1.0,1.872,0.013
2018,11,전라북도,김제시,성덕면,남포리,신평천,13.8,8.2,10.1,2.2,14.1,42.7,5.919,0.142
2018,11,전라북도,김제시,죽산면,대창리,원평천3,10.1,7.9,11.2,2.4,8.6,30.7,3.329,0.141
2018,11,전라북도,김제시,봉남면,용신리,원평천1,13.1,8.8,12.9,1.2,9.0,7.9,1.913,0.029
2018,11,전라북도,김제시,죽산면,죽산리,원평천2,13.7,8.6,11.5,1.5,11.6,30.0,2.255,0.066
2018,11,전라북도,정읍시,공평동,,정읍천3,13.4,7.7,11.0,1.2,3.7,2.6,2.536,0.031
2018,11,전라북도,정읍시,송산동,,정읍천1,13.1,8.1,10.8,0.6,2.0,1.1,1.493,0.013
2018,11,전라북도,정읍시,연지동,,정읍천2,14.0,7.9,11.0,1.2,2.9,2.1,3.267,0.030
2018,11,전라북도,정읍시,이평면,하송리,정읍천4,11.9,7.9,13.0,2.2,8.5,4.3,5.214,0.060
2018,11,전라북도,정읍시,하모동,,천원천,13.2,7.7,10.7,1.2,3.9,3.2,2.858,0.052
2018,11,전라북도,김제시,백구면,마산리,마산천,13.2,8.3,12.1,6.6,13.0,42.7,11.339,0.157
2018,11,전라북도,완주군,삼례읍,,삼례,14.8,7.1,9.0,2.5,10.8,2.9,6.721,0.048
2018,11,전라북도,익산시,춘포면,인수리,익산천1,10.9,7.4,10.8,1.0,8.0,4.3,3.065,0.077
2018,11,전라북도,익산시,춘포면,인수리,익산천2,11.7,7.5,11.3,0.9,22.2,5.2,3.967,0.210
2018,11,전라북도,군산시,대야면,광교리,탑천,10.2,7.7,10.8,3.5,9.5,26.6,4.837,0.146
2018,11,전라북도,김제시,백구면,백구리,김제,12.7,7.7,11.3,5.5,10.0,10.2,6.626,0.097
2018,11,전라북도,김제시,백구면,월봉리,용암천,13.1,8.4,9.9,4.3,13.6,34.0,10.820,0.121
2018,11,전라북도,전주시완산구,서신동,,삼천3,15.0,8.3,10.5,1.4,4.4,4.5,2.560,0.065
2018,11,전라북도,전주시완산구,평화동3가,,삼천1,13.9,8.0,11.2,0.9,2.7,2.3,3.107,0.042
2018,11,전라북도,전주시완산구,효자동2가,,삼천2,16.0,8.4,10.5,1.8,3.9,3.4,2.691,0.056
2018,11,전라북도,완주군,소양면,황운리,소양천1,13.5,7.9,9.1,0.5,1.9,1.4,1.474,0.012
2018,11,전라북도,완주군,용진읍,상운리,소양천2,13.4,8.1,12.4,1.5,2.8,2.8,4.359,0.027
2018,11,전라북도,익산시,춘포면,용연리,익산천3,10.5,7.4,11.3,2.0,25.7,6.1,4.021,0.232
2018,11,전라북도,전주시덕진구,고랑동,,전주천7,15.8,7.5,8.5,3.4,12.1,3.9,10.357,0.084
2018,11,전라북도,전주시덕진구,전미동1가,,전주,10.4,7.9,12.4,1.8,4.3,3.2,2.581,0.118
2018,11,전라북도,전주시완산구,대성동,,전주천1,14.4,8.4,12.6,0.8,1.4,0.5,2.014,0.004
2018,11,전라북도,완주군,고산면,읍내리,고산,12.4,8.2,11.1,0.6,4.7,1.2,2.436,0.009
2018,11,전라북도,무주군,무주읍,대차리,무주남대천2,13.1,7.8,11.5,0.5,3.4,0.4,2.067,0.011
2018,11,전라북도,무주군,무주읍,읍내리,무주남대천1,12.0,7.9,11.1,0.4,3.3,0.1,1.380,0.008
2018,11,전라북도,무주군,무주읍,읍내리,무주남대천3,9.0,8.3,12.8,0.6,2.4,0.7,2.076,0.022
2018,11,전라북도,부안군,상서면,청림리,백천내,13.9,6.7,9.7,1.0,1.6,0.9,1.402,0.007
2018,11,전라북도,무주군,안성면,진도리,구량천,6.3,8.2,13.2,0.4,2.1,0.8,2.402,0.019
2018,11,전라북도,진안군,정천면,월평리,정자천,8.9,7.8,12.3,0.5,1.7,0.5,1.830,0.013
2018,11,전라북도,진안군,진안읍,운산리,진안천,12.8,8.3,13.6,1.1,3.0,3.6,3.257,0.049
2018,11,전라북도,진안군,진안읍,가막리,가막,8.1,8.2,13.3,0.5,2.7,1.0,3.079,0.022
2018,11,전라북도,무주군,무주읍,용포리,용포,13.3,7.7,11.1,0.9,5.1,1.3,2.055,0.006
2018,11,전라북도,진안군,용담면,송풍리,용담,12.9,7.8,10.9,0.6,4.1,1.4,1.407,0.018
2018,11,전라북도,남원시,운봉읍,,람천2,10.2,8.6,11.5,0.8,2.9,1.1,1.266,0.021
2018,11,전라북도,남원시,인월면,중군리,람천1,10.9,8.8,12.1,1.0,3.0,1.4,2.334,0.046
2018,11,전라북도,임실군,관촌면,방수리,관촌,9.4,7.7,12.3,0.7,2.3,0.9,1.588,0.014
2018,11,전라북도,임실군,운암면,학암리,운암,14.2,7.3,10.1,1.6,4.0,7.5,1.443,0.025
2018,11,전라북도,정읍시,산내면,매죽리,추령천,10.1,7.6,12.3,0.6,2.7,0.8,2.118,0.013
2018,11,전라북도,임실군,강진면,용수리,임실,13.3,7.6,10.2,0.8,4.8,3.5,1.666,0.018
2018,11,전라북도,순창군,동계면,구미리,동계,13.8,8.2,10.9,0.8,3.1,3.4,1.478,0.010
2018,11,전라북도,순창군,구림면,안정리,치천,9.0,7.6,12.3,0.9,2.2,0.6,1.669,0.029
2018,11,전라북도,남원시,대강면,풍산리,수홍천,9.2,7.3,11.1,0.8,2.4,3.6,2.668,0.040
2018,11,전라북도,순창군,유등면,유촌리,옥택천,8.7,7.4,11.1,0.9,1.9,1.0,1.786,0.040
2018,11,전라북도,순창군,적성면,고원리,적성,11.9,8.4,10.8,0.8,5.0,0.9,1.531,0.022
2018,11,전라북도,남원시,금지면,귀석리,남원,12.8,8.4,10.8,1.1,3.2,2.7,1.724,0.032
2018,11,전라북도,남원시,대강면,월탄리,대강,11.1,8.1,12.3,0.8,3.5,1.3,1.540,0.023
2018,11,전라북도,장수군,산서면,사상리,오수천1,9.8,7.3,10.8,0.8,1.7,3.1,2.174,0.046
2018,11,전라북도,남원시,덕과면,사율리,율천,10.5,7.2,10.3,0.8,2.4,1.7,1.902,0.088
2018,11,전라북도,남원시,사매면,서도리,월평천,10.1,7.2,10.2,1.4,2.5,5.4,3.210,0.060
2018,11,전라북도,순창군,동계면,서호리,오수천2,10.9,8.2,12.9,0.9,3.5,2.0,1.713,0.033
2018,11,전라북도,임실군,삼계면,후천리,후곡천,9.0,7.4,10.5,1.4,2.6,1.3,1.573,0.029
2018,11,전라북도,남원시,산동면,월석리,요천1,9.8,8.0,11.5,0.6,2.3,0.9,1.513,0.011
2018,11,전라북도,남원시,금지면,창산리,요천2,12.8,8.1,10.9,1.1,3.3,3.2,2.612,0.044
2018,11,전라북도,남원시,송동면,세전리,요천3,11.9,7.6,11.9,0.8,3.6,3.3,2.431,0.033
2018,11,전라북도,고창군,아산면,구암리,주진천1,11.2,7.6,11.1,1.8,7.1,27.8,2.992,0.064
2018,11,전라북도,고창군,아산면,반암리,주진천2,11.5,7.9,11.0,1.7,6.5,18.5,2.862,0.064
2018,12,전라북도,익산시,성당면,부곡리,산북천,4.2,7.7,12.0,5.8,10.8,18.9,6.251,0.338
2018,12,전라북도,익산시,망성면,무형리,마산천,5.1,8.7,13.0,2.4,5.2,10.4,5.816,0.264
2018,12,전라북도,부안군,동진면,하장리,고부천2,2.3,7.8,13.8,2.5,11.7,21.6,4.886,0.170
2018,12,전라북도,부안군,동진면,하장리,고부천3,6.5,7.7,12.3,2.5,8.5,17.3,4.536,0.122
2018,12,전라북도,정읍시,영원면,앵성리,고부천1,3.5,8.2,13.9,1.8,10.4,21.6,6.748,0.216
2018,12,전라북도,김제시,부량면,옥정리,동진강3,6.0,7.6,13.4,1.7,5.4,8.7,3.687,0.057
2018,12,전라북도,정읍시,신태인읍,,동진강2,11.8,8.2,11.4,1.0,3.7,8.3,2.078,0.028
2018,12,전라북도,정읍시,신태인읍,구석리,용호천,2.0,7.6,14.0,0.5,4.6,2.2,3.140,0.047
2018,12,전라북도,정읍시,옹동면,산성리,동진강1,12.6,8.2,10.7,1.2,3.8,1.7,1.962,0.015
2018,12,전라북도,김제시,성덕면,남포리,신평천,6.1,7.8,11.9,4.8,16.1,27.1,13.234,0.498
2018,12,전라북도,김제시,죽산면,대창리,원평천3,5.7,7.9,12.6,2.0,7.0,14.1,3.368,0.111
2018,12,전라북도,김제시,봉남면,용신리,원평천1,11.5,7.9,11.1,1.5,5.3,13.5,3.172,0.030
2018,12,전라북도,김제시,죽산면,죽산리,원평천2,6.9,8.2,11.3,3.7,16.4,38.8,9.957,0.480
2018,12,전라북도,정읍시,공평동,,정읍천3,3.2,7.6,13.8,0.7,3.5,1.6,2.274,0.026
2018,12,전라북도,정읍시,송산동,,정읍천1,4.6,8.3,13.3,0.6,2.1,0.7,1.450,0.015
2018,12,전라북도,정읍시,연지동,,정읍천2,3.2,7.9,13.6,0.5,2.6,3.2,2.104,0.030
2018,12,전라북도,정읍시,이평면,하송리,정읍천4,8.9,7.6,13.2,2.6,8.0,4.9,6.707,0.059
2018,12,전라북도,정읍시,하모동,,천원천,2.6,7.5,13.9,0.9,3.4,3.8,2.794,0.040
2018,12,전라북도,김제시,백구면,마산리,마산천,11.4,7.8,11.2,7.3,11.7,55.5,8.422,0.159
2018,12,전라북도,완주군,삼례읍,,삼례,6.8,8.0,11.4,2.3,8.4,2.8,8.009,0.093
2018,12,전라북도,익산시,춘포면,인수리,익산천1,1.1,7.9,13.9,1.0,7.3,2.8,7.711,0.194
2018,12,전라북도,익산시,춘포면,인수리,익산천2,1.7,7.9,14.2,1.3,7.4,2.7,4.160,0.096
2018,12,전라북도,군산시,대야면,광교리,탑천,5.7,7.7,12.5,2.9,6.8,11.8,5.711,0.119
2018,12,전라북도,김제시,백구면,백구리,김제,7.9,7.7,12.9,5.5,9.0,7.1,7.929,0.134
2018,12,전라북도,김제시,백구면,월봉리,용암천,10.6,7.9,9.8,7.3,13.1,24.5,10.588,0.133
2018,12,전라북도,전주시완산구,서신동,,삼천3,8.8,7.7,11.5,1.7,6.0,6.0,2.247,0.077
2018,12,전라북도,전주시완산구,평화동3가,,삼천1,8.5,7.5,12.4,1.0,4.5,4.0,2.747,0.055
2018,12,전라북도,전주시완산구,효자동2가,,삼천2,8.6,7.5,12.2,1.4,5.5,5.7,2.193,0.062
2018,12,전라북도,완주군,소양면,황운리,소양천1,12.4,7.8,10.8,0.7,2.1,1.5,2.642,0.017
2018,12,전라북도,완주군,용진읍,상운리,소양천2,11.0,7.8,12.1,1.2,2.8,2.2,4.598,0.033
2018,12,전라북도,익산시,춘포면,용연리,익산천3,1.1,7.8,14.2,1.1,8.4,4.4,4.213,0.070
2018,12,전라북도,전주시덕진구,고랑동,,전주천7,13.9,7.4,9.3,4.2,12.6,2.7,10.598,0.097
2018,12,전라북도,전주시덕진구,전미동1가,,전주,6.4,7.8,14.4,1.9,4.4,3.4,3.334,0.137
2018,12,전라북도,전주시완산구,대성동,,전주천1,9.9,7.8,12.6,0.5,1.4,0.6,2.196,0.008
2018,12,전라북도,완주군,고산면,읍내리,고산,3.6,8.4,12.9,0.6,3.3,0.2,2.992,0.015
2018,12,전라북도,무주군,무주읍,대차리,무주남대천2,4.8,8.1,13.1,0.6,3.5,0.6,2.372,0.017
2018,12,전라북도,무주군,무주읍,읍내리,무주남대천1,3.4,8.2,13.2,0.3,3.3,0.2,2.382,0.014
2018,12,전라북도,무주군,무주읍,읍내리,무주남대천3,4.7,7.9,13.6,0.7,2.4,0.6,2.475,0.021
2018,12,전라북도,부안군,상서면,청림리,백천내,9.2,7.0,10.7,0.8,1.6,0.4,1.593,0.005
2018,12,전라북도,무주군,안성면,진도리,구량천,5.3,7.8,13.1,2.1,4.7,14.5,2.904,0.040
2018,12,전라북도,진안군,정천면,월평리,정자천,6.1,7.8,12.7,0.4,1.7,0.7,2.223,0.019
2018,12,전라북도,진안군,진안읍,운산리,진안천,12.8,8.0,11.2,1.8,3.6,8.4,2.741,0.039
2018,12,전라북도,진안군,진안읍,가막리,가막,5.0,7.7,13.6,0.8,2.8,1.8,3.668,0.018
2018,12,전라북도,무주군,무주읍,용포리,용포,7.4,8.6,11.7,0.4,5.2,0.6,1.358,0.020
2018,12,전라북도,진안군,용담면,송풍리,용담,9.9,7.5,10.8,0.6,4.0,1.2,1.644,0.021
2018,12,전라북도,남원시,운봉읍,,람천2,4.4,8.6,14.2,0.5,3.1,0.2,2.068,0.027
2018,12,전라북도,남원시,인월면,중군리,람천1,5.2,8.7,14.6,0.5,3.0,0.4,3.213,0.044
2018,12,전라북도,임실군,관촌면,방수리,관촌,4.5,7.5,13.7,0.6,2.2,1.2,1.942,0.016
2018,12,전라북도,임실군,운암면,학암리,운암,8.6,8.5,11.3,3.0,9.4,4.7,1.879,0.061
2018,12,전라북도,정읍시,산내면,매죽리,추령천,4.9,7.6,13.8,0.6,2.2,0.6,2.479,0.012
2018,12,전라북도,임실군,강진면,용수리,임실,7.3,7.5,11.3,0.6,5.1,1.1,1.633,0.014
2018,12,전라북도,순창군,동계면,구미리,동계,4.3,8.9,12.8,0.4,3.3,0.1,1.734,0.005
2018,12,전라북도,순창군,구림면,안정리,치천,3.2,7.8,14.4,0.6,2.1,0.6,2.028,0.010
2018,12,전라북도,남원시,대강면,풍산리,수홍천,5.4,7.6,13.4,0.7,2.4,1.1,2.938,0.023
2018,12,전라북도,순창군,유등면,유촌리,옥택천,4.8,7.5,13.2,0.6,2.5,0.6,2.019,0.022
2018,12,전라북도,순창군,적성면,고원리,적성,5.5,8.8,12.4,0.7,3.9,0.2,1.810,0.011
2018,12,전라북도,남원시,금지면,귀석리,남원,3.8,8.9,13.6,0.9,3.1,0.1,1.952,0.013
2018,12,전라북도,남원시,대강면,월탄리,대강,5.0,7.5,13.1,0.8,3.3,3.4,1.952,0.023
2018,12,전라북도,장수군,산서면,사상리,오수천1,5.6,7.5,12.1,0.6,2.2,3.2,2.392,0.029
2018,12,전라북도,남원시,덕과면,사율리,율천,5.9,7.4,12.0,1.0,3.9,10.8,2.307,0.086
2018,12,전라북도,남원시,사매면,서도리,월평천,5.7,7.2,12.5,1.8,4.5,13.1,3.459,0.066
2018,12,전라북도,순창군,동계면,서호리,오수천2,5.1,7.5,13.1,1.1,3.5,2.8,2.181,0.028
2018,12,전라북도,임실군,삼계면,후천리,후곡천,4.2,7.4,13.5,0.9,3.1,1.0,1.690,0.020
2018,12,전라북도,남원시,산동면,월석리,요천1,4.7,7.8,11.7,0.5,2.0,1.2,1.981,0.015
2018,12,전라북도,남원시,금지면,창산리,요천2,4.4,8.5,13.3,0.7,3.2,1.5,4.024,0.028
2018,12,전라북도,남원시,송동면,세전리,요천3,6.7,7.6,14.0,1.4,4.1,3.6,3.368,0.031
2018,12,전라북도,고창군,아산면,구암리,주진천1,6.1,8.4,12.9,2.0,7.5,8.1,4.865,0.047
2018,12,전라북도,고창군,아산면,반암리,주진천2,5.4,8.2,13.3,1.8,10.1,24.2,4.100,0.052
2019,01,전라북도,익산시,성당면,부곡리,산북천,3.1,7.9,14.0,5.0,8.4,13.6,8.513,0.871
2019,01,전라북도,익산시,망성면,무형리,마산천,2.3,8.1,14.3,2.3,4.3,10.1,5.498,0.274
2019,01,전라북도,부안군,동진면,하장리,고부천2,5.7,8.4,12.7,2.0,6.9,28.4,4.027,0.175
2019,01,전라북도,부안군,동진면,하장리,고부천3,4.0,7.5,15.1,2.3,6.6,21.9,4.433,0.194
2019,01,전라북도,정읍시,영원면,앵성리,고부천1,5.1,8.2,12.4,1.4,6.1,28.4,4.475,0.174
2019,01,전라북도,김제시,부량면,옥정리,동진강3,3.4,7.9,13.6,3.9,8.0,10.5,6.645,0.091
2019,01,전라북도,정읍시,신태인읍,,동진강2,1.5,8.3,14.3,0.9,4.8,2.4,4.653,0.081
2019,01,전라북도,정읍시,신태인읍,구석리,용호천,3.8,7.9,13.1,1.5,6.6,6.0,4.289,0.069
2019,01,전라북도,정읍시,옹동면,산성리,동진강1,3.4,8.8,13.5,0.6,4.2,1.3,1.731,0.015
2019,01,전라북도,김제시,성덕면,남포리,신평천,1.4,8.7,13.7,1.4,8.0,23.4,8.184,0.104
2019,01,전라북도,김제시,죽산면,대창리,원평천3,3.8,7.8,15.8,2.5,6.7,15.2,3.924,0.163
2019,01,전라북도,김제시,봉남면,용신리,원평천1,1.8,8.1,14.4,1.2,5.3,2.8,3.961,0.039
2019,01,전라북도,김제시,죽산면,죽산리,원평천2,0.9,9.1,15.0,1.5,7.5,8.1,4.187,0.107
2019,01,전라북도,정읍시,공평동,,정읍천3,5.6,7.9,13.9,1.1,3.5,2.6,2.486,0.017
2019,01,전라북도,정읍시,송산동,,정읍천1,5.0,8.3,13.1,0.4,2.0,1.6,1.242,0.010
2019,01,전라북도,정읍시,연지동,,정읍천2,4.5,8.0,13.2,1.3,3.4,4.6,2.656,0.033
2019,01,전라북도,정읍시,이평면,하송리,정읍천4,5.0,7.7,13.5,2.5,8.8,6.4,9.091,0.094
2019,01,전라북도,정읍시,하모동,,천원천,4.5,7.5,13.2,0.9,3.9,6.0,2.722,0.037
2019,01,전라북도,김제시,백구면,마산리,마산천,0.6,8.1,13.7,2.8,5.7,47.3,6.938,0.224
2019,01,전라북도,완주군,삼례읍,,삼례,4.9,7.9,12.4,2.4,10.8,5.1,9.363,0.073
2019,01,전라북도,익산시,춘포면,인수리,익산천1,0.3,8.0,15.0,1.0,4.7,3.5,4.387,0.092
2019,01,전라북도,익산시,춘포면,인수리,익산천2,0.1,8.0,14.9,1.0,5.4,3.6,4.413,0.084
2019,01,전라북도,군산시,대야면,광교리,탑천,3.8,7.5,12.2,3.1,7.4,9.7,7.136,0.176
2019,01,전라북도,김제시,백구면,백구리,김제,5.1,7.9,13.7,6.1,10.5,14.0,8.551,0.132
2019,01,전라북도,김제시,백구면,월봉리,용암천,1.9,8.1,13.7,2.7,8.0,7.2,9.091,0.157
2019,01,전라북도,전주시완산구,서신동,,삼천3,2.1,7.8,12.9,1.1,3.9,2.2,3.491,0.087
2019,01,전라북도,전주시완산구,평화동3가,,삼천1,5.1,8.2,12.2,1.0,3.6,7.6,4.034,0.126
2019,01,전라북도,전주시완산구,효자동2가,,삼천2,3.2,8.0,12.7,1.2,4.1,4.6,3.617,0.092
2019,01,전라북도,완주군,소양면,황운리,소양천1,2.5,8.0,13.2,0.5,1.8,0.6,3.201,0.007
2019,01,전라북도,완주군,용진읍,상운리,소양천2,3.2,7.9,13.7,0.9,2.7,1.2,5.371,0.045
2019,01,전라북도,익산시,춘포면,용연리,익산천3,0.1,8.0,15.1,1.2,5.3,3.4,4.111,0.083
2019,01,전라북도,전주시덕진구,고랑동,,전주천7,12.0,7.4,9.2,4.5,15.4,4.0,14.550,0.209
2019,01,전라북도,전주시덕진구,전미동1가,,전주,3.4,8.4,14.3,4.1,7.9,8.9,3.259,0.361
2019,01,전라북도,전주시완산구,대성동,,전주천1,4.8,8.0,12.6,0.5,1.0,0.4,2.178,0.006
2019,01,전라북도,완주군,고산면,읍내리,고산,1.2,8.8,18.3,0.5,3.4,0.6,2.280,0.000
2019,01,전라북도,무주군,무주읍,대차리,무주남대천2,4.1,8.3,14.6,0.6,2.8,1.6,3.082,0.015
2019,01,전라북도,무주군,무주읍,읍내리,무주남대천1,2.5,8.2,13.9,0.3,1.9,1.1,2.995,0.000
2019,01,전라북도,무주군,무주읍,읍내리,무주남대천3,1.5,7.6,14.5,0.6,2.4,0.6,3.125,0.019
2019,01,전라북도,부안군,상서면,청림리,백천내,6.5,6.8,11.3,1.0,1.4,0.1,1.799,0.005
2019,01,전라북도,무주군,안성면,진도리,구량천,0.2,7.9,14.6,0.5,2.4,1.1,3.495,0.012
2019,01,전라북도,진안군,정천면,월평리,정자천,0.8,7.5,14.2,0.4,1.9,0.9,2.251,0.007
2019,01,전라북도,진안군,진안읍,운산리,진안천,4.4,6.7,13.0,1.4,2.3,3.2,3.045,0.025
2019,01,전라북도,진안군,진안읍,가막리,가막,0.6,7.9,14.5,0.6,2.9,0.9,4.525,0.033
2019,01,전라북도,무주군,무주읍,용포리,용포,4.5,8.4,13.3,0.2,3.5,1.3,1.310,0.000
2019,01,전라북도,진안군,용담면,송풍리,용담,5.6,7.4,12.4,0.6,3.8,0.7,1.477,0.018
2019,01,전라북도,남원시,운봉읍,,람천2,1.5,8.3,14.5,0.5,2.5,0.7,2.253,0.010
2019,01,전라북도,남원시,인월면,중군리,람천1,2.7,8.7,14.7,0.7,3.4,1.4,3.291,0.014
2019,01,전라북도,임실군,관촌면,방수리,관촌,3.3,8.2,16.9,0.6,2.1,0.8,2.176,0.011
2019,01,전라북도,임실군,운암면,학암리,운암,0.0,8.8,15.0,4.4,6.1,3.4,1.675,0.025
2019,01,전라북도,정읍시,산내면,매죽리,추령천,4.7,8.0,15.7,0.8,2.5,0.5,2.749,0.009
2019,01,전라북도,임실군,강진면,용수리,임실,5.8,8.2,14.0,0.5,3.8,0.8,1.628,0.010
2019,01,전라북도,순창군,동계면,구미리,동계,3.0,8.7,13.6,0.1,3.8,0.7,1.540,0.005
2019,01,전라북도,순창군,구림면,안정리,치천,0.2,7.6,15.3,0.6,2.1,0.5,2.279,0.006
2019,01,전라북도,남원시,대강면,풍산리,수홍천,1.6,7.4,14.0,0.5,1.8,1.3,3.212,0.013
2019,01,전라북도,순창군,유등면,유촌리,옥택천,0.8,7.2,13.8,0.6,2.2,0.6,2.211,0.008
2019,01,전라북도,순창군,적성면,고원리,적성,4.4,8.5,13.3,0.4,3.3,1.2,1.928,0.005
2019,01,전라북도,남원시,금지면,귀석리,남원,1.6,8.7,16.0,0.7,3.9,1.6,2.104,0.014
2019,01,전라북도,남원시,대강면,월탄리,대강,3.0,7.7,14.6,0.8,3.3,1.8,2.091,0.016
2019,01,전라북도,장수군,산서면,사상리,오수천1,2.8,7.5,14.0,0.6,2.0,1.3,2.571,0.017
2019,01,전라북도,남원시,덕과면,사율리,율천,3.2,7.6,14.0,0.8,2.6,1.4,2.517,0.066
2019,01,전라북도,남원시,사매면,서도리,월평천,3.1,7.5,14.2,2.6,5.6,3.1,3.653,0.067
2019,01,전라북도,순창군,동계면,서호리,오수천2,3.6,7.8,14.8,1.0,3.0,0.9,2.440,0.020
2019,01,전라북도,임실군,삼계면,후천리,후곡천,1.9,7.9,15.4,0.7,2.3,0.6,1.847,0.015
2019,01,전라북도,남원시,산동면,월석리,요천1,2.2,7.7,14.4,0.8,2.0,0.9,2.223,0.017
2019,01,전라북도,남원시,금지면,창산리,요천2,1.4,8.1,14.3,0.6,4.1,1.4,4.462,0.019
2019,01,전라북도,남원시,송동면,세전리,요천3,3.6,7.7,13.5,1.1,4.3,3.1,4.358,0.025
2019,01,전라북도,고창군,아산면,구암리,주진천1,3.6,8.5,14.2,0.8,4.5,2.5,5.271,0.052
2019,01,전라북도,고창군,아산면,반암리,주진천2,2.2,8.2,13.8,1.1,4.8,5.3,4.778,0.022
2019,02,전라북도,익산시,성당면,부곡리,산북천,5.1,7.9,12.6,6.1,11.6,29.4,13.138,0.748
2019,02,전라북도,익산시,망성면,무형리,마산천,5.5,7.8,11.7,10.0,7.5,14.3,7.083,0.273
2019,02,전라북도,부안군,동진면,하장리,고부천2,3.5,7.0,14.2,2.5,9.1,30.8,5.126,0.185
2019,02,전라북도,부안군,동진면,하장리,고부천3,5.9,7.7,14.5,3.6,9.8,22.7,4.602,0.123
2019,02,전라북도,정읍시,영원면,앵성리,고부천1,4.4,7.2,13.9,2.1,7.8,41.6,4.954,0.202
2019,02,전라북도,김제시,부량면,옥정리,동진강3,5.5,7.6,13.1,2.8,7.3,17.0,6.328,0.099
2019,02,전라북도,정읍시,신태인읍,,동진강2,7.6,8.5,12.4,1.8,4.2,11.8,1.883,0.025
2019,02,전라북도,정읍시,신태인읍,구석리,용호천,3.3,7.3,13.1,3.7,12.5,20.0,4.767,0.314
2019,02,전라북도,정읍시,옹동면,산성리,동진강1,6.5,9.0,12.9,0.3,4.0,1.6,1.722,0.014
2019,02,전라북도,김제시,성덕면,남포리,신평천,5.1,8.9,14.5,3.4,12.0,19.6,4.923,0.112
2019,02,전라북도,김제시,죽산면,대창리,원평천3,5.8,8.0,14.6,4.1,10.3,40.9,3.567,0.155
2019,02,전라북도,김제시,봉남면,용신리,원평천1,7.2,8.3,12.6,3.7,9.2,10.4,3.281,0.040
2019,02,전라북도,김제시,죽산면,죽산리,원평천2,4.1,8.7,13.1,3.0,10.1,40.8,4.142,0.104
2019,02,전라북도,정읍시,공평동,,정읍천3,4.1,7.3,13.6,0.7,2.9,2.5,2.373,0.032
2019,02,전라북도,정읍시,송산동,,정읍천1,4.9,7.7,14.1,0.5,1.9,1.0,1.228,0.019
2019,02,전라북도,정읍시,연지동,,정읍천2,4.5,7.3,14.1,0.7,2.4,2.2,1.313,0.016
2019,02,전라북도,정읍시,이평면,하송리,정읍천4,7.3,7.7,12.8,4.3,9.2,18.1,6.232,0.102
2019,02,전라북도,정읍시,하모동,,천원천,4.0,7.2,13.5,0.8,3.0,5.3,2.579,0.032
2019,02,전라북도,김제시,백구면,마산리,마산천,1.5,8.0,14.3,5.2,10.0,70.2,6.274,0.231
2019,02,전라북도,완주군,삼례읍,,삼례,8.4,7.8,14.7,4.0,11.5,7.6,9.776,0.131
2019,02,전라북도,익산시,춘포면,인수리,익산천1,5.0,8.2,15.5,1.5,4.9,7.0,4.302,0.127
2019,02,전라북도,익산시,춘포면,인수리,익산천2,5.4,8.0,15.3,1.6,5.7,4.9,4.129,0.143
2019,02,전라북도,군산시,대야면,광교리,탑천,5.9,7.6,13.1,3.7,7.8,19.4,6.639,0.160
2019,02,전라북도,김제시,백구면,백구리,김제,7.6,7.9,13.2,6.1,12.3,20.4,8.310,0.151
2019,02,전라북도,김제시,백구면,월봉리,용암천,2.3,7.9,13.5,3.6,12.3,36.5,17.072,0.231
2019,02,전라북도,전주시완산구,서신동,,삼천3,4.6,8.0,13.6,1.5,4.9,3.3,3.283,0.079
2019,02,전라북도,전주시완산구,평화동3가,,삼천1,3.9,7.8,14.0,0.6,2.9,3.3,3.634,0.055
2019,02,전라북도,전주시완산구,효자동2가,,삼천2,3.8,7.9,14.3,1.7,5.3,8.3,3.587,0.071
2019,02,전라북도,완주군,소양면,황운리,소양천1,3.8,7.9,13.3,0.3,1.5,0.6,3.486,0.025
2019,02,전라북도,완주군,용진읍,상운리,소양천2,3.5,8.0,13.1,0.4,2.5,2.1,3.893,0.032
2019,02,전라북도,익산시,춘포면,용연리,익산천3,6.2,8.1,14.9,1.7,5.4,5.3,3.960,0.093
2019,02,전라북도,전주시덕진구,고랑동,,전주천7,11.2,7.2,8.3,6.5,15.2,7.4,12.694,0.156
2019,02,전라북도,전주시덕진구,전미동1가,,전주,4.9,8.1,13.3,4.4,6.5,7.6,3.142,0.200
2019,02,전라북도,전주시완산구,대성동,,전주천1,5.5,8.4,14.1,0.4,1.2,0.5,2.246,0.017
2019,02,전라북도,완주군,고산면,읍내리,고산,4.5,8.8,13.8,0.8,4.5,1.0,2.511,0.006
2019,02,전라북도,무주군,무주읍,대차리,무주남대천2,7.7,8.6,12.5,0.8,2.8,0.9,2.524,0.019
2019,02,전라북도,무주군,무주읍,읍내리,무주남대천1,7.5,8.3,12.1,1.0,2.7,0.7,2.506,0.008
2019,02,전라북도,무주군,무주읍,읍내리,무주남대천3,2.5,7.7,15.9,0.6,2.2,0.8,3.064,0.017
2019,02,전라북도,부안군,상서면,청림리,백천내,5.6,7.2,11.5,1.1,1.8,0.1,1.725,0.005
2019,02,전라북도,무주군,안성면,진도리,구량천,2.2,7.8,14.1,0.4,2.6,1.2,3.055,0.021
2019,02,전라북도,진안군,정천면,월평리,정자천,3.2,7.8,13.6,0.3,2.0,2.3,2.368,0.021
2019,02,전라북도,진안군,진안읍,운산리,진안천,5.3,6.1,13.0,1.7,2.8,2.8,3.179,0.040
2019,02,전라북도,진안군,진안읍,가막리,가막,1.8,7.8,14.0,0.6,3.8,2.0,4.188,0.036
2019,02,전라북도,무주군,무주읍,용포리,용포,7.0,8.9,12.1,0.4,3.6,1.3,1.319,0.009
2019,02,전라북도,진안군,용담면,송풍리,용담,5.3,7.4,12.2,0.4,4.0,0.6,1.478,0.011
2019,02,전라북도,남원시,운봉읍,,람천2,3.6,8.4,13.2,0.8,2.6,1.0,2.290,0.020
2019,02,전라북도,남원시,인월면,중군리,람천1,4.9,8.5,13.9,0.9,4.1,1.2,3.329,0.040
2019,02,전라북도,임실군,관촌면,방수리,관촌,3.9,7.6,12.5,1.0,2.5,4.8,2.083,0.019
2019,02,전라북도,임실군,운암면,학암리,운암,3.9,7.9,13.4,1.3,3.8,1.4,2.179,0.014
2019,02,전라북도,정읍시,산내면,매죽리,추령천,3.2,8.0,12.4,0.8,2.1,0.6,2.234,0.008
2019,02,전라북도,임실군,강진면,용수리,임실,4.4,7.8,11.3,0.9,3.9,1.7,1.538,0.008
2019,02,전라북도,순창군,동계면,구미리,동계,4.8,8.9,12.7,1.2,3.4,1.0,1.560,0.007
2019,02,전라북도,순창군,구림면,안정리,치천,2.4,7.7,15.7,0.6,2.2,0.7,2.107,0.011
2019,02,전라북도,남원시,대강면,풍산리,수홍천,3.1,7.5,15.0,0.5,1.9,0.7,2.942,0.014
2019,02,전라북도,순창군,유등면,유촌리,옥택천,2.7,7.7,15.3,0.6,2.4,0.7,2.171,0.016
2019,02,전라북도,순창군,적성면,고원리,적성,6.4,8.3,12.4,1.5,4.1,1.6,1.909,0.013
2019,02,전라북도,남원시,금지면,귀석리,남원,8.1,8.1,11.5,1.3,3.8,1.2,1.868,0.019
2019,02,전라북도,남원시,대강면,월탄리,대강,3.7,7.4,14.4,1.2,3.5,1.4,2.006,0.016
2019,02,전라북도,장수군,산서면,사상리,오수천1,4.0,7.5,15.7,0.7,2.3,3.5,2.488,0.023
2019,02,전라북도,남원시,덕과면,사율리,율천,4.4,7.5,15.0,0.9,3.0,2.8,2.441,0.083
2019,02,전라북도,남원시,사매면,서도리,월평천,5.0,7.4,15.5,2.0,4.7,3.2,3.407,0.063
2019,02,전라북도,순창군,동계면,서호리,오수천2,4.2,7.5,15.0,1.3,3.5,2.1,2.347,0.024
2019,02,전라북도,임실군,삼계면,후천리,후곡천,2.6,7.6,16.0,0.6,2.9,0.8,1.711,0.020
2019,02,전라북도,남원시,산동면,월석리,요천1,2.0,7.6,14.3,0.7,2.1,1.5,2.209,0.008
2019,02,전라북도,남원시,금지면,창산리,요천2,8.5,8.3,10.9,2.1,4.9,4.1,4.246,0.030
2019,02,전라북도,남원시,송동면,세전리,요천3,6.4,7.7,13.2,1.9,4.7,4.2,3.937,0.033
2019,02,전라북도,고창군,아산면,구암리,주진천1,3.7,8.5,13.1,2.3,6.5,5.0,6.151,0.277
2019,02,전라북도,고창군,아산면,반암리,주진천2,2.2,8.7,13.4,2.1,5.9,12.3,4.699,0.055
2019,03,전라북도,익산시,성당면,부곡리,산북천,10.6,7.9,11.2,7.1,12.3,43.2,9.018,0.527
2019,03,전라북도,익산시,망성면,무형리,마산천,5.5,8.0,13.2,5.8,9.2,16.5,6.127,0.360
2019,03,전라북도,부안군,동진면,하장리,고부천2,9.0,8.5,12.9,4.5,8.8,16.8,3.554,0.058
2019,03,전라북도,부안군,동진면,하장리,고부천3,9.4,8.7,13.9,3.8,9.7,11.1,3.758,0.107
2019,03,전라북도,정읍시,영원면,앵성리,고부천1,8.5,8.4,12.5,2.0,4.8,7.8,1.780,0.025
2019,03,전라북도,김제시,부량면,옥정리,동진강3,10.1,7.8,12.3,2.4,7.3,11.6,4.323,0.157
2019,03,전라북도,정읍시,신태인읍,,동진강2,10.5,8.1,11.7,1.5,4.7,13.6,2.617,0.052
2019,03,전라북도,정읍시,신태인읍,구석리,용호천,7.7,8.1,11.8,2.1,7.0,6.7,2.394,0.111
2019,03,전라북도,정읍시,옹동면,산성리,동진강1,11.3,8.3,11.4,0.7,3.4,1.7,1.696,0.018
2019,03,전라북도,김제시,성덕면,남포리,신평천,8.5,8.8,12.3,5.1,17.4,25.6,5.601,0.043
2019,03,전라북도,김제시,죽산면,대창리,원평천3,9.6,9.0,15.6,6.4,12.0,35.5,2.905,0.179
2019,03,전라북도,김제시,봉남면,용신리,원평천1,16.2,8.7,13.1,1.7,6.7,6.8,2.186,0.035
2019,03,전라북도,김제시,죽산면,죽산리,원평천2,9.4,9.4,13.3,4.2,14.9,23.7,2.779,0.043
2019,03,전라북도,정읍시,공평동,,정읍천3,10.2,7.8,11.4,2.1,5.0,8.9,2.157,0.053
2019,03,전라북도,정읍시,송산동,,정읍천1,8.1,7.8,11.9,0.7,2.8,1.4,1.224,0.016
2019,03,전라북도,정읍시,연지동,,정읍천2,8.8,7.7,13.3,1.2,3.5,1.8,1.809,0.032
2019,03,전라북도,정읍시,이평면,하송리,정읍천4,10.9,7.6,11.1,4.1,9.7,13.4,7.457,0.194
2019,03,전라북도,정읍시,하모동,,천원천,9.5,7.6,12.0,1.7,5.3,5.4,2.486,0.058
2019,03,전라북도,김제시,백구면,마산리,마산천,10.1,8.0,15.0,5.8,8.9,87.5,7.176,0.546
2019,03,전라북도,완주군,삼례읍,,삼례,11.4,7.8,8.7,4.7,13.2,7.4,11.332,0.089
2019,03,전라북도,익산시,춘포면,인수리,익산천1,8.0,7.9,11.6,2.5,6.3,8.8,5.485,0.156
2019,03,전라북도,익산시,춘포면,인수리,익산천2,8.4,7.8,11.6,2.7,7.2,8.7,5.722,0.161
2019,03,전라북도,군산시,대야면,광교리,탑천,10.0,7.8,10.6,6.4,10.4,19.6,6.537,0.219
2019,03,전라북도,김제시,백구면,백구리,김제,11.8,8.1,12.9,6.5,13.2,19.7,8.169,0.240
2019,03,전라북도,김제시,백구면,월봉리,용암천,9.3,8.0,10.9,10.0,14.1,68.0,11.909,0.403
2019,03,전라북도,전주시완산구,서신동,,삼천3,10.4,7.5,10.0,2.9,5.2,7.2,2.700,0.072
2019,03,전라북도,전주시완산구,평화동3가,,삼천1,11.5,7.8,12.5,1.2,3.0,7.1,2.738,0.054
2019,03,전라북도,전주시완산구,효자동2가,,삼천2,10.8,7.4,13.6,1.9,4.5,10.3,2.638,0.053
2019,03,전라북도,완주군,소양면,황운리,소양천1,10.0,7.8,12.6,0.7,1.5,3.9,2.922,0.018
2019,03,전라북도,완주군,용진읍,상운리,소양천2,11.5,7.9,11.7,1.4,2.5,4.0,3.253,0.033
2019,03,전라북도,익산시,춘포면,용연리,익산천3,8.7,7.8,11.1,2.7,7.6,11.3,5.265,0.113
2019,03,전라북도,전주시덕진구,고랑동,,전주천7,15.0,7.3,8.1,6.7,15.9,6.9,12.673,0.229
2019,03,전라북도,전주시덕진구,전미동1가,,전주,10.1,9.0,14.8,8.8,11.7,19.6,1.915,0.277
2019,03,전라북도,전주시완산구,대성동,,전주천1,9.9,7.6,13.1,0.5,1.0,1.0,2.239,0.014
2019,03,전라북도,완주군,고산면,읍내리,고산,8.1,8.7,12.0,0.9,3.5,1.2,1.923,0.010
2019,03,전라북도,무주군,무주읍,대차리,무주남대천2,10.0,8.7,11.8,0.9,3.0,1.1,2.302,0.009
2019,03,전라북도,무주군,무주읍,읍내리,무주남대천1,9.4,8.6,11.2,1.9,2.9,1.0,2.124,0.015
2019,03,전라북도,무주군,무주읍,읍내리,무주남대천3,9.0,8.0,12.3,1.0,3.0,2.0,2.323,0.045
2019,03,전라북도,부안군,상서면,청림리,백천내,9.8,6.6,10.6,1.0,1.2,0.0,1.697,0.004
2019,03,전라북도,무주군,안성면,진도리,구량천,6.6,8.0,12.7,1.1,3.4,10.3,2.439,0.058
2019,03,전라북도,진안군,정천면,월평리,정자천,8.1,7.8,12.1,0.5,2.2,1.3,2.253,0.036
2019,03,전라북도,진안군,진안읍,운산리,진안천,12.0,7.3,12.5,2.2,3.8,5.2,2.702,0.065
2019,03,전라북도,진안군,진안읍,가막리,가막,8.4,7.9,12.4,1.2,3.7,3.7,3.934,0.040
2019,03,전라북도,무주군,무주읍,용포리,용포,8.2,8.9,11.5,0.8,4.0,1.0,1.356,0.018
2019,03,전라북도,진안군,용담면,송풍리,용담,7.6,7.5,12.1,0.7,4.1,0.9,1.670,0.035
2019,03,전라북도,남원시,운봉읍,,람천2,9.6,9.0,11.7,1.0,2.7,1.8,1.742,0.017
2019,03,전라북도,남원시,인월면,중군리,람천1,10.0,9.1,12.7,1.9,4.4,3.2,2.804,0.045
2019,03,전라북도,임실군,관촌면,방수리,관촌,9.1,7.7,10.4,1.2,2.6,2.3,1.692,0.023
2019,03,전라북도,임실군,운암면,학암리,운암,8.9,8.8,11.6,1.9,3.2,2.1,2.085,0.008
2019,03,전라북도,정읍시,산내면,매죽리,추령천,9.7,7.4,10.6,1.3,3.0,2.3,2.034,0.021
2019,03,전라북도,임실군,강진면,용수리,임실,7.9,7.3,10.0,1.0,4.0,2.4,1.502,0.019
2019,03,전라북도,순창군,동계면,구미리,동계,11.0,8.0,11.1,1.4,4.1,2.0,1.461,0.008
2019,03,전라북도,순창군,구림면,안정리,치천,8.4,7.6,12.3,1.3,2.9,2.3,1.775,0.018
2019,03,전라북도,남원시,대강면,풍산리,수홍천,8.2,7.4,11.8,1.7,3.6,8.2,2.612,0.063
2019,03,전라북도,순창군,유등면,유촌리,옥택천,8.0,7.4,11.1,1.4,3.2,2.2,1.964,0.029
2019,03,전라북도,순창군,적성면,고원리,적성,10.5,8.2,10.8,1.8,3.9,2.3,1.564,0.015
2019,03,전라북도,남원시,금지면,귀석리,남원,9.8,8.8,12.2,1.0,4.4,3.2,1.634,0.026
2019,03,전라북도,남원시,대강면,월탄리,대강,10.7,7.7,11.1,1.7,3.9,3.6,1.564,0.031
2019,03,전라북도,장수군,산서면,사상리,오수천1,9.2,7.2,10.7,1.6,3.1,5.4,2.168,0.037
2019,03,전라북도,남원시,덕과면,사율리,율천,9.6,7.3,10.9,1.6,3.1,4.2,1.820,0.072
2019,03,전라북도,남원시,사매면,서도리,월평천,10.0,7.2,10.7,3.3,5.0,19.9,2.912,0.114
2019,03,전라북도,순창군,동계면,서호리,오수천2,11.7,8.0,11.7,2.1,4.2,7.9,1.781,0.039
2019,03,전라북도,임실군,삼계면,후천리,후곡천,9.7,7.3,11.3,1.7,3.6,2.9,1.533,0.044
2019,03,전라북도,남원시,산동면,월석리,요천1,8.6,8.2,12.0,1.1,2.4,2.9,2.119,0.020
2019,03,전라북도,남원시,금지면,창산리,요천2,9.3,8.4,11.5,1.4,4.3,2.8,3.104,0.036
2019,03,전라북도,남원시,송동면,세전리,요천3,10.9,7.4,12.2,2.2,4.7,5.0,3.587,0.046
2019,03,전라북도,고창군,아산면,구암리,주진천1,10.4,8.8,11.2,2.5,6.7,11.6,2.327,0.064
2019,03,전라북도,고창군,아산면,반암리,주진천2,9.3,8.1,11.0,1.9,6.6,18.2,2.203,0.064
2019,04,전라북도,익산시,성당면,부곡리,산북천,13.2,8.2,9.5,7.6,12.2,45.8,7.021,0.404
2019,04,전라북도,익산시,망성면,무형리,마산천,18.5,8.3,10.4,10.6,11.1,161.5,5.657,0.449
2019,04,전라북도,부안군,동진면,하장리,고부천2,14.0,8.5,11.9,3.9,8.9,9.0,2.829,0.050
2019,04,전라북도,부안군,동진면,하장리,고부천3,14.0,8.4,11.7,4.7,9.3,11.4,3.019,0.208
2019,04,전라북도,정읍시,영원면,앵성리,고부천1,14.0,8.3,10.8,3.6,7.6,17.0,1.593,0.054
2019,04,전라북도,김제시,부량면,옥정리,동진강3,13.6,8.2,10.8,4.9,9.6,16.7,4.205,0.205
2019,04,전라북도,정읍시,신태인읍,,동진강2,14.1,8.8,12.8,2.9,11.3,20.6,4.269,0.120
2019,04,전라북도,정읍시,신태인읍,구석리,용호천,14.2,8.4,10.0,2.4,8.6,12.9,2.069,0.384
2019,04,전라북도,정읍시,옹동면,산성리,동진강1,12.4,8.1,10.9,0.2,3.1,1.7,1.882,0.014
2019,04,전라북도,김제시,성덕면,남포리,신평천,13.8,8.9,8.7,2.3,16.1,42.1,5.604,0.120
2019,04,전라북도,김제시,죽산면,대창리,원평천3,13.4,8.6,11.4,4.1,9.1,11.7,2.583,0.184
2019,04,전라북도,김제시,봉남면,용신리,원평천1,15.7,8.9,12.4,4.6,10.8,21.9,3.282,0.059
2019,04,전라북도,김제시,죽산면,죽산리,원평천2,13.9,9.5,9.8,3.4,9.0,18.0,2.534,0.059
2019,04,전라북도,정읍시,공평동,,정읍천3,14.5,9.0,14.2,7.8,5.2,16.0,0.931,0.044
2019,04,전라북도,정읍시,송산동,,정읍천1,11.7,7.7,11.6,0.5,3.0,2.9,0.794,0.014
2019,04,전라북도,정읍시,연지동,,정읍천2,14.2,8.1,13.2,1.2,3.6,3.3,1.042,0.021
2019,04,전라북도,정읍시,이평면,하송리,정읍천4,12.8,7.8,10.5,5.3,9.8,34.7,5.532,0.244
2019,04,전라북도,정읍시,하모동,,천원천,15.3,8.3,11.0,5.8,5.9,19.7,1.460,0.059
2019,04,전라북도,김제시,백구면,마산리,마산천,17.9,8.3,12.6,7.8,15.4,138.8,7.301,0.435
2019,04,전라북도,완주군,삼례읍,,삼례,17.1,7.7,9.4,3.5,10.2,8.4,5.874,0.110
2019,04,전라북도,익산시,춘포면,인수리,익산천1,15.7,7.9,9.8,1.9,7.3,25.1,3.557,0.098
2019,04,전라북도,익산시,춘포면,인수리,익산천2,16.9,7.8,10.2,2.6,9.1,17.4,3.227,0.128
2019,04,전라북도,군산시,대야면,광교리,탑천,14.2,7.8,10.1,6.3,10.9,10.9,5.887,0.276
2019,04,전라북도,김제시,백구면,백구리,김제,15.2,7.8,10.9,6.5,12.5,25.3,6.232,0.276
2019,04,전라북도,김제시,백구면,월봉리,용암천,15.0,8.2,13.8,14.8,19.6,18.8,5.734,0.154
2019,04,전라북도,전주시완산구,서신동,,삼천3,11.8,8.0,10.8,2.7,6.4,6.2,2.063,0.084
2019,04,전라북도,전주시완산구,평화동3가,,삼천1,10.5,7.9,12.7,1.4,3.7,8.6,1.896,0.037
2019,04,전라북도,전주시완산구,효자동2가,,삼천2,11.1,8.0,13.0,2.3,5.1,18.8,2.092,0.079
2019,04,전라북도,완주군,소양면,황운리,소양천1,13.4,8.1,12.3,0.6,2.4,3.9,2.111,0.018
2019,04,전라북도,완주군,용진읍,상운리,소양천2,15.2,8.2,11.8,2.0,4.4,5.5,2.499,0.026
2019,04,전라북도,익산시,춘포면,용연리,익산천3,16.2,7.8,9.5,2.6,9.1,24.6,2.973,0.089
2019,04,전라북도,전주시덕진구,고랑동,,전주천7,16.5,7.7,6.7,7.1,14.2,8.5,8.650,0.366
2019,04,전라북도,전주시덕진구,전미동1가,,전주,14.4,8.3,11.9,5.7,9.6,20.4,1.642,0.346
2019,04,전라북도,전주시완산구,대성동,,전주천1,10.4,8.5,13.1,0.9,1.4,0.8,1.811,0.009
2019,04,전라북도,완주군,고산면,읍내리,고산,13.3,7.9,10.9,0.8,3.1,2.8,1.907,0.008
2019,04,전라북도,무주군,무주읍,대차리,무주남대천2,13.7,8.8,10.6,0.1,2.1,2.7,1.800,0.010
2019,04,전라북도,무주군,무주읍,읍내리,무주남대천1,15.5,8.7,11.2,0.1,1.5,2.0,1.455,0.007
2019,04,전라북도,무주군,무주읍,읍내리,무주남대천3,13.1,8.3,12.1,1.2,3.7,3.0,1.929,0.078
2019,04,전라북도,부안군,상서면,청림리,백천내,14.8,6.7,10.3,0.9,1.4,0.3,1.612,0.005
2019,04,전라북도,무주군,안성면,진도리,구량천,9.8,8.0,11.6,0.9,4.0,7.6,2.116,0.061
2019,04,전라북도,진안군,정천면,월평리,정자천,11.2,7.9,10.8,0.7,3.0,3.9,2.348,0.035
2019,04,전라북도,진안군,진안읍,운산리,진안천,14.2,6.9,12.7,1.9,4.0,3.2,3.273,0.075
2019,04,전라북도,진안군,진안읍,가막리,가막,12.1,8.0,12.3,1.5,4.3,8.4,3.232,0.085
2019,04,전라북도,무주군,무주읍,용포리,용포,14.1,9.0,10.4,0.3,3.1,2.9,1.322,0.008
2019,04,전라북도,진안군,용담면,송풍리,용담,10.7,7.6,12.0,0.9,4.1,1.5,1.538,0.045
2019,04,전라북도,남원시,운봉읍,,람천2,12.0,8.2,10.8,0.4,1.6,1.5,0.870,0.019
2019,04,전라북도,남원시,인월면,중군리,람천1,15.0,8.8,11.6,1.6,4.2,3.9,2.106,0.041
2019,04,전라북도,임실군,관촌면,방수리,관촌,12.3,7.8,10.5,1.1,3.0,5.4,1.839,0.043
2019,04,전라북도,임실군,운암면,학암리,운암,19.2,9.1,10.7,0.9,4.7,3.9,1.667,0.019
2019,04,전라북도,정읍시,산내면,매죽리,추령천,12.9,7.8,11.4,1.2,3.4,4.1,2.545,0.033
2019,04,전라북도,임실군,강진면,용수리,임실,12.0,7.6,10.1,0.8,3.8,1.4,1.466,0.024
2019,04,전라북도,순창군,동계면,구미리,동계,12.4,8.7,10.6,1.5,3.4,2.7,1.464,0.016
2019,04,전라북도,순창군,구림면,안정리,치천,11.5,7.5,11.8,1.2,3.0,3.2,1.993,0.021
2019,04,전라북도,남원시,대강면,풍산리,수홍천,10.7,7.4,11.6,1.6,4.7,30.6,2.322,0.118
2019,04,전라북도,순창군,유등면,유촌리,옥택천,10.9,7.2,11.1,1.3,3.4,1.6,1.666,0.035
2019,04,전라북도,순창군,적성면,고원리,적성,15.0,8.4,9.9,0.7,3.8,3.6,1.271,0.012
2019,04,전라북도,남원시,금지면,귀석리,남원,17.3,8.6,10.8,0.6,2.7,6.0,1.524,0.018
2019,04,전라북도,남원시,대강면,월탄리,대강,13.5,7.4,10.7,1.6,4.9,14.5,1.423,0.054
2019,04,전라북도,장수군,산서면,사상리,오수천1,11.2,7.3,11.4,1.1,3.4,7.9,2.123,0.040
2019,04,전라북도,남원시,덕과면,사율리,율천,12.0,7.4,11.5,1.6,4.3,9.3,1.876,0.094
2019,04,전라북도,남원시,사매면,서도리,월평천,11.6,7.2,11.1,1.8,4.8,6.0,2.610,0.074
2019,04,전라북도,순창군,동계면,서호리,오수천2,14.3,7.7,11.7,1.9,4.5,9.4,1.392,0.060
2019,04,전라북도,임실군,삼계면,후천리,후곡천,11.8,7.6,11.8,1.3,3.6,2.8,1.435,0.040
2019,04,전라북도,남원시,산동면,월석리,요천1,10.4,7.4,11.4,0.8,2.6,3.5,2.065,0.023
2019,04,전라북도,남원시,금지면,창산리,요천2,17.3,8.8,11.2,1.2,4.7,5.1,3.005,0.033
2019,04,전라북도,남원시,송동면,세전리,요천3,14.2,7.6,9.8,2.5,5.6,7.7,2.795,0.092
2019,04,전라북도,고창군,아산면,구암리,주진천1,16.8,8.8,12.5,3.8,8.5,14.0,3.026,0.091
2019,04,전라북도,고창군,아산면,반암리,주진천2,15.7,8.2,9.2,2.1,7.7,17.3,2.672,0.067
2019,05,전라북도,익산시,성당면,부곡리,산북천,21.6,8.4,9.8,7.3,14.3,19.1,3.975,0.197
2019,05,전라북도,익산시,망성면,무형리,마산천,21.6,8.9,13.4,8.8,14.8,72.0,6.339,0.179
2019,05,전라북도,부안군,동진면,하장리,고부천2,23.6,7.9,10.0,3.2,9.4,13.0,2.374,0.071
2019,05,전라북도,부안군,동진면,하장리,고부천3,21.0,7.8,9.5,4.0,10.9,13.6,3.056,0.093
2019,05,전라북도,정읍시,영원면,앵성리,고부천1,24.4,8.5,11.3,5.4,9.2,12.2,2.511,0.077
2019,05,전라북도,김제시,부량면,옥정리,동진강3,19.7,8.0,9.7,5.0,10.4,22.1,3.317,0.149
2019,05,전라북도,정읍시,신태인읍,,동진강2,23.7,7.9,8.7,0.5,10.4,23.2,2.186,0.099
2019,05,전라북도,정읍시,신태인읍,구석리,용호천,22.0,7.0,6.2,1.5,8.7,11.6,2.079,0.109
2019,05,전라북도,정읍시,옹동면,산성리,동진강1,14.7,8.7,10.2,0.6,4.2,2.8,1.430,0.011
2019,05,전라북도,김제시,성덕면,남포리,신평천,17.5,8.2,10.9,4.6,11.2,23.9,2.534,0.066
2019,05,전라북도,김제시,죽산면,대창리,원평천3,18.8,8.1,10.0,3.6,9.5,13.0,2.713,0.100
2019,05,전라북도,김제시,봉남면,용신리,원평천1,26.9,8.7,11.6,1.9,14.6,18.6,1.596,0.050
2019,05,전라북도,김제시,죽산면,죽산리,원평천2,18.2,8.4,10.7,3.5,11.2,9.5,2.273,0.042
2019,05,전라북도,정읍시,공평동,,정읍천3,21.9,7.5,10.0,3.9,6.2,10.7,0.895,0.057
2019,05,전라북도,정읍시,송산동,,정읍천1,18.7,7.3,9.5,1.2,3.4,1.8,0.857,0.025
2019,05,전라북도,정읍시,연지동,,정읍천2,21.3,7.8,9.8,2.1,4.4,10.7,0.981,0.035
2019,05,전라북도,정읍시,이평면,하송리,정읍천4,18.0,7.6,8.6,3.6,9.9,22.5,3.720,0.154
2019,05,전라북도,정읍시,하모동,,천원천,23.5,7.4,8.8,4.9,8.8,8.6,1.298,0.101
2019,05,전라북도,김제시,백구면,마산리,마산천,21.7,8.3,14.0,4.7,10.7,14.0,2.998,0.104
2019,05,전라북도,완주군,삼례읍,,삼례,18.8,8.1,9.1,1.2,5.8,9.8,2.664,0.048
2019,05,전라북도,익산시,춘포면,인수리,익산천1,19.3,7.9,9.9,1.1,8.0,13.0,3.267,0.101
2019,05,전라북도,익산시,춘포면,인수리,익산천2,21.5,8.0,8.8,1.9,9.0,16.4,3.614,0.178
2019,05,전라북도,군산시,대야면,광교리,탑천,20.7,7.6,8.6,8.7,14.1,19.3,4.356,0.199
2019,05,전라북도,김제시,백구면,백구리,김제,21.4,8.5,12.0,5.8,10.1,15.7,3.797,0.174
2019,05,전라북도,김제시,백구면,월봉리,용암천,23.1,8.9,12.3,6.6,15.8,23.6,3.586,0.145
2019,05,전라북도,전주시완산구,서신동,,삼천3,16.8,7.6,9.6,0.7,5.1,8.5,1.560,0.075
2019,05,전라북도,전주시완산구,평화동3가,,삼천1,16.3,7.1,10.6,0.6,4.3,12.9,2.154,0.069
2019,05,전라북도,전주시완산구,효자동2가,,삼천2,16.8,7.6,11.3,0.5,4.6,6.8,1.543,0.049
2019,05,전라북도,완주군,소양면,황운리,소양천1,20.1,8.0,11.1,0.9,2.7,6.8,2.137,0.032
2019,05,전라북도,완주군,용진읍,상운리,소양천2,22.2,8.7,18.4,2.3,4.3,6.2,2.565,0.056
2019,05,전라북도,익산시,춘포면,용연리,익산천3,22.0,8.4,11.0,2.6,7.1,15.5,3.389,0.112
2019,05,전라북도,전주시덕진구,고랑동,,전주천7,21.1,7.0,7.3,5.9,15.3,6.0,12.004,0.197
2019,05,전라북도,전주시덕진구,전미동1가,,전주,19.3,8.1,10.6,1.7,5.2,6.1,1.467,0.078
2019,05,전라북도,전주시완산구,대성동,,전주천1,17.2,7.6,12.2,0.5,1.4,0.9,2.117,0.015
2019,05,전라북도,완주군,고산면,읍내리,고산,14.1,8.8,10.4,0.5,3.6,2.2,1.746,0.008
2019,05,전라북도,무주군,무주읍,대차리,무주남대천2,23.1,9.1,11.2,0.6,5.3,4.6,1.022,0.019
2019,05,전라북도,무주군,무주읍,읍내리,무주남대천1,22.6,9.0,10.2,0.5,5.3,1.8,1.049,0.008
2019,05,전라북도,무주군,무주읍,읍내리,무주남대천3,19.8,8.3,11.1,1.7,4.1,3.9,1.666,0.052
2019,05,전라북도,부안군,상서면,청림리,백천내,16.3,6.8,9.5,1.0,1.2,0.3,2.581,0.005
2019,05,전라북도,무주군,안성면,진도리,구량천,15.9,7.8,10.9,1.4,4.5,12.3,2.477,0.081
2019,05,전라북도,진안군,정천면,월평리,정자천,18.2,7.9,10.6,0.9,3.2,6.9,2.747,0.049
2019,05,전라북도,진안군,진안읍,운산리,진안천,19.3,8.5,10.3,1.6,3.9,7.6,2.353,0.069
2019,05,전라북도,진안군,진안읍,가막리,가막,19.1,8.3,10.7,1.6,6.0,15.6,3.397,0.102
2019,05,전라북도,무주군,무주읍,용포리,용포,19.9,9.0,10.4,0.5,3.6,4.7,1.033,0.007
2019,05,전라북도,진안군,용담면,송풍리,용담,16.4,7.8,11.0,0.9,4.4,1.8,1.625,0.052
2019,05,전라북도,남원시,운봉읍,,람천2,16.2,8.5,9.7,0.8,3.4,12.5,1.412,0.036
2019,05,전라북도,남원시,인월면,중군리,람천1,17.7,8.7,10.1,1.2,9.1,22.6,2.584,0.064
2019,05,전라북도,임실군,관촌면,방수리,관촌,20.3,7.6,9.8,2.0,4.8,5.4,1.827,0.052
2019,05,전라북도,임실군,운암면,학암리,운암,23.5,8.1,10.5,1.7,6.8,7.2,1.365,0.028
2019,05,전라북도,정읍시,산내면,매죽리,추령천,20.3,7.7,10.5,1.4,3.8,4.9,3.253,0.042
2019,05,전라북도,임실군,강진면,용수리,임실,21.0,7.5,7.9,1.2,4.3,2.4,1.297,0.033
2019,05,전라북도,순창군,동계면,구미리,동계,22.5,8.6,9.1,0.7,5.7,4.4,1.587,0.019
2019,05,전라북도,순창군,구림면,안정리,치천,19.3,7.6,10.2,1.1,4.5,5.2,2.416,0.039
2019,05,전라북도,남원시,대강면,풍산리,수홍천,17.7,7.2,8.7,3.0,8.0,8.1,1.866,0.078
2019,05,전라북도,순창군,유등면,유촌리,옥택천,18.1,7.1,8.7,2.9,7.7,12.6,2.493,0.103
2019,05,전라북도,순창군,적성면,고원리,적성,20.8,8.4,8.6,1.2,5.6,5.6,1.385,0.025
2019,05,전라북도,남원시,금지면,귀석리,남원,21.4,8.9,10.6,1.6,5.8,9.7,1.015,0.025
2019,05,전라북도,남원시,대강면,월탄리,대강,22.1,7.1,8.1,2.0,7.2,9.7,1.458,0.073
2019,05,전라북도,장수군,산서면,사상리,오수천1,17.0,7.2,9.6,2.1,7.3,23.7,1.791,0.114
2019,05,전라북도,남원시,덕과면,사율리,율천,19.0,7.1,10.1,2.2,6.8,13.8,1.273,0.096
2019,05,전라북도,남원시,사매면,서도리,월평천,18.4,7.1,9.6,3.4,8.9,11.8,2.263,0.109
2019,05,전라북도,순창군,동계면,서호리,오수천2,24.2,8.2,10.9,3.4,9.0,14.1,1.519,0.110
2019,05,전라북도,임실군,삼계면,후천리,후곡천,22.0,7.4,9.5,2.6,7.5,10.4,2.057,0.150
2019,05,전라북도,남원시,산동면,월석리,요천1,16.6,7.4,9.9,1.2,3.0,3.6,1.555,0.034
2019,05,전라북도,남원시,금지면,창산리,요천2,21.7,8.5,10.1,2.5,5.2,6.2,2.232,0.060
2019,05,전라북도,남원시,송동면,세전리,요천3,20.7,7.8,10.3,3.0,7.0,8.7,2.062,0.093
2019,05,전라북도,고창군,아산면,구암리,주진천1,22.5,7.9,8.5,3.5,12.0,16.1,2.889,0.060
2019,05,전라북도,고창군,아산면,반암리,주진천2,23.5,7.3,6.8,1.6,10.5,37.6,2.200,0.051
2019,06,전라북도,익산시,성당면,부곡리,산북천,24.4,7.7,8.9,5.8,15.9,14.1,4.125,0.096
2019,06,전라북도,익산시,망성면,무형리,마산천,25.0,8.2,12.3,8.5,10.4,33.4,3.239,0.253
2019,06,전라북도,부안군,동진면,하장리,고부천2,25.7,7.6,10.1,4.2,13.5,10.3,2.465,0.073
2019,06,전라북도,부안군,동진면,하장리,고부천3,22.9,7.5,7.7,4.4,13.4,11.4,3.213,0.059
2019,06,전라북도,정읍시,영원면,앵성리,고부천1,21.1,7.4,8.6,3.8,14.5,15.0,1.910,0.067
2019,06,전라북도,김제시,부량면,옥정리,동진강3,23.4,7.6,8.9,5.0,12.1,17.7,3.013,0.097
2019,06,전라북도,정읍시,신태인읍,,동진강2,23.2,7.8,7.8,2.5,12.5,22.4,2.442,0.107
2019,06,전라북도,정읍시,신태인읍,구석리,용호천,23.4,7.3,6.5,1.1,10.3,11.6,1.455,0.146
2019,06,전라북도,정읍시,옹동면,산성리,동진강1,19.3,8.4,9.2,0.7,5.0,3.9,1.312,0.011
2019,06,전라북도,김제시,성덕면,남포리,신평천,24.4,7.9,9.1,3.6,10.0,15.4,1.927,0.034
2019,06,전라북도,김제시,죽산면,대창리,원평천3,22.8,7.4,9.0,4.1,10.3,11.6,2.721,0.073
2019,06,전라북도,김제시,봉남면,용신리,원평천1,26.0,7.7,8.5,3.8,21.0,20.6,2.213,0.079
2019,06,전라북도,김제시,죽산면,죽산리,원평천2,23.5,8.0,9.4,2.1,8.9,7.6,1.751,0.022
2019,06,전라북도,정읍시,공평동,,정읍천3,24.9,7.2,8.1,1.5,6.3,4.4,1.021,0.062
2019,06,전라북도,정읍시,송산동,,정읍천1,20.8,7.7,8.6,0.7,3.4,2.2,0.610,0.046
2019,06,전라북도,정읍시,연지동,,정읍천2,22.5,7.7,9.9,0.8,3.9,5.1,0.793,0.040
2019,06,전라북도,정읍시,이평면,하송리,정읍천4,20.7,7.6,7.8,4.2,10.8,25.2,3.748,0.110
2019,06,전라북도,정읍시,하모동,,천원천,24.2,6.9,6.3,2.4,10.5,5.1,2.262,0.119
2019,06,전라북도,김제시,백구면,마산리,마산천,25.9,8.3,14.6,6.5,13.2,11.8,3.992,0.099
2019,06,전라북도,완주군,삼례읍,,삼례,25.2,7.7,8.9,2.4,7.7,6.0,3.760,0.064
2019,06,전라북도,익산시,춘포면,인수리,익산천1,27.4,7.9,9.2,2.5,20.1,14.4,2.536,0.114
2019,06,전라북도,익산시,춘포면,인수리,익산천2,28.6,8.1,8.7,2.5,18.4,11.6,2.319,0.110
2019,06,전라북도,군산시,대야면,광교리,탑천,24.4,7.7,7.3,8.6,16.7,22.1,4.218,0.111
2019,06,전라북도,김제시,백구면,백구리,김제,24.6,8.8,9.4,6.3,12.9,21.7,4.551,0.101
2019,06,전라북도,김제시,백구면,월봉리,용암천,24.1,7.9,10.7,7.1,14.9,18.0,2.814,0.126
2019,06,전라북도,전주시완산구,서신동,,삼천3,26.1,7.4,8.5,1.9,6.6,9.8,2.061,0.096
2019,06,전라북도,전주시완산구,평화동3가,,삼천1,24.1,7.8,8.7,1.3,6.0,21.5,1.865,0.113
2019,06,전라북도,전주시완산구,효자동2가,,삼천2,27.0,7.7,9.3,1.9,7.4,14.0,1.939,0.096
2019,06,전라북도,완주군,소양면,황운리,소양천1,21.8,6.9,7.1,0.8,3.3,5.3,0.506,0.057
2019,06,전라북도,완주군,용진읍,상운리,소양천2,25.1,7.3,8.9,1.2,4.8,3.7,2.244,0.056
2019,06,전라북도,익산시,춘포면,용연리,익산천3,27.3,8.5,11.2,4.0,10.5,9.1,2.495,0.031
2019,06,전라북도,전주시덕진구,고랑동,,전주천7,23.2,7.2,7.2,6.9,17.8,7.0,11.165,0.128
2019,06,전라북도,전주시덕진구,전미동1가,,전주,22.9,7.7,8.5,1.8,6.0,5.6,1.656,0.067
2019,06,전라북도,전주시완산구,대성동,,전주천1,21.1,7.7,11.2,0.5,2.1,1.7,1.129,0.022
2019,06,전라북도,완주군,고산면,읍내리,고산,18.1,8.4,10.3,0.7,3.9,2.4,1.474,0.009
2019,06,전라북도,무주군,무주읍,대차리,무주남대천2,27.0,8.4,10.6,0.9,5.3,7.3,1.173,0.015
2019,06,전라북도,무주군,무주읍,읍내리,무주남대천1,26.4,8.8,10.2,0.9,4.2,2.5,0.951,0.009
2019,06,전라북도,무주군,무주읍,읍내리,무주남대천3,23.4,7.9,11.2,1.4,4.8,4.6,1.274,0.037
2019,06,전라북도,부안군,상서면,청림리,백천내,18.5,6.4,8.6,0.9,2.4,0.6,1.205,0.006
2019,06,전라북도,무주군,안성면,진도리,구량천,18.8,7.5,9.7,1.8,7.0,23.8,2.424,0.075
2019,06,전라북도,진안군,정천면,월평리,정자천,20.7,7.8,10.1,0.8,4.2,7.5,2.190,0.037
2019,06,전라북도,진안군,진안읍,운산리,진안천,25.1,7.5,9.0,1.6,5.0,20.0,2.006,0.081
2019,06,전라북도,진안군,진안읍,가막리,가막,21.2,7.9,8.7,2.1,7.5,22.3,3.059,0.107
2019,06,전라북도,무주군,무주읍,용포리,용포,23.9,8.6,9.9,0.8,4.4,3.0,1.060,0.006
2019,06,전라북도,진안군,용담면,송풍리,용담,19.1,7.8,9.5,0.8,5.1,2.8,1.574,0.023
2019,06,전라북도,남원시,운봉읍,,람천2,23.7,8.6,8.9,0.9,4.4,2.8,1.294,0.045
2019,06,전라북도,남원시,인월면,중군리,람천1,25.7,8.7,9.9,1.3,7.3,5.4,2.179,0.073
2019,06,전라북도,임실군,관촌면,방수리,관촌,23.0,7.1,10.3,1.9,5.0,6.2,1.268,0.043
2019,06,전라북도,임실군,운암면,학암리,운암,22.4,8.1,8.2,2.8,6.5,12.4,0.731,0.021
2019,06,전라북도,정읍시,산내면,매죽리,추령천,23.1,7.3,10.8,1.0,4.4,5.1,1.519,0.022
2019,06,전라북도,임실군,강진면,용수리,임실,23.2,7.2,8.7,0.9,4.4,1.9,1.136,0.026
2019,06,전라북도,순창군,동계면,구미리,동계,23.6,8.5,8.4,0.8,3.3,4.1,0.863,0.014
2019,06,전라북도,순창군,구림면,안정리,치천,21.8,7.4,10.2,1.2,6.2,3.9,1.542,0.034
2019,06,전라북도,남원시,대강면,풍산리,수홍천,19.9,7.2,8.7,2.2,8.0,9.6,2.417,0.083
2019,06,전라북도,순창군,유등면,유촌리,옥택천,20.1,7.1,8.8,1.7,8.1,5.9,1.703,0.063
2019,06,전라북도,순창군,적성면,고원리,적성,24.9,8.1,8.2,1.4,6.7,6.7,1.508,0.029
2019,06,전라북도,남원시,금지면,귀석리,남원,27.4,8.7,10.0,1.0,6.5,6.5,1.816,0.038
2019,06,전라북도,남원시,대강면,월탄리,대강,24.8,7.5,7.9,1.4,7.4,10.2,1.305,0.054
2019,06,전라북도,장수군,산서면,사상리,오수천1,19.8,7.0,8.4,2.8,7.9,10.6,2.233,0.107
2019,06,전라북도,남원시,덕과면,사율리,율천,22.0,7.2,8.3,3.0,8.8,28.7,2.147,0.138
2019,06,전라북도,남원시,사매면,서도리,월평천,21.0,7.1,7.8,2.7,8.3,17.2,2.154,0.131
2019,06,전라북도,순창군,동계면,서호리,오수천2,24.2,7.8,9.2,1.8,8.7,15.2,1.630,0.076
2019,06,전라북도,임실군,삼계면,후천리,후곡천,22.8,7.3,8.5,2.4,8.6,5.4,1.519,0.116
2019,06,전라북도,남원시,산동면,월석리,요천1,21.2,7.5,8.8,0.7,3.1,4.1,1.314,0.023
2019,06,전라북도,남원시,금지면,창산리,요천2,26.8,8.7,10.1,1.2,5.4,3.5,2.138,0.070
2019,06,전라북도,남원시,송동면,세전리,요천3,22.5,8.0,10.1,1.9,7.9,10.6,2.011,0.104
2019,06,전라북도,고창군,아산면,구암리,주진천1,23.3,8.1,8.5,3.5,13.1,19.9,2.737,0.048
2019,06,전라북도,고창군,아산면,반암리,주진천2,24.1,7.7,6.9,3.1,13.8,38.8,3.287,0.076
2019,07,전라북도,익산시,성당면,부곡리,산북천,26.3,7.9,8.8,4.8,13.7,16.2,2.723,0.105
2019,07,전라북도,익산시,망성면,무형리,마산천,25.3,7.9,10.9,8.2,16.2,51.6,4.163,0.316
2019,07,전라북도,부안군,동진면,하장리,고부천2,28.5,7.9,9.6,2.9,12.0,8.6,2.124,0.056
2019,07,전라북도,부안군,동진면,하장리,고부천3,24.9,7.5,6.4,3.8,11.9,16.7,3.016,0.090
2019,07,전라북도,정읍시,영원면,앵성리,고부천1,29.5,8.3,9.9,4.2,12.1,15.3,1.583,0.062
2019,07,전라북도,김제시,부량면,옥정리,동진강3,24.6,7.5,7.0,3.6,9.5,22.2,3.582,0.137
2019,07,전라북도,정읍시,신태인읍,,동진강2,23.5,8.4,7.7,1.2,7.5,20.5,1.669,0.067
2019,07,전라북도,정읍시,신태인읍,구석리,용호천,25.3,7.3,6.3,1.1,7.7,18.8,0.948,0.116
2019,07,전라북도,정읍시,옹동면,산성리,동진강1,19.0,8.8,9.3,0.7,5.0,3.7,1.308,0.013
2019,07,전라북도,김제시,성덕면,남포리,신평천,29.5,8.8,11.9,4.7,10.6,11.3,2.415,0.040
2019,07,전라북도,김제시,죽산면,대창리,원평천3,24.9,7.5,7.2,3.4,12.0,16.3,3.264,0.086
2019,07,전라북도,김제시,봉남면,용신리,원평천1,27.3,7.9,7.6,3.4,18.6,28.8,1.422,0.070
2019,07,전라북도,김제시,죽산면,죽산리,원평천2,29.4,8.9,11.3,4.0,10.4,12.8,1.382,0.096
2019,07,전라북도,정읍시,공평동,,정읍천3,27.7,7.3,9.4,3.4,8.4,8.5,0.799,0.065
2019,07,전라북도,정읍시,송산동,,정읍천1,23.9,7.0,7.5,0.8,3.6,2.0,0.246,0.027
2019,07,전라북도,정읍시,연지동,,정읍천2,25.7,7.7,9.9,0.8,4.0,3.3,0.861,0.033
2019,07,전라북도,정읍시,이평면,하송리,정읍천4,24.2,7.4,6.2,5.0,10.2,23.7,3.722,0.118
2019,07,전라북도,정읍시,하모동,,천원천,27.1,6.9,6.3,2.4,9.0,5.8,1.460,0.106
2019,07,전라북도,김제시,백구면,마산리,마산천,28.5,7.8,9.1,4.2,11.2,9.5,2.038,0.093
2019,07,전라북도,완주군,삼례읍,,삼례,25.6,8.3,8.5,1.3,7.0,4.6,3.210,0.059
2019,07,전라북도,익산시,춘포면,인수리,익산천1,27.8,8.4,7.8,2.2,13.7,15.0,1.710,0.104
2019,07,전라북도,익산시,춘포면,인수리,익산천2,28.2,8.9,11.7,3.8,15.0,22.7,1.400,0.101
2019,07,전라북도,군산시,대야면,광교리,탑천,26.0,7.3,5.5,5.4,12.6,18.5,3.149,0.114
2019,07,전라북도,김제시,백구면,백구리,김제,25.7,7.6,7.8,3.9,8.6,20.0,3.564,0.114
2019,07,전라북도,김제시,백구면,월봉리,용암천,27.9,7.7,10.0,4.2,14.6,8.9,1.942,0.088
2019,07,전라북도,전주시완산구,서신동,,삼천3,25.3,7.6,7.7,1.8,6.0,10.0,1.352,0.088
2019,07,전라북도,전주시완산구,평화동3가,,삼천1,25.5,7.4,8.3,1.2,5.4,6.1,1.440,0.074
2019,07,전라북도,전주시완산구,효자동2가,,삼천2,26.3,7.6,8.8,1.8,5.6,9.8,1.289,0.086
2019,07,전라북도,완주군,소양면,황운리,소양천1,23.4,7.0,8.5,0.9,2.8,2.1,0.438,0.043
2019,07,전라북도,완주군,용진읍,상운리,소양천2,27.5,7.6,10.2,2.8,7.0,4.7,1.992,0.062
2019,07,전라북도,익산시,춘포면,용연리,익산천3,25.7,9.1,10.1,2.6,7.8,11.4,1.363,0.047
2019,07,전라북도,전주시덕진구,고랑동,,전주천7,24.8,7.0,6.3,9.0,12.3,9.1,8.118,0.159
2019,07,전라북도,전주시덕진구,전미동1가,,전주,21.3,7.2,7.1,1.8,6.4,6.9,2.161,0.098
2019,07,전라북도,전주시완산구,대성동,,전주천1,21.2,7.7,9.4,0.8,1.8,1.6,0.982,0.004
2019,07,전라북도,완주군,고산면,읍내리,고산,19.1,8.8,9.6,0.4,3.6,0.8,1.313,0.015
2019,07,전라북도,무주군,무주읍,대차리,무주남대천2,26.5,8.6,9.4,0.5,4.7,6.4,1.077,0.021
2019,07,전라북도,무주군,무주읍,읍내리,무주남대천1,26.0,8.5,8.3,0.6,4.2,2.8,1.124,0.015
2019,07,전라북도,무주군,무주읍,읍내리,무주남대천3,24.3,7.6,9.6,1.1,4.5,3.5,1.258,0.044
2019,07,전라북도,부안군,상서면,청림리,백천내,21.1,5.8,8.4,0.9,2.0,0.2,1.796,0.009
2019,07,전라북도,무주군,안성면,진도리,구량천,20.8,7.2,9.8,1.4,6.2,26.9,1.852,0.103
2019,07,전라북도,진안군,정천면,월평리,정자천,22.5,7.5,10.0,0.9,4.4,12.4,1.995,0.050
2019,07,전라북도,진안군,진안읍,운산리,진안천,23.2,7.9,8.7,2.0,5.0,10.8,1.840,0.063
2019,07,전라북도,진안군,진안읍,가막리,가막,22.5,7.7,9.2,1.7,7.3,46.0,2.910,0.104
2019,07,전라북도,무주군,무주읍,용포리,용포,24.0,8.8,8.8,0.7,4.5,4.4,1.039,0.011
2019,07,전라북도,진안군,용담면,송풍리,용담,20.8,7.4,9.1,0.8,4.8,5.0,1.523,0.038
2019,07,전라북도,남원시,운봉읍,,람천2,21.5,7.9,8.5,1.7,6.5,28.3,2.093,0.131
2019,07,전라북도,남원시,인월면,중군리,람천1,22.4,8.1,8.1,2.4,7.9,28.9,2.807,0.164
2019,07,전라북도,임실군,관촌면,방수리,관촌,24.3,6.8,9.0,1.3,4.5,14.4,1.864,0.048
2019,07,전라북도,임실군,운암면,학암리,운암,25.4,8.8,8.4,1.6,6.2,12.1,0.995,0.017
2019,07,전라북도,정읍시,산내면,매죽리,추령천,25.4,7.2,9.0,0.9,3.5,5.2,2.701,0.021
2019,07,전라북도,임실군,강진면,용수리,임실,24.7,7.0,8.0,0.9,4.0,2.5,1.147,0.018
2019,07,전라북도,순창군,동계면,구미리,동계,26.0,7.7,7.8,1.8,4.6,4.2,0.650,0.016
2019,07,전라북도,순창군,구림면,안정리,치천,23.5,7.4,9.1,1.0,4.5,6.4,2.087,0.036
2019,07,전라북도,남원시,대강면,풍산리,수홍천,21.3,7.1,8.1,1.1,4.5,16.6,2.475,0.066
2019,07,전라북도,순창군,유등면,유촌리,옥택천,21.7,7.1,8.3,0.7,4.1,4.6,1.719,0.050
2019,07,전라북도,순창군,적성면,고원리,적성,25.6,8.0,7.9,0.9,5.9,6.9,1.344,0.038
2019,07,전라북도,남원시,금지면,귀석리,남원,28.8,8.4,8.9,0.7,6.5,6.1,1.103,0.044
2019,07,전라북도,남원시,대강면,월탄리,대강,26.1,7.5,7.7,1.1,5.8,9.0,1.475,0.047
2019,07,전라북도,장수군,산서면,사상리,오수천1,22.0,7.0,9.3,1.4,4.8,15.7,2.269,0.127
2019,07,전라북도,남원시,덕과면,사율리,율천,23.3,7.1,9.1,1.0,3.6,10.4,1.866,0.098
2019,07,전라북도,남원시,사매면,서도리,월평천,22.7,7.0,9.0,1.8,6.2,18.4,2.435,0.143
2019,07,전라북도,순창군,동계면,서호리,오수천2,26.4,8.2,8.9,1.4,6.5,7.5,1.549,0.064
2019,07,전라북도,임실군,삼계면,후천리,후곡천,24.1,7.2,9.1,1.1,6.1,5.8,1.633,0.091
2019,07,전라북도,남원시,산동면,월석리,요천1,21.3,7.8,8.8,0.7,2.9,3.2,1.653,0.018
2019,07,전라북도,남원시,금지면,창산리,요천2,27.7,8.3,9.2,0.6,5.4,3.9,1.727,0.079
2019,07,전라북도,남원시,송동면,세전리,요천3,24.3,7.7,9.5,1.7,5.1,6.8,1.805,0.070
2019,07,전라북도,고창군,아산면,구암리,주진천1,23.7,8.3,7.4,2.1,10.4,8.9,2.113,0.058
2019,07,전라북도,고창군,아산면,반암리,주진천2,25.0,7.7,6.3,2.1,10.6,45.0,2.118,0.062
2019,08,전라북도,익산시,성당면,부곡리,산북천,28.4,7.9,8.8,4.2,9.9,19.1,1.936,0.095
2019,08,전라북도,익산시,망성면,무형리,마산천,30.1,8.0,8.3,5.3,14.1,46.7,2.301,0.357
2019,08,전라북도,부안군,동진면,하장리,고부천2,31.3,6.9,7.3,2.5,7.4,12.5,2.534,0.086
2019,08,전라북도,부안군,동진면,하장리,고부천3,27.9,7.4,6.2,3.9,11.4,276.5,2.724,0.180
2019,08,전라북도,정읍시,영원면,앵성리,고부천1,33.1,7.2,8.7,3.2,7.7,10.7,2.291,0.066
2019,08,전라북도,김제시,부량면,옥정리,동진강3,26.7,7.6,7.5,4.9,12.1,110.6,3.029,0.223
2019,08,전라북도,정읍시,신태인읍,,동진강2,29.2,8.3,9.2,2.6,9.0,22.3,1.977,0.122
2019,08,전라북도,정읍시,신태인읍,구석리,용호천,29.6,6.9,6.5,0.9,7.4,12.0,1.271,0.110
2019,08,전라북도,정읍시,옹동면,산성리,동진강1,25.1,8.4,8.6,0.6,2.9,4.8,1.829,0.017
2019,08,전라북도,김제시,성덕면,남포리,신평천,29.6,8.6,9.7,3.2,4.8,16.8,2.124,0.031
2019,08,전라북도,김제시,죽산면,대창리,원평천3,28.1,7.7,6.6,3.2,9.3,22.5,2.285,0.110
2019,08,전라북도,김제시,봉남면,용신리,원평천1,32.7,9.0,14.3,4.0,11.5,25.9,0.865,0.070
2019,08,전라북도,김제시,죽산면,죽산리,원평천2,31.0,8.9,10.7,4.5,11.4,26.8,2.275,0.067
2019,08,전라북도,정읍시,공평동,,정읍천3,29.4,7.2,9.1,2.0,5.6,5.5,1.989,0.037
2019,08,전라북도,정읍시,송산동,,정읍천1,24.8,7.0,9.0,0.6,3.1,2.9,1.692,0.012
2019,08,전라북도,정읍시,연지동,,정읍천2,26.5,7.5,10.1,1.0,3.6,4.1,2.399,0.021
2019,08,전라북도,정읍시,이평면,하송리,정읍천4,26.0,7.6,6.9,18.3,15.4,86.9,7.569,0.453
2019,08,전라북도,정읍시,하모동,,천원천,29.2,6.8,7.3,1.4,6.3,5.8,1.722,0.049
2019,08,전라북도,김제시,백구면,마산리,마산천,31.8,7.9,10.2,3.0,9.1,7.8,3.140,0.082
2019,08,전라북도,완주군,삼례읍,,삼례,27.4,7.4,6.8,3.5,7.8,5.2,7.012,0.057
2019,08,전라북도,익산시,춘포면,인수리,익산천1,28.7,8.3,5.8,2.3,9.0,10.8,1.653,0.127
2019,08,전라북도,익산시,춘포면,인수리,익산천2,28.8,7.8,8.0,3.8,9.5,15.2,1.540,0.134
2019,08,전라북도,군산시,대야면,광교리,탑천,27.9,7.3,6.0,5.2,11.2,130.4,2.306,0.116
2019,08,전라북도,김제시,백구면,백구리,김제,28.6,7.4,7.8,3.5,9.2,57.8,3.915,0.104
2019,08,전라북도,김제시,백구면,월봉리,용암천,31.1,7.8,8.3,4.5,11.9,11.7,2.454,0.123
2019,08,전라북도,전주시완산구,서신동,,삼천3,31.6,7.4,6.5,1.6,5.1,4.3,1.331,0.161
2019,08,전라북도,전주시완산구,평화동3가,,삼천1,30.2,7.4,8.5,1.3,4.8,6.0,1.262,0.138
2019,08,전라북도,전주시완산구,효자동2가,,삼천2,31.1,7.2,9.9,1.3,5.0,3.3,1.322,0.113
2019,08,전라북도,완주군,소양면,황운리,소양천1,25.8,7.9,9.7,0.6,2.3,3.1,2.749,0.014
2019,08,전라북도,완주군,용진읍,상운리,소양천2,28.1,7.8,7.6,1.1,4.0,3.4,4.024,0.024
2019,08,전라북도,익산시,춘포면,용연리,익산천3,28.3,8.0,7.7,2.3,3.4,8.7,1.984,0.053
2019,08,전라북도,전주시덕진구,고랑동,,전주천7,25.7,7.0,6.9,4.6,11.2,9.2,9.943,0.105
2019,08,전라북도,전주시덕진구,전미동1가,,전주,27.3,7.4,7.0,1.9,5.6,5.4,1.729,0.201
2019,08,전라북도,전주시완산구,대성동,,전주천1,25.0,6.7,11.9,0.7,2.0,1.6,2.275,0.006
2019,08,전라북도,완주군,고산면,읍내리,고산,25.0,8.0,8.4,1.1,2.3,4.6,2.163,0.015
2019,08,전라북도,무주군,무주읍,대차리,무주남대천2,28.1,8.3,8.5,0.9,3.6,3.8,1.552,0.016
2019,08,전라북도,무주군,무주읍,읍내리,무주남대천1,27.4,8.2,8.2,1.1,2.0,2.3,1.430,0.011
2019,08,전라북도,무주군,무주읍,읍내리,무주남대천3,26.3,8.0,10.4,0.8,3.6,1.9,1.464,0.037
2019,08,전라북도,부안군,상서면,청림리,백천내,24.9,6.0,7.8,1.0,1.4,0.4,2.375,0.009
2019,08,전라북도,무주군,안성면,진도리,구량천,21.5,7.4,9.7,0.8,3.9,4.9,1.537,0.046
2019,08,전라북도,진안군,정천면,월평리,정자천,24.2,7.4,9.7,0.7,3.0,2.3,2.084,0.018
2019,08,전라북도,진안군,진안읍,운산리,진안천,31.5,8.6,8.7,2.1,4.7,5.6,2.103,0.078
2019,08,전라북도,진안군,진안읍,가막리,가막,25.0,8.0,9.6,0.9,4.3,4.5,2.643,0.062
2019,08,전라북도,무주군,무주읍,용포리,용포,28.0,8.8,9.5,0.9,2.7,3.3,1.015,0.010
2019,08,전라북도,진안군,용담면,송풍리,용담,23.8,7.5,8.7,0.8,4.6,2.0,1.445,0.025
2019,08,전라북도,남원시,운봉읍,,람천2,28.2,8.3,8.1,1.3,2.0,1.6,1.615,0.054
2019,08,전라북도,남원시,인월면,중군리,람천1,28.5,8.7,8.9,1.6,2.9,2.8,2.180,0.083
2019,08,전라북도,임실군,관촌면,방수리,관촌,25.0,7.0,7.6,1.0,4.0,4.1,1.679,0.034
2019,08,전라북도,임실군,운암면,학암리,운암,27.3,8.2,8.8,1.0,2.8,4.0,2.156,0.021
2019,08,전라북도,정읍시,산내면,매죽리,추령천,25.2,7.3,9.1,1.1,3.7,4.9,3.035,0.031
2019,08,전라북도,임실군,강진면,용수리,임실,26.2,7.2,7.5,0.9,4.7,1.6,1.257,0.020
2019,08,전라북도,순창군,동계면,구미리,동계,28.7,8.3,8.6,0.6,3.8,2.8,0.847,0.019
2019,08,전라북도,순창군,구림면,안정리,치천,23.6,7.2,9.0,0.8,3.9,4.7,1.704,0.027
2019,08,전라북도,남원시,대강면,풍산리,수홍천,21.4,7.0,8.1,0.7,4.9,6.2,1.449,0.064
2019,08,전라북도,순창군,유등면,유촌리,옥택천,22.1,7.2,8.3,0.8,4.9,6.0,1.182,0.058
2019,08,전라북도,순창군,적성면,고원리,적성,28.1,8.0,7.8,1.0,4.1,4.2,1.210,0.049
2019,08,전라북도,남원시,금지면,귀석리,남원,30.7,8.2,7.8,1.7,4.7,5.2,1.100,0.031
2019,08,전라북도,남원시,대강면,월탄리,대강,27.2,7.6,8.9,1.3,5.2,11.5,1.337,0.067
2019,08,전라북도,장수군,산서면,사상리,오수천1,22.6,6.9,9.7,1.0,5.5,11.4,1.529,0.082
2019,08,전라북도,남원시,덕과면,사율리,율천,24.6,7.1,9.1,1.2,5.9,18.9,1.347,0.121
2019,08,전라북도,남원시,사매면,서도리,월평천,22.9,6.9,9.7,1.1,6.0,16.4,1.581,0.123
2019,08,전라북도,순창군,동계면,서호리,오수천2,26.9,7.6,9.6,1.3,5.6,13.1,1.371,0.092
2019,08,전라북도,임실군,삼계면,후천리,후곡천,24.7,7.1,9.5,1.0,6.3,6.3,1.491,0.107
2019,08,전라북도,남원시,산동면,월석리,요천1,22.2,7.7,10.0,0.7,3.1,3.2,1.520,0.022
2019,08,전라북도,남원시,금지면,창산리,요천2,29.1,8.5,8.8,1.4,4.6,3.5,2.024,0.050
2019,08,전라북도,남원시,송동면,세전리,요천3,23.8,7.8,8.6,1.4,5.5,8.6,1.668,0.079
2019,08,전라북도,고창군,아산면,구암리,주진천1,28.6,8.4,8.6,2.1,7.9,11.1,1.860,0.052
2019,08,전라북도,고창군,아산면,반암리,주진천2,30.0,7.9,6.2,2.3,13.2,73.6,1.477,0.065
2019,09,전라북도,익산시,성당면,부곡리,산북천,23.5,7.8,7.7,5.6,10.4,31.4,3.433,0.156
2019,09,전라북도,익산시,망성면,무형리,마산천,23.6,7.6,8.5,4.2,5.7,52.2,4.425,0.279
2019,09,전라북도,부안군,동진면,하장리,고부천2,25.3,8.3,12.6,4.1,8.0,10.9,1.275,0.068
2019,09,전라북도,부안군,동진면,하장리,고부천3,23.7,7.5,8.3,3.3,9.4,57.4,2.061,0.110
2019,09,전라북도,정읍시,영원면,앵성리,고부천1,24.7,8.0,11.5,5.8,10.9,19.2,0.932,0.072
2019,09,전라북도,김제시,부량면,옥정리,동진강3,23.9,7.6,8.2,2.3,7.2,21.4,3.293,0.113
2019,09,전라북도,정읍시,신태인읍,,동진강2,25.7,8.5,11.5,2.9,9.6,17.8,1.747,0.044
2019,09,전라북도,정읍시,신태인읍,구석리,용호천,24.4,7.3,7.1,0.8,5.9,13.3,1.354,0.082
2019,09,전라북도,정읍시,옹동면,산성리,동진강1,22.8,8.6,9.3,0.8,4.1,5.2,1.691,0.021
2019,09,전라북도,김제시,성덕면,남포리,신평천,25.5,8.8,10.3,2.6,6.9,16.0,1.754,0.051
2019,09,전라북도,김제시,죽산면,대창리,원평천3,23.8,7.8,7.2,2.3,8.1,18.8,2.246,0.088
2019,09,전라북도,김제시,봉남면,용신리,원평천1,26.4,8.5,11.6,5.4,11.8,14.5,1.355,0.047
2019,09,전라북도,김제시,죽산면,죽산리,원평천2,26.9,8.8,11.0,2.8,10.5,16.1,1.606,0.061
2019,09,전라북도,정읍시,공평동,,정읍천3,22.8,8.0,9.1,0.8,3.9,6.6,2.126,0.044
2019,09,전라북도,정읍시,송산동,,정읍천1,22.7,7.6,9.5,0.5,3.7,1.9,1.491,0.021
2019,09,전라북도,정읍시,연지동,,정읍천2,22.7,7.7,10.1,0.5,3.8,5.1,1.831,0.031
2019,09,전라북도,정읍시,이평면,하송리,정읍천4,23.4,7.7,7.9,2.7,7.3,68.9,4.497,0.092
2019,09,전라북도,정읍시,하모동,,천원천,22.9,7.6,8.5,1.2,4.3,9.1,2.219,0.053
2019,09,전라북도,김제시,백구면,마산리,마산천,27.7,7.7,9.4,3.2,8.8,15.0,3.471,0.071
2019,09,전라북도,완주군,삼례읍,,삼례,21.5,8.2,8.9,1.2,6.5,5.6,3.938,0.074
2019,09,전라북도,익산시,춘포면,인수리,익산천1,21.5,8.0,8.6,1.1,7.3,15.3,2.701,0.167
2019,09,전라북도,익산시,춘포면,인수리,익산천2,22.5,7.9,8.8,1.3,10.3,15.4,3.775,0.379
2019,09,전라북도,군산시,대야면,광교리,탑천,23.9,7.3,6.8,2.6,8.0,24.1,2.784,0.102
2019,09,전라북도,김제시,백구면,백구리,김제,24.6,7.3,8.7,2.7,7.4,13.8,4.397,0.092
2019,09,전라북도,김제시,백구면,월봉리,용암천,26.8,7.9,12.7,5.5,13.2,16.0,3.230,0.209
2019,09,전라북도,전주시완산구,서신동,,삼천3,23.2,7.5,7.3,1.0,3.9,6.7,1.460,0.082
2019,09,전라북도,전주시완산구,평화동3가,,삼천1,23.1,7.2,8.4,0.6,3.1,2.6,1.568,0.075
2019,09,전라북도,전주시완산구,효자동2가,,삼천2,23.6,7.7,12.2,0.7,3.3,1.5,1.384,0.073
2019,09,전라북도,완주군,소양면,황운리,소양천1,23.2,7.5,9.9,0.5,2.2,2.3,3.110,0.036
2019,09,전라북도,완주군,용진읍,상운리,소양천2,24.9,7.4,7.7,0.6,2.6,1.8,3.427,0.038
2019,09,전라북도,익산시,춘포면,용연리,익산천3,22.4,8.0,8.9,2.1,9.2,16.4,3.412,0.296
2019,09,전라북도,전주시덕진구,고랑동,,전주천7,23.8,7.1,7.9,2.3,9.2,3.5,9.094,0.087
2019,09,전라북도,전주시덕진구,전미동1가,,전주,23.4,7.7,8.2,1.2,4.6,3.3,3.016,0.090
2019,09,전라북도,전주시완산구,대성동,,전주천1,21.4,7.5,10.0,0.5,1.5,0.6,3.210,0.011
2019,09,전라북도,완주군,고산면,읍내리,고산,20.3,8.5,9.5,0.9,3.8,2.6,4.566,0.024
2019,09,전라북도,무주군,무주읍,대차리,무주남대천2,23.0,8.5,9.2,0.7,3.4,3.0,1.065,0.006
2019,09,전라북도,무주군,무주읍,읍내리,무주남대천1,23.0,8.7,9.1,0.7,3.4,3.6,1.031,0.016
2019,09,전라북도,무주군,무주읍,읍내리,무주남대천3,21.4,7.8,10.1,0.7,4.1,2.9,1.853,0.041
2019,09,전라북도,부안군,상서면,청림리,백천내,21.5,6.9,8.2,0.9,1.8,1.0,2.700,0.012
2019,09,전라북도,무주군,안성면,진도리,구량천,18.6,7.9,9.8,0.6,3.7,3.3,1.795,0.035
2019,09,전라북도,진안군,정천면,월평리,정자천,20.3,7.9,10.0,0.6,3.5,2.3,2.220,0.020
2019,09,전라북도,진안군,진안읍,운산리,진안천,21.2,7.9,9.3,1.2,3.4,2.8,2.389,0.053
2019,09,전라북도,진안군,진안읍,가막리,가막,21.1,8.2,9.9,0.9,4.5,6.7,3.333,0.084
2019,09,전라북도,무주군,무주읍,용포리,용포,23.2,9.3,8.8,0.7,4.6,5.5,0.874,0.010
2019,09,전라북도,진안군,용담면,송풍리,용담,22.0,7.6,9.6,1.0,4.4,1.7,1.702,0.035
2019,09,전라북도,남원시,운봉읍,,람천2,22.7,8.7,8.7,0.8,2.8,3.5,1.410,0.048
2019,09,전라북도,남원시,인월면,중군리,람천1,23.2,9.1,9.2,0.8,3.7,4.5,2.410,0.077
2019,09,전라북도,임실군,관촌면,방수리,관촌,21.4,7.3,9.2,0.7,3.4,1.7,1.669,0.025
2019,09,전라북도,임실군,운암면,학암리,운암,27.3,8.7,9.8,1.0,2.7,4.0,0.916,0.021
2019,09,전라북도,정읍시,산내면,매죽리,추령천,22.0,7.5,10.0,0.8,2.8,2.9,2.637,0.024
2019,09,전라북도,임실군,강진면,용수리,임실,23.6,7.5,8.9,0.9,4.7,1.4,1.488,0.029
2019,09,전라북도,순창군,동계면,구미리,동계,25.2,8.3,8.0,0.8,3.4,3.7,0.940,0.015
2019,09,전라북도,순창군,구림면,안정리,치천,19.8,6.9,10.4,0.7,3.1,7.3,1.579,0.047
2019,09,전라북도,남원시,대강면,풍산리,수홍천,17.3,6.8,10.0,0.6,3.4,5.1,2.079,0.061
2019,09,전라북도,순창군,유등면,유촌리,옥택천,19.0,6.9,10.4,0.6,3.2,4.1,1.553,0.058
2019,09,전라북도,순창군,적성면,고원리,적성,23.3,8.3,8.2,0.5,4.2,5.1,1.290,0.034
2019,09,전라북도,남원시,금지면,귀석리,남원,25.6,8.3,8.7,0.7,4.7,7.0,0.871,0.031
2019,09,전라북도,남원시,대강면,월탄리,대강,22.8,7.3,9.7,0.8,3.9,3.3,1.381,0.042
2019,09,전라북도,장수군,산서면,사상리,오수천1,19.9,6.8,9.2,0.7,3.2,3.9,1.819,0.061
2019,09,전라북도,남원시,덕과면,사율리,율천,22.2,7.0,9.0,1.0,4.1,5.8,1.482,0.090
2019,09,전라북도,남원시,사매면,서도리,월평천,20.7,6.8,8.9,0.9,4.1,3.5,2.177,0.081
2019,09,전라북도,순창군,동계면,서호리,오수천2,23.1,7.3,10.4,0.9,4.0,4.5,1.532,0.063
2019,09,전라북도,임실군,삼계면,후천리,후곡천,21.3,6.9,9.7,0.8,4.3,4.0,1.371,0.070
2019,09,전라북도,남원시,산동면,월석리,요천1,20.0,7.3,9.3,0.6,2.3,1.7,1.404,0.031
2019,09,전라북도,남원시,금지면,창산리,요천2,24.6,8.4,8.9,0.9,3.9,4.8,1.748,0.044
2019,09,전라북도,남원시,송동면,세전리,요천3,21.4,7.2,10.8,0.8,4.3,3.5,1.862,0.062
2019,09,전라북도,고창군,아산면,구암리,주진천1,24.8,8.3,9.6,2.7,5.9,12.7,1.653,0.046
2019,09,전라북도,고창군,아산면,반암리,주진천2,25.0,7.9,8.7,2.1,5.3,20.2,1.543,0.046
2019,10,전라북도,익산시,성당면,부곡리,산북천,18.6,8.2,9.1,7.7,11.9,49.1,5.822,0.255
2019,10,전라북도,부안군,동진면,하장리,고부천2,19.1,7.6,9.7,1.7,8.4,72.0,2.812,0.156
2019,10,전라북도,부안군,동진면,하장리,고부천3,18.8,7.7,9.3,2.3,8.7,78.2,3.220,0.166
2019,10,전라북도,정읍시,영원면,앵성리,고부천1,18.8,7.3,9.3,1.6,7.5,65.0,2.416,0.127
2019,10,전라북도,김제시,부량면,옥정리,동진강3,19.3,7.8,9.8,1.2,5.9,19.5,3.985,0.089
2019,10,전라북도,정읍시,신태인읍,,동진강2,19.6,8.5,9.8,1.8,4.3,7.6,3.179,0.046
2019,10,전라북도,정읍시,신태인읍,구석리,용호천,19.7,7.0,8.7,0.6,6.0,9.6,4.062,0.113
2019,10,전라북도,정읍시,옹동면,산성리,동진강1,18.8,8.7,11.0,0.9,3.5,3.0,2.763,0.023
2019,10,전라북도,김제시,성덕면,남포리,신평천,20.5,7.8,9.2,2.4,13.5,82.6,7.757,0.162
2019,10,전라북도,김제시,죽산면,대창리,원평천3,19.5,8.1,8.7,3.2,9.4,40.9,3.857,0.149
2019,10,전라북도,김제시,봉남면,용신리,원평천1,23.5,8.7,15.7,0.8,6.6,18.8,5.159,0.086
2019,10,전라북도,김제시,죽산면,죽산리,원평천2,22.4,8.1,9.1,1.4,9.6,44.1,4.555,0.118
2019,10,전라북도,정읍시,공평동,,정읍천3,19.4,7.3,10.0,0.7,3.7,13.6,3.129,0.046
2019,10,전라북도,정읍시,송산동,,정읍천1,20.1,7.2,9.5,0.4,3.4,2.2,1.963,0.029
2019,10,전라북도,정읍시,연지동,,정읍천2,20.6,7.2,9.9,0.6,3.2,2.9,2.495,0.029
2019,10,전라북도,정읍시,이평면,하송리,정읍천4,19.3,7.8,11.6,2.3,8.0,13.9,5.152,0.079
2019,10,전라북도,정읍시,하모동,,천원천,19.2,7.1,9.9,1.0,4.2,6.1,3.834,0.058
2019,10,전라북도,김제시,백구면,마산리,마산천,19.0,9.1,15.9,4.0,10.4,14.3,7.848,0.177
2019,10,전라북도,완주군,삼례읍,,삼례,19.3,7.9,7.7,1.6,8.4,8.1,8.801,0.048
2019,10,전라북도,익산시,춘포면,인수리,익산천1,16.2,8.1,10.5,0.7,5.4,5.2,3.006,0.075
2019,10,전라북도,익산시,춘포면,인수리,익산천2,16.4,8.0,11.2,1.0,6.2,6.7,3.174,0.087
2019,10,전라북도,군산시,대야면,광교리,탑천,19.1,7.6,7.6,3.7,8.2,21.8,4.399,0.118
2019,10,전라북도,김제시,백구면,백구리,김제,20.1,7.4,9.5,2.5,8.3,10.5,6.567,0.090
2019,10,전라북도,김제시,백구면,월봉리,용암천,15.9,7.7,10.8,3.4,12.2,22.4,8.238,0.298
2019,10,전라북도,전주시완산구,서신동,,삼천3,18.5,7.6,10.4,0.8,4.4,4.5,2.049,0.073
2019,10,전라북도,전주시완산구,평화동3가,,삼천1,19.9,7.3,9.7,0.8,4.4,5.1,1.870,0.053
2019,10,전라북도,전주시완산구,효자동2가,,삼천2,19.2,7.2,10.1,0.7,4.3,4.0,2.070,0.064
2019,10,전라북도,완주군,소양면,황운리,소양천1,17.1,7.7,11.4,0.6,2.2,1.8,3.303,0.021
2019,10,전라북도,완주군,용진읍,상운리,소양천2,17.1,7.4,9.7,0.5,2.7,2.6,4.989,0.033
2019,10,전라북도,익산시,춘포면,용연리,익산천3,16.3,8.1,8.1,0.8,5.8,10.6,2.821,0.077
2019,10,전라북도,전주시덕진구,고랑동,,전주천7,20.8,7.3,8.0,3.1,10.7,4.3,10.757,0.071
2019,10,전라북도,전주시덕진구,전미동1가,,전주,18.0,7.8,10.7,2.2,5.5,5.6,3.168,0.102
2019,10,전라북도,전주시완산구,대성동,,전주천1,18.2,7.3,11.1,0.3,1.5,0.6,3.447,0.038
2019,10,전라북도,완주군,고산면,읍내리,고산,16.4,8.7,9.2,0.5,3.1,4.9,3.402,0.013
2019,10,전라북도,무주군,무주읍,대차리,무주남대천2,18.9,8.5,11.4,0.4,2.8,3.4,2.286,0.011
2019,10,전라북도,무주군,무주읍,읍내리,무주남대천1,18.3,8.6,10.3,0.3,2.8,2.7,2.550,0.010
2019,10,전라북도,무주군,무주읍,읍내리,무주남대천3,16.3,7.6,12.1,0.6,3.2,1.1,2.096,0.024
2019,10,전라북도,부안군,상서면,청림리,백천내,20.9,6.6,7.9,0.8,1.4,0.8,3.138,0.005
2019,10,전라북도,무주군,안성면,진도리,구량천,13.2,7.5,11.0,0.4,3.1,0.8,2.119,0.019
2019,10,전라북도,진안군,정천면,월평리,정자천,15.9,8.1,11.5,0.6,2.9,1.1,2.396,0.012
2019,10,전라북도,진안군,진안읍,운산리,진안천,18.5,8.0,9.6,1.9,3.2,2.4,3.688,0.064
2019,10,전라북도,진안군,진안읍,가막리,가막,14.6,8.0,11.3,0.5,3.5,1.2,3.539,0.041
2019,10,전라북도,무주군,무주읍,용포리,용포,18.3,8.5,10.4,0.9,4.6,2.2,1.342,0.009
2019,10,전라북도,진안군,용담면,송풍리,용담,18.3,7.8,10.7,0.6,4.7,1.6,1.603,0.017
2019,10,전라북도,남원시,운봉읍,,람천2,16.0,8.7,10.4,0.6,3.9,2.6,2.293,0.033
2019,10,전라북도,남원시,인월면,중군리,람천1,16.1,8.5,10.1,0.6,3.4,1.6,3.220,0.052
2019,10,전라북도,임실군,관촌면,방수리,관촌,16.2,7.8,10.4,0.7,2.5,1.3,1.813,0.013
2019,10,전라북도,임실군,운암면,학암리,운암,22.6,8.3,8.6,1.9,3.6,3.1,2.045,0.021
2019,10,전라북도,정읍시,산내면,매죽리,추령천,17.3,8.0,10.5,0.7,2.6,1.4,2.378,0.008
2019,10,전라북도,임실군,강진면,용수리,임실,19.0,7.7,8.8,0.9,4.3,2.3,1.569,0.010
2019,10,전라북도,순창군,동계면,구미리,동계,17.8,8.3,10.4,0.8,3.5,1.4,1.426,0.013
2019,10,전라북도,순창군,구림면,안정리,치천,13.6,7.8,10.9,0.4,2.2,0.8,1.843,0.017
2019,10,전라북도,남원시,대강면,풍산리,수홍천,12.1,7.2,10.0,0.5,2.4,1.7,2.845,0.045
2019,10,전라북도,순창군,유등면,유촌리,옥택천,12.8,7.4,10.1,0.4,2.4,2.5,1.873,0.032
2019,10,전라북도,순창군,적성면,고원리,적성,19.2,8.0,9.0,1.1,3.4,4.0,1.900,0.022
2019,10,전라북도,남원시,금지면,귀석리,남원,19.4,8.2,10.1,1.6,4.0,6.6,2.456,0.044
2019,10,전라북도,남원시,대강면,월탄리,대강,16.6,7.2,12.7,0.7,3.1,3.1,1.734,0.026
2019,10,전라북도,장수군,산서면,사상리,오수천1,14.0,7.1,11.1,0.5,2.4,2.4,2.334,0.029
2019,10,전라북도,남원시,덕과면,사율리,율천,15.8,7.0,10.9,0.6,3.0,4.8,2.256,0.073
2019,10,전라북도,남원시,사매면,서도리,월평천,14.7,7.0,11.3,0.6,3.0,2.1,3.297,0.044
2019,10,전라북도,순창군,동계면,서호리,오수천2,16.5,7.3,13.4,0.7,3.0,2.6,2.082,0.032
2019,10,전라북도,임실군,삼계면,후천리,후곡천,15.3,7.1,11.8,0.7,3.5,3.5,1.927,0.054
2019,10,전라북도,남원시,산동면,월석리,요천1,15.7,7.3,12.6,0.5,2.5,1.8,1.296,0.006
2019,10,전라북도,남원시,금지면,창산리,요천2,18.0,8.2,9.8,1.0,3.7,8.6,2.307,0.033
2019,10,전라북도,남원시,송동면,세전리,요천3,14.1,7.4,12.3,0.7,3.2,4.8,2.197,0.034
2019,10,전라북도,고창군,아산면,구암리,주진천1,17.8,8.9,9.6,1.2,6.4,12.0,3.493,0.072
2019,10,전라북도,고창군,아산면,반암리,주진천2,17.4,9.3,9.5,1.3,5.6,16.6,3.441,0.077
2019,11,전라북도,익산시,성당면,부곡리,산북천,10.6,7.9,9.1,10.9,16.5,64.0,6.931,0.506
2019,11,전라북도,부안군,동진면,하장리,고부천2,14.0,7.4,10.2,3.5,8.0,73.3,3.879,0.198
2019,11,전라북도,부안군,동진면,하장리,고부천3,12.8,7.6,10.0,3.4,11.4,60.0,4.839,0.236
2019,11,전라북도,정읍시,영원면,앵성리,고부천1,14.5,7.5,10.0,3.8,8.6,68.4,4.717,0.148
2019,11,전라북도,김제시,부량면,옥정리,동진강3,12.6,7.5,11.0,1.3,6.3,10.1,3.945,0.089
2019,11,전라북도,정읍시,신태인읍,,동진강2,9.9,7.9,11.6,0.5,5.0,7.5,3.018,0.050
2019,11,전라북도,정읍시,신태인읍,구석리,용호천,12.3,7.3,10.2,2.2,7.1,9.0,4.015,0.106
2019,11,전라북도,정읍시,옹동면,산성리,동진강1,11.6,8.0,11.1,0.3,3.7,5.1,2.441,0.023
2019,11,전라북도,김제시,성덕면,남포리,신평천,11.3,7.9,9.4,6.9,14.9,69.0,7.988,0.245
2019,11,전라북도,김제시,죽산면,대창리,원평천3,12.0,7.8,10.9,3.7,10.9,49.3,4.431,0.187
2019,11,전라북도,김제시,봉남면,용신리,원평천1,11.3,8.1,13.1,0.9,6.5,10.4,3.027,0.054
2019,11,전라북도,김제시,죽산면,죽산리,원평천2,11.2,8.2,9.6,2.2,9.7,37.7,6.550,0.106
2019,11,전라북도,정읍시,공평동,,정읍천3,13.5,7.2,10.4,3.0,5.1,10.4,3.133,0.060
2019,11,전라북도,정읍시,송산동,,정읍천1,12.3,7.4,10.5,0.7,2.6,1.3,1.660,0.029
2019,11,전라북도,정읍시,연지동,,정읍천2,14.3,7.2,10.4,2.5,5.2,8.2,3.165,0.058
2019,11,전라북도,정읍시,이평면,하송리,정읍천4,13.4,7.5,12.0,2.0,8.6,6.7,6.669,0.082
2019,11,전라북도,정읍시,하모동,,천원천,13.2,7.2,11.4,2.7,4.6,8.6,3.647,0.076
2019,11,전라북도,김제시,백구면,마산리,마산천,16.8,8.4,16.1,10.8,15.2,28.5,13.413,0.219
2019,11,전라북도,완주군,삼례읍,,삼례,11.7,7.2,9.2,0.7,9.3,9.2,8.188,0.079
2019,11,전라북도,익산시,춘포면,인수리,익산천1,6.4,7.6,12.2,0.7,6.8,6.9,3.874,0.140
2019,11,전라북도,익산시,춘포면,인수리,익산천2,7.0,7.5,12.0,1.5,7.6,7.7,3.904,0.144
2019,11,전라북도,군산시,대야면,광교리,탑천,11.8,7.8,8.7,5.5,12.5,26.9,5.821,0.211
2019,11,전라북도,김제시,백구면,백구리,김제,12.9,7.5,11.9,4.0,10.3,13.4,7.580,0.116
2019,11,전라북도,김제시,백구면,월봉리,용암천,14.4,8.2,11.9,8.4,18.8,17.2,17.115,0.393
2019,11,전라북도,전주시완산구,서신동,,삼천3,17.3,8.2,11.8,1.6,4.0,2.3,2.168,0.050
2019,11,전라북도,전주시완산구,평화동3가,,삼천1,16.9,7.3,11.7,1.2,3.4,1.7,2.328,0.058
2019,11,전라북도,전주시완산구,효자동2가,,삼천2,17.6,7.9,14.9,1.1,3.8,2.2,2.236,0.064
2019,11,전라북도,완주군,소양면,황운리,소양천1,16.3,7.6,11.3,0.4,2.2,1.2,0.736,0.030
2019,11,전라북도,완주군,용진읍,상운리,소양천2,15.9,8.0,11.4,0.6,2.5,2.6,5.158,0.037
2019,11,전라북도,익산시,춘포면,용연리,익산천3,6.2,7.7,11.7,0.8,7.5,12.0,3.812,0.153
2019,11,전라북도,전주시덕진구,고랑동,,전주천7,17.5,7.4,7.8,4.7,13.3,5.3,13.161,0.096
2019,11,전라북도,전주시덕진구,전미동1가,,전주,12.1,7.9,11.7,3.0,6.2,6.8,2.583,0.163
2019,11,전라북도,전주시완산구,대성동,,전주천1,16.0,7.5,13.1,0.7,1.5,0.7,2.512,0.008
2019,11,전라북도,완주군,고산면,읍내리,고산,7.9,7.9,11.5,0.3,2.9,2.6,3.393,0.021
2019,11,전라북도,무주군,무주읍,대차리,무주남대천2,10.6,8.6,12.4,0.4,2.3,0.6,2.558,0.026
2019,11,전라북도,무주군,무주읍,읍내리,무주남대천1,10.1,8.5,11.5,0.8,2.6,1.5,2.729,0.009
2019,11,전라북도,무주군,무주읍,읍내리,무주남대천3,10.1,7.9,14.0,0.9,3.7,0.8,2.759,0.028
2019,11,전라북도,부안군,상서면,청림리,백천내,15.2,6.7,9.3,0.9,2.6,3.2,1.708,0.003
2019,11,전라북도,무주군,안성면,진도리,구량천,7.8,7.8,12.9,1.6,4.5,1.0,3.674,0.025
2019,11,전라북도,진안군,정천면,월평리,정자천,9.5,7.8,14.0,0.5,3.1,0.4,2.431,0.009
2019,11,전라북도,진안군,진안읍,운산리,진안천,15.7,7.9,10.7,1.3,5.0,2.8,4.406,0.034
2019,11,전라북도,진안군,진안읍,가막리,가막,8.6,8.1,13.4,0.7,3.5,1.3,3.569,0.022
2019,11,전라북도,무주군,무주읍,용포리,용포,11.3,8.5,11.0,0.3,4.2,1.9,1.352,0.006
2019,11,전라북도,진안군,용담면,송풍리,용담,13.8,7.8,10.7,0.7,4.5,1.6,1.402,0.015
2019,11,전라북도,남원시,운봉읍,,람천2,8.0,8.2,12.3,0.3,3.5,3.5,2.168,0.047
2019,11,전라북도,남원시,인월면,중군리,람천1,8.1,7.9,12.7,0.4,4.5,4.2,3.087,0.640
2019,11,전라북도,임실군,관촌면,방수리,관촌,10.0,7.9,11.9,0.7,3.1,1.6,1.798,0.025
2019,11,전라북도,임실군,운암면,학암리,운암,9.9,8.7,10.9,0.6,3.2,2.8,1.270,0.008
2019,11,전라북도,정읍시,산내면,매죽리,추령천,9.8,7.8,11.8,0.6,2.6,1.2,2.174,0.026
2019,11,전라북도,임실군,강진면,용수리,임실,13.6,7.7,9.7,0.6,4.2,1.2,1.755,0.025
2019,11,전라북도,순창군,동계면,구미리,동계,9.3,8.2,11.3,0.4,3.5,2.2,1.843,0.008
2019,11,전라북도,순창군,구림면,안정리,치천,7.1,6.9,13.5,0.5,2.4,0.9,1.673,0.012
2019,11,전라북도,남원시,대강면,풍산리,수홍천,7.4,6.9,12.2,0.5,2.3,6.8,2.757,0.026
2019,11,전라북도,순창군,유등면,유촌리,옥택천,7.3,7.0,12.5,0.6,2.4,1.6,1.804,0.026
2019,11,전라북도,순창군,적성면,고원리,적성,11.9,8.4,10.2,3.0,6.8,3.7,1.823,0.010
2019,11,전라북도,남원시,금지면,귀석리,남원,14.0,8.8,11.2,1.0,5.0,4.2,1.508,0.011
2019,11,전라북도,남원시,대강면,월탄리,대강,10.9,7.2,13.7,0.8,3.8,1.4,1.762,0.029
2019,11,전라북도,장수군,산서면,사상리,오수천1,9.5,6.8,12.2,0.8,2.6,2.1,2.141,0.029
2019,11,전라북도,남원시,덕과면,사율리,율천,10.8,6.7,12.1,0.9,3.2,3.5,2.056,0.075
2019,11,전라북도,남원시,사매면,서도리,월평천,9.9,6.7,13.2,1.1,3.1,9.2,3.265,0.054
2019,11,전라북도,순창군,동계면,서호리,오수천2,11.0,7.1,13.5,1.0,3.7,1.5,1.989,0.035
2019,11,전라북도,임실군,삼계면,후천리,후곡천,8.7,6.7,13.4,0.9,3.0,1.3,1.672,0.023
2019,11,전라북도,남원시,산동면,월석리,요천1,9.1,6.9,13.3,0.4,2.2,0.9,1.679,0.027
2019,11,전라북도,남원시,금지면,창산리,요천2,13.4,8.9,10.8,2.0,5.2,7.2,2.958,0.035
2019,11,전라북도,남원시,송동면,세전리,요천3,7.9,7.7,13.2,0.9,4.0,2.3,2.650,0.040
2019,11,전라북도,고창군,아산면,구암리,주진천1,10.8,8.4,10.2,1.2,6.0,25.6,5.502,0.080
2019,11,전라북도,고창군,아산면,반암리,주진천2,11.3,8.2,10.4,1.2,5.5,25.0,5.216,0.062
2019,12,전라북도,익산시,성당면,부곡리,산북천,6.5,8.0,10.6,4.5,7.7,24.9,8.197,0.671
2019,12,전라북도,익산시,망성면,무형리,마산천,2.2,7.7,15.3,2.0,3.8,3.9,5.316,0.529
2019,12,전라북도,부안군,동진면,하장리,고부천2,7.7,8.1,12.6,2.7,7.8,30.0,3.958,0.104
2019,12,전라북도,부안군,동진면,하장리,고부천3,8.4,7.4,12.6,3.0,8.2,26.2,4.684,0.133
2019,12,전라북도,정읍시,영원면,앵성리,고부천1,8.1,8.5,12.2,5.4,9.4,26.8,4.076,0.102
2019,12,전라북도,김제시,부량면,옥정리,동진강3,8.6,7.6,13.0,1.2,6.4,7.7,5.481,0.066
2019,12,전라북도,정읍시,신태인읍,,동진강2,8.8,8.2,12.7,0.8,4.0,23.9,4.354,0.069
2019,12,전라북도,정읍시,신태인읍,구석리,용호천,7.3,8.0,12.7,1.5,7.0,3.8,4.200,0.049
2019,12,전라북도,정읍시,옹동면,산성리,동진강1,8.9,8.6,12.3,0.5,3.4,2.9,1.894,0.019
2019,12,전라북도,김제시,성덕면,남포리,신평천,6.9,8.4,13.3,3.8,12.0,25.6,5.223,0.116
2019,12,전라북도,김제시,죽산면,대창리,원평천3,6.7,7.9,12.0,2.1,7.0,26.2,3.659,0.098
2019,12,전라북도,김제시,봉남면,용신리,원평천1,9.8,8.8,16.6,1.5,6.3,7.2,4.240,0.049
2019,12,전라북도,김제시,죽산면,죽산리,원평천2,7.1,8.0,12.7,3.8,8.0,40.9,3.491,0.114
2019,12,전라북도,정읍시,공평동,,정읍천3,8.3,7.9,12.7,0.9,3.6,3.4,2.668,0.026
2019,12,전라북도,정읍시,송산동,,정읍천1,8.6,8.2,11.9,0.4,2.5,0.9,1.699,0.017
2019,12,전라북도,정읍시,연지동,,정읍천2,8.2,8.1,13.3,0.7,2.6,1.4,2.479,0.031
2019,12,전라북도,정읍시,이평면,하송리,정읍천4,10.4,7.3,13.1,1.9,8.2,4.1,7.189,0.052
2019,12,전라북도,정읍시,하모동,,천원천,8.2,8.6,13.0,1.2,4.0,3.2,2.851,0.029
2019,12,전라북도,김제시,백구면,마산리,마산천,5.9,7.8,13.3,5.7,9.5,14.4,10.431,0.154
2019,12,전라북도,완주군,삼례읍,,삼례,11.8,7.8,10.1,3.5,7.8,8.3,9.143,0.057
2019,12,전라북도,익산시,춘포면,인수리,익산천1,9.1,8.1,13.6,1.6,6.3,7.4,2.999,0.096
2019,12,전라북도,익산시,춘포면,인수리,익산천2,7.9,8.3,14.3,1.8,6.8,6.5,3.171,0.118
2019,12,전라북도,군산시,대야면,광교리,탑천,8.5,7.8,11.0,2.4,6.8,14.3,6.108,0.120
2019,12,전라북도,김제시,백구면,백구리,김제,9.7,7.5,13.2,4.1,10.6,12.2,9.086,0.119
2019,12,전라북도,김제시,백구면,월봉리,용암천,5.3,7.6,13.3,9.2,16.1,32.5,4.372,0.329
2019,12,전라북도,전주시완산구,서신동,,삼천3,7.6,7.6,12.8,1.5,4.8,2.8,3.380,0.059
2019,12,전라북도,전주시완산구,평화동3가,,삼천1,9.1,6.9,11.6,0.6,2.9,1.1,3.411,0.047
2019,12,전라북도,전주시완산구,효자동2가,,삼천2,8.1,7.2,12.6,1.2,4.0,2.9,3.012,0.048
2019,12,전라북도,완주군,소양면,황운리,소양천1,7.1,7.6,13.2,0.3,1.4,0.9,3.751,0.025
2019,12,전라북도,완주군,용진읍,상운리,소양천2,7.0,7.8,12.1,0.7,2.4,1.8,5.273,0.035
2019,12,전라북도,익산시,춘포면,용연리,익산천3,7.9,8.4,14.4,1.8,7.5,8.6,3.396,0.100
2019,12,전라북도,전주시덕진구,고랑동,,전주천7,15.0,7.3,8.6,4.7,13.7,4.7,13.902,0.086
2019,12,전라북도,전주시덕진구,전미동1가,,전주,7.2,7.8,14.5,3.9,6.5,7.8,3.757,0.174
2019,12,전라북도,전주시완산구,대성동,,전주천1,10.0,6.8,13.4,0.3,1.5,0.4,3.071,0.014
2019,12,전라북도,완주군,고산면,읍내리,고산,8.5,8.6,11.9,0.7,3.3,2.9,2.642,0.007
2019,12,전라북도,무주군,무주읍,대차리,무주남대천2,5.6,8.4,13.7,0.5,2.4,1.8,2.606,0.007
2019,12,전라북도,무주군,무주읍,읍내리,무주남대천1,4.2,8.4,13.4,0.6,2.3,1.5,2.530,0.007
2019,12,전라북도,무주군,무주읍,읍내리,무주남대천3,6.0,7.6,14.0,0.8,3.2,1.1,2.561,0.016
2019,12,전라북도,부안군,상서면,청림리,백천내,9.1,6.8,10.7,0.8,2.0,0.2,1.667,0.010
2019,12,전라북도,무주군,안성면,진도리,구량천,4.7,7.8,13.6,0.6,3.9,1.8,3.513,0.017
2019,12,전라북도,진안군,정천면,월평리,정자천,5.6,7.9,13.3,0.4,2.5,0.4,2.561,0.010
2019,12,전라북도,진안군,진안읍,운산리,진안천,7.9,7.7,12.4,1.6,4.1,2.8,3.401,0.062
2019,12,전라북도,진안군,진안읍,가막리,가막,5.2,8.1,13.9,0.8,3.2,1.5,3.758,0.018
2019,12,전라북도,무주군,무주읍,용포리,용포,6.9,8.2,11.4,0.4,3.6,1.6,1.267,0.006
2019,12,전라북도,진안군,용담면,송풍리,용담,10.2,7.7,11.4,0.6,4.1,1.1,1.401,0.012
2019,12,전라북도,남원시,운봉읍,,람천2,6.9,8.8,11.9,0.4,2.4,2.8,2.128,0.019
2019,12,전라북도,남원시,인월면,중군리,람천1,7.1,8.7,13.0,0.7,3.1,4.7,3.230,0.034
2019,12,전라북도,임실군,관촌면,방수리,관촌,3.6,7.7,13.4,1.3,2.5,1.1,1.898,0.026
2019,12,전라북도,임실군,운암면,학암리,운암,6.7,8.6,11.9,1.0,3.7,2.5,1.821,0.015
2019,12,전라북도,정읍시,산내면,매죽리,추령천,6.1,7.9,12.4,1.2,2.1,0.9,1.797,0.038
2019,12,전라북도,임실군,강진면,용수리,임실,10.5,7.8,10.4,1.0,4.1,1.5,1.609,0.049
2019,12,전라북도,순창군,동계면,구미리,동계,7.7,7.7,13.5,0.5,3.4,1.8,1.592,0.006
2019,12,전라북도,순창군,구림면,안정리,치천,4.1,7.3,14.9,0.4,2.4,1.5,1.952,0.002
2019,12,전라북도,남원시,대강면,풍산리,수홍천,5.4,7.1,13.3,0.3,2.5,0.7,2.857,0.012
2019,12,전라북도,순창군,유등면,유촌리,옥택천,4.3,7.2,13.3,0.4,2.8,0.6,1.985,0.026
2019,12,전라북도,순창군,적성면,고원리,적성,6.5,7.6,12.0,0.6,3.4,2.6,1.884,0.008
2019,12,전라북도,남원시,금지면,귀석리,남원,7.6,8.5,13.9,0.6,3.4,2.2,1.816,0.010
2019,12,전라북도,남원시,대강면,월탄리,대강,5.3,7.3,13.6,1.3,3.5,1.8,1.900,0.054
2019,12,전라북도,장수군,산서면,사상리,오수천1,1.8,7.2,13.9,0.6,2.1,0.7,2.303,0.016
2019,12,전라북도,남원시,덕과면,사율리,율천,2.5,7.1,13.8,0.9,3.6,4.0,2.346,0.082
2019,12,전라북도,남원시,사매면,서도리,월평천,1.9,7.1,14.3,0.9,3.3,8.4,3.429,0.033
2019,12,전라북도,순창군,동계면,서호리,오수천2,6.8,6.7,10.5,1.5,4.0,1.6,2.095,0.047
2019,12,전라북도,임실군,삼계면,후천리,후곡천,0.6,7.2,14.2,4.3,6.2,0.8,1.183,0.004
2019,12,전라북도,남원시,산동면,월석리,요천1,5.6,6.8,10.1,0.9,1.9,0.9,2.067,0.045
2019,12,전라북도,남원시,금지면,창산리,요천2,7.2,8.5,13.4,0.5,3.3,3.3,3.562,0.019
2019,12,전라북도,남원시,송동면,세전리,요천3,5.5,8.2,13.6,1.6,3.9,2.6,3.627,0.028
2019,12,전라북도,고창군,아산면,구암리,주진천1,6.8,8.1,11.5,3.0,7.7,12.6,4.748,0.079
2019,12,전라북도,고창군,아산면,반암리,주진천2,6.9,8.2,12.0,2.4,5.5,14.5,4.805,0.064
2020,01,전라북도,익산시,성당면,부곡리,산북천,6.2,8.1,12.5,3.3,7.1,25.6,5.568,0.635
2020,01,전라북도,익산시,망성면,무형리,마산천,4.5,7.0,14.1,2.0,5.5,7.7,7.332,0.272
2020,01,전라북도,부안군,동진면,하장리,고부천2,4.1,7.3,13.8,1.7,7.9,16.0,5.210,0.131
2020,01,전라북도,부안군,동진면,하장리,고부천3,5.0,7.6,13.5,2.6,8.2,36.7,4.547,0.215
2020,01,전라북도,정읍시,영원면,앵성리,고부천1,4.6,7.3,13.2,1.6,7.1,26.4,5.227,0.109
2020,01,전라북도,김제시,부량면,옥정리,동진강3,5.7,7.6,12.8,3.1,8.2,38.4,5.547,0.190
2020,01,전라북도,정읍시,신태인읍,,동진강2,6.0,8.0,12.2,1.1,4.2,12.6,3.288,0.042
2020,01,전라북도,정읍시,신태인읍,구석리,용호천,4.5,7.3,12.8,0.8,5.1,3.2,4.798,0.086
2020,01,전라북도,정읍시,옹동면,산성리,동진강1,6.7,8.1,12.6,0.5,3.4,2.5,2.397,0.017
2020,01,전라북도,김제시,성덕면,남포리,신평천,4.1,8.2,12.3,3.9,12.1,38.2,6.880,0.205
2020,01,전라북도,김제시,죽산면,대창리,원평천3,5.2,7.6,14.3,2.2,7.5,31.5,3.916,0.234
2020,01,전라북도,김제시,봉남면,용신리,원평천1,7.2,8.1,13.3,1.1,5.1,8.6,3.391,0.028
2020,01,전라북도,김제시,죽산면,죽산리,원평천2,3.5,8.3,12.3,1.2,7.5,27.2,3.723,0.076
2020,01,전라북도,정읍시,공평동,,정읍천3,4.7,7.2,12.7,0.5,3.0,5.8,3.178,0.030
2020,01,전라북도,정읍시,송산동,,정읍천1,6.0,7.5,13.1,0.1,2.3,0.9,1.853,0.033
2020,01,전라북도,정읍시,연지동,,정읍천2,5.7,7.4,13.5,0.3,2.4,1.9,2.349,0.029
2020,01,전라북도,정읍시,이평면,하송리,정읍천4,7.4,7.3,11.9,3.4,8.2,13.8,6.036,0.163
2020,01,전라북도,정읍시,하모동,,천원천,5.2,7.3,13.6,0.7,3.1,12.0,3.397,0.035
2020,01,전라북도,김제시,백구면,마산리,마산천,3.3,7.3,13.8,4.1,6.8,33.0,6.997,0.168
2020,01,전라북도,완주군,삼례읍,,삼례,6.8,8.1,11.3,2.5,6.3,6.2,6.584,0.056
2020,01,전라북도,익산시,춘포면,인수리,익산천1,4.3,7.9,13.0,1.7,7.0,7.6,4.445,0.081
2020,01,전라북도,익산시,춘포면,인수리,익산천2,4.4,7.9,12.5,2.2,7.4,7.5,4.552,0.103
2020,01,전라북도,군산시,대야면,광교리,탑천,4.9,7.5,11.0,3.1,8.1,15.9,5.124,0.252
2020,01,전라북도,김제시,백구면,백구리,김제,7.1,7.7,11.3,6.1,9.8,56.2,8.003,0.189
2020,01,전라북도,김제시,백구면,월봉리,용암천,2.3,7.5,12.3,6.3,18.8,32.9,9.672,0.409
2020,01,전라북도,전주시완산구,서신동,,삼천3,5.5,7.5,13.4,0.9,3.5,2.9,2.806,0.039
2020,01,전라북도,전주시완산구,평화동3가,,삼천1,4.7,7.7,13.0,0.7,3.7,4.0,2.658,0.061
2020,01,전라북도,전주시완산구,효자동2가,,삼천2,5.6,7.6,13.6,0.8,3.6,5.2,2.823,0.047
2020,01,전라북도,완주군,소양면,황운리,소양천1,6.5,7.5,12.9,0.3,1.5,1.0,5.067,0.031
2020,01,전라북도,완주군,용진읍,상운리,소양천2,5.4,7.6,12.8,0.5,1.9,1.1,5.672,0.034
2020,01,전라북도,익산시,춘포면,용연리,익산천3,4.3,7.9,12.4,2.4,7.5,7.8,4.476,0.087
2020,01,전라북도,전주시덕진구,고랑동,,전주천7,11.3,7.2,8.5,5.7,11.9,7.7,11.684,0.291
2020,01,전라북도,전주시덕진구,전미동1가,,전주,5.4,7.7,12.4,1.4,4.4,4.2,4.527,0.167
2020,01,전라북도,전주시완산구,대성동,,전주천1,7.6,7.7,12.6,0.3,1.5,0.6,3.836,0.036
2020,01,전라북도,완주군,고산면,읍내리,고산,5.7,8.8,13.0,0.5,2.5,2.8,5.229,0.008
2020,01,전라북도,무주군,무주읍,대차리,무주남대천2,4.6,8.2,12.6,0.7,1.9,2.3,2.428,0.005
2020,01,전라북도,무주군,무주읍,읍내리,무주남대천1,3.8,8.2,12.8,0.5,2.2,2.0,2.102,0.005
2020,01,전라북도,무주군,무주읍,읍내리,무주남대천3,5.0,7.9,14.1,0.7,2.9,0.9,2.117,0.036
2020,01,전라북도,부안군,상서면,청림리,백천내,7.5,7.0,11.6,1.2,2.4,0.5,1.921,0.005
2020,01,전라북도,무주군,안성면,진도리,구량천,3.5,8.4,14.4,0.7,3.4,1.8,2.644,0.039
2020,01,전라북도,진안군,정천면,월평리,정자천,5.0,8.2,13.3,0.5,2.5,0.9,3.111,0.028
2020,01,전라북도,진안군,진안읍,운산리,진안천,4.7,7.1,13.7,1.6,3.1,2.0,4.351,0.021
2020,01,전라북도,진안군,진안읍,가막리,가막,4.5,7.9,14.3,0.6,3.5,1.9,3.917,0.054
2020,01,전라북도,무주군,무주읍,용포리,용포,5.3,8.1,11.7,0.4,3.0,2.5,1.545,0.004
2020,01,전라북도,진안군,용담면,송풍리,용담,6.6,7.6,12.5,0.4,4.1,1.0,1.182,0.020
2020,01,전라북도,남원시,운봉읍,,람천2,2.6,7.9,12.7,0.3,2.0,1.8,1.946,0.017
2020,01,전라북도,남원시,인월면,중군리,람천1,3.9,7.7,13.3,0.5,2.5,3.4,3.082,0.031
2020,01,전라북도,임실군,관촌면,방수리,관촌,5.4,8.0,13.8,0.6,2.4,1.1,2.821,0.009
2020,01,전라북도,임실군,운암면,학암리,운암,4.0,8.3,12.3,0.7,2.7,2.8,3.356,0.019
2020,01,전라북도,정읍시,산내면,매죽리,추령천,6.8,7.5,14.1,0.8,2.9,1.1,3.152,0.011
2020,01,전라북도,임실군,강진면,용수리,임실,4.8,7.9,13.4,0.7,4.3,1.2,1.559,0.009
2020,01,전라북도,순창군,동계면,구미리,동계,4.9,8.4,12.3,0.5,2.8,1.4,2.451,0.007
2020,01,전라북도,순창군,구림면,안정리,치천,6.4,7.2,12.0,0.9,2.3,1.0,2.278,0.004
2020,01,전라북도,남원시,대강면,풍산리,수홍천,7.2,6.9,11.7,1.0,3.1,19.3,3.047,0.030
2020,01,전라북도,순창군,유등면,유촌리,옥택천,6.9,7.0,11.7,1.3,3.6,3.2,2.238,0.029
2020,01,전라북도,순창군,적성면,고원리,적성,3.6,7.8,12.4,0.7,3.1,2.2,2.100,0.007
2020,01,전라북도,남원시,금지면,귀석리,남원,3.2,7.6,13.1,0.5,3.0,1.8,2.235,0.013
2020,01,전라북도,남원시,대강면,월탄리,대강,7.9,7.9,12.4,1.1,3.6,1.9,2.027,0.023
2020,01,전라북도,장수군,산서면,사상리,오수천1,7.1,6.9,11.8,1.0,3.2,1.9,2.665,0.020
2020,01,전라북도,남원시,덕과면,사율리,율천,7.5,6.9,11.6,1.1,3.4,2.5,2.206,0.065
2020,01,전라북도,남원시,사매면,서도리,월평천,8.1,6.9,12.2,1.4,4.4,2.6,3.432,0.040
2020,01,전라북도,순창군,동계면,서호리,오수천2,5.6,8.0,13.2,0.9,3.6,2.8,2.533,0.026
2020,01,전라북도,임실군,삼계면,후천리,후곡천,6.7,7.1,13.2,1.1,3.2,0.8,1.847,0.013
2020,01,전라북도,남원시,산동면,월석리,요천1,6.1,7.9,12.4,0.6,2.6,1.0,2.444,0.015
2020,01,전라북도,남원시,금지면,창산리,요천2,3.6,7.6,13.7,0.6,1.9,3.5,3.735,0.017
2020,01,전라북도,남원시,송동면,세전리,요천3,4.6,7.8,13.5,1.2,4.1,2.5,4.280,0.030
2020,01,전라북도,고창군,아산면,구암리,주진천1,3.6,8.0,12.2,1.3,3.6,4.9,3.865,0.049
2020,01,전라북도,고창군,아산면,반암리,주진천2,3.4,7.9,12.6,1.3,4.0,9.6,4.165,0.049
2020,02,전라북도,익산시,성당면,부곡리,산북천,5.9,7.7,13.3,7.9,14.9,45.2,7.923,0.778
2020,02,전라북도,익산시,망성면,무형리,마산천,5.4,7.8,13.1,2.2,6.1,19.4,5.626,0.331
2020,02,전라북도,부안군,동진면,하장리,고부천2,6.4,7.3,13.0,1.6,7.4,22.0,3.373,0.066
2020,02,전라북도,부안군,동진면,하장리,고부천3,7.0,7.7,13.0,3.7,9.7,46.9,4.767,0.151
2020,02,전라북도,정읍시,영원면,앵성리,고부천1,6.3,7.2,12.8,1.7,7.7,39.2,3.929,0.160
2020,02,전라북도,김제시,부량면,옥정리,동진강3,7.2,7.6,12.3,2.9,8.1,19.8,4.857,0.105
2020,02,전라북도,정읍시,신태인읍,,동진강2,4.8,7.8,12.2,2.5,8.6,15.7,4.794,0.123
2020,02,전라북도,정읍시,신태인읍,구석리,용호천,5.7,7.0,12.0,0.3,5.3,4.1,2.855,0.031
2020,02,전라북도,정읍시,옹동면,산성리,동진강1,5.8,8.3,12.3,0.7,3.7,4.2,2.383,0.014
2020,02,전라북도,김제시,성덕면,남포리,신평천,5.3,9.2,15.6,5.3,8.9,13.8,3.410,0.087
2020,02,전라북도,김제시,죽산면,대창리,원평천3,7.5,7.7,13.2,4.9,11.2,45.1,5.153,0.195
2020,02,전라북도,김제시,봉남면,용신리,원평천1,5.9,7.9,14.2,2.5,7.8,8.8,4.608,0.070
2020,02,전라북도,김제시,죽산면,죽산리,원평천2,6.0,8.0,12.4,4.4,10.0,30.3,5.606,0.131
2020,02,전라북도,정읍시,공평동,,정읍천3,5.9,7.2,12.3,0.6,4.1,5.1,2.267,0.014
2020,02,전라북도,정읍시,송산동,,정읍천1,6.2,7.3,12.6,0.2,2.1,1.0,1.602,0.012
2020,02,전라북도,정읍시,연지동,,정읍천2,6.4,7.2,13.0,0.4,2.4,1.5,2.129,0.010
2020,02,전라북도,정읍시,이평면,하송리,정읍천4,8.4,7.5,12.7,2.9,7.6,14.7,5.664,0.076
2020,02,전라북도,정읍시,하모동,,천원천,6.1,7.1,12.8,0.7,3.0,5.3,2.449,0.017
2020,02,전라북도,김제시,백구면,마산리,마산천,3.9,7.5,13.0,4.3,10.6,38.5,6.080,0.286
2020,02,전라북도,완주군,삼례읍,,삼례,8.0,7.7,11.0,4.6,7.8,8.9,9.605,0.040
2020,02,전라북도,익산시,춘포면,인수리,익산천1,2.6,8.0,13.8,1.1,4.4,3.2,4.268,0.049
2020,02,전라북도,익산시,춘포면,인수리,익산천2,3.0,7.8,13.6,1.1,4.9,3.9,4.140,0.046
2020,02,전라북도,군산시,대야면,광교리,탑천,6.3,7.5,10.1,5.1,11.4,30.6,6.268,0.215
2020,02,전라북도,김제시,백구면,백구리,김제,8.3,7.7,12.3,6.2,9.4,21.4,7.094,0.134
2020,02,전라북도,김제시,백구면,월봉리,용암천,3.1,7.8,12.5,5.4,9.0,33.0,8.848,0.266
2020,02,전라북도,전주시완산구,서신동,,삼천3,4.9,7.7,14.0,1.0,3.3,2.7,2.763,0.026
2020,02,전라북도,전주시완산구,평화동3가,,삼천1,5.0,7.4,13.6,0.4,3.9,1.1,2.567,0.019
2020,02,전라북도,전주시완산구,효자동2가,,삼천2,4.6,7.4,13.9,0.6,3.5,2.7,2.803,0.026
2020,02,전라북도,완주군,소양면,황운리,소양천1,4.1,7.6,13.8,0.4,1.4,0.9,3.843,0.012
2020,02,전라북도,완주군,용진읍,상운리,소양천2,3.5,7.5,12.6,1.6,3.3,13.6,4.984,0.019
2020,02,전라북도,익산시,춘포면,용연리,익산천3,2.2,7.8,13.3,1.2,5.5,5.2,3.839,0.048
2020,02,전라북도,전주시덕진구,고랑동,,전주천7,11.8,7.2,9.6,5.0,11.8,14.4,11.428,0.091
2020,02,전라북도,전주시덕진구,전미동1가,,전주,6.2,8.0,13.1,2.9,5.6,8.1,3.735,0.114
2020,02,전라북도,전주시완산구,대성동,,전주천1,6.5,7.5,13.2,0.1,1.6,0.4,3.226,0.010
2020,02,전라북도,완주군,고산면,읍내리,고산,4.5,8.4,12.9,1.0,2.5,3.0,3.073,0.007
2020,02,전라북도,무주군,무주읍,대차리,무주남대천2,6.7,8.6,13.5,0.9,2.6,1.7,2.097,0.010
2020,02,전라북도,무주군,무주읍,읍내리,무주남대천1,5.7,8.6,14.3,0.7,2.3,1.9,2.062,0.008
2020,02,전라북도,무주군,무주읍,읍내리,무주남대천3,4.3,7.8,15.1,0.8,3.0,1.0,2.447,0.018
2020,02,전라북도,부안군,상서면,청림리,백천내,7.4,6.9,12.1,1.0,3.6,0.9,1.919,0.006
2020,02,전라북도,무주군,안성면,진도리,구량천,2.3,8.1,14.6,0.9,3.1,2.2,2.625,0.017
2020,02,전라북도,진안군,정천면,월평리,정자천,3.7,8.0,14.6,0.5,2.2,0.8,2.710,0.010
2020,02,전라북도,진안군,진안읍,운산리,진안천,6.4,7.3,12.9,1.7,3.1,1.2,3.520,0.028
2020,02,전라북도,진안군,진안읍,가막리,가막,3.5,7.9,15.5,0.9,3.5,2.6,3.683,0.029
2020,02,전라북도,무주군,무주읍,용포리,용포,6.7,8.7,12.9,0.3,3.4,1.4,1.395,0.008
2020,02,전라북도,진안군,용담면,송풍리,용담,5.9,7.6,14.0,0.7,4.2,1.1,1.562,0.012
2020,02,전라북도,남원시,운봉읍,,람천2,3.8,8.1,12.7,0.8,2.1,2.4,1.926,0.017
2020,02,전라북도,남원시,인월면,중군리,람천1,4.6,8.0,12.8,1.0,2.8,3.1,3.084,0.029
2020,02,전라북도,임실군,관촌면,방수리,관촌,5.5,7.7,13.9,0.8,2.9,2.2,2.496,0.015
2020,02,전라북도,임실군,운암면,학암리,운암,3.9,7.6,12.7,0.7,2.8,2.7,2.637,0.014
2020,02,전라북도,정읍시,산내면,매죽리,추령천,6.5,7.7,13.6,0.7,2.9,1.4,2.972,0.010
2020,02,전라북도,임실군,강진면,용수리,임실,6.8,7.5,13.8,0.7,4.3,2.7,1.676,0.011
2020,02,전라북도,순창군,동계면,구미리,동계,2.9,8.2,13.2,0.6,3.2,2.1,1.913,0.008
2020,02,전라북도,순창군,구림면,안정리,치천,5.7,7.5,14.5,0.5,2.2,1.1,2.247,0.006
2020,02,전라북도,남원시,대강면,풍산리,수홍천,5.9,7.3,14.1,0.5,3.0,1.5,3.052,0.020
2020,02,전라북도,순창군,유등면,유촌리,옥택천,5.7,7.3,14.2,0.7,3.4,2.3,2.395,0.025
2020,02,전라북도,순창군,적성면,고원리,적성,5.2,7.6,12.1,0.8,2.6,2.9,2.131,0.007
2020,02,전라북도,남원시,금지면,귀석리,남원,6.9,8.6,14.0,0.9,3.8,2.5,2.046,0.010
2020,02,전라북도,남원시,대강면,월탄리,대강,6.6,7.9,12.4,0.8,4.2,2.3,2.145,0.022
2020,02,전라북도,장수군,산서면,사상리,오수천1,6.6,7.4,12.5,0.5,2.8,1.6,2.540,0.013
2020,02,전라북도,남원시,덕과면,사율리,율천,7.2,7.5,12.6,0.7,3.6,3.4,2.811,0.119
2020,02,전라북도,남원시,사매면,서도리,월평천,7.1,7.4,13.0,1.2,4.2,3.6,3.588,0.044
2020,02,전라북도,순창군,동계면,서호리,오수천2,6.9,8.1,13.3,0.8,4.3,3.3,2.401,0.028
2020,02,전라북도,임실군,삼계면,후천리,후곡천,5.8,7.7,14.5,0.6,3.3,0.9,1.916,0.018
2020,02,전라북도,남원시,산동면,월석리,요천1,5.1,8.0,12.9,0.6,2.3,1.0,2.508,0.012
2020,02,전라북도,남원시,금지면,창산리,요천2,7.0,8.1,13.1,1.3,4.0,3.5,4.396,0.015
2020,02,전라북도,남원시,송동면,세전리,요천3,7.1,7.6,12.9,1.4,4.8,4.5,3.756,0.035
2020,02,전라북도,고창군,아산면,구암리,주진천1,4.5,8.4,12.4,1.6,4.2,5.3,4.117,0.020
2020,02,전라북도,고창군,아산면,반암리,주진천2,4.9,8.2,12.2,1.5,4.0,8.0,3.387,0.019
2020,03,전라북도,익산시,성당면,부곡리,산북천,9.3,7.6,10.6,6.5,12.3,38.8,6.938,0.460
2020,03,전라북도,익산시,망성면,무형리,마산천,5.2,6.9,12.0,1.5,7.0,7.0,6.893,0.212
2020,03,전라북도,부안군,동진면,하장리,고부천2,8.6,7.0,11.7,2.7,7.2,26.2,5.586,0.120
2020,03,전라북도,부안군,동진면,하장리,고부천3,11.1,7.9,11.2,4.0,9.7,54.3,4.473,0.141
2020,03,전라북도,정읍시,영원면,앵성리,고부천1,8.3,7.0,11.6,1.9,8.7,34.3,4.385,0.092
2020,03,전라북도,김제시,부량면,옥정리,동진강3,10.9,8.1,11.5,2.7,6.7,11.5,3.810,0.070
2020,03,전라북도,정읍시,신태인읍,,동진강2,8.9,7.6,11.9,0.6,2.4,7.7,2.743,0.027
2020,03,전라북도,정읍시,신태인읍,구석리,용호천,9.4,6.8,12.1,1.2,6.8,8.0,3.721,0.059
2020,03,전라북도,정읍시,옹동면,산성리,동진강1,8.0,7.6,12.1,0.4,1.7,2.8,2.393,0.015
2020,03,전라북도,김제시,성덕면,남포리,신평천,12.8,7.7,10.6,5.4,10.7,32.8,8.657,0.128
2020,03,전라북도,김제시,죽산면,대창리,원평천3,10.6,8.3,12.1,4.7,9.6,33.5,3.713,0.104
2020,03,전라북도,김제시,봉남면,용신리,원평천1,11.6,8.1,12.9,1.2,2.5,9.7,3.345,0.025
2020,03,전라북도,김제시,죽산면,죽산리,원평천2,10.5,7.9,12.0,2.1,5.0,33.2,3.593,0.073
2020,03,전라북도,정읍시,공평동,,정읍천3,9.4,7.0,11.1,0.8,3.2,9.8,2.497,0.023
2020,03,전라북도,정읍시,송산동,,정읍천1,9.8,6.9,12.2,0.5,2.2,1.1,1.733,0.008
2020,03,전라북도,정읍시,연지동,,정읍천2,8.9,6.7,12.0,0.8,2.7,3.3,2.110,0.012
2020,03,전라북도,정읍시,이평면,하송리,정읍천4,11.4,7.8,11.0,3.3,7.1,21.3,5.280,0.066
2020,03,전라북도,정읍시,하모동,,천원천,8.6,6.9,12.0,1.0,3.5,24.0,2.705,0.038
2020,03,전라북도,김제시,백구면,마산리,마산천,9.1,8.6,11.5,4.1,9.7,43.3,7.277,0.212
2020,03,전라북도,완주군,삼례읍,,삼례,10.7,7.5,11.5,1.2,3.6,11.1,5.580,0.061
2020,03,전라북도,익산시,춘포면,인수리,익산천1,11.1,8.5,13.7,0.8,3.8,8.2,3.983,0.086
2020,03,전라북도,익산시,춘포면,인수리,익산천2,11.1,8.6,14.1,1.3,4.2,8.9,4.279,0.107
2020,03,전라북도,군산시,대야면,광교리,탑천,10.2,7.7,10.7,4.7,9.8,24.9,5.118,0.156
2020,03,전라북도,김제시,백구면,백구리,김제,11.3,7.6,10.9,3.3,6.7,12.4,4.791,0.071
2020,03,전라북도,김제시,백구면,월봉리,용암천,5.8,7.7,12.3,6.4,18.8,53.2,11.790,0.186
2020,03,전라북도,전주시완산구,서신동,,삼천3,8.5,7.9,12.1,0.7,4.6,5.7,2.430,0.022
2020,03,전라북도,전주시완산구,평화동3가,,삼천1,7.5,8.0,12.9,0.4,4.1,2.4,2.284,0.013
2020,03,전라북도,전주시완산구,효자동2가,,삼천2,7.8,7.9,13.2,0.6,4.4,4.7,2.531,0.016
2020,03,전라북도,완주군,소양면,황운리,소양천1,8.9,7.7,12.0,0.6,2.1,1.7,4.328,0.028
2020,03,전라북도,완주군,용진읍,상운리,소양천2,8.7,7.7,13.3,0.7,2.7,1.5,5.076,0.018
2020,03,전라북도,익산시,춘포면,용연리,익산천3,12.5,7.7,13.4,1.7,5.3,26.7,3.971,0.120
2020,03,전라북도,전주시덕진구,고랑동,,전주천7,13.1,7.3,9.4,5.4,9.6,3.9,10.590,0.073
2020,03,전라북도,전주시덕진구,전미동1가,,전주,9.1,7.8,12.3,1.0,4.0,3.0,3.134,0.036
2020,03,전라북도,전주시완산구,대성동,,전주천1,8.5,8.0,13.0,0.2,2.0,1.0,3.814,0.008
2020,03,전라북도,완주군,고산면,읍내리,고산,8.6,7.8,12.5,0.4,3.1,3.9,3.567,0.006
2020,03,전라북도,무주군,무주읍,대차리,무주남대천2,9.6,8.5,12.0,0.7,2.9,3.0,2.282,0.007
2020,03,전라북도,무주군,무주읍,읍내리,무주남대천1,8.4,8.6,11.9,0.5,2.5,1.8,2.113,0.004
2020,03,전라북도,무주군,무주읍,읍내리,무주남대천3,7.2,8.0,14.1,0.7,2.5,1.0,2.216,0.013
2020,03,전라북도,부안군,상서면,청림리,백천내,8.5,6.6,10.9,0.4,1.4,2.3,2.108,0.006
2020,03,전라북도,무주군,안성면,진도리,구량천,4.9,8.4,15.0,0.5,2.3,1.2,2.529,0.014
2020,03,전라북도,진안군,정천면,월평리,정자천,6.6,8.2,13.7,0.5,2.1,0.6,2.938,0.016
2020,03,전라북도,진안군,진안읍,운산리,진안천,11.5,7.3,12.3,1.9,4.3,19.2,3.599,0.107
2020,03,전라북도,진안군,진안읍,가막리,가막,6.6,8.2,14.4,0.9,3.9,1.3,3.419,0.026
2020,03,전라북도,무주군,무주읍,용포리,용포,8.4,8.3,12.1,0.8,3.1,2.5,1.462,0.003
2020,03,전라북도,진안군,용담면,송풍리,용담,7.9,7.7,13.1,0.6,4.4,1.3,1.476,0.012
2020,03,전라북도,남원시,운봉읍,,람천2,6.9,8.3,12.2,0.5,1.5,2.6,1.625,0.012
2020,03,전라북도,남원시,인월면,중군리,람천1,7.7,8.7,13.3,0.9,2.0,3.4,2.988,0.029
2020,03,전라북도,임실군,관촌면,방수리,관촌,9.8,7.8,12.5,0.7,2.7,2.0,2.344,0.013
2020,03,전라북도,임실군,운암면,학암리,운암,7.9,8.2,11.3,1.0,2.4,4.8,2.852,0.017
2020,03,전라북도,정읍시,산내면,매죽리,추령천,9.0,7.7,13.6,0.6,2.7,1.3,2.635,0.008
2020,03,전라북도,임실군,강진면,용수리,임실,7.7,7.6,13.5,0.6,4.3,3.4,1.675,0.008
2020,03,전라북도,순창군,동계면,구미리,동계,9.8,7.8,11.8,0.2,1.4,3.0,1.787,0.008
2020,03,전라북도,순창군,구림면,안정리,치천,9.2,7.0,13.0,0.4,2.0,2.0,2.155,0.011
2020,03,전라북도,남원시,대강면,풍산리,수홍천,8.0,7.0,14.0,0.3,2.3,0.8,2.798,0.019
2020,03,전라북도,순창군,유등면,유촌리,옥택천,8.1,7.1,13.2,0.4,2.6,0.9,2.315,0.019
2020,03,전라북도,순창군,적성면,고원리,적성,10.5,7.8,10.8,0.7,2.8,3.8,1.859,0.009
2020,03,전라북도,남원시,금지면,귀석리,남원,8.2,8.2,11.7,0.8,1.6,4.1,2.012,0.014
2020,03,전라북도,남원시,대강면,월탄리,대강,10.0,7.7,12.3,0.7,3.9,3.2,1.977,0.018
2020,03,전라북도,장수군,산서면,사상리,오수천1,8.5,7.2,13.9,0.3,2.4,1.6,2.452,0.013
2020,03,전라북도,남원시,덕과면,사율리,율천,9.5,7.2,13.7,0.5,3.1,3.5,2.093,0.047
2020,03,전라북도,남원시,사매면,서도리,월평천,9.5,7.0,14.0,1.0,3.3,3.5,3.121,0.034
2020,03,전라북도,순창군,동계면,서호리,오수천2,10.3,8.1,12.7,0.7,3.8,3.1,2.070,0.020
2020,03,전라북도,임실군,삼계면,후천리,후곡천,9.1,7.4,14.7,0.3,2.7,0.9,1.847,0.015
2020,03,전라북도,남원시,산동면,월석리,요천1,6.9,7.7,12.2,0.6,2.6,1.0,2.435,0.009
2020,03,전라북도,남원시,금지면,창산리,요천2,7.4,7.9,11.7,1.2,2.3,4.7,3.645,0.018
2020,03,전라북도,남원시,송동면,세전리,요천3,11.1,7.9,12.2,1.0,4.3,5.1,3.189,0.038
2020,03,전라북도,고창군,아산면,구암리,주진천1,8.4,7.9,11.4,1.4,2.7,10.8,3.525,0.035
2020,03,전라북도,고창군,아산면,반암리,주진천2,9.8,8.1,11.8,1.2,2.8,13.4,2.903,0.036
2020,04,전라북도,익산시,성당면,부곡리,산북천,15.1,9.4,12.6,11.0,21.6,22.0,5.624,0.193
2020,04,전라북도,익산시,망성면,무형리,마산천,13.2,7.6,9.9,2.6,11.2,8.6,8.219,0.191
2020,04,전라북도,부안군,동진면,하장리,고부천2,13.6,8.1,10.0,4.0,9.4,10.4,2.604,0.033
2020,04,전라북도,부안군,동진면,하장리,고부천3,14.5,9.0,12.1,3.7,8.2,5.7,2.595,0.044
2020,04,전라북도,정읍시,영원면,앵성리,고부천1,13.8,8.1,14.3,4.0,8.2,14.4,2.054,0.052
2020,04,전라북도,김제시,부량면,옥정리,동진강3,14.3,8.9,13.2,4.3,8.5,11.4,3.081,0.056
2020,04,전라북도,정읍시,신태인읍,,동진강2,13.4,7.5,10.7,0.5,1.8,5.5,1.992,0.022
2020,04,전라북도,정읍시,신태인읍,구석리,용호천,12.4,8.3,13.4,2.0,7.9,9.2,2.873,0.132
2020,04,전라북도,정읍시,옹동면,산성리,동진강1,11.7,7.3,10.9,0.8,1.8,6.8,1.849,0.026
2020,04,전라북도,김제시,성덕면,남포리,신평천,13.5,9.2,14.9,7.5,13.3,55.8,4.102,0.107
2020,04,전라북도,김제시,죽산면,대창리,원평천3,14.2,8.5,12.5,4.0,8.4,11.5,2.463,0.048
2020,04,전라북도,김제시,봉남면,용신리,원평천1,15.2,9.5,13.7,5.3,8.4,32.5,2.737,0.071
2020,04,전라북도,김제시,죽산면,죽산리,원평천2,13.1,8.5,10.9,1.7,5.0,17.2,2.908,0.038
2020,04,전라북도,정읍시,공평동,,정읍천3,13.7,7.9,12.6,1.0,4.5,7.4,1.739,0.024
2020,04,전라북도,정읍시,송산동,,정읍천1,12.2,8.4,12.4,0.3,3.5,1.1,1.247,0.016
2020,04,전라북도,정읍시,연지동,,정읍천2,14.5,8.1,12.1,0.9,4.6,8.7,1.437,0.022
2020,04,전라북도,정읍시,이평면,하송리,정읍천4,14.0,7.7,10.1,4.8,9.0,16.0,5.195,0.093
2020,04,전라북도,정읍시,하모동,,천원천,15.3,7.8,11.5,1.2,4.9,11.6,1.933,0.034
2020,04,전라북도,김제시,백구면,마산리,마산천,13.3,8.6,13.4,5.4,14.9,35.0,5.790,0.243
2020,04,전라북도,완주군,삼례읍,,삼례,13.1,8.2,10.7,0.8,3.2,5.7,2.837,0.041
2020,04,전라북도,익산시,춘포면,인수리,익산천1,13.3,8.0,10.9,1.6,4.7,10.8,4.207,0.084
2020,04,전라북도,익산시,춘포면,인수리,익산천2,14.1,7.7,11.2,2.0,5.1,15.3,3.702,0.088
2020,04,전라북도,군산시,대야면,광교리,탑천,14.6,8.3,10.8,4.8,8.7,9.1,3.065,0.064
2020,04,전라북도,김제시,백구면,백구리,김제,15.0,8.4,12.3,3.7,8.1,9.7,4.942,0.069
2020,04,전라북도,김제시,백구면,월봉리,용암천,10.7,8.3,10.6,5.0,17.0,37.3,6.719,0.229
2020,04,전라북도,전주시완산구,서신동,,삼천3,14.0,7.7,10.4,1.8,5.7,9.4,1.858,0.056
2020,04,전라북도,전주시완산구,평화동3가,,삼천1,11.9,7.6,12.6,0.7,5.4,2.9,2.372,0.016
2020,04,전라북도,전주시완산구,효자동2가,,삼천2,13.9,7.5,13.3,1.3,4.6,5.0,2.070,0.038
2020,04,전라북도,완주군,소양면,황운리,소양천1,12.3,8.4,13.7,0.4,2.4,2.3,2.936,0.006
2020,04,전라북도,완주군,용진읍,상운리,소양천2,12.4,8.7,11.1,0.5,3.0,2.1,3.680,0.016
2020,04,전라북도,익산시,춘포면,용연리,익산천3,12.8,7.7,10.0,1.8,4.7,14.7,3.014,0.118
2020,04,전라북도,전주시덕진구,고랑동,,전주천7,17.7,7.3,9.1,5.8,12.5,5.3,12.272,0.092
2020,04,전라북도,전주시덕진구,전미동1가,,전주,13.5,7.8,11.0,1.3,5.0,3.1,1.570,0.063
2020,04,전라북도,전주시완산구,대성동,,전주천1,10.5,7.5,13.2,0.2,1.7,0.8,2.347,0.011
2020,04,전라북도,완주군,고산면,읍내리,고산,9.3,8.8,11.2,0.5,1.5,2.8,1.683,0.008
2020,04,전라북도,무주군,무주읍,대차리,무주남대천2,15.3,9.1,11.7,1.0,2.0,4.2,1.571,0.011
2020,04,전라북도,무주군,무주읍,읍내리,무주남대천1,14.6,8.6,10.5,1.9,2.3,9.6,1.519,0.008
2020,04,전라북도,무주군,무주읍,읍내리,무주남대천3,13.8,8.4,13.2,1.5,4.3,3.1,1.521,0.019
2020,04,전라북도,부안군,상서면,청림리,백천내,14.0,6.8,10.9,0.2,2.2,0.8,1.597,0.007
2020,04,전라북도,무주군,안성면,진도리,구량천,10.2,8.3,12.4,0.9,4.0,4.1,2.096,0.018
2020,04,전라북도,진안군,정천면,월평리,정자천,12.2,8.1,11.5,0.8,4.1,3.0,1.667,0.011
2020,04,전라북도,진안군,진안읍,운산리,진안천,14.6,8.0,12.9,1.9,4.0,8.0,3.474,0.055
2020,04,전라북도,진안군,진안읍,가막리,가막,12.7,8.3,11.5,1.8,4.9,4.4,2.958,0.044
2020,04,전라북도,무주군,무주읍,용포리,용포,12.8,8.4,11.0,0.8,2.1,3.4,1.317,0.007
2020,04,전라북도,진안군,용담면,송풍리,용담,12.4,7.9,10.6,0.8,4.3,0.9,1.286,0.010
2020,04,전라북도,남원시,운봉읍,,람천2,13.2,8.6,11.3,0.5,1.5,3.6,1.221,0.017
2020,04,전라북도,남원시,인월면,중군리,람천1,14.6,8.8,11.1,1.4,2.3,4.9,2.270,0.025
2020,04,전라북도,임실군,관촌면,방수리,관촌,13.6,7.6,11.0,0.7,3.5,2.4,1.733,0.014
2020,04,전라북도,임실군,운암면,학암리,운암,14.0,8.2,11.4,1.4,2.5,6.0,1.925,0.020
2020,04,전라북도,정읍시,산내면,매죽리,추령천,13.7,7.8,10.7,0.8,3.2,2.3,2.676,0.012
2020,04,전라북도,임실군,강진면,용수리,임실,11.3,7.6,10.1,0.7,4.4,3.1,1.646,0.011
2020,04,전라북도,순창군,동계면,구미리,동계,13.1,8.4,11.2,0.6,2.1,1.7,1.519,0.007
2020,04,전라북도,순창군,구림면,안정리,치천,10.7,7.1,12.3,0.6,2.7,3.3,1.768,0.020
2020,04,전라북도,남원시,대강면,풍산리,수홍천,10.7,7.0,13.8,0.5,2.9,2.8,2.087,0.029
2020,04,전라북도,순창군,유등면,유촌리,옥택천,12.2,7.1,12.2,0.7,3.0,2.5,1.806,0.034
2020,04,전라북도,순창군,적성면,고원리,적성,13.0,7.4,10.2,0.7,2.8,4.6,1.569,0.008
2020,04,전라북도,남원시,금지면,귀석리,남원,15.8,9.1,12.2,1.1,2.3,8.2,1.383,0.011
2020,04,전라북도,남원시,대강면,월탄리,대강,14.7,8.2,9.9,0.9,4.7,6.2,1.353,0.023
2020,04,전라북도,장수군,산서면,사상리,오수천1,11.4,7.5,12.1,0.7,3.0,2.1,1.895,0.026
2020,04,전라북도,남원시,덕과면,사율리,율천,13.0,7.3,12.5,1.0,3.9,4.8,1.731,0.084
2020,04,전라북도,남원시,사매면,서도리,월평천,12.5,7.2,12.6,2.1,4.8,4.7,2.261,0.063
2020,04,전라북도,순창군,동계면,서호리,오수천2,15.4,8.7,11.4,1.2,4.9,5.5,1.417,0.030
2020,04,전라북도,임실군,삼계면,후천리,후곡천,13.6,7.6,12.9,0.6,3.8,2.2,1.661,0.030
2020,04,전라북도,남원시,산동면,월석리,요천1,10.7,7.9,11.0,0.6,2.9,1.6,2.032,0.009
2020,04,전라북도,남원시,금지면,창산리,요천2,15.5,8.4,11.1,2.7,2.6,10.8,3.541,0.025
2020,04,전라북도,남원시,송동면,세전리,요천3,14.9,8.0,11.9,1.8,6.3,7.0,2.856,0.055
2020,04,전라북도,고창군,아산면,구암리,주진천1,14.1,8.9,11.6,4.1,5.7,21.3,3.014,0.076
2020,04,전라북도,고창군,아산면,반암리,주진천2,14.3,8.7,11.4,4.4,5.5,20.4,2.647,0.079
2020,05,전라북도,익산시,성당면,부곡리,산북천,20.6,8.2,10.4,7.8,14.8,18.8,3.491,0.103
2020,05,전라북도,익산시,망성면,무형리,마산천,19.7,7.0,7.2,4.9,13.9,21.1,6.628,0.372
2020,05,전라북도,부안군,동진면,하장리,고부천2,19.0,7.6,8.2,1.8,8.6,10.8,2.337,0.057
2020,05,전라북도,부안군,동진면,하장리,고부천3,20.9,7.6,7.8,3.1,9.1,7.4,2.413,0.062
2020,05,전라북도,정읍시,영원면,앵성리,고부천1,17.1,7.3,8.1,3.3,12.2,39.0,4.477,0.144
2020,05,전라북도,김제시,부량면,옥정리,동진강3,19.6,7.9,9.5,4.4,9.2,23.8,2.844,0.084
2020,05,전라북도,정읍시,신태인읍,,동진강2,17.8,7.8,8.4,2.0,7.7,64.4,2.491,0.113
2020,05,전라북도,정읍시,신태인읍,구석리,용호천,16.8,7.6,7.6,2.6,11.4,25.2,3.465,0.135
2020,05,전라북도,정읍시,옹동면,산성리,동진강1,12.8,8.5,10.4,0.8,2.1,6.3,1.904,0.011
2020,05,전라북도,김제시,성덕면,남포리,신평천,19.0,7.9,8.8,3.5,9.7,37.7,3.205,0.047
2020,05,전라북도,김제시,죽산면,대창리,원평천3,20.6,8.5,10.1,4.4,9.9,13.1,1.958,0.054
2020,05,전라북도,김제시,봉남면,용신리,원평천1,20.8,7.9,10.0,6.4,9.7,38.2,2.401,0.046
2020,05,전라북도,김제시,죽산면,죽산리,원평천2,19.4,8.1,9.7,3.0,8.2,18.0,1.916,0.042
2020,05,전라북도,정읍시,공평동,,정읍천3,18.7,7.7,9.0,1.7,6.0,8.0,1.704,0.046
2020,05,전라북도,정읍시,송산동,,정읍천1,18.2,7.8,9.8,0.7,3.6,4.2,1.290,0.025
2020,05,전라북도,정읍시,연지동,,정읍천2,20.6,8.2,8.7,1.4,4.9,10.8,2.030,0.079
2020,05,전라북도,정읍시,이평면,하송리,정읍천4,18.6,7.6,8.7,3.5,9.6,31.0,3.538,0.112
2020,05,전라북도,정읍시,하모동,,천원천,20.0,7.5,9.4,2.4,8.5,9.0,2.305,0.075
2020,05,전라북도,김제시,백구면,마산리,마산천,20.5,9.2,13.6,7.5,13.1,29.3,2.999,0.071
2020,05,전라북도,완주군,삼례읍,,삼례,18.4,7.5,9.1,3.2,5.5,10.2,5.369,0.034
2020,05,전라북도,익산시,춘포면,인수리,익산천1,19.5,7.5,7.0,4.1,5.8,26.1,2.942,0.090
2020,05,전라북도,익산시,춘포면,인수리,익산천2,19.8,7.5,8.7,4.9,8.1,26.8,3.267,0.119
2020,05,전라북도,군산시,대야면,광교리,탑천,20.4,7.8,8.1,6.0,12.3,14.2,3.523,0.082
2020,05,전라북도,김제시,백구면,백구리,김제,21.2,8.4,10.8,5.9,10.4,16.5,3.680,0.070
2020,05,전라북도,김제시,백구면,월봉리,용암천,21.3,8.8,12.5,14.8,23.4,25.3,5.063,0.107
2020,05,전라북도,전주시완산구,서신동,,삼천3,20.6,8.0,9.3,1.7,6.2,12.2,1.701,0.064
2020,05,전라북도,전주시완산구,평화동3가,,삼천1,18.2,7.6,9.7,1.8,5.0,11.2,1.781,0.052
2020,05,전라북도,전주시완산구,효자동2가,,삼천2,19.7,7.8,9.8,1.3,6.8,22.8,1.760,0.063
2020,05,전라북도,완주군,소양면,황운리,소양천1,16.7,8.0,9.9,0.8,3.2,4.0,2.209,0.031
2020,05,전라북도,완주군,용진읍,상운리,소양천2,20.1,8.0,10.1,1.4,4.1,5.9,2.478,0.041
2020,05,전라북도,익산시,춘포면,용연리,익산천3,18.0,7.8,9.2,2.9,6.7,13.1,2.193,0.040
2020,05,전라북도,전주시덕진구,고랑동,,전주천7,21.6,7.3,8.9,4.8,14.8,5.3,12.081,0.089
2020,05,전라북도,전주시덕진구,전미동1가,,전주,19.6,8.0,10.0,1.4,5.5,4.7,1.590,0.064
2020,05,전라북도,전주시완산구,대성동,,전주천1,16.9,8.2,10.9,0.4,2.1,1.2,1.801,0.011
2020,05,전라북도,완주군,고산면,읍내리,고산,13.7,8.0,10.3,1.4,1.9,8.5,2.008,0.011
2020,05,전라북도,무주군,무주읍,대차리,무주남대천2,23.6,8.4,9.8,1.0,2.5,9.1,1.222,0.016
2020,05,전라북도,무주군,무주읍,읍내리,무주남대천1,22.4,8.2,9.1,0.8,2.3,4.2,1.228,0.014
2020,05,전라북도,무주군,무주읍,읍내리,무주남대천3,19.4,8.1,10.7,1.6,5.1,5.0,1.138,0.023
2020,05,전라북도,부안군,상서면,청림리,백천내,19.5,6.9,9.6,0.8,2.6,1.0,1.878,0.008
2020,05,전라북도,무주군,안성면,진도리,구량천,15.6,7.7,10.3,1.5,6.0,21.6,1.995,0.069
2020,05,전라북도,진안군,정천면,월평리,정자천,17.1,7.6,9.9,0.9,4.3,5.3,1.786,0.020
2020,05,전라북도,진안군,진안읍,운산리,진안천,20.3,7.7,10.5,1.0,4.2,11.6,3.642,0.072
2020,05,전라북도,진안군,진안읍,가막리,가막,18.3,8.0,10.4,2.2,6.9,23.2,3.132,0.108
2020,05,전라북도,무주군,무주읍,용포리,용포,21.6,8.2,9.4,1.0,2.6,4.9,1.366,0.012
2020,05,전라북도,진안군,용담면,송풍리,용담,16.3,7.8,10.9,0.5,4.2,1.1,1.304,0.012
2020,05,전라북도,남원시,운봉읍,,람천2,16.8,7.8,9.4,1.1,3.9,9.5,1.380,0.038
2020,05,전라북도,남원시,인월면,중군리,람천1,19.3,7.7,8.9,2.9,5.1,28.1,3.443,0.107
2020,05,전라북도,임실군,관촌면,방수리,관촌,20.2,7.7,10.5,1.0,5.1,9.1,2.062,0.042
2020,05,전라북도,임실군,운암면,학암리,운암,22.5,7.9,10.2,1.4,3.0,6.5,1.976,0.027
2020,05,전라북도,정읍시,산내면,매죽리,추령천,20.0,7.7,11.1,1.2,4.2,9.1,3.426,0.028
2020,05,전라북도,임실군,강진면,용수리,임실,18.1,7.6,9.6,0.7,4.3,1.2,1.579,0.012
2020,05,전라북도,순창군,동계면,구미리,동계,21.0,7.4,8.5,0.5,2.6,9.2,1.831,0.019
2020,05,전라북도,순창군,구림면,안정리,치천,18.2,7.1,10.3,1.2,4.1,8.1,2.454,0.041
2020,05,전라북도,남원시,대강면,풍산리,수홍천,16.7,6.8,8.8,2.1,7.1,8.3,2.124,0.065
2020,05,전라북도,순창군,유등면,유촌리,옥택천,17.9,6.9,9.4,1.8,6.8,13.6,2.062,0.081
2020,05,전라북도,순창군,적성면,고원리,적성,20.3,7.6,8.2,1.2,3.0,7.5,1.654,0.016
2020,05,전라북도,남원시,금지면,귀석리,남원,21.6,8.1,9.1,1.8,3.7,15.3,1.374,0.027
2020,05,전라북도,남원시,대강면,월탄리,대강,21.1,7.6,9.8,1.3,6.2,10.7,1.624,0.041
2020,05,전라북도,장수군,산서면,사상리,오수천1,17.9,6.9,10.6,1.9,5.8,12.2,1.672,0.091
2020,05,전라북도,남원시,덕과면,사율리,율천,20.2,6.9,10.9,2.1,6.1,11.2,1.115,0.095
2020,05,전라북도,남원시,사매면,서도리,월평천,18.5,6.8,11.2,2.0,5.6,8.5,1.571,0.088
2020,05,전라북도,순창군,동계면,서호리,오수천2,22.3,8.2,10.8,2.2,7.7,9.4,1.584,0.055
2020,05,전라북도,임실군,삼계면,후천리,후곡천,21.2,7.1,10.8,1.7,5.9,5.6,1.677,0.079
2020,05,전라북도,남원시,산동면,월석리,요천1,16.4,7.8,10.7,0.8,3.4,4.1,1.683,0.026
2020,05,전라북도,남원시,금지면,창산리,요천2,20.9,8.1,9.4,2.3,7.0,12.6,2.583,0.050
2020,05,전라북도,남원시,송동면,세전리,요천3,21.8,7.6,10.3,2.2,7.8,8.5,2.273,0.091
2020,05,전라북도,고창군,아산면,구암리,주진천1,19.7,8.7,11.4,3.4,8.1,61.9,3.644,0.129
2020,05,전라북도,고창군,아산면,반암리,주진천2,19.9,8.6,11.8,3.2,4.8,54.4,3.123,0.096
2020,06,전라북도,익산시,성당면,부곡리,산북천,25.5,7.8,8.8,6.6,14.6,16.9,3.203,0.148
2020,06,전라북도,익산시,망성면,무형리,마산천,24.9,7.4,9.8,6.2,14.0,11.9,5.099,0.305
2020,06,전라북도,부안군,동진면,하장리,고부천2,23.2,7.8,8.6,4.6,11.4,10.8,2.845,0.051
2020,06,전라북도,부안군,동진면,하장리,고부천3,24.8,7.7,7.5,5.3,13.1,10.8,3.010,0.113
2020,06,전라북도,정읍시,영원면,앵성리,고부천1,23.7,8.3,9.1,5.5,12.1,13.4,2.973,0.055
2020,06,전라북도,김제시,부량면,옥정리,동진강3,23.9,7.7,8.2,4.2,10.5,23.4,2.926,0.139
2020,06,전라북도,정읍시,신태인읍,,동진강2,24.7,7.7,8.4,1.2,10.7,25.8,2.976,0.087
2020,06,전라북도,정읍시,신태인읍,구석리,용호천,20.3,7.5,6.3,1.8,11.6,24.4,2.096,0.101
2020,06,전라북도,정읍시,옹동면,산성리,동진강1,18.6,8.1,8.9,0.3,4.1,4.0,1.924,0.015
2020,06,전라북도,김제시,성덕면,남포리,신평천,26.3,8.1,8.4,1.7,5.7,15.6,2.424,0.038
2020,06,전라북도,김제시,죽산면,대창리,원평천3,24.4,7.9,8.4,5.5,12.2,69.9,3.111,0.135
2020,06,전라북도,김제시,봉남면,용신리,원평천1,27.0,7.7,10.3,1.2,23.6,21.2,3.505,0.048
2020,06,전라북도,김제시,죽산면,죽산리,원평천2,26.9,8.1,8.0,1.9,8.4,9.2,4.100,0.060
2020,06,전라북도,정읍시,공평동,,정읍천3,23.2,7.6,8.5,1.6,7.4,8.4,2.015,0.058
2020,06,전라북도,정읍시,송산동,,정읍천1,19.9,8.0,9.8,0.6,3.1,2.8,0.962,0.028
2020,06,전라북도,정읍시,연지동,,정읍천2,21.4,8.6,10.8,0.9,4.3,8.4,1.421,0.036
2020,06,전라북도,정읍시,이평면,하송리,정읍천4,21.1,7.5,8.1,3.9,8.9,29.2,2.972,0.165
2020,06,전라북도,정읍시,하모동,,천원천,21.6,7.5,7.5,1.8,8.1,11.0,1.874,0.063
2020,06,전라북도,김제시,백구면,마산리,마산천,24.2,8.5,10.2,5.1,11.5,24.0,3.390,0.069
2020,06,전라북도,완주군,삼례읍,,삼례,22.1,7.9,8.3,3.3,5.4,10.5,4.985,0.046
2020,06,전라북도,익산시,춘포면,인수리,익산천1,21.4,7.4,6.0,6.3,10.5,33.9,3.851,0.127
2020,06,전라북도,익산시,춘포면,인수리,익산천2,22.9,7.4,7.3,4.6,10.0,19.0,3.864,0.130
2020,06,전라북도,군산시,대야면,광교리,탑천,25.5,7.3,4.4,7.0,14.2,20.2,3.138,0.143
2020,06,전라북도,김제시,백구면,백구리,김제,24.7,7.9,9.0,4.0,9.2,20.1,3.859,0.114
2020,06,전라북도,김제시,백구면,월봉리,용암천,24.9,7.8,8.5,6.5,20.4,12.3,2.823,0.076
2020,06,전라북도,전주시완산구,서신동,,삼천3,23.5,7.8,8.9,1.9,7.9,17.6,2.365,0.126
2020,06,전라북도,전주시완산구,평화동3가,,삼천1,20.4,7.5,8.9,2.1,5.8,10.2,2.110,0.100
2020,06,전라북도,전주시완산구,효자동2가,,삼천2,22.1,7.6,8.7,2.8,8.7,27.4,2.509,0.097
2020,06,전라북도,완주군,소양면,황운리,소양천1,20.3,7.8,9.3,1.3,3.4,5.5,1.245,0.021
2020,06,전라북도,완주군,용진읍,상운리,소양천2,22.8,7.8,9.1,3.1,6.1,13.0,2.209,0.039
2020,06,전라북도,익산시,춘포면,용연리,익산천3,22.9,7.9,9.7,7.0,8.2,21.5,3.343,0.123
2020,06,전라북도,전주시덕진구,고랑동,,전주천7,24.0,7.3,7.2,7.4,12.3,6.0,9.949,0.154
2020,06,전라북도,전주시덕진구,전미동1가,,전주,22.8,7.8,8.4,1.4,5.2,6.3,2.070,0.075
2020,06,전라북도,전주시완산구,대성동,,전주천1,19.1,7.9,9.2,0.3,2.4,1.2,1.590,0.024
2020,06,전라북도,완주군,고산면,읍내리,고산,15.0,8.0,9.7,1.2,2.6,4.3,1.932,0.008
2020,06,전라북도,무주군,무주읍,대차리,무주남대천2,28.8,8.5,9.9,0.9,2.6,6.8,1.002,0.022
2020,06,전라북도,무주군,무주읍,읍내리,무주남대천1,28.9,8.5,9.3,0.9,2.0,2.6,0.920,0.014
2020,06,전라북도,무주군,무주읍,읍내리,무주남대천3,23.5,7.7,10.3,1.3,5.2,6.1,1.460,0.038
2020,06,전라북도,부안군,상서면,청림리,백천내,16.5,6.8,9.1,0.8,1.6,1.8,1.576,0.008
2020,06,전라북도,무주군,안성면,진도리,구량천,19.5,7.3,9.9,1.1,5.5,9.6,1.958,0.058
2020,06,전라북도,진안군,정천면,월평리,정자천,21.7,7.5,9.9,0.8,4.5,6.2,2.192,0.042
2020,06,전라북도,진안군,진안읍,운산리,진안천,25.1,7.6,9.4,1.7,5.4,6.0,2.276,0.042
2020,06,전라북도,진안군,진안읍,가막리,가막,22.4,7.7,9.7,1.6,6.5,14.1,3.290,0.114
2020,06,전라북도,무주군,무주읍,용포리,용포,24.1,8.5,9.6,0.5,1.8,2.6,1.320,0.016
2020,06,전라북도,진안군,용담면,송풍리,용담,20.9,7.6,9.8,0.7,4.2,1.9,1.550,0.033
2020,06,전라북도,남원시,운봉읍,,람천2,26.6,8.3,8.3,1.6,3.4,5.0,1.633,0.047
2020,06,전라북도,남원시,인월면,중군리,람천1,27.8,8.2,8.8,2.4,6.4,10.4,2.208,0.079
2020,06,전라북도,임실군,관촌면,방수리,관촌,24.9,7.3,8.8,1.1,5.0,4.1,1.950,0.031
2020,06,전라북도,임실군,운암면,학암리,운암,21.2,7.9,7.8,0.8,3.6,4.5,1.273,0.022
2020,06,전라북도,정읍시,산내면,매죽리,추령천,24.5,7.4,9.2,1.0,3.9,6.1,2.646,0.024
2020,06,전라북도,임실군,강진면,용수리,임실,24.2,7.3,8.3,1.0,3.9,1.0,1.417,0.014
2020,06,전라북도,순창군,동계면,구미리,동계,24.0,7.4,8.1,0.3,6.1,12.0,2.828,0.043
2020,06,전라북도,순창군,구림면,안정리,치천,23.5,7.0,9.5,1.0,5.6,7.2,1.936,0.038
2020,06,전라북도,남원시,대강면,풍산리,수홍천,22.5,7.0,8.2,1.8,8.6,11.1,2.193,0.075
2020,06,전라북도,순창군,유등면,유촌리,옥택천,23.3,7.0,8.3,1.5,8.0,9.4,1.971,0.076
2020,06,전라북도,순창군,적성면,고원리,적성,24.9,7.3,7.4,1.3,5.9,9.6,2.060,0.040
2020,06,전라북도,남원시,금지면,귀석리,남원,28.1,7.8,8.7,0.8,4.3,13.6,1.866,0.057
2020,06,전라북도,남원시,대강면,월탄리,대강,26.0,7.8,8.4,1.2,7.7,11.4,1.688,0.060
2020,06,전라북도,장수군,산서면,사상리,오수천1,22.8,6.9,8.5,2.0,8.6,16.4,2.526,0.127
2020,06,전라북도,남원시,덕과면,사율리,율천,24.2,6.9,8.3,1.9,9.3,12.8,2.193,0.117
2020,06,전라북도,남원시,사매면,서도리,월평천,23.2,6.9,8.4,2.0,9.3,11.7,2.265,0.147
2020,06,전라북도,순창군,동계면,서호리,오수천2,26.0,7.9,9.1,1.9,10.0,13.7,1.882,0.091
2020,06,전라북도,임실군,삼계면,후천리,후곡천,25.9,7.1,8.6,1.8,9.0,9.9,1.923,0.148
2020,06,전라북도,남원시,산동면,월석리,요천1,20.6,7.8,9.7,0.7,4.1,6.5,1.687,0.032
2020,06,전라북도,남원시,금지면,창산리,요천2,27.8,7.8,8.2,0.5,3.5,10.2,2.403,0.068
2020,06,전라북도,남원시,송동면,세전리,요천3,25.1,7.1,8.7,1.7,7.6,9.1,2.182,0.110
2020,06,전라북도,고창군,아산면,구암리,주진천1,24.4,7.9,8.1,2.1,11.5,14.9,2.808,0.053
2020,06,전라북도,고창군,아산면,반암리,주진천2,25.6,7.6,7.8,2.2,11.3,60.0,2.426,0.055
2020,07,전라북도,익산시,성당면,부곡리,산북천,26.6,8.0,7.6,7.9,15.4,75.8,4.181,0.443
2020,07,전라북도,익산시,망성면,무형리,마산천,24.1,7.1,5.3,5.0,13.1,11.8,7.754,0.412
2020,07,전라북도,부안군,동진면,하장리,고부천2,24.9,8.0,8.8,2.7,12.3,15.8,2.081,0.060
2020,07,전라북도,부안군,동진면,하장리,고부천3,25.8,7.8,8.6,3.6,10.3,77.5,2.466,0.156
2020,07,전라북도,정읍시,영원면,앵성리,고부천1,26.7,7.9,7.5,2.4,11.1,15.6,2.563,0.060
2020,07,전라북도,김제시,부량면,옥정리,동진강3,23.0,7.7,8.1,2.8,9.1,88.8,3.498,0.192
2020,07,전라북도,정읍시,신태인읍,,동진강2,25.4,7.6,7.5,2.0,5.6,22.6,2.678,0.068
2020,07,전라북도,정읍시,신태인읍,구석리,용호천,22.6,8.1,6.5,1.0,11.1,20.0,1.822,0.101
2020,07,전라북도,정읍시,옹동면,산성리,동진강1,20.9,8.0,8.8,1.2,1.8,2.9,1.991,0.020
2020,07,전라북도,김제시,성덕면,남포리,신평천,25.7,7.9,9.5,4.4,5.5,26.7,2.602,0.033
2020,07,전라북도,김제시,죽산면,대창리,원평천3,26.9,7.9,9.2,4.6,10.6,54.4,3.012,0.201
2020,07,전라북도,김제시,봉남면,용신리,원평천1,26.6,7.3,6.8,3.8,8.2,24.8,3.444,0.123
2020,07,전라북도,김제시,죽산면,죽산리,원평천2,26.1,7.7,8.4,3.6,6.1,22.8,2.940,0.067
2020,07,전라북도,정읍시,공평동,,정읍천3,23.7,7.8,7.9,1.3,7.0,6.2,1.833,0.069
2020,07,전라북도,정읍시,송산동,,정읍천1,23.8,7.9,9.3,0.6,3.1,2.0,0.412,0.035
2020,07,전라북도,정읍시,연지동,,정읍천2,25.2,7.8,12.5,0.7,3.8,6.2,2.379,0.050
2020,07,전라북도,정읍시,이평면,하송리,정읍천4,23.7,7.8,8.2,3.0,8.7,65.1,2.805,0.175
2020,07,전라북도,정읍시,하모동,,천원천,23.7,7.7,8.0,1.0,8.7,8.8,2.262,0.094
2020,07,전라북도,김제시,백구면,마산리,마산천,30.4,8.2,9.6,5.8,13.3,21.7,3.081,0.085
2020,07,전라북도,완주군,삼례읍,,삼례,22.0,7.7,8.2,0.7,3.0,10.7,3.448,0.044
2020,07,전라북도,익산시,춘포면,인수리,익산천1,24.4,7.4,7.1,1.4,5.0,22.4,3.976,0.163
2020,07,전라북도,익산시,춘포면,인수리,익산천2,24.6,7.4,7.2,1.1,4.9,23.3,4.431,0.188
2020,07,전라북도,군산시,대야면,광교리,탑천,26.0,7.3,5.4,6.2,10.9,35.9,2.895,0.159
2020,07,전라북도,김제시,백구면,백구리,김제,24.0,7.6,8.9,3.4,7.6,33.6,3.710,0.143
2020,07,전라북도,김제시,백구면,월봉리,용암천,30.4,8.3,10.8,7.8,15.6,13.7,3.708,0.114
2020,07,전라북도,전주시완산구,서신동,,삼천3,23.0,7.7,7.9,1.6,6.9,14.0,1.943,0.096
2020,07,전라북도,전주시완산구,평화동3가,,삼천1,22.3,7.6,8.7,1.2,6.0,6.2,1.777,0.093
2020,07,전라북도,전주시완산구,효자동2가,,삼천2,23.2,7.8,8.6,1.4,7.5,15.2,2.034,0.105
2020,07,전라북도,완주군,소양면,황운리,소양천1,23.3,8.0,8.7,0.5,2.5,3.2,2.981,0.026
2020,07,전라북도,완주군,용진읍,상운리,소양천2,23.8,7.6,8.4,0.7,4.3,5.8,3.472,0.042
2020,07,전라북도,익산시,춘포면,용연리,익산천3,24.4,7.3,7.1,1.4,4.8,18.7,4.549,0.183
2020,07,전라북도,전주시덕진구,고랑동,,전주천7,24.5,7.0,3.9,5.2,11.1,14.8,6.573,0.225
2020,07,전라북도,전주시덕진구,전미동1가,,전주,23.2,7.6,8.4,1.3,4.9,13.9,2.656,0.075
2020,07,전라북도,전주시완산구,대성동,,전주천1,20.9,7.8,9.9,0.3,1.8,1.2,2.537,0.024
2020,07,전라북도,완주군,고산면,읍내리,고산,21.2,8.1,8.3,0.3,3.4,5.2,3.507,0.030
2020,07,전라북도,무주군,무주읍,대차리,무주남대천2,23.3,7.6,8.2,0.6,2.3,13.0,2.264,0.014
2020,07,전라북도,무주군,무주읍,읍내리,무주남대천1,22.2,7.9,8.8,1.3,2.1,6.8,2.083,0.010
2020,07,전라북도,무주군,무주읍,읍내리,무주남대천3,20.6,7.6,10.0,0.9,5.2,4.6,1.406,0.048
2020,07,전라북도,부안군,상서면,청림리,백천내,20.5,6.3,8.8,0.9,2.0,0.4,3.653,0.008
2020,07,전라북도,무주군,안성면,진도리,구량천,18.0,7.8,9.6,0.7,4.7,8.4,1.747,0.063
2020,07,전라북도,진안군,정천면,월평리,정자천,19.4,7.6,10.4,0.6,3.9,4.1,2.257,0.038
2020,07,전라북도,진안군,진안읍,운산리,진안천,24.4,7.4,7.9,1.2,4.7,3.2,3.332,0.078
2020,07,전라북도,진안군,진안읍,가막리,가막,20.2,8.2,10.4,1.1,4.9,9.0,2.496,0.064
2020,07,전라북도,무주군,무주읍,용포리,용포,23.1,8.1,9.5,0.6,2.3,6.4,1.555,0.011
2020,07,전라북도,진안군,용담면,송풍리,용담,20.8,7.6,9.9,0.9,4.9,3.6,1.497,0.025
2020,07,전라북도,남원시,운봉읍,,람천2,18.9,8.6,8.9,0.3,1.9,4.7,1.411,0.038
2020,07,전라북도,남원시,인월면,중군리,람천1,20.2,8.8,8.7,0.4,2.5,8.8,2.308,0.063
2020,07,전라북도,임실군,관촌면,방수리,관촌,22.2,7.6,9.1,0.7,4.2,3.9,2.326,0.037
2020,07,전라북도,임실군,운암면,학암리,운암,23.6,7.4,8.4,0.7,1.4,9.8,3.279,0.025
2020,07,전라북도,정읍시,산내면,매죽리,추령천,23.6,8.0,10.3,0.8,3.7,5.7,2.671,0.025
2020,07,전라북도,임실군,강진면,용수리,임실,22.1,7.7,9.1,0.6,3.8,1.9,1.722,0.018
2020,07,전라북도,순창군,동계면,구미리,동계,21.7,7.7,8.5,0.6,1.5,10.9,2.417,0.022
2020,07,전라북도,순창군,구림면,안정리,치천,21.3,7.1,9.8,0.5,2.7,3.6,2.216,0.025
2020,07,전라북도,남원시,대강면,풍산리,수홍천,21.0,6.9,8.3,0.6,4.0,9.7,2.775,0.057
2020,07,전라북도,순창군,유등면,유촌리,옥택천,21.5,7.0,8.6,0.5,4.3,6.3,1.733,0.055
2020,07,전라북도,순창군,적성면,고원리,적성,23.9,7.9,8.2,1.1,3.5,24.0,2.251,0.053
2020,07,전라북도,남원시,금지면,귀석리,남원,23.5,7.8,8.5,0.8,3.2,10.2,1.691,0.033
2020,07,전라북도,남원시,대강면,월탄리,대강,23.8,7.7,9.8,0.9,5.2,9.1,2.010,0.068
2020,07,전라북도,장수군,산서면,사상리,오수천1,21.4,6.8,9.2,0.9,6.1,11.4,2.231,0.100
2020,07,전라북도,남원시,덕과면,사율리,율천,23.7,6.9,8.6,0.8,6.2,13.6,1.949,0.106
2020,07,전라북도,남원시,사매면,서도리,월평천,22.3,6.9,8.9,2.2,5.7,10.4,2.112,0.105
2020,07,전라북도,순창군,동계면,서호리,오수천2,27.6,7.4,10.0,0.9,5.7,5.3,1.308,0.075
2020,07,전라북도,임실군,삼계면,후천리,후곡천,23.8,7.1,9.4,0.6,5.7,5.5,1.760,0.097
2020,07,전라북도,남원시,산동면,월석리,요천1,21.5,7.6,9.8,0.6,3.1,3.3,1.624,0.024
2020,07,전라북도,남원시,금지면,창산리,요천2,23.0,8.2,8.4,0.8,3.2,8.5,2.100,0.050
2020,07,전라북도,남원시,송동면,세전리,요천3,24.3,7.3,9.9,1.1,5.1,9.8,2.071,0.080
2020,07,전라북도,고창군,아산면,구암리,주진천1,24.7,7.7,7.8,2.1,5.1,17.7,2.783,0.066
2020,07,전라북도,고창군,아산면,반암리,주진천2,25.8,7.8,7.2,1.8,5.1,50.1,2.512,0.056
2020,08,전라북도,익산시,성당면,부곡리,산북천,28.6,7.6,6.3,6.9,10.1,71.7,4.129,0.251
2020,08,전라북도,익산시,망성면,무형리,마산천,23.1,7.1,7.5,6.7,14.9,176.7,2.517,0.549
2020,08,전라북도,부안군,동진면,하장리,고부천2,27.3,7.7,7.0,3.8,10.2,141.3,2.686,0.129
2020,08,전라북도,부안군,동진면,하장리,고부천3,28.8,7.4,6.1,3.4,8.4,67.9,3.063,0.189
2020,08,전라북도,정읍시,영원면,앵성리,고부천1,27.8,7.6,7.4,2.7,10.6,161.3,1.868,0.093
2020,08,전라북도,김제시,부량면,옥정리,동진강3,26.6,7.5,7.8,2.2,6.6,30.0,3.088,0.120
2020,08,전라북도,정읍시,신태인읍,,동진강2,27.9,7.5,8.5,3.2,3.3,21.4,1.941,0.069
2020,08,전라북도,정읍시,신태인읍,구석리,용호천,24.6,7.6,7.0,1.0,8.8,37.0,2.926,0.098
2020,08,전라북도,정읍시,옹동면,산성리,동진강1,22.4,7.9,8.7,0.8,3.1,22.5,1.661,0.052
2020,08,전라북도,김제시,성덕면,남포리,신평천,29.8,6.7,6.0,2.0,8.1,38.8,2.691,0.162
2020,08,전라북도,김제시,죽산면,대창리,원평천3,29.3,7.3,7.6,3.8,8.1,45.7,3.234,0.187
2020,08,전라북도,김제시,봉남면,용신리,원평천1,31.9,9.1,12.1,5.8,5.0,10.0,3.148,0.202
2020,08,전라북도,김제시,죽산면,죽산리,원평천2,29.3,6.5,6.4,1.8,8.0,43.7,3.202,0.219
2020,08,전라북도,정읍시,공평동,,정읍천3,25.5,7.6,8.0,1.0,4.6,12.2,2.851,0.050
2020,08,전라북도,정읍시,송산동,,정읍천1,24.3,7.6,8.4,0.7,3.4,3.2,2.405,0.033
2020,08,전라북도,정읍시,연지동,,정읍천2,25.0,7.5,7.6,4.5,8.6,29.2,3.242,0.071
2020,08,전라북도,정읍시,이평면,하송리,정읍천4,26.1,7.3,7.7,2.2,7.2,85.7,3.397,0.119
2020,08,전라북도,정읍시,하모동,,천원천,25.2,7.6,7.9,1.2,5.7,20.2,2.669,0.050
2020,08,전라북도,김제시,백구면,마산리,마산천,30.0,7.7,7.6,3.1,9.6,48.8,3.165,0.261
2020,08,전라북도,완주군,삼례읍,,삼례,26.5,7.6,8.0,2.5,5.4,11.6,2.809,0.054
2020,08,전라북도,익산시,춘포면,인수리,익산천1,27.4,7.6,7.6,2.8,4.2,42.6,1.644,0.108
2020,08,전라북도,익산시,춘포면,인수리,익산천2,28.8,7.4,7.4,2.6,4.4,27.6,1.703,0.131
2020,08,전라북도,군산시,대야면,광교리,탑천,29.1,7.6,6.5,4.5,7.5,33.5,3.547,0.153
2020,08,전라북도,김제시,백구면,백구리,김제,27.5,7.7,8.4,3.5,6.8,25.1,3.435,0.090
2020,08,전라북도,김제시,백구면,월봉리,용암천,29.4,7.5,6.4,3.3,11.6,40.4,4.448,0.387
2020,08,전라북도,전주시완산구,서신동,,삼천3,24.6,7.8,8.6,1.4,6.2,27.4,2.456,0.057
2020,08,전라북도,전주시완산구,평화동3가,,삼천1,27.0,7.5,8.4,1.6,5.6,12.8,2.268,0.050
2020,08,전라북도,전주시완산구,효자동2가,,삼천2,25.5,7.8,8.1,1.2,5.8,23.0,2.476,0.052
2020,08,전라북도,완주군,소양면,황운리,소양천1,23.1,7.7,8.4,0.3,2.4,2.4,2.168,0.039
2020,08,전라북도,완주군,용진읍,상운리,소양천2,24.7,7.7,8.3,0.5,2.9,5.7,3.060,0.040
2020,08,전라북도,익산시,춘포면,용연리,익산천3,28.5,7.4,7.2,2.5,3.8,17.5,1.702,0.106
2020,08,전라북도,전주시덕진구,고랑동,,전주천7,27.0,7.2,7.3,4.8,9.9,10.2,8.664,0.116
2020,08,전라북도,전주시덕진구,전미동1가,,전주,25.6,7.9,8.4,1.0,4.8,10.0,2.456,0.068
2020,08,전라북도,전주시완산구,대성동,,전주천1,22.0,7.3,8.2,0.5,2.5,2.6,3.449,0.053
2020,08,전라북도,완주군,고산면,읍내리,고산,23.3,7.8,8.4,2.3,6.3,8.4,1.967,0.033
2020,08,전라북도,무주군,무주읍,대차리,무주남대천2,23.4,8.0,8.4,0.9,2.0,3.5,1.762,0.015
2020,08,전라북도,무주군,무주읍,읍내리,무주남대천1,23.2,8.0,8.5,0.9,1.7,1.3,1.681,0.016
2020,08,전라북도,무주군,무주읍,읍내리,무주남대천3,25.5,7.4,9.0,0.9,4.7,15.6,1.986,0.034
2020,08,전라북도,부안군,상서면,청림리,백천내,23.0,6.1,7.8,1.1,3.0,1.3,2.536,0.012
2020,08,전라북도,무주군,안성면,진도리,구량천,21.4,7.4,9.5,0.6,4.6,9.4,2.008,0.039
2020,08,전라북도,진안군,정천면,월평리,정자천,23.3,7.4,9.6,0.5,3.7,1.9,1.738,0.015
2020,08,전라북도,진안군,진안읍,운산리,진안천,26.2,7.4,9.0,0.7,3.0,1.6,1.838,0.020
2020,08,전라북도,진안군,진안읍,가막리,가막,23.9,7.3,8.9,1.5,5.5,31.3,2.814,0.100
2020,08,전라북도,무주군,무주읍,용포리,용포,22.9,8.1,8.3,1.0,2.7,5.0,1.633,0.017
2020,08,전라북도,진안군,용담면,송풍리,용담,24.1,7.6,9.4,0.9,5.2,11.1,1.411,0.055
2020,08,전라북도,남원시,운봉읍,,람천2,26.1,9.2,8.7,1.8,2.6,4.8,1.492,0.033
2020,08,전라북도,남원시,인월면,중군리,람천1,26.5,8.8,8.5,2.2,3.0,7.2,2.039,0.056
2020,08,전라북도,임실군,관촌면,방수리,관촌,26.9,7.6,8.5,1.3,3.6,3.4,1.830,0.027
2020,08,전라북도,임실군,운암면,학암리,운암,23.9,8.5,7.5,1.4,2.3,7.3,2.159,0.038
2020,08,전라북도,정읍시,산내면,매죽리,추령천,28.9,8.4,10.3,1.4,3.4,3.6,2.412,0.026
2020,08,전라북도,임실군,강진면,용수리,임실,23.7,7.5,9.1,0.9,4.9,13.8,1.784,0.069
2020,08,전라북도,순창군,동계면,구미리,동계,30.9,8.9,10.0,2.0,3.0,12.3,1.275,0.019
2020,08,전라북도,순창군,구림면,안정리,치천,25.4,7.2,8.9,0.6,3.1,3.6,1.626,0.033
2020,08,전라북도,남원시,대강면,풍산리,수홍천,25.5,7.0,8.7,1.0,3.6,11.6,2.779,0.073
2020,08,전라북도,순창군,유등면,유촌리,옥택천,26.0,6.9,8.6,0.9,3.9,9.1,1.439,0.057
2020,08,전라북도,순창군,적성면,고원리,적성,25.9,7.8,9.0,1.6,4.2,16.1,1.673,0.028
2020,08,전라북도,남원시,금지면,귀석리,남원,23.5,7.7,8.2,1.1,4.9,55.4,1.514,0.061
2020,08,전라북도,남원시,대강면,월탄리,대강,27.4,7.8,9.0,2.2,5.4,7.7,1.712,0.064
2020,08,전라북도,장수군,산서면,사상리,오수천1,23.5,6.9,8.4,1.0,3.9,10.4,1.993,0.068
2020,08,전라북도,남원시,덕과면,사율리,율천,27.1,7.1,8.0,1.1,4.9,11.1,1.959,0.102
2020,08,전라북도,남원시,사매면,서도리,월평천,26.5,7.0,8.4,3.7,7.9,12.3,3.249,0.145
2020,08,전라북도,순창군,동계면,서호리,오수천2,28.2,7.9,8.9,1.5,5.5,6.8,1.849,0.087
2020,08,전라북도,임실군,삼계면,후천리,후곡천,26.4,7.1,8.4,0.7,4.1,5.7,1.557,0.080
2020,08,전라북도,남원시,산동면,월석리,요천1,22.8,7.7,9.1,0.9,3.3,3.2,1.186,0.018
2020,08,전라북도,남원시,금지면,창산리,요천2,24.0,7.8,8.3,1.3,4.2,50.4,1.451,0.042
2020,08,전라북도,남원시,송동면,세전리,요천3,26.5,7.7,8.3,1.4,4.7,5.9,1.866,0.053
2020,08,전라북도,고창군,아산면,구암리,주진천1,31.0,8.6,9.8,3.7,7.5,12.2,1.751,0.041
2020,08,전라북도,고창군,아산면,반암리,주진천2,30.5,8.5,9.9,3.3,7.8,19.6,1.642,0.042
2020,09,전라북도,익산시,성당면,부곡리,산북천,24.3,7.6,8.6,6.5,10.2,23.1,3.398,0.199
2020,09,전라북도,익산시,망성면,무형리,마산천,22.7,7.7,8.5,4.9,6.6,8.2,4.290,0.151
2020,09,전라북도,부안군,동진면,하장리,고부천2,25.2,7.8,8.0,1.6,8.8,29.0,2.048,0.233
2020,09,전라북도,부안군,동진면,하장리,고부천3,24.6,7.3,7.9,2.7,7.8,25.5,2.311,0.137
2020,09,전라북도,정읍시,영원면,앵성리,고부천1,20.8,7.7,8.2,1.7,8.9,30.0,2.037,0.147
2020,09,전라북도,김제시,부량면,옥정리,동진강3,24.1,7.2,7.9,1.7,6.1,19.5,2.922,0.111
2020,09,전라북도,정읍시,신태인읍,,동진강2,20.3,7.5,9.2,0.6,4.7,11.8,1.727,0.032
2020,09,전라북도,정읍시,신태인읍,구석리,용호천,22.4,7.8,7.9,0.8,5.9,31.4,3.181,0.103
2020,09,전라북도,정읍시,옹동면,산성리,동진강1,21.0,7.7,9.0,0.8,4.6,8.2,1.544,0.033
2020,09,전라북도,김제시,성덕면,남포리,신평천,25.2,8.7,10.4,3.9,7.3,12.7,2.614,0.076
2020,09,전라북도,김제시,죽산면,대창리,원평천3,25.7,7.7,8.5,4.2,8.2,25.1,2.604,0.181
2020,09,전라북도,김제시,봉남면,용신리,원평천1,20.4,7.1,8.5,0.9,5.9,6.6,2.844,0.042
2020,09,전라북도,김제시,죽산면,죽산리,원평천2,24.9,8.9,11.9,5.8,8.4,13.4,2.238,0.081
2020,09,전라북도,정읍시,공평동,,정읍천3,22.3,7.5,9.0,0.9,4.3,9.6,2.405,0.049
2020,09,전라북도,정읍시,송산동,,정읍천1,22.7,7.8,8.9,0.6,3.4,3.0,1.811,0.052
2020,09,전라북도,정읍시,연지동,,정읍천2,23.0,7.8,9.2,0.5,3.4,4.1,2.056,0.038
2020,09,전라북도,정읍시,이평면,하송리,정읍천4,24.0,7.4,8.1,2.1,6.3,35.1,3.407,0.093
2020,09,전라북도,정읍시,하모동,,천원천,22.5,7.6,8.9,1.0,4.4,14.2,2.401,0.048
2020,09,전라북도,김제시,백구면,마산리,마산천,25.0,8.4,9.7,3.4,9.9,19.0,5.668,0.197
2020,09,전라북도,완주군,삼례읍,,삼례,23.9,7.4,8.6,1.1,3.7,8.8,2.513,0.040
2020,09,전라북도,익산시,춘포면,인수리,익산천1,25.7,7.5,8.5,1.6,5.5,18.4,2.511,0.103
2020,09,전라북도,익산시,춘포면,인수리,익산천2,25.7,7.4,8.6,1.2,5.4,20.2,2.572,0.114
2020,09,전라북도,군산시,대야면,광교리,탑천,24.1,7.3,6.5,4.6,7.9,33.1,2.634,0.145
2020,09,전라북도,김제시,백구면,백구리,김제,25.1,7.4,9.2,4.0,6.9,20.5,3.281,0.096
2020,09,전라북도,김제시,백구면,월봉리,용암천,24.7,8.7,12.5,9.6,13.9,11.8,4.833,0.232
2020,09,전라북도,전주시완산구,서신동,,삼천3,28.3,7.8,7.6,1.7,6.8,25.6,2.083,0.139
2020,09,전라북도,전주시완산구,평화동3가,,삼천1,27.5,7.7,8.0,1.3,5.2,9.0,1.714,0.070
2020,09,전라북도,전주시완산구,효자동2가,,삼천2,28.0,7.8,8.0,2.3,6.3,22.0,2.171,0.133
2020,09,전라북도,완주군,소양면,황운리,소양천1,22.7,8.2,8.6,0.3,2.0,0.8,1.890,0.019
2020,09,전라북도,완주군,용진읍,상운리,소양천2,23.2,8.2,8.3,0.5,2.5,2.6,3.144,0.030
2020,09,전라북도,익산시,춘포면,용연리,익산천3,26.9,7.3,9.1,0.9,5.5,13.4,2.544,0.116
2020,09,전라북도,전주시덕진구,고랑동,,전주천7,25.1,7.2,7.0,4.8,8.4,5.5,7.390,0.102
2020,09,전라북도,전주시덕진구,전미동1가,,전주,23.3,7.7,8.6,1.1,4.0,10.1,2.186,0.072
2020,09,전라북도,전주시완산구,대성동,,전주천1,25.3,7.5,8.6,0.6,2.2,3.8,1.756,0.027
2020,09,전라북도,완주군,고산면,읍내리,고산,22.3,7.7,8.8,0.6,3.2,5.6,1.687,0.021
2020,09,전라북도,무주군,무주읍,대차리,무주남대천2,21.3,8.5,9.7,0.5,2.4,0.8,1.458,0.016
2020,09,전라북도,무주군,무주읍,읍내리,무주남대천1,20.4,8.5,9.5,0.7,2.0,0.5,1.463,0.011
2020,09,전라북도,무주군,무주읍,읍내리,무주남대천3,21.4,7.7,9.9,1.0,5.1,26.8,1.517,0.044
2020,09,전라북도,부안군,상서면,청림리,백천내,25.8,6.4,8.2,0.7,2.0,1.2,1.257,0.010
2020,09,전라북도,무주군,안성면,진도리,구량천,18.7,8.0,10.6,1.2,5.1,41.4,1.747,0.067
2020,09,전라북도,진안군,정천면,월평리,정자천,21.6,8.0,10.0,0.7,3.4,2.5,1.537,0.017
2020,09,전라북도,진안군,진안읍,운산리,진안천,24.3,7.8,8.5,0.6,3.0,3.6,3.536,0.063
2020,09,전라북도,진안군,진안읍,가막리,가막,20.5,8.0,10.4,1.0,5.5,41.4,2.392,0.074
2020,09,전라북도,무주군,무주읍,용포리,용포,22.3,8.5,9.2,0.8,4.1,4.4,1.022,0.021
2020,09,전라북도,진안군,용담면,송풍리,용담,21.6,7.5,9.7,0.6,4.6,8.0,1.262,0.037
2020,09,전라북도,남원시,운봉읍,,람천2,16.3,8.3,9.9,0.3,2.4,1.2,1.833,0.025
2020,09,전라북도,남원시,인월면,중군리,람천1,16.7,8.2,9.8,0.2,2.9,2.7,2.523,0.038
2020,09,전라북도,임실군,관촌면,방수리,관촌,21.0,7.3,8.6,0.8,4.1,24.2,1.794,0.045
2020,09,전라북도,임실군,운암면,학암리,운암,22.7,8.2,10.3,1.6,4.8,5.2,1.459,0.027
2020,09,전라북도,정읍시,산내면,매죽리,추령천,21.5,7.5,9.2,0.5,2.7,4.3,2.162,0.023
2020,09,전라북도,임실군,강진면,용수리,임실,22.6,7.6,9.0,0.9,5.1,6.6,1.390,0.033
2020,09,전라북도,순창군,동계면,구미리,동계,21.6,7.8,8.8,0.4,3.3,3.0,1.443,0.029
2020,09,전라북도,순창군,구림면,안정리,치천,20.7,7.3,9.7,0.4,2.5,3.3,1.501,0.032
2020,09,전라북도,남원시,대강면,풍산리,수홍천,19.7,7.1,9.6,0.8,4.3,43.4,2.852,0.120
2020,09,전라북도,순창군,유등면,유촌리,옥택천,20.2,7.2,9.7,0.5,3.0,5.4,1.741,0.046
2020,09,전라북도,순창군,적성면,고원리,적성,22.8,7.7,8.3,0.7,4.5,35.5,1.653,0.057
2020,09,전라북도,남원시,금지면,귀석리,남원,21.8,7.8,8.4,1.1,7.6,78.6,1.795,0.094
2020,09,전라북도,남원시,대강면,월탄리,대강,24.1,7.7,9.4,1.0,4.2,10.1,1.744,0.056
2020,09,전라북도,장수군,산서면,사상리,오수천1,19.5,7.1,9.2,0.6,3.5,8.8,2.238,0.062
2020,09,전라북도,남원시,덕과면,사율리,율천,21.2,7.1,9.4,0.8,4.3,18.1,2.142,0.163
2020,09,전라북도,남원시,사매면,서도리,월평천,20.8,7.0,8.7,2.8,5.8,27.0,3.393,0.129
2020,09,전라북도,순창군,동계면,서호리,오수천2,21.9,8.0,9.7,0.6,3.7,10.2,1.943,0.060
2020,09,전라북도,임실군,삼계면,후천리,후곡천,21.2,7.0,9.5,0.5,3.4,4.3,1.554,0.059
2020,09,전라북도,남원시,산동면,월석리,요천1,19.9,7.8,9.2,0.5,2.5,2.5,1.221,0.013
2020,09,전라북도,남원시,금지면,창산리,요천2,20.2,7.6,8.9,1.1,6.9,72.4,1.594,0.055
2020,09,전라북도,남원시,송동면,세전리,요천3,22.7,7.6,8.7,0.8,4.1,16.7,1.887,0.053
2020,09,전라북도,고창군,아산면,구암리,주진천1,22.7,7.8,9.8,0.5,4.4,4.8,3.604,0.059
2020,09,전라북도,고창군,아산면,반암리,주진천2,23.3,7.8,9.4,0.4,4.7,13.9,3.344,0.067
2020,10,전라북도,익산시,성당면,부곡리,산북천,16.6,7.9,11.8,26.4,21.8,55.0,11.321,0.631
2020,10,전라북도,익산시,망성면,무형리,마산천,15.0,7.9,8.9,2.9,8.0,13.4,8.724,0.509
2020,10,전라북도,부안군,동진면,하장리,고부천2,19.4,9.0,9.9,9.5,21.7,92.4,2.151,0.116
2020,10,전라북도,부안군,동진면,하장리,고부천3,16.6,8.5,10.6,6.6,12.2,69.7,4.025,0.256
2020,10,전라북도,정읍시,영원면,앵성리,고부천1,18.5,9.0,9.7,2.5,10.0,97.5,2.657,0.112
2020,10,전라북도,김제시,부량면,옥정리,동진강3,17.4,8.5,10.6,1.9,5.8,13.8,4.931,0.064
2020,10,전라북도,정읍시,신태인읍,,동진강2,18.7,7.5,9.5,1.7,4.2,12.5,3.063,0.083
2020,10,전라북도,정읍시,신태인읍,구석리,용호천,17.5,7.9,8.5,1.5,6.1,18.3,4.202,0.097
2020,10,전라북도,정읍시,옹동면,산성리,동진강1,18.1,7.8,10.2,1.4,3.4,2.6,1.796,0.031
2020,10,전라북도,김제시,성덕면,남포리,신평천,16.2,8.2,9.2,1.3,9.4,52.6,7.335,0.293
2020,10,전라북도,김제시,죽산면,대창리,원평천3,17.8,8.5,12.3,5.0,11.3,38.3,4.111,0.162
2020,10,전라북도,김제시,봉남면,용신리,원평천1,20.0,8.5,13.5,3.4,6.3,8.4,3.853,0.070
2020,10,전라북도,김제시,죽산면,죽산리,원평천2,16.2,9.2,12.2,4.6,11.9,32.1,5.326,0.236
2020,10,전라북도,정읍시,공평동,,정읍천3,19.2,8.1,9.4,2.0,5.4,9.2,2.565,0.099
2020,10,전라북도,정읍시,송산동,,정읍천1,20.0,8.0,9.3,0.5,2.2,1.8,0.977,0.044
2020,10,전라북도,정읍시,연지동,,정읍천2,20.6,8.2,9.8,1.3,3.7,4.4,3.266,0.062
2020,10,전라북도,정읍시,이평면,하송리,정읍천4,18.2,8.6,13.7,2.2,8.1,6.0,7.648,0.074
2020,10,전라북도,정읍시,하모동,,천원천,19.1,7.9,10.1,1.7,4.6,4.5,2.978,0.077
2020,10,전라북도,김제시,백구면,마산리,마산천,19.1,8.9,14.4,6.1,12.8,19.5,14.671,0.164
2020,10,전라북도,완주군,삼례읍,,삼례,20.7,7.8,9.5,1.6,8.1,10.5,4.568,0.100
2020,10,전라북도,익산시,춘포면,인수리,익산천1,18.6,7.7,9.0,0.3,5.0,15.0,3.954,0.145
2020,10,전라북도,익산시,춘포면,인수리,익산천2,19.1,7.6,9.7,0.3,4.7,9.7,3.792,0.124
2020,10,전라북도,군산시,대야면,광교리,탑천,16.8,7.9,8.8,5.1,7.0,30.4,4.979,0.092
2020,10,전라북도,김제시,백구면,백구리,김제,18.2,8.7,14.2,5.4,11.1,27.4,7.973,0.125
2020,10,전라북도,김제시,백구면,월봉리,용암천,20.9,9.2,13.2,11.9,15.6,37.2,6.454,0.145
2020,10,전라북도,전주시완산구,서신동,,삼천3,17.9,7.9,9.3,1.1,5.1,4.0,2.293,0.073
2020,10,전라북도,전주시완산구,평화동3가,,삼천1,18.0,7.9,10.4,0.9,3.6,2.8,2.380,0.086
2020,10,전라북도,전주시완산구,효자동2가,,삼천2,18.8,8.2,10.3,0.9,3.8,4.0,2.443,0.081
2020,10,전라북도,완주군,소양면,황운리,소양천1,19.4,8.7,10.4,0.4,1.9,2.0,1.209,0.011
2020,10,전라북도,완주군,용진읍,상운리,소양천2,18.5,8.4,10.4,1.2,3.8,3.5,2.486,0.031
2020,10,전라북도,익산시,춘포면,용연리,익산천3,18.4,7.7,9.1,1.5,5.1,6.4,3.560,0.104
2020,10,전라북도,전주시덕진구,고랑동,,전주천7,21.5,7.4,8.6,5.7,12.6,8.2,13.211,0.120
2020,10,전라북도,전주시덕진구,전미동1가,,전주,16.6,8.3,11.4,2.5,5.6,10.6,1.922,0.124
2020,10,전라북도,전주시완산구,대성동,,전주천1,18.2,8.0,10.4,0.4,1.9,1.0,1.572,0.022
2020,10,전라북도,완주군,고산면,읍내리,고산,18.9,8.3,8.8,0.4,2.8,3.3,1.598,0.008
2020,10,전라북도,무주군,무주읍,대차리,무주남대천2,18.3,8.4,10.1,0.4,2.6,2.3,1.877,0.015
2020,10,전라북도,무주군,무주읍,읍내리,무주남대천1,18.9,8.6,10.9,0.3,2.5,1.1,1.862,0.005
2020,10,전라북도,무주군,무주읍,읍내리,무주남대천3,15.8,7.8,12.2,1.0,3.5,0.8,1.890,0.017
2020,10,전라북도,부안군,상서면,청림리,백천내,19.3,6.6,8.2,0.9,2.4,1.7,1.197,0.014
2020,10,전라북도,무주군,안성면,진도리,구량천,12.8,8.3,11.3,0.7,3.5,0.9,3.570,0.012
2020,10,전라북도,진안군,정천면,월평리,정자천,15.2,8.2,10.5,0.7,3.1,1.2,1.413,0.012
2020,10,전라북도,진안군,진안읍,운산리,진안천,20.7,7.7,9.6,1.3,3.0,1.6,4.221,0.061
2020,10,전라북도,진안군,진안읍,가막리,가막,14.7,8.5,11.6,0.7,3.1,1.2,4.311,0.024
2020,10,전라북도,무주군,무주읍,용포리,용포,18.7,8.6,9.7,1.0,4.4,6.0,1.160,0.034
2020,10,전라북도,진안군,용담면,송풍리,용담,18.0,7.8,9.8,0.8,5.5,4.1,1.260,0.028
2020,10,전라북도,남원시,운봉읍,,람천2,15.6,8.5,9.9,0.4,2.9,1.4,2.403,0.037
2020,10,전라북도,남원시,인월면,중군리,람천1,15.6,8.7,10.4,0.6,3.4,2.7,2.936,0.048
2020,10,전라북도,임실군,관촌면,방수리,관촌,16.1,7.7,10.4,0.6,2.7,1.8,1.135,0.010
2020,10,전라북도,임실군,운암면,학암리,운암,16.9,8.5,10.7,2.5,7.1,3.6,0.987,0.035
2020,10,전라북도,정읍시,산내면,매죽리,추령천,16.0,8.1,10.3,0.6,3.0,1.9,1.564,0.008
2020,10,전라북도,임실군,강진면,용수리,임실,19.3,7.6,9.5,1.0,4.9,3.4,1.194,0.015
2020,10,전라북도,순창군,동계면,구미리,동계,16.0,7.5,9.9,0.5,4.1,1.9,1.168,0.014
2020,10,전라북도,순창군,구림면,안정리,치천,13.7,7.5,11.2,0.6,2.1,0.7,1.281,0.013
2020,10,전라북도,남원시,대강면,풍산리,수홍천,14.5,7.3,10.7,0.7,2.6,11.1,2.882,0.049
2020,10,전라북도,순창군,유등면,유촌리,옥택천,14.8,7.2,10.4,0.7,2.5,1.7,1.512,0.028
2020,10,전라북도,순창군,적성면,고원리,적성,17.2,8.2,9.4,0.5,3.7,2.6,1.645,0.022
2020,10,전라북도,남원시,금지면,귀석리,남원,19.7,8.1,9.2,0.4,3.4,4.7,1.502,0.039
2020,10,전라북도,남원시,대강면,월탄리,대강,17.2,8.2,11.3,0.9,3.5,3.1,1.676,0.022
2020,10,전라북도,장수군,산서면,사상리,오수천1,15.1,7.1,10.5,0.9,2.5,3.5,2.151,0.042
2020,10,전라북도,남원시,덕과면,사율리,율천,16.7,7.1,10.9,0.9,2.9,4.3,1.881,0.081
2020,10,전라북도,남원시,사매면,서도리,월평천,15.6,7.1,12.4,1.0,3.5,2.6,3.488,0.047
2020,10,전라북도,순창군,동계면,서호리,오수천2,17.0,8.5,11.8,0.7,3.2,2.0,2.033,0.029
2020,10,전라북도,임실군,삼계면,후천리,후곡천,15.8,7.2,11.5,0.7,2.8,1.8,2.347,0.047
2020,10,전라북도,남원시,산동면,월석리,요천1,14.5,7.7,10.4,0.4,2.9,1.4,1.138,0.006
2020,10,전라북도,남원시,금지면,창산리,요천2,19.1,7.8,9.3,0.4,2.6,4.2,2.395,0.029
2020,10,전라북도,남원시,송동면,세전리,요천3,17.6,8.0,10.8,1.0,3.8,4.9,2.365,0.028
2020,10,전라북도,고창군,아산면,구암리,주진천1,21.0,8.1,10.9,2.0,4.6,5.8,3.833,0.087
2020,10,전라북도,고창군,아산면,반암리,주진천2,20.4,8.4,9.6,3.3,5.2,10.6,4.033,0.106
2020,11,전라북도,익산시,성당면,부곡리,산북천,11.0,7.9,10.6,14.6,17.0,39.5,10.795,0.723
2020,11,전라북도,익산시,망성면,무형리,마산천,12.3,8.0,10.8,3.2,9.2,7.4,9.669,0.325
2020,11,전라북도,부안군,동진면,하장리,고부천2,11.5,8.3,11.0,3.8,9.6,46.7,5.023,0.164
2020,11,전라북도,부안군,동진면,하장리,고부천3,11.4,8.3,11.6,4.7,9.3,43.1,5.047,0.188
2020,11,전라북도,정읍시,영원면,앵성리,고부천1,10.9,8.1,11.7,2.3,8.3,66.5,4.230,0.135
2020,11,전라북도,김제시,부량면,옥정리,동진강3,11.3,8.5,12.2,2.0,6.0,12.8,3.486,0.072
2020,11,전라북도,정읍시,신태인읍,,동진강2,16.0,8.6,12.3,0.5,4.1,5.6,1.389,0.019
2020,11,전라북도,정읍시,신태인읍,구석리,용호천,10.3,7.9,10.2,1.3,5.5,11.2,2.958,0.086
2020,11,전라북도,정읍시,옹동면,산성리,동진강1,14.8,8.8,11.1,0.3,3.7,2.0,1.397,0.014
2020,11,전라북도,김제시,성덕면,남포리,신평천,12.7,9.0,14.1,6.0,10.7,27.6,4.481,0.083
2020,11,전라북도,김제시,죽산면,대창리,원평천3,12.6,8.4,13.7,5.3,10.9,38.2,5.147,0.166
2020,11,전라북도,김제시,봉남면,용신리,원평천1,16.3,8.7,17.2,0.8,6.8,6.0,3.225,0.023
2020,11,전라북도,김제시,죽산면,죽산리,원평천2,13.8,9.1,14.8,5.1,12.5,42.9,6.250,0.132
2020,11,전라북도,정읍시,공평동,,정읍천3,11.5,8.1,11.7,1.3,4.0,4.0,2.612,0.041
2020,11,전라북도,정읍시,송산동,,정읍천1,10.9,8.2,11.3,0.4,1.7,1.1,0.392,0.032
2020,11,전라북도,정읍시,연지동,,정읍천2,12.6,8.8,11.6,1.2,3.3,3.1,2.510,0.055
2020,11,전라북도,정읍시,이평면,하송리,정읍천4,12.8,8.3,13.8,4.5,9.1,9.9,8.093,0.073
2020,11,전라북도,정읍시,하모동,,천원천,10.3,8.0,10.4,4.1,5.1,8.6,3.540,0.072
2020,11,전라북도,김제시,백구면,마산리,마산천,12.3,8.8,12.4,4.1,11.0,3.4,12.240,0.205
2020,11,전라북도,완주군,삼례읍,,삼례,13.7,7.6,10.1,1.5,9.6,11.8,9.166,0.062
2020,11,전라북도,익산시,춘포면,인수리,익산천1,11.7,8.0,11.1,0.6,6.5,48.1,1.906,0.053
2020,11,전라북도,익산시,춘포면,인수리,익산천2,11.8,8.1,11.1,0.6,6.9,119.0,1.921,0.059
2020,11,전라북도,군산시,대야면,광교리,탑천,11.6,7.9,8.9,4.0,8.7,23.7,5.901,0.161
2020,11,전라북도,김제시,백구면,백구리,김제,12.6,8.3,13.5,5.5,10.7,25.6,7.874,0.116
2020,11,전라북도,김제시,백구면,월봉리,용암천,10.4,8.8,12.3,10.2,14.8,25.4,9.830,0.222
2020,11,전라북도,전주시완산구,서신동,,삼천3,11.2,8.3,12.0,1.1,4.3,2.6,1.645,0.040
2020,11,전라북도,전주시완산구,평화동3가,,삼천1,11.6,8.3,10.7,0.7,2.9,1.9,2.212,0.035
2020,11,전라북도,전주시완산구,효자동2가,,삼천2,10.0,8.3,10.7,0.8,4.0,2.1,1.927,0.050
2020,11,전라북도,완주군,소양면,황운리,소양천1,10.8,7.5,10.2,0.2,1.8,0.5,0.780,0.022
2020,11,전라북도,완주군,용진읍,상운리,소양천2,11.2,8.7,14.9,4.8,6.1,3.4,2.709,0.047
2020,11,전라북도,익산시,춘포면,용연리,익산천3,11.5,8.1,11.5,0.7,6.4,35.6,2.012,0.061
2020,11,전라북도,전주시덕진구,고랑동,,전주천7,18.1,7.5,9.1,3.8,11.9,5.9,14.354,0.084
2020,11,전라북도,전주시덕진구,전미동1가,,전주,11.1,8.8,13.1,4.2,6.3,9.7,2.000,0.190
2020,11,전라북도,전주시완산구,대성동,,전주천1,12.1,8.6,12.3,0.4,1.7,0.2,1.172,0.008
2020,11,전라북도,완주군,고산면,읍내리,고산,11.0,8.4,11.4,0.3,2.5,3.2,2.227,0.015
2020,11,전라북도,무주군,무주읍,대차리,무주남대천2,12.5,8.5,14.3,0.4,2.8,1.0,1.997,0.007
2020,11,전라북도,무주군,무주읍,읍내리,무주남대천1,11.0,8.0,11.5,0.8,3.0,0.4,2.107,0.003
2020,11,전라북도,무주군,무주읍,읍내리,무주남대천3,11.9,8.0,14.3,0.8,3.7,0.9,2.138,0.022
2020,11,전라북도,부안군,상서면,청림리,백천내,11.7,6.8,9.4,0.6,2.2,0.7,1.504,0.012
2020,11,전라북도,무주군,안성면,진도리,구량천,9.1,8.4,12.9,0.7,3.4,0.7,3.518,0.022
2020,11,전라북도,진안군,정천면,월평리,정자천,10.6,8.1,12.1,0.6,2.7,0.7,1.594,0.016
2020,11,전라북도,진안군,진안읍,운산리,진안천,11.5,7.3,11.3,1.4,3.0,1.6,5.021,0.052
2020,11,전라북도,진안군,진안읍,가막리,가막,9.8,8.5,12.6,0.9,3.1,1.3,4.144,0.033
2020,11,전라북도,무주군,무주읍,용포리,용포,12.3,8.2,11.2,0.4,3.2,1.3,1.042,0.007
2020,11,전라북도,진안군,용담면,송풍리,용담,14.3,7.8,10.8,0.5,4.0,2.1,1.189,0.025
2020,11,전라북도,남원시,운봉읍,,람천2,8.4,8.1,11.3,0.3,2.2,3.0,2.287,0.025
2020,11,전라북도,남원시,인월면,중군리,람천1,8.6,7.9,11.6,0.4,3.0,4.4,3.445,0.037
2020,11,전라북도,임실군,관촌면,방수리,관촌,11.3,7.9,11.5,0.8,3.1,10.1,1.471,0.043
2020,11,전라북도,임실군,운암면,학암리,운암,9.0,8.2,10.9,0.2,4.4,10.9,2.456,0.038
2020,11,전라북도,정읍시,산내면,매죽리,추령천,11.3,8.0,11.6,0.5,3.0,2.0,1.836,0.009
2020,11,전라북도,임실군,강진면,용수리,임실,15.3,7.7,10.5,0.7,4.9,3.0,1.174,0.017
2020,11,전라북도,순창군,동계면,구미리,동계,12.1,8.7,10.5,0.4,4.2,0.9,1.078,0.006
2020,11,전라북도,순창군,구림면,안정리,치천,9.4,7.4,12.5,0.5,2.2,1.5,1.591,0.015
2020,11,전라북도,남원시,대강면,풍산리,수홍천,11.0,7.2,12.0,1.4,3.9,23.9,2.489,0.066
2020,11,전라북도,순창군,유등면,유촌리,옥택천,10.3,7.2,12.1,1.2,3.1,5.3,1.613,0.041
2020,11,전라북도,순창군,적성면,고원리,적성,11.6,8.5,10.7,0.4,3.9,2.8,1.667,0.014
2020,11,전라북도,남원시,금지면,귀석리,남원,11.8,8.5,12.1,0.3,3.5,2.1,1.443,0.010
2020,11,전라북도,남원시,대강면,월탄리,대강,12.4,8.2,12.4,1.0,3.9,3.4,1.792,0.026
2020,11,전라북도,장수군,산서면,사상리,오수천1,11.2,7.2,11.7,0.7,2.5,2.2,2.219,0.039
2020,11,전라북도,남원시,덕과면,사율리,율천,12.2,7.2,11.9,0.9,2.9,4.0,2.036,0.092
2020,11,전라북도,남원시,사매면,서도리,월평천,11.9,7.3,12.3,3.1,6.3,104.8,3.721,0.225
2020,11,전라북도,순창군,동계면,서호리,오수천2,12.2,8.5,12.3,1.1,4.0,5.8,1.960,0.042
2020,11,전라북도,임실군,삼계면,후천리,후곡천,11.3,7.4,12.8,2.6,5.2,54.3,2.372,0.192
2020,11,전라북도,남원시,산동면,월석리,요천1,9.9,7.6,11.4,0.5,2.4,1.1,1.167,0.011
2020,11,전라북도,남원시,금지면,창산리,요천2,11.7,8.5,11.8,0.2,3.6,4.1,3.649,0.014
2020,11,전라북도,남원시,송동면,세전리,요천3,13.8,8.4,12.3,1.0,3.7,4.4,2.825,0.025
2020,11,전라북도,고창군,아산면,구암리,주진천1,11.8,7.9,11.8,0.8,5.9,4.3,5.833,0.044
2020,11,전라북도,고창군,아산면,반암리,주진천2,12.0,7.9,10.9,0.4,5.5,9.5,5.546,0.070
2020,12,전라북도,익산시,성당면,부곡리,산북천,4.9,7.7,11.1,7.9,11.8,18.6,13.865,0.951
2020,12,전라북도,익산시,망성면,무형리,마산천,2.8,8.1,10.4,1.2,3.7,3.9,6.689,0.169
2020,12,전라북도,부안군,동진면,하장리,고부천2,4.9,8.4,12.9,1.8,9.0,30.4,5.688,0.229
2020,12,전라북도,부안군,동진면,하장리,고부천3,6.3,8.3,15.3,5.4,8.5,28.2,6.190,0.215
2020,12,전라북도,정읍시,영원면,앵성리,고부천1,4.2,8.2,13.0,1.3,8.2,28.8,4.754,0.140
2020,12,전라북도,김제시,부량면,옥정리,동진강3,4.6,7.9,13.7,3.0,6.2,8.9,4.926,0.072
2020,12,전라북도,정읍시,신태인읍,,동진강2,7.9,8.1,13.2,1.2,3.7,5.0,2.208,0.048
2020,12,전라북도,정읍시,신태인읍,구석리,용호천,4.7,8.2,12.2,1.5,6.7,12.2,2.836,0.106
2020,12,전라북도,정읍시,옹동면,산성리,동진강1,9.0,8.3,12.4,0.3,3.1,0.6,1.395,0.016
2020,12,전라북도,김제시,성덕면,남포리,신평천,7.2,9.5,12.3,4.8,12.9,19.4,3.723,0.117
2020,12,전라북도,김제시,죽산면,대창리,원평천3,6.8,7.8,13.5,4.0,8.4,17.8,5.702,0.140
2020,12,전라북도,김제시,봉남면,용신리,원평천1,8.2,9.1,17.0,2.5,6.9,8.0,6.360,0.042
2020,12,전라북도,김제시,죽산면,죽산리,원평천2,5.7,7.7,11.7,1.1,8.2,11.0,5.569,0.147
2020,12,전라북도,정읍시,공평동,,정읍천3,6.1,8.3,12.7,0.7,3.3,2.6,2.665,0.042
2020,12,전라북도,정읍시,송산동,,정읍천1,5.4,8.4,12.5,0.3,1.7,2.0,1.361,0.054
2020,12,전라북도,정읍시,연지동,,정읍천2,6.7,8.4,13.7,0.9,2.9,17.3,2.846,0.059
2020,12,전라북도,정읍시,이평면,하송리,정읍천4,6.7,8.0,14.1,3.1,9.5,15.1,8.890,0.082
2020,12,전라북도,정읍시,하모동,,천원천,5.5,8.3,12.7,0.9,4.2,6.6,2.770,0.047
2020,12,전라북도,김제시,백구면,마산리,마산천,8.2,8.6,14.2,3.5,8.7,22.8,13.707,0.265
2020,12,전라북도,완주군,삼례읍,,삼례,10.2,7.8,11.6,1.7,9.6,8.6,9.286,0.048
2020,12,전라북도,익산시,춘포면,인수리,익산천1,6.5,9.1,17.2,0.8,3.7,3.1,3.987,0.098
2020,12,전라북도,익산시,춘포면,인수리,익산천2,6.4,8.8,15.7,0.7,4.9,4.2,4.014,0.092
2020,12,전라북도,군산시,대야면,광교리,탑천,5.7,7.9,11.6,5.4,6.1,12.2,6.469,0.118
2020,12,전라북도,김제시,백구면,백구리,김제,6.5,7.9,13.1,4.8,9.8,15.7,9.521,0.095
2020,12,전라북도,김제시,백구면,월봉리,용암천,6.1,8.5,12.4,3.9,13.5,28.0,12.158,0.247
2020,12,전라북도,전주시완산구,서신동,,삼천3,5.8,8.2,13.1,0.9,3.5,3.4,2.479,0.039
2020,12,전라북도,전주시완산구,평화동3가,,삼천1,8.7,8.2,12.5,0.4,2.4,2.8,2.718,0.023
2020,12,전라북도,전주시완산구,효자동2가,,삼천2,7.0,8.2,13.2,0.8,3.3,2.6,2.626,0.034
2020,12,전라북도,완주군,소양면,황운리,소양천1,7.9,8.1,11.0,0.6,1.6,0.5,1.265,0.021
2020,12,전라북도,완주군,용진읍,상운리,소양천2,7.1,8.3,14.3,1.1,2.5,1.0,2.942,0.034
2020,12,전라북도,익산시,춘포면,용연리,익산천3,7.3,8.5,15.5,0.7,5.2,5.2,3.669,0.075
2020,12,전라북도,전주시덕진구,고랑동,,전주천7,14.9,7.5,9.7,3.2,12.9,5.0,16.189,0.075
2020,12,전라북도,전주시덕진구,전미동1가,,전주,5.4,8.4,14.9,3.5,5.6,6.2,2.842,0.234
2020,12,전라북도,전주시완산구,대성동,,전주천1,8.5,8.3,12.7,0.2,1.6,0.8,1.920,0.007
2020,12,전라북도,완주군,고산면,읍내리,고산,8.5,8.4,12.5,0.3,2.9,2.7,1.539,0.007
2020,12,전라북도,무주군,무주읍,대차리,무주남대천2,5.8,8.1,13.7,0.1,2.0,0.6,2.375,0.004
2020,12,전라북도,무주군,무주읍,읍내리,무주남대천1,4.0,8.2,13.2,0.2,2.1,0.2,2.426,0.004
2020,12,전라북도,무주군,무주읍,읍내리,무주남대천3,4.0,7.4,14.4,0.7,3.2,0.4,2.536,0.016
2020,12,전라북도,부안군,상서면,청림리,백천내,8.7,6.6,10.8,0.6,1.8,1.8,1.728,0.004
2020,12,전라북도,무주군,안성면,진도리,구량천,1.9,8.3,14.8,0.5,3.1,0.7,3.324,0.015
2020,12,전라북도,진안군,정천면,월평리,정자천,3.7,8.3,13.7,0.4,2.5,0.3,2.133,0.009
2020,12,전라북도,진안군,진안읍,운산리,진안천,4.5,7.5,12.7,1.4,4.0,2.4,4.570,0.040
2020,12,전라북도,진안군,진안읍,가막리,가막,2.9,8.4,14.6,0.6,2.5,0.6,4.716,0.028
2020,12,전라북도,무주군,무주읍,용포리,용포,8.0,8.1,11.8,0.2,2.8,0.8,1.080,0.006
2020,12,전라북도,진안군,용담면,송풍리,용담,9.4,7.8,11.7,0.5,4.1,1.1,1.234,0.013
2020,12,전라북도,남원시,운봉읍,,람천2,2.1,8.5,13.2,0.2,1.9,0.7,1.416,0.012
2020,12,전라북도,남원시,인월면,중군리,람천1,2.5,8.4,13.5,0.2,3.0,4.6,3.249,0.025
2020,12,전라북도,임실군,관촌면,방수리,관촌,4.1,8.1,14.1,0.9,1.9,1.4,1.983,0.011
2020,12,전라북도,임실군,운암면,학암리,운암,5.9,8.8,12.5,0.7,4.2,3.0,2.075,0.017
2020,12,전라북도,정읍시,산내면,매죽리,추령천,3.5,7.9,13.4,0.7,2.3,3.3,2.729,0.010
2020,12,전라북도,임실군,강진면,용수리,임실,9.2,7.7,11.7,0.8,4.2,0.9,1.188,0.007
2020,12,전라북도,순창군,동계면,구미리,동계,5.0,8.3,13.1,0.3,4.1,1.1,1.196,0.006
2020,12,전라북도,순창군,구림면,안정리,치천,2.5,7.6,14.1,0.5,1.8,0.7,2.280,0.013
2020,12,전라북도,남원시,대강면,풍산리,수홍천,5.1,7.3,13.4,0.5,2.0,8.9,3.193,0.037
2020,12,전라북도,순창군,유등면,유촌리,옥택천,4.2,7.2,13.8,0.5,1.9,1.9,1.972,0.016
2020,12,전라북도,순창군,적성면,고원리,적성,4.1,8.1,12.9,0.3,3.5,0.8,1.915,0.004
2020,12,전라북도,남원시,금지면,귀석리,남원,6.2,8.8,14.1,0.2,3.4,1.1,1.452,0.009
2020,12,전라북도,남원시,대강면,월탄리,대강,3.9,8.1,14.7,1.2,3.2,1.4,1.891,0.014
2020,12,전라북도,장수군,산서면,사상리,오수천1,5.9,7.3,13.7,0.7,2.2,1.4,2.465,0.027
2020,12,전라북도,남원시,덕과면,사율리,율천,6.2,7.1,13.7,0.5,2.3,2.9,2.301,0.097
2020,12,전라북도,남원시,사매면,서도리,월평천,5.4,7.0,14.6,0.7,2.6,6.5,3.981,0.045
2020,12,전라북도,순창군,동계면,서호리,오수천2,5.0,8.6,14.7,1.1,2.6,1.4,2.357,0.021
2020,12,전라북도,임실군,삼계면,후천리,후곡천,4.4,7.3,15.1,0.4,2.1,1.3,2.534,0.024
2020,12,전라북도,남원시,산동면,월석리,요천1,2.9,7.5,13.4,0.7,1.7,1.2,1.909,0.005
2020,12,전라북도,남원시,금지면,창산리,요천2,6.5,8.1,12.5,0.3,2.7,10.6,4.060,0.005
2020,12,전라북도,남원시,송동면,세전리,요천3,5.1,8.1,14.4,1.3,3.5,2.4,4.520,0.022
2020,12,전라북도,고창군,아산면,구암리,주진천1,3.7,8.2,14.1,0.7,4.5,5.4,7.198,0.134
2020,12,전라북도,고창군,아산면,반암리,주진천2,3.4,8.0,13.1,0.9,4.8,5.0,6.286,0.044
2021,01,전라북도,익산시,성당면,부곡리,산북천,5.3,7.7,8.6,17.1,19.7,18.2,13.842,1.112
2021,01,전라북도,익산시,망성면,무형리,마산천,6.9,7.7,12.5,4.2,6.5,5.1,7.981,0.357
2021,01,전라북도,부안군,동진면,하장리,고부천2,0.0,8.1,13.2,2.9,8.2,16.1,6.872,0.229
2021,01,전라북도,부안군,동진면,하장리,고부천3,4.3,7.6,13.4,3.2,8.0,40.9,9.051,0.141
2021,01,전라북도,정읍시,영원면,앵성리,고부천1,0.8,8.3,14.3,2.2,7.6,15.2,7.906,0.145
2021,01,전라북도,김제시,부량면,옥정리,동진강3,4.8,7.7,12.4,3.5,6.7,14.9,5.035,0.073
2021,01,전라북도,정읍시,신태인읍,,동진강2,4.1,7.8,14.4,0.5,3.8,9.2,2.736,0.056
2021,01,전라북도,정읍시,신태인읍,구석리,용호천,0.8,8.0,13.5,2.1,5.6,6.4,6.870,0.040
2021,01,전라북도,정읍시,옹동면,산성리,동진강1,5.3,8.1,13.3,0.3,3.2,0.8,1.382,0.012
2021,01,전라북도,김제시,성덕면,남포리,신평천,5.9,8.9,18.0,2.9,8.9,9.2,9.331,0.176
2021,01,전라북도,김제시,죽산면,대창리,원평천3,4.4,8.7,16.7,5.0,10.5,16.3,6.015,0.166
2021,01,전라북도,김제시,봉남면,용신리,원평천1,2.8,8.1,15.9,1.7,6.7,8.4,6.050,0.048
2021,01,전라북도,김제시,죽산면,죽산리,원평천2,3.8,8.7,15.7,3.1,7.9,17.5,5.325,0.161
2021,01,전라북도,정읍시,공평동,,정읍천3,0.3,8.2,14.7,1.1,3.7,3.7,3.351,0.034
2021,01,전라북도,정읍시,송산동,,정읍천1,0.3,8.0,14.4,0.5,1.8,0.4,1.682,0.014
2021,01,전라북도,정읍시,연지동,,정읍천2,0.1,7.9,14.7,2.2,4.3,5.9,3.476,0.036
2021,01,전라북도,정읍시,이평면,하송리,정읍천4,7.7,7.5,11.8,4.9,10.1,21.5,7.625,0.137
2021,01,전라북도,정읍시,하모동,,천원천,1.0,7.9,14.7,2.3,5.5,10.4,3.399,0.037
2021,01,전라북도,김제시,백구면,마산리,마산천,0.4,8.2,13.0,4.6,8.3,22.5,10.506,0.265
2021,01,전라북도,완주군,삼례읍,,삼례,9.0,7.2,11.4,1.9,9.8,7.2,13.578,0.050
2021,01,전라북도,익산시,춘포면,인수리,익산천1,1.4,8.0,14.9,1.1,3.7,12.2,5.007,0.079
2021,01,전라북도,익산시,춘포면,인수리,익산천2,1.8,7.8,14.8,1.4,3.6,6.4,5.381,0.080
2021,01,전라북도,군산시,대야면,광교리,탑천,4.7,7.4,11.9,3.7,7.3,18.3,5.029,0.117
2021,01,전라북도,김제시,백구면,백구리,김제,7.2,7.6,11.9,6.2,10.1,20.1,10.935,0.099
2021,01,전라북도,김제시,백구면,월봉리,용암천,0.5,8.0,12.7,4.5,13.0,19.6,11.631,0.247
2021,01,전라북도,전주시완산구,서신동,,삼천3,1.9,7.9,12.6,2.5,3.8,2.8,3.280,0.055
2021,01,전라북도,전주시완산구,평화동3가,,삼천1,3.7,7.9,12.3,0.9,1.2,5.5,3.402,0.026
2021,01,전라북도,전주시완산구,효자동2가,,삼천2,1.4,7.9,13.1,1.7,3.2,3.0,3.152,0.060
2021,01,전라북도,완주군,소양면,황운리,소양천1,2.6,8.0,12.5,0.9,1.2,0.2,2.387,0.009
2021,01,전라북도,완주군,용진읍,상운리,소양천2,1.7,7.8,13.0,1.9,2.2,2.4,5.969,0.052
2021,01,전라북도,익산시,춘포면,용연리,익산천3,1.4,7.7,14.0,0.9,3.6,4.4,4.770,0.063
2021,01,전라북도,전주시덕진구,고랑동,,전주천7,13.4,7.4,9.3,5.8,13.3,10.8,13.081,0.135
2021,01,전라북도,전주시덕진구,전미동1가,,전주,6.5,7.8,15.0,4.6,7.2,12.3,2.447,0.279
2021,01,전라북도,전주시완산구,대성동,,전주천1,2.6,8.0,13.3,0.9,1.1,0.5,2.098,0.009
2021,01,전라북도,완주군,고산면,읍내리,고산,4.6,7.6,12.8,0.3,2.3,1.0,1.775,0.004
2021,01,전라북도,무주군,무주읍,대차리,무주남대천2,3.4,8.0,14.6,0.9,2.1,0.7,3.312,0.011
2021,01,전라북도,무주군,무주읍,읍내리,무주남대천1,2.7,8.0,13.6,0.6,2.3,1.2,3.580,0.004
2021,01,전라북도,무주군,무주읍,읍내리,무주남대천3,2.5,8.2,15.4,1.0,3.5,0.8,2.876,0.019
2021,01,전라북도,부안군,상서면,청림리,백천내,5.1,6.5,10.4,0.7,2.6,0.6,1.800,0.004
2021,01,전라북도,무주군,안성면,진도리,구량천,1.1,7.7,13.8,0.9,3.5,1.6,3.528,0.021
2021,01,전라북도,진안군,정천면,월평리,정자천,2.2,7.6,14.5,0.4,2.3,0.9,2.226,0.020
2021,01,전라북도,진안군,진안읍,운산리,진안천,2.1,8.0,12.8,2.3,5.8,3.2,3.548,0.058
2021,01,전라북도,진안군,진안읍,가막리,가막,1.9,7.7,14.4,0.8,3.3,0.7,4.242,0.026
2021,01,전라북도,무주군,무주읍,용포리,용포,4.7,8.2,12.6,0.5,2.7,0.2,1.166,0.004
2021,01,전라북도,진안군,용담면,송풍리,용담,4.8,7.4,12.8,0.4,3.6,0.8,1.233,0.007
2021,01,전라북도,남원시,운봉읍,,람천2,1.9,8.1,13.7,0.7,2.1,0.9,2.998,0.015
2021,01,전라북도,남원시,인월면,중군리,람천1,2.4,8.1,13.9,0.5,2.4,1.6,3.657,0.026
2021,01,전라북도,임실군,관촌면,방수리,관촌,2.4,7.5,14.7,0.9,2.0,0.9,2.441,0.006
2021,01,전라북도,임실군,운암면,학암리,운암,0.3,8.1,14.3,0.3,2.8,1.3,3.065,0.016
2021,01,전라북도,정읍시,산내면,매죽리,추령천,4.5,7.4,13.0,0.9,2.3,1.5,3.465,0.021
2021,01,전라북도,임실군,강진면,용수리,임실,4.6,7.5,12.7,0.8,3.6,0.8,1.285,0.005
2021,01,전라북도,순창군,동계면,구미리,동계,2.5,8.3,13.5,0.7,3.6,0.4,1.436,0.004
2021,01,전라북도,순창군,구림면,안정리,치천,3.7,7.4,13.1,0.8,2.4,0.8,2.637,0.011
2021,01,전라북도,남원시,대강면,풍산리,수홍천,5.7,7.2,10.6,0.7,1.9,1.3,3.169,0.021
2021,01,전라북도,순창군,유등면,유촌리,옥택천,4.3,7.2,10.9,0.8,2.9,1.7,1.992,0.027
2021,01,전라북도,순창군,적성면,고원리,적성,2.4,7.8,13.4,0.7,3.7,2.8,1.782,0.008
2021,01,전라북도,남원시,금지면,귀석리,남원,0.7,8.0,15.0,0.4,3.2,0.9,2.028,0.015
2021,01,전라북도,남원시,대강면,월탄리,대강,2.7,8.0,14.9,1.2,3.3,1.9,2.142,0.016
2021,01,전라북도,장수군,산서면,사상리,오수천1,6.4,7.4,14.2,1.1,2.6,1.9,2.526,0.027
2021,01,전라북도,남원시,덕과면,사율리,율천,6.0,7.2,14.8,1.2,3.2,5.6,2.357,0.102
2021,01,전라북도,남원시,사매면,서도리,월평천,5.6,7.0,14.4,1.3,3.7,3.8,3.850,0.066
2021,01,전라북도,순창군,동계면,서호리,오수천2,3.6,8.1,14.6,1.2,4.4,78.9,2.514,0.057
2021,01,전라북도,임실군,삼계면,후천리,후곡천,4.0,7.5,16.5,1.0,3.1,1.6,1.775,0.030
2021,01,전라북도,남원시,산동면,월석리,요천1,4.4,8.2,13.4,0.9,2.1,0.5,2.182,0.004
2021,01,전라북도,남원시,금지면,창산리,요천2,1.3,7.6,14.1,0.3,3.7,2.8,6.251,0.017
2021,01,전라북도,남원시,송동면,세전리,요천3,4.1,7.9,13.6,1.5,3.9,3.3,5.641,0.030
2021,01,전라북도,고창군,아산면,구암리,주진천1,0.4,7.5,14.3,0.4,4.5,4.4,7.978,0.044
2021,01,전라북도,고창군,아산면,반암리,주진천2,0.2,7.4,14.3,0.7,4.6,5.9,7.604,0.052
2021,02,전라북도,익산시,성당면,부곡리,산북천,6.0,7.7,9.6,5.9,11.3,33.7,9.884,0.856
2021,02,전라북도,익산시,망성면,무형리,마산천,4.3,8.2,14.7,3.6,6.9,3.4,7.828,0.264
2021,02,전라북도,부안군,동진면,하장리,고부천2,2.9,8.0,13.2,2.5,8.8,45.0,6.052,0.096
2021,02,전라북도,부안군,동진면,하장리,고부천3,6.0,7.8,13.3,3.0,8.2,38.0,6.376,0.140
2021,02,전라북도,정읍시,영원면,앵성리,고부천1,3.0,7.8,13.6,2.0,8.3,21.4,6.083,0.066
2021,02,전라북도,김제시,부량면,옥정리,동진강3,5.2,7.8,12.9,2.9,6.9,14.9,4.383,0.072
2021,02,전라북도,정읍시,신태인읍,,동진강2,6.2,8.5,12.7,0.8,4.1,12.6,2.364,0.038
2021,02,전라북도,정읍시,신태인읍,구석리,용호천,5.1,7.9,11.8,1.6,7.3,7.2,5.151,0.066
2021,02,전라북도,정읍시,옹동면,산성리,동진강1,6.1,8.5,13.8,0.2,2.7,1.0,1.454,0.012
2021,02,전라북도,김제시,성덕면,남포리,신평천,6.2,8.3,13.5,1.2,6.6,8.1,2.841,0.024
2021,02,전라북도,김제시,죽산면,대창리,원평천3,5.1,9.0,16.1,7.0,10.1,27.5,4.977,0.066
2021,02,전라북도,김제시,봉남면,용신리,원평천1,8.6,8.5,14.3,1.8,6.2,14.2,5.225,0.037
2021,02,전라북도,김제시,죽산면,죽산리,원평천2,5.5,8.5,16.0,3.9,12.1,41.7,4.971,0.034
2021,02,전라북도,정읍시,공평동,,정읍천3,4.5,7.8,13.4,1.2,4.8,5.7,4.292,0.025
2021,02,전라북도,정읍시,송산동,,정읍천1,4.6,7.9,14.0,0.9,2.3,1.9,2.706,0.010
2021,02,전라북도,정읍시,연지동,,정읍천2,5.7,8.2,13.8,1.2,3.7,2.4,3.379,0.022
2021,02,전라북도,정읍시,이평면,하송리,정읍천4,8.4,7.7,11.3,3.3,9.0,15.9,7.042,0.079
2021,02,전라북도,정읍시,하모동,,천원천,4.0,7.8,13.6,1.5,5.4,5.0,4.954,0.032
2021,02,전라북도,김제시,백구면,마산리,마산천,4.1,8.0,13.0,6.4,10.1,52.0,9.297,0.265
2021,02,전라북도,완주군,삼례읍,,삼례,10.0,7.8,11.1,3.0,10.4,9.0,11.866,0.044
2021,02,전라북도,익산시,춘포면,인수리,익산천1,5.4,9.3,15.0,1.5,4.8,10.8,3.845,0.082
2021,02,전라북도,익산시,춘포면,인수리,익산천2,5.5,9.2,14.5,3.2,7.7,14.2,5.073,0.055
2021,02,전라북도,군산시,대야면,광교리,탑천,6.4,7.5,12.1,3.3,8.1,20.1,5.696,0.129
2021,02,전라북도,김제시,백구면,백구리,김제,6.4,7.7,13.9,5.4,11.1,21.3,11.032,0.089
2021,02,전라북도,김제시,백구면,월봉리,용암천,3.1,8.0,13.1,7.8,14.9,30.7,15.447,0.247
2021,02,전라북도,전주시완산구,서신동,,삼천3,6.1,7.8,12.7,2.3,4.6,4.4,2.882,0.069
2021,02,전라북도,전주시완산구,평화동3가,,삼천1,7.6,7.9,11.7,0.5,2.0,1.3,3.048,0.018
2021,02,전라북도,전주시완산구,효자동2가,,삼천2,7.2,7.7,12.5,2.5,5.3,4.9,3.330,0.050
2021,02,전라북도,완주군,소양면,황운리,소양천1,4.9,7.9,13.5,1.5,0.8,0.6,2.795,0.009
2021,02,전라북도,완주군,용진읍,상운리,소양천2,4.0,7.9,14.1,2.4,2.1,2.5,4.860,0.052
2021,02,전라북도,익산시,춘포면,용연리,익산천3,6.5,8.9,15.3,2.6,7.3,13.6,4.663,0.057
2021,02,전라북도,전주시덕진구,고랑동,,전주천7,14.0,7.7,10.7,6.1,12.5,5.5,16.819,0.071
2021,02,전라북도,전주시덕진구,전미동1가,,전주,6.8,8.4,16.9,6.3,10.2,21.1,2.162,0.197
2021,02,전라북도,전주시완산구,대성동,,전주천1,6.9,8.0,12.5,0.3,0.9,0.6,1.922,0.010
2021,02,전라북도,완주군,고산면,읍내리,고산,6.0,8.6,13.2,0.4,2.5,1.0,1.725,0.006
2021,02,전라북도,무주군,무주읍,대차리,무주남대천2,5.0,8.3,14.9,0.5,2.4,3.4,2.749,0.011
2021,02,전라북도,무주군,무주읍,읍내리,무주남대천1,3.0,8.2,14.2,0.3,2.0,1.8,2.951,0.000
2021,02,전라북도,무주군,무주읍,읍내리,무주남대천3,5.5,8.3,15.0,1.7,4.0,3.2,2.627,0.012
2021,02,전라북도,부안군,상서면,청림리,백천내,8.1,7.0,11.3,1.3,0.8,0.4,2.853,0.004
2021,02,전라북도,무주군,안성면,진도리,구량천,3.9,8.0,13.4,1.3,3.9,1.6,3.072,0.014
2021,02,전라북도,진안군,정천면,월평리,정자천,5.2,7.6,12.8,0.5,2.3,1.2,2.336,0.006
2021,02,전라북도,진안군,진안읍,운산리,진안천,4.0,8.3,12.8,2.5,3.6,1.1,2.867,0.023
2021,02,전라북도,진안군,진안읍,가막리,가막,5.5,7.7,12.9,1.7,4.4,4.2,4.327,0.035
2021,02,전라북도,무주군,무주읍,용포리,용포,4.2,8.2,12.9,0.2,2.7,1.3,1.137,0.000
2021,02,전라북도,진안군,용담면,송풍리,용담,5.3,7.4,13.3,0.7,3.8,0.6,1.171,0.009
2021,02,전라북도,남원시,운봉읍,,람천2,3.5,8.2,12.8,0.3,2.4,2.9,2.138,0.010
2021,02,전라북도,남원시,인월면,중군리,람천1,4.5,8.4,12.9,0.8,4.0,5.8,3.664,0.034
2021,02,전라북도,임실군,관촌면,방수리,관촌,4.2,7.7,13.7,0.9,2.5,1.2,2.078,0.007
2021,02,전라북도,임실군,운암면,학암리,운암,5.0,8.2,12.8,1.0,2.4,1.9,2.347,0.007
2021,02,전라북도,정읍시,산내면,매죽리,추령천,5.2,7.5,13.7,1.0,2.3,1.4,3.553,0.011
2021,02,전라북도,임실군,강진면,용수리,임실,5.2,7.7,12.8,0.8,3.2,1.2,1.227,0.006
2021,02,전라북도,순창군,동계면,구미리,동계,5.4,8.4,12.1,0.9,4.2,0.7,1.410,0.011
2021,02,전라북도,순창군,구림면,안정리,치천,2.6,7.7,15.1,0.5,2.1,1.1,2.739,0.009
2021,02,전라북도,남원시,대강면,풍산리,수홍천,4.2,7.4,14.3,0.5,1.9,1.1,3.232,0.016
2021,02,전라북도,순창군,유등면,유촌리,옥택천,3.2,7.3,14.4,0.6,2.4,1.0,2.077,0.017
2021,02,전라북도,순창군,적성면,고원리,적성,6.0,8.5,12.4,0.7,3.4,1.4,1.776,0.010
2021,02,전라북도,남원시,금지면,귀석리,남원,5.7,8.5,12.8,0.4,3.5,2.5,2.032,0.007
2021,02,전라북도,남원시,대강면,월탄리,대강,5.5,8.0,14.1,1.3,3.7,2.2,2.028,0.019
2021,02,전라북도,장수군,산서면,사상리,오수천1,4.8,7.1,15.0,0.7,2.3,1.4,2.454,0.021
2021,02,전라북도,남원시,덕과면,사율리,율천,5.5,7.1,14.5,0.8,2.9,3.6,2.132,0.075
2021,02,전라북도,남원시,사매면,서도리,월평천,5.3,7.1,15.6,1.0,3.0,4.6,3.919,0.048
2021,02,전라북도,순창군,동계면,서호리,오수천2,5.4,8.2,13.6,1.8,3.7,9.8,2.347,0.036
2021,02,전라북도,임실군,삼계면,후천리,후곡천,4.6,7.5,15.8,0.8,2.9,1.4,1.935,0.022
2021,02,전라북도,남원시,산동면,월석리,요천1,3.4,7.8,14.1,0.7,2.0,0.4,2.313,0.014
2021,02,전라북도,남원시,금지면,창산리,요천2,6.1,7.9,12.8,0.9,4.1,3.3,5.622,0.020
2021,02,전라북도,남원시,송동면,세전리,요천3,5.6,7.9,13.2,2.2,4.7,4.4,5.170,0.043
2021,02,전라북도,고창군,아산면,구암리,주진천1,3.5,8.0,13.4,1.8,5.5,10.7,6.536,0.034
2021,02,전라북도,고창군,아산면,반암리,주진천2,3.7,8.4,13.5,1.5,4.3,6.3,6.383,0.060
2021,03,전라북도,익산시,성당면,부곡리,산북천,11.1,7.5,8.7,9.2,14.1,52.4,9.122,0.521
2021,03,전라북도,익산시,망성면,무형리,마산천,14.7,8.3,10.3,5.6,7.0,7.5,9.711,0.400
2021,03,전라북도,부안군,동진면,하장리,고부천2,10.7,8.1,11.2,1.6,9.9,62.0,4.047,0.094
2021,03,전라북도,부안군,동진면,하장리,고부천3,11.5,8.3,12.5,5.3,9.7,46.8,4.950,0.078
2021,03,전라북도,정읍시,영원면,앵성리,고부천1,9.9,8.1,11.3,1.2,8.5,32.0,3.207,0.057
2021,03,전라북도,김제시,부량면,옥정리,동진강3,11.0,8.0,11.5,3.2,7.7,18.4,4.391,0.069
2021,03,전라북도,정읍시,신태인읍,,동진강2,12.4,7.6,11.1,1.6,3.0,87.6,2.628,0.046
2021,03,전라북도,정읍시,신태인읍,구석리,용호천,10.1,7.8,9.8,1.4,7.3,12.1,5.151,0.052
2021,03,전라북도,정읍시,옹동면,산성리,동진강1,11.7,7.7,12.2,0.5,3.3,1.4,2.093,0.020
2021,03,전라북도,김제시,성덕면,남포리,신평천,10.1,7.6,10.5,5.7,12.2,35.1,11.122,0.170
2021,03,전라북도,김제시,죽산면,대창리,원평천3,10.9,8.8,12.3,6.7,11.2,27.8,7.039,0.114
2021,03,전라북도,김제시,봉남면,용신리,원평천1,11.7,7.8,12.5,3.4,6.5,22.4,4.427,0.052
2021,03,전라북도,김제시,죽산면,죽산리,원평천2,10.0,7.7,10.6,3.8,10.5,30.1,9.806,0.176
2021,03,전라북도,정읍시,공평동,,정읍천3,10.9,8.0,10.8,1.1,4.0,7.6,3.286,0.025
2021,03,전라북도,정읍시,송산동,,정읍천1,11.2,8.1,11.2,0.4,1.3,1.8,2.566,0.016
2021,03,전라북도,정읍시,연지동,,정읍천2,12.0,8.1,11.4,0.9,2.3,6.7,2.763,0.020
2021,03,전라북도,정읍시,이평면,하송리,정읍천4,11.7,7.5,10.0,4.0,7.9,24.1,4.948,0.069
2021,03,전라북도,정읍시,하모동,,천원천,10.9,7.9,11.8,0.9,4.6,7.2,4.954,0.030
2021,03,전라북도,김제시,백구면,마산리,마산천,8.0,7.7,13.1,6.9,12.8,41.2,9.297,0.175
2021,03,전라북도,완주군,삼례읍,,삼례,12.5,7.5,10.3,4.5,9.9,12.8,7.672,0.081
2021,03,전라북도,익산시,춘포면,인수리,익산천1,9.8,7.9,11.9,1.7,5.7,8.6,4.047,0.106
2021,03,전라북도,익산시,춘포면,인수리,익산천2,10.5,8.0,12.5,3.1,8.7,12.6,4.848,0.159
2021,03,전라북도,군산시,대야면,광교리,탑천,11.6,7.2,8.3,5.9,10.5,31.9,7.059,0.149
2021,03,전라북도,김제시,백구면,백구리,김제,12.5,7.4,10.2,6.5,10.3,27.1,6.713,0.097
2021,03,전라북도,김제시,백구면,월봉리,용암천,6.4,7.6,11.6,16.1,16.3,62.0,15.194,0.170
2021,03,전라북도,전주시완산구,서신동,,삼천3,10.8,8.0,11.0,2.3,5.3,9.5,2.892,0.057
2021,03,전라북도,전주시완산구,평화동3가,,삼천1,10.8,8.0,11.3,0.7,3.6,3.7,3.000,0.019
2021,03,전라북도,전주시완산구,효자동2가,,삼천2,10.9,7.8,11.9,1.8,5.0,5.4,2.917,0.049
2021,03,전라북도,완주군,소양면,황운리,소양천1,8.3,8.3,11.2,0.6,2.3,0.9,4.521,0.013
2021,03,전라북도,완주군,용진읍,상운리,소양천2,7.9,8.5,11.4,0.6,3.4,2.2,4.446,0.023
2021,03,전라북도,익산시,춘포면,용연리,익산천3,9.9,7.6,11.1,3.5,8.1,16.3,4.738,0.136
2021,03,전라북도,전주시덕진구,고랑동,,전주천7,14.9,7.3,9.2,4.5,11.4,9.9,12.098,0.075
2021,03,전라북도,전주시덕진구,전미동1가,,전주,11.6,7.8,12.6,3.9,7.9,16.4,2.076,0.112
2021,03,전라북도,전주시완산구,대성동,,전주천1,10.3,7.9,12.8,0.6,1.6,1.2,3.079,0.006
2021,03,전라북도,완주군,고산면,읍내리,고산,9.7,8.2,12.8,1.0,2.8,2.5,2.278,0.013
2021,03,전라북도,무주군,무주읍,대차리,무주남대천2,8.7,7.9,12.0,0.6,2.5,1.5,2.150,0.009
2021,03,전라북도,무주군,무주읍,읍내리,무주남대천1,7.9,7.8,11.9,0.5,2.3,0.5,1.981,0.006
2021,03,전라북도,무주군,무주읍,읍내리,무주남대천3,9.6,7.9,12.3,1.2,3.4,2.1,2.184,0.016
2021,03,전라북도,부안군,상서면,청림리,백천내,9.9,6.8,10.3,1.1,1.8,0.4,3.803,0.005
2021,03,전라북도,무주군,안성면,진도리,구량천,8.6,7.4,20.9,0.7,3.1,1.8,2.612,0.015
2021,03,전라북도,진안군,정천면,월평리,정자천,8.7,7.3,12.3,0.6,2.5,1.2,2.841,0.009
2021,03,전라북도,진안군,진안읍,운산리,진안천,6.8,7.6,11.1,1.9,4.2,2.4,3.516,0.101
2021,03,전라북도,진안군,진안읍,가막리,가막,9.4,7.5,12.1,0.8,3.9,3.5,3.272,0.040
2021,03,전라북도,무주군,무주읍,용포리,용포,7.5,8.3,11.7,0.5,2.8,0.7,1.319,0.006
2021,03,전라북도,진안군,용담면,송풍리,용담,8.1,7.1,12.4,0.5,4.0,1.4,1.239,0.010
2021,03,전라북도,남원시,운봉읍,,람천2,9.5,8.4,11.0,0.6,2.1,0.8,1.529,0.014
2021,03,전라북도,남원시,인월면,중군리,람천1,11.3,8.5,11.8,1.4,3.5,3.8,3.123,0.048
2021,03,전라북도,임실군,관촌면,방수리,관촌,10.8,7.6,11.4,0.8,2.4,2.3,2.248,0.011
2021,03,전라북도,임실군,운암면,학암리,운암,7.8,7.6,11.8,1.2,3.7,9.6,3.620,0.022
2021,03,전라북도,정읍시,산내면,매죽리,추령천,12.2,7.2,11.9,0.8,2.2,2.3,3.165,0.015
2021,03,전라북도,임실군,강진면,용수리,임실,10.1,7.3,11.2,0.9,3.5,1.4,1.623,0.010
2021,03,전라북도,순창군,동계면,구미리,동계,10.8,7.4,10.0,0.9,3.2,3.4,2.192,0.030
2021,03,전라북도,순창군,구림면,안정리,치천,9.8,7.4,12.0,0.8,2.3,1.7,2.719,0.014
2021,03,전라북도,남원시,대강면,풍산리,수홍천,10.7,7.4,11.9,1.1,3.3,7.7,2.684,0.030
2021,03,전라북도,순창군,유등면,유촌리,옥택천,10.7,7.5,11.8,1.1,3.8,21.2,1.952,0.043
2021,03,전라북도,순창군,적성면,고원리,적성,9.9,8.0,10.9,1.1,3.9,5.6,2.416,0.025
2021,03,전라북도,남원시,금지면,귀석리,남원,12.3,7.5,10.7,1.8,4.9,8.6,2.856,0.027
2021,03,전라북도,남원시,대강면,월탄리,대강,11.4,8.0,12.0,1.6,4.3,6.8,2.228,0.037
2021,03,전라북도,장수군,산서면,사상리,오수천1,10.3,7.4,12.3,1.2,3.2,3.2,2.299,0.028
2021,03,전라북도,남원시,덕과면,사율리,율천,11.5,7.4,12.0,1.6,3.9,13.5,1.963,0.089
2021,03,전라북도,남원시,사매면,서도리,월평천,11.5,7.3,12.7,1.4,4.3,5.6,3.412,0.067
2021,03,전라북도,순창군,동계면,서호리,오수천2,12.5,8.3,12.0,1.8,4.5,10.8,2.028,0.045
2021,03,전라북도,임실군,삼계면,후천리,후곡천,11.2,7.6,12.9,1.1,3.5,3.1,1.815,0.029
2021,03,전라북도,남원시,산동면,월석리,요천1,8.6,7.7,12.1,0.7,2.2,2.2,2.489,0.011
2021,03,전라북도,남원시,금지면,창산리,요천2,11.3,7.3,10.8,2.9,5.0,8.9,4.618,0.038
2021,03,전라북도,남원시,송동면,세전리,요천3,13.2,7.9,11.2,2.0,4.5,7.8,3.996,0.055
2021,03,전라북도,고창군,아산면,구암리,주진천1,8.3,7.8,11.7,2.5,6.3,26.4,5.618,0.121
2021,03,전라북도,고창군,아산면,반암리,주진천2,7.7,8.0,11.7,2.3,7.1,34.6,5.167,0.091
2021,04,전라북도,익산시,성당면,부곡리,산북천,16.8,8.8,13.6,10.9,16.0,47.2,4.427,0.210
2021,04,전라북도,익산시,망성면,무형리,마산천,17.2,9.4,13.5,5.2,8.8,9.5,8.428,0.180
2021,04,전라북도,부안군,동진면,하장리,고부천2,16.0,8.2,9.9,4.2,7.9,11.0,3.861,0.048
2021,04,전라북도,부안군,동진면,하장리,고부천3,15.4,8.7,9.9,3.9,9.1,14.0,2.937,0.048
2021,04,전라북도,정읍시,영원면,앵성리,고부천1,15.5,8.4,9.3,4.2,7.8,19.1,3.836,0.064
2021,04,전라북도,김제시,부량면,옥정리,동진강3,15.6,8.9,12.1,4.6,8.8,16.6,2.553,0.052
2021,04,전라북도,정읍시,신태인읍,,동진강2,13.6,7.8,9.9,1.1,5.3,13.1,2.316,0.033
2021,04,전라북도,정읍시,신태인읍,구석리,용호천,14.2,8.0,9.8,1.8,5.7,9.7,3.122,0.071
2021,04,전라북도,정읍시,옹동면,산성리,동진강1,11.2,7.9,11.4,0.6,3.4,1.6,1.778,0.020
2021,04,전라북도,김제시,성덕면,남포리,신평천,15.5,8.4,11.2,6.1,12.9,39.2,4.651,0.056
2021,04,전라북도,김제시,죽산면,대창리,원평천3,14.9,8.8,10.0,4.1,9.1,12.6,4.384,0.055
2021,04,전라북도,김제시,봉남면,용신리,원평천1,14.0,8.0,11.6,5.9,11.9,22.1,3.552,0.030
2021,04,전라북도,김제시,죽산면,죽산리,원평천2,15.0,8.7,10.0,3.9,9.9,20.4,4.559,0.034
2021,04,전라북도,정읍시,공평동,,정읍천3,15.4,8.2,11.2,1.5,3.2,10.8,2.766,0.039
2021,04,전라북도,정읍시,송산동,,정읍천1,13.9,8.1,10.4,0.7,0.7,2.0,1.734,0.020
2021,04,전라북도,정읍시,연지동,,정읍천2,16.0,8.1,11.2,0.9,1.7,8.5,2.121,0.023
2021,04,전라북도,정읍시,이평면,하송리,정읍천4,15.7,7.6,9.3,3.6,9.8,22.0,4.653,0.071
2021,04,전라북도,정읍시,하모동,,천원천,14.9,8.0,10.5,2.1,3.7,12.4,4.473,0.053
2021,04,전라북도,김제시,백구면,마산리,마산천,16.4,8.0,11.7,6.8,10.3,39.3,7.135,0.297
2021,04,전라북도,완주군,삼례읍,,삼례,14.8,7.6,8.7,4.5,7.7,10.0,5.214,0.029
2021,04,전라북도,익산시,춘포면,인수리,익산천1,12.5,8.0,10.4,2.6,7.9,32.0,3.030,0.066
2021,04,전라북도,익산시,춘포면,인수리,익산천2,12.7,7.8,10.5,3.2,8.1,31.8,3.175,0.105
2021,04,전라북도,군산시,대야면,광교리,탑천,16.5,7.7,11.0,6.8,11.1,11.0,4.109,0.064
2021,04,전라북도,김제시,백구면,백구리,김제,16.8,7.6,11.2,5.3,10.9,20.7,6.443,0.076
2021,04,전라북도,김제시,백구면,월봉리,용암천,14.9,8.4,10.4,23.4,19.7,90.0,13.042,0.318
2021,04,전라북도,전주시완산구,서신동,,삼천3,17.0,8.0,10.0,1.9,4.1,8.0,2.132,0.048
2021,04,전라북도,전주시완산구,평화동3가,,삼천1,14.9,8.0,10.2,1.2,2.4,4.0,2.124,0.017
2021,04,전라북도,전주시완산구,효자동2가,,삼천2,15.6,7.9,11.3,1.8,3.4,7.0,2.323,0.040
2021,04,전라북도,완주군,소양면,황운리,소양천1,14.3,8.3,11.0,0.7,0.3,2.3,3.099,0.014
2021,04,전라북도,완주군,용진읍,상운리,소양천2,15.5,8.4,10.1,1.1,1.1,1.5,3.142,0.018
2021,04,전라북도,익산시,춘포면,용연리,익산천3,12.0,7.8,10.5,2.9,7.8,25.3,3.014,0.116
2021,04,전라북도,전주시덕진구,고랑동,,전주천7,18.2,7.4,9.8,4.5,11.5,4.1,12.129,0.071
2021,04,전라북도,전주시덕진구,전미동1가,,전주,16.6,7.9,12.3,3.6,7.5,11.6,1.419,0.153
2021,04,전라북도,전주시완산구,대성동,,전주천1,14.1,8.0,11.8,0.7,0.7,1.2,2.901,0.017
2021,04,전라북도,완주군,고산면,읍내리,고산,14.2,8.2,11.3,1.2,3.2,3.5,2.342,0.006
2021,04,전라북도,무주군,무주읍,대차리,무주남대천2,17.9,8.1,10.1,1.0,2.8,1.8,1.714,0.003
2021,04,전라북도,무주군,무주읍,읍내리,무주남대천1,16.8,8.0,10.4,0.9,2.4,1.2,1.566,0.003
2021,04,전라북도,무주군,무주읍,읍내리,무주남대천3,14.7,8.0,11.0,1.2,3.8,2.2,1.718,0.020
2021,04,전라북도,부안군,상서면,청림리,백천내,14.0,6.7,10.1,0.8,2.0,0.8,2.080,0.003
2021,04,전라북도,무주군,안성면,진도리,구량천,12.7,7.4,12.2,0.8,3.1,2.2,2.246,0.020
2021,04,전라북도,진안군,정천면,월평리,정자천,12.3,7.5,11.2,0.7,2.6,1.7,2.247,0.010
2021,04,전라북도,진안군,진안읍,운산리,진안천,16.1,8.7,9.9,2.1,3.6,3.8,2.849,0.042
2021,04,전라북도,진안군,진안읍,가막리,가막,14.2,7.5,11.7,0.8,3.9,4.7,2.956,0.049
2021,04,전라북도,무주군,무주읍,용포리,용포,15.5,8.2,10.2,0.5,3.1,3.3,1.242,0.006
2021,04,전라북도,진안군,용담면,송풍리,용담,12.3,7.2,11.0,0.4,3.6,1.4,1.261,0.010
2021,04,전라북도,남원시,운봉읍,,람천2,13.5,8.4,10.3,0.9,2.3,1.5,0.961,0.012
2021,04,전라북도,남원시,인월면,중군리,람천1,17.1,9.2,11.8,0.3,4.0,3.4,2.305,0.025
2021,04,전라북도,임실군,관촌면,방수리,관촌,15.4,7.6,10.3,0.8,2.6,4.1,1.982,0.017
2021,04,전라북도,임실군,운암면,학암리,운암,14.2,8.4,9.9,0.9,3.1,3.4,2.006,0.011
2021,04,전라북도,정읍시,산내면,매죽리,추령천,15.8,7.7,11.1,0.9,2.7,5.3,3.401,0.024
2021,04,전라북도,임실군,강진면,용수리,임실,13.5,7.5,10.0,0.9,3.5,1.9,1.663,0.011
2021,04,전라북도,순창군,동계면,구미리,동계,14.5,8.2,10.7,1.0,3.5,5.8,1.986,0.020
2021,04,전라북도,순창군,구림면,안정리,치천,14.1,7.3,10.4,0.6,2.4,3.0,2.348,0.021
2021,04,전라북도,남원시,대강면,풍산리,수홍천,14.3,7.3,11.0,0.7,3.0,7.4,2.315,0.037
2021,04,전라북도,순창군,유등면,유촌리,옥택천,14.8,7.4,10.9,0.8,3.3,3.6,1.874,0.026
2021,04,전라북도,순창군,적성면,고원리,적성,14.3,8.2,10.3,0.7,3.5,6.3,1.855,0.011
2021,04,전라북도,남원시,금지면,귀석리,남원,16.8,7.9,9.3,1.4,4.2,12.0,1.750,0.013
2021,04,전라북도,남원시,대강면,월탄리,대강,17.2,8.1,11.2,1.5,3.9,8.3,1.795,0.048
2021,04,전라북도,장수군,산서면,사상리,오수천1,14.2,7.3,11.7,0.9,3.2,4.3,1.974,0.033
2021,04,전라북도,남원시,덕과면,사율리,율천,15.8,7.4,11.3,1.4,4.2,13.5,1.738,0.089
2021,04,전라북도,남원시,사매면,서도리,월평천,15.6,7.3,11.4,1.0,3.9,3.7,2.573,0.062
2021,04,전라북도,순창군,동계면,서호리,오수천2,16.0,8.1,11.1,1.3,3.9,6.8,1.757,0.044
2021,04,전라북도,임실군,삼계면,후천리,후곡천,15.3,7.6,12.0,1.0,3.6,4.3,1.676,0.036
2021,04,전라북도,남원시,산동면,월석리,요천1,12.2,7.7,10.9,0.8,2.2,3.5,2.501,0.016
2021,04,전라북도,남원시,금지면,창산리,요천2,15.7,8.4,9.3,1.8,4.6,12.1,3.637,0.012
2021,04,전라북도,남원시,송동면,세전리,요천3,18.2,8.4,11.0,1.9,4.6,7.8,2.876,0.056
2021,04,전라북도,고창군,아산면,구암리,주진천1,16.1,8.1,8.3,4.0,6.9,10.8,2.696,0.026
2021,04,전라북도,고창군,아산면,반암리,주진천2,15.2,8.1,10.7,2.2,5.4,12.6,2.321,0.043
2021,05,전라북도,익산시,성당면,부곡리,산북천,18.6,7.9,8.4,6.9,13.8,30.9,4.409,0.108
2021,05,전라북도,익산시,망성면,무형리,마산천,15.7,7.8,8.5,9.7,10.5,32.0,4.721,0.397
2021,05,전라북도,부안군,동진면,하장리,고부천2,17.7,7.8,9.6,2.5,5.9,12.9,2.600,0.066
2021,05,전라북도,부안군,동진면,하장리,고부천3,19.8,7.9,8.0,3.3,9.4,10.0,2.648,0.044
2021,05,전라북도,정읍시,영원면,앵성리,고부천1,17.9,7.7,9.9,3.1,6.8,22.0,2.387,0.056
2021,05,전라북도,김제시,부량면,옥정리,동진강3,18.8,7.7,8.2,3.6,9.1,22.0,2.923,0.072
2021,05,전라북도,정읍시,신태인읍,,동진강2,19.4,7.5,7.2,3.7,9.6,34.6,2.649,0.108
2021,05,전라북도,정읍시,신태인읍,구석리,용호천,17.0,7.9,8.3,2.4,5.1,22.8,2.065,0.061
2021,05,전라북도,정읍시,옹동면,산성리,동진강1,14.5,8.2,10.1,0.9,3.5,4.0,1.643,0.009
2021,05,전라북도,김제시,성덕면,남포리,신평천,19.9,7.4,8.0,4.3,9.5,32.1,3.130,0.074
2021,05,전라북도,김제시,죽산면,대창리,원평천3,19.0,8.0,8.1,3.4,8.9,15.1,2.884,0.049
2021,05,전라북도,김제시,봉남면,용신리,원평천1,21.8,7.2,6.8,3.6,13.4,15.9,3.758,0.073
2021,05,전라북도,김제시,죽산면,죽산리,원평천2,20.7,7.7,8.1,5.8,11.0,19.5,3.251,0.043
2021,05,전라북도,정읍시,공평동,,정읍천3,17.4,7.9,10.2,3.0,4.5,8.4,1.455,0.029
2021,05,전라북도,정읍시,송산동,,정읍천1,16.3,7.9,10.1,0.8,0.8,3.2,1.200,0.015
2021,05,전라북도,정읍시,연지동,,정읍천2,17.2,7.9,10.1,1.1,1.5,8.7,1.485,0.022
2021,05,전라북도,정읍시,이평면,하송리,정읍천4,19.9,7.2,7.5,2.9,9.5,33.6,3.068,0.088
2021,05,전라북도,정읍시,하모동,,천원천,18.1,7.8,10.0,3.2,6.5,9.1,2.076,0.052
2021,05,전라북도,김제시,백구면,마산리,마산천,21.8,8.4,12.4,6.3,9.3,18.1,4.230,0.100
2021,05,전라북도,완주군,삼례읍,,삼례,20.9,7.2,6.7,2.5,6.9,4.7,4.344,0.089
2021,05,전라북도,익산시,춘포면,인수리,익산천1,22.2,7.5,7.8,3.5,9.6,26.2,3.867,0.191
2021,05,전라북도,익산시,춘포면,인수리,익산천2,22.5,7.4,8.4,3.7,9.2,19.8,3.872,0.167
2021,05,전라북도,군산시,대야면,광교리,탑천,20.8,7.2,8.7,5.4,10.4,17.2,3.564,0.066
2021,05,전라북도,김제시,백구면,백구리,김제,20.5,7.9,11.3,6.0,9.7,21.2,4.407,0.069
2021,05,전라북도,김제시,백구면,월봉리,용암천,19.3,8.8,11.9,26.7,17.3,33.3,4.161,0.126
2021,05,전라북도,전주시완산구,서신동,,삼천3,16.5,7.7,9.8,1.8,3.0,6.8,1.378,0.047
2021,05,전라북도,전주시완산구,평화동3가,,삼천1,19.0,7.8,9.9,1.2,2.4,5.0,1.263,0.030
2021,05,전라북도,전주시완산구,효자동2가,,삼천2,17.6,7.8,10.2,1.4,4.0,13.4,1.313,0.040
2021,05,전라북도,완주군,소양면,황운리,소양천1,15.6,8.5,11.1,0.8,3.0,2.1,0.723,0.011
2021,05,전라북도,완주군,용진읍,상운리,소양천2,20.1,9.0,11.8,2.0,4.7,3.8,2.814,0.030
2021,05,전라북도,익산시,춘포면,용연리,익산천3,20.6,7.7,8.4,3.7,9.3,42.2,3.670,0.177
2021,05,전라북도,전주시덕진구,고랑동,,전주천7,21.4,7.1,9.7,4.6,12.5,5.9,12.958,0.074
2021,05,전라북도,전주시덕진구,전미동1가,,전주,22.2,7.7,10.7,2.1,5.0,7.0,1.523,0.085
2021,05,전라북도,전주시완산구,대성동,,전주천1,16.0,7.8,10.0,0.4,1.0,2.0,2.262,0.011
2021,05,전라북도,완주군,고산면,읍내리,고산,13.4,8.3,10.7,1.2,3.2,1.4,1.326,0.004
2021,05,전라북도,무주군,무주읍,대차리,무주남대천2,19.5,8.2,10.1,1.5,3.4,4.0,1.498,0.018
2021,05,전라북도,무주군,무주읍,읍내리,무주남대천1,18.2,8.3,9.8,1.3,2.8,5.5,1.418,0.012
2021,05,전라북도,무주군,무주읍,읍내리,무주남대천3,20.0,8.1,10.1,0.9,3.9,4.6,1.789,0.028
2021,05,전라북도,부안군,상서면,청림리,백천내,17.6,6.8,8.8,0.8,1.8,0.4,1.878,0.006
2021,05,전라북도,무주군,안성면,진도리,구량천,17.0,7.4,10.0,2.1,5.8,56.6,2.578,0.102
2021,05,전라북도,진안군,정천면,월평리,정자천,17.2,7.6,10.1,0.6,3.2,8.6,2.619,0.028
2021,05,전라북도,진안군,진안읍,운산리,진안천,19.3,7.6,9.2,1.5,4.7,10.8,3.769,0.076
2021,05,전라북도,진안군,진안읍,가막리,가막,19.2,7.7,9.5,1.1,5.3,20.2,3.030,0.078
2021,05,전라북도,무주군,무주읍,용포리,용포,18.5,8.0,9.7,1.5,3.7,7.0,1.342,0.014
2021,05,전라북도,진안군,용담면,송풍리,용담,16.2,7.6,10.6,0.6,3.9,4.4,1.417,0.011
2021,05,전라북도,남원시,운봉읍,,람천2,18.0,8.2,10.1,1.1,3.5,3.1,1.388,0.031
2021,05,전라북도,남원시,인월면,중군리,람천1,20.4,8.3,10.2,1.6,5.8,7.0,2.653,0.058
2021,05,전라북도,임실군,관촌면,방수리,관촌,18.4,7.8,9.5,1.3,3.9,8.8,2.340,0.046
2021,05,전라북도,임실군,운암면,학암리,운암,21.2,7.9,9.3,1.7,5.0,2.2,2.929,0.014
2021,05,전라북도,정읍시,산내면,매죽리,추령천,19.1,7.4,9.4,1.0,3.4,9.7,4.751,0.046
2021,05,전라북도,임실군,강진면,용수리,임실,17.9,7.6,8.7,0.8,3.4,2.9,1.594,0.013
2021,05,전라북도,순창군,동계면,구미리,동계,22.4,7.7,8.4,1.5,4.5,14.3,1.905,0.031
2021,05,전라북도,순창군,구림면,안정리,치천,18.2,7.5,10.7,0.9,3.8,9.7,2.702,0.043
2021,05,전라북도,남원시,대강면,풍산리,수홍천,19.1,7.1,9.0,2.6,10.0,39.1,2.590,0.153
2021,05,전라북도,순창군,유등면,유촌리,옥택천,18.1,7.0,10.0,1.7,6.5,15.4,2.390,0.073
2021,05,전라북도,순창군,적성면,고원리,적성,19.1,8.0,8.8,1.7,5.4,12.1,1.814,0.030
2021,05,전라북도,남원시,금지면,귀석리,남원,22.7,7.8,8.8,1.9,6.9,22.2,1.961,0.031
2021,05,전라북도,남원시,대강면,월탄리,대강,19.9,7.8,9.8,2.7,6.3,18.2,1.888,0.068
2021,05,전라북도,장수군,산서면,사상리,오수천1,16.7,6.9,9.9,1.7,5.3,18.6,2.020,0.115
2021,05,전라북도,남원시,덕과면,사율리,율천,18.6,6.9,9.5,1.9,5.7,24.0,1.389,0.113
2021,05,전라북도,남원시,사매면,서도리,월평천,18.3,7.0,10.8,3.1,8.4,18.3,2.685,0.130
2021,05,전라북도,순창군,동계면,서호리,오수천2,21.1,8.1,10.1,2.4,7.0,28.7,1.652,0.093
2021,05,전라북도,임실군,삼계면,후천리,후곡천,19.6,7.3,10.2,2.0,7.3,14.6,2.601,0.133
2021,05,전라북도,남원시,산동면,월석리,요천1,15.5,7.4,9.9,0.8,2.4,5.0,2.098,0.022
2021,05,전라북도,남원시,금지면,창산리,요천2,21.5,7.9,9.0,1.5,6.0,14.6,2.401,0.039
2021,05,전라북도,남원시,송동면,세전리,요천3,19.6,7.9,9.8,2.3,6.4,17.7,2.414,0.094
2021,05,전라북도,고창군,아산면,구암리,주진천1,20.7,7.9,8.8,4.3,8.3,16.2,3.363,0.057
2021,05,전라북도,고창군,아산면,반암리,주진천2,20.9,7.9,8.2,4.4,11.3,88.7,3.426,0.068
2021,06,전라북도,익산시,성당면,부곡리,산북천,24.5,7.8,7.3,5.4,13.6,30.8,3.639,0.091
2021,06,전라북도,익산시,망성면,무형리,마산천,26.5,7.7,6.1,5.6,9.7,38.4,4.322,0.271
2021,06,전라북도,부안군,동진면,하장리,고부천2,24.1,7.7,8.7,3.9,9.8,20.0,3.456,0.064
2021,06,전라북도,부안군,동진면,하장리,고부천3,24.6,7.7,8.1,3.7,11.7,12.3,3.256,0.059
2021,06,전라북도,정읍시,영원면,앵성리,고부천1,25.4,8.0,8.1,3.9,9.2,14.3,3.414,0.057
2021,06,전라북도,김제시,부량면,옥정리,동진강3,23.2,7.6,7.2,3.6,10.9,15.3,2.904,0.067
2021,06,전라북도,정읍시,신태인읍,,동진강2,23.2,7.6,6.8,3.2,9.6,25.2,2.506,0.079
2021,06,전라북도,정읍시,신태인읍,구석리,용호천,22.0,7.6,6.3,3.4,7.1,28.8,2.727,0.070
2021,06,전라북도,정읍시,옹동면,산성리,동진강1,19.8,8.2,9.1,1.3,3.7,5.7,1.667,0.015
2021,06,전라북도,김제시,성덕면,남포리,신평천,23.3,7.8,6.8,2.7,8.0,25.5,2.623,0.072
2021,06,전라북도,김제시,죽산면,대창리,원평천3,23.8,8.1,8.7,4.4,10.8,20.2,3.115,0.062
2021,06,전라북도,김제시,봉남면,용신리,원평천1,25.4,7.6,6.9,6.0,16.7,24.4,3.428,0.108
2021,06,전라북도,김제시,죽산면,죽산리,원평천2,23.7,8.5,6.4,3.1,10.6,27.5,3.875,0.147
2021,06,전라북도,정읍시,공평동,,정읍천3,24.6,8.0,9.8,1.9,5.1,10.0,1.887,0.044
2021,06,전라북도,정읍시,송산동,,정읍천1,23.1,8.4,9.9,0.9,1.5,5.8,0.857,0.044
2021,06,전라북도,정읍시,연지동,,정읍천2,22.6,8.0,8.9,1.2,1.7,8.7,1.403,0.037
2021,06,전라북도,정읍시,이평면,하송리,정읍천4,21.9,7.8,7.1,2.8,9.6,32.5,2.784,0.083
2021,06,전라북도,정읍시,하모동,,천원천,23.3,7.8,8.1,2.0,6.2,16.5,2.580,0.060
2021,06,전라북도,김제시,백구면,마산리,마산천,24.5,8.4,12.8,7.1,14.0,17.5,3.488,0.126
2021,06,전라북도,완주군,삼례읍,,삼례,24.4,7.6,8.4,2.4,6.4,9.4,3.953,0.040
2021,06,전라북도,익산시,춘포면,인수리,익산천1,24.0,7.5,7.0,4.5,14.5,53.4,3.979,0.111
2021,06,전라북도,익산시,춘포면,인수리,익산천2,26.3,7.5,6.5,3.9,14.0,50.1,4.318,0.108
2021,06,전라북도,군산시,대야면,광교리,탑천,23.9,7.4,8.0,5.2,11.5,25.1,3.958,0.061
2021,06,전라북도,김제시,백구면,백구리,김제,24.8,8.1,11.7,5.2,9.8,22.8,3.843,0.056
2021,06,전라북도,김제시,백구면,월봉리,용암천,23.8,7.7,9.3,7.4,16.6,29.5,4.480,0.132
2021,06,전라북도,전주시완산구,서신동,,삼천3,22.3,7.7,8.4,2.3,6.4,46.0,2.436,0.092
2021,06,전라북도,전주시완산구,평화동3가,,삼천1,20.9,7.7,9.1,1.8,3.8,10.0,2.377,0.066
2021,06,전라북도,전주시완산구,효자동2가,,삼천2,20.1,7.7,8.6,2.1,6.1,41.6,2.331,0.081
2021,06,전라북도,완주군,소양면,황운리,소양천1,20.7,8.2,9.2,1.1,1.7,2.4,2.516,0.025
2021,06,전라북도,완주군,용진읍,상운리,소양천2,22.6,8.2,8.6,1.5,3.1,3.3,2.954,0.036
2021,06,전라북도,익산시,춘포면,용연리,익산천3,26.6,7.7,8.9,4.5,9.7,36.5,4.578,0.103
2021,06,전라북도,전주시덕진구,고랑동,,전주천7,23.2,7.2,9.1,4.0,12.4,5.9,12.607,0.069
2021,06,전라북도,전주시덕진구,전미동1가,,전주,24.0,7.6,9.8,1.4,5.3,9.0,2.003,0.044
2021,06,전라북도,전주시완산구,대성동,,전주천1,19.5,7.9,10.4,0.3,0.4,5.8,2.605,0.015
2021,06,전라북도,완주군,고산면,읍내리,고산,16.7,8.1,9.7,1.2,3.1,3.7,1.670,0.008
2021,06,전라북도,무주군,무주읍,대차리,무주남대천2,28.0,8.3,9.6,0.9,3.2,4.2,1.258,0.026
2021,06,전라북도,무주군,무주읍,읍내리,무주남대천1,27.2,8.8,10.5,0.7,3.0,3.3,1.112,0.013
2021,06,전라북도,무주군,무주읍,읍내리,무주남대천3,25.2,8.2,10.5,1.3,4.7,2.8,1.149,0.026
2021,06,전라북도,부안군,상서면,청림리,백천내,22.8,6.6,8.2,0.9,3.0,0.2,1.805,0.006
2021,06,전라북도,무주군,안성면,진도리,구량천,22.4,8.0,11.4,1.3,4.5,1.9,1.882,0.030
2021,06,전라북도,진안군,정천면,월평리,정자천,23.0,7.7,9.7,0.9,3.7,2.9,1.774,0.017
2021,06,전라북도,진안군,진안읍,운산리,진안천,24.4,7.6,8.5,1.8,3.8,2.3,2.194,0.039
2021,06,전라북도,진안군,진안읍,가막리,가막,24.9,7.8,9.3,1.2,5.5,8.2,2.126,0.062
2021,06,전라북도,무주군,무주읍,용포리,용포,24.0,8.6,9.4,0.4,2.8,2.4,1.240,0.007
2021,06,전라북도,진안군,용담면,송풍리,용담,20.5,7.7,10.1,0.8,3.9,2.8,1.310,0.010
2021,06,전라북도,남원시,운봉읍,,람천2,24.6,8.9,8.8,1.4,3.5,3.0,1.095,0.035
2021,06,전라북도,남원시,인월면,중군리,람천1,27.1,8.8,10.8,2.4,7.2,5.5,1.683,0.086
2021,06,전라북도,임실군,관촌면,방수리,관촌,23.4,7.3,8.8,1.6,4.5,10.3,1.999,0.041
2021,06,전라북도,임실군,운암면,학암리,운암,25.1,7.9,8.9,0.9,5.4,13.2,1.461,0.022
2021,06,전라북도,정읍시,산내면,매죽리,추령천,23.7,8.2,10.0,1.7,4.0,7.5,2.931,0.040
2021,06,전라북도,임실군,강진면,용수리,임실,23.4,7.6,8.7,1.0,3.6,2.0,1.374,0.012
2021,06,전라북도,순창군,동계면,구미리,동계,27.8,8.0,8.2,1.0,4.7,17.8,1.554,0.028
2021,06,전라북도,순창군,구림면,안정리,치천,23.7,7.8,9.8,1.2,4.6,6.0,1.732,0.038
2021,06,전라북도,남원시,대강면,풍산리,수홍천,22.4,7.1,8.3,3.1,10.1,14.9,2.197,0.083
2021,06,전라북도,순창군,유등면,유촌리,옥택천,24.4,7.3,9.6,1.7,7.3,10.0,1.290,0.067
2021,06,전라북도,순창군,적성면,고원리,적성,25.0,7.9,7.6,2.6,7.0,13.7,1.821,0.043
2021,06,전라북도,남원시,금지면,귀석리,남원,26.2,8.1,9.3,1.6,7.3,9.7,1.796,0.044
2021,06,전라북도,남원시,대강면,월탄리,대강,25.7,7.6,9.3,2.2,7.6,17.4,1.695,0.076
2021,06,전라북도,장수군,산서면,사상리,오수천1,20.3,6.9,9.6,2.0,7.1,18.8,2.356,0.118
2021,06,전라북도,남원시,덕과면,사율리,율천,23.1,7.2,9.3,3.1,9.0,22.8,2.070,0.138
2021,06,전라북도,남원시,사매면,서도리,월평천,22.3,7.2,9.6,4.0,9.3,21.3,2.062,0.163
2021,06,전라북도,순창군,동계면,서호리,오수천2,24.5,7.7,9.0,2.3,8.1,18.8,2.040,0.124
2021,06,전라북도,임실군,삼계면,후천리,후곡천,24.4,7.2,8.7,2.8,10.7,14.9,2.439,0.189
2021,06,전라북도,남원시,산동면,월석리,요천1,21.2,7.6,9.1,1.1,2.9,3.8,1.567,0.022
2021,06,전라북도,남원시,금지면,창산리,요천2,26.2,8.1,9.2,2.1,6.1,9.3,2.187,0.040
2021,06,전라북도,남원시,송동면,세전리,요천3,24.4,7.6,8.8,2.7,7.0,14.3,2.053,0.104
2021,06,전라북도,고창군,아산면,구암리,주진천1,25.0,8.1,10.7,5.4,13.5,18.6,2.332,0.078
2021,06,전라북도,고창군,아산면,반암리,주진천2,25.9,7.8,7.7,2.6,13.8,22.8,1.606,0.063
2021,07,전라북도,익산시,성당면,부곡리,산북천,27.9,8.3,8.8,6.4,11.8,75.3,3.087,0.171
2021,07,전라북도,익산시,망성면,무형리,마산천,24.4,7.9,7.1,3.2,10.1,23.2,4.109,0.277
2021,07,전라북도,부안군,동진면,하장리,고부천2,28.6,7.9,10.4,6.4,14.2,10.3,2.155,0.067
2021,07,전라북도,부안군,동진면,하장리,고부천3,27.6,8.1,8.8,5.4,12.7,18.8,2.339,0.073
2021,07,전라북도,정읍시,영원면,앵성리,고부천1,29.5,8.5,12.2,7.2,14.5,19.0,1.785,0.096
2021,07,전라북도,김제시,부량면,옥정리,동진강3,27.8,7.9,7.6,3.4,9.6,15.9,2.674,0.084
2021,07,전라북도,정읍시,신태인읍,,동진강2,30.8,8.3,9.5,3.3,8.8,18.8,1.736,0.030
2021,07,전라북도,정읍시,신태인읍,구석리,용호천,26.2,7.2,6.0,4.0,12.7,23.9,1.932,0.116
2021,07,전라북도,정읍시,옹동면,산성리,동진강1,24.7,8.1,8.3,1.4,4.4,8.2,1.419,0.014
2021,07,전라북도,김제시,성덕면,남포리,신평천,27.0,8.3,5.8,4.1,9.5,31.2,2.769,0.114
2021,07,전라북도,김제시,죽산면,대창리,원평천3,27.6,7.7,6.2,2.9,9.5,19.7,2.460,0.096
2021,07,전라북도,김제시,봉남면,용신리,원평천1,32.3,7.6,4.7,2.5,15.1,17.8,1.983,0.126
2021,07,전라북도,김제시,죽산면,죽산리,원평천2,28.3,7.9,6.5,3.1,8.1,24.6,2.386,0.096
2021,07,전라북도,정읍시,공평동,,정읍천3,27.4,8.1,8.2,3.2,8.7,12.2,1.330,0.043
2021,07,전라북도,정읍시,송산동,,정읍천1,26.8,7.5,8.9,1.5,4.2,7.3,0.651,0.048
2021,07,전라북도,정읍시,연지동,,정읍천2,27.1,8.0,9.8,1.7,4.5,7.8,1.145,0.044
2021,07,전라북도,정읍시,이평면,하송리,정읍천4,26.7,7.4,6.8,2.2,8.2,25.8,3.683,0.097
2021,07,전라북도,정읍시,하모동,,천원천,27.2,7.8,7.9,3.3,9.0,8.2,1.736,0.063
2021,07,전라북도,김제시,백구면,마산리,마산천,24.4,7.7,8.3,5.9,14.9,103.8,3.679,0.168
2021,07,전라북도,완주군,삼례읍,,삼례,25.8,7.6,7.2,2.2,6.8,13.1,2.504,0.042
2021,07,전라북도,익산시,춘포면,인수리,익산천1,26.4,7.5,6.5,3.5,14.7,47.2,2.174,0.066
2021,07,전라북도,익산시,춘포면,인수리,익산천2,26.4,7.7,6.8,4.1,15.5,50.2,3.003,0.100
2021,07,전라북도,군산시,대야면,광교리,탑천,28.5,7.2,7.3,4.0,10.9,20.6,2.345,0.084
2021,07,전라북도,김제시,백구면,백구리,김제,27.7,7.8,9.4,3.5,8.2,17.9,3.251,0.067
2021,07,전라북도,김제시,백구면,월봉리,용암천,24.1,7.7,6.6,5.4,15.8,29.2,5.164,0.209
2021,07,전라북도,전주시완산구,서신동,,삼천3,27.6,7.6,8.9,2.4,8.8,12.5,1.323,0.116
2021,07,전라북도,전주시완산구,평화동3가,,삼천1,26.0,7.7,8.4,2.7,7.2,9.6,1.431,0.155
2021,07,전라북도,전주시완산구,효자동2가,,삼천2,26.3,7.8,8.6,2.2,7.1,14.4,1.320,0.126
2021,07,전라북도,완주군,소양면,황운리,소양천1,21.2,7.8,9.0,1.7,2.6,2.3,2.301,0.022
2021,07,전라북도,완주군,용진읍,상운리,소양천2,22.3,7.5,8.2,2.0,4.5,9.0,2.927,0.051
2021,07,전라북도,익산시,춘포면,용연리,익산천3,25.9,8.3,6.7,2.9,9.9,19.8,2.461,0.057
2021,07,전라북도,전주시덕진구,고랑동,,전주천7,25.7,7.3,7.9,2.3,9.7,6.4,8.121,0.082
2021,07,전라북도,전주시덕진구,전미동1가,,전주,24.3,7.6,8.5,1.1,5.1,9.4,2.168,0.059
2021,07,전라북도,전주시완산구,대성동,,전주천1,23.1,7.1,9.5,0.7,2.5,9.6,2.524,0.030
2021,07,전라북도,완주군,고산면,읍내리,고산,19.0,7.7,9.3,1.2,3.3,2.3,1.926,0.014
2021,07,전라북도,무주군,무주읍,대차리,무주남대천2,29.4,8.7,9.7,1.9,3.8,3.4,1.656,0.021
2021,07,전라북도,무주군,무주읍,읍내리,무주남대천1,28.0,8.5,8.9,1.9,3.5,3.9,1.744,0.011
2021,07,전라북도,무주군,무주읍,읍내리,무주남대천3,26.4,8.0,9.1,0.5,4.0,2.7,2.064,0.033
2021,07,전라북도,부안군,상서면,청림리,백천내,23.4,6.6,7.8,1.1,3.0,0.6,2.690,0.008
2021,07,전라북도,무주군,안성면,진도리,구량천,22.3,7.7,9.9,0.5,4.2,1.6,1.997,0.023
2021,07,전라북도,진안군,정천면,월평리,정자천,22.4,7.7,9.8,0.3,3.0,1.4,2.244,0.012
2021,07,전라북도,진안군,진안읍,운산리,진안천,27.3,8.1,7.5,1.2,4.7,0.2,2.318,0.049
2021,07,전라북도,진안군,진안읍,가막리,가막,24.9,7.7,9.0,0.8,4.2,7.3,2.918,0.053
2021,07,전라북도,무주군,무주읍,용포리,용포,26.9,8.1,8.5,1.8,3.6,4.3,1.436,0.011
2021,07,전라북도,진안군,용담면,송풍리,용담,23.2,7.2,9.1,0.8,4.5,5.2,1.501,0.016
2021,07,전라북도,남원시,운봉읍,,람천2,25.9,8.3,8.1,0.6,2.9,3.0,1.669,0.046
2021,07,전라북도,남원시,인월면,중군리,람천1,26.7,8.7,7.9,0.8,3.9,10.5,2.801,0.088
2021,07,전라북도,임실군,관촌면,방수리,관촌,27.1,7.2,8.1,1.4,3.5,12.0,1.981,0.056
2021,07,전라북도,임실군,운암면,학암리,운암,25.7,7.8,7.8,1.3,7.0,46.3,2.320,0.094
2021,07,전라북도,정읍시,산내면,매죽리,추령천,28.7,8.4,9.8,1.5,3.3,5.7,2.753,0.036
2021,07,전라북도,임실군,강진면,용수리,임실,28.2,8.1,8.4,1.4,4.0,3.1,1.481,0.025
2021,07,전라북도,순창군,동계면,구미리,동계,28.8,8.2,8.4,0.9,3.6,9.1,2.071,0.038
2021,07,전라북도,순창군,구림면,안정리,치천,27.6,7.9,9.3,1.0,3.6,3.7,1.601,0.035
2021,07,전라북도,남원시,대강면,풍산리,수홍천,24.5,7.1,8.0,1.2,5.3,14.8,1.695,0.065
2021,07,전라북도,순창군,유등면,유촌리,옥택천,27.9,7.2,9.3,1.1,4.9,6.9,1.036,0.054
2021,07,전라북도,순창군,적성면,고원리,적성,26.0,8.0,7.8,1.6,5.8,17.7,2.125,0.064
2021,07,전라북도,남원시,금지면,귀석리,남원,26.4,7.8,6.9,1.8,8.1,36.6,2.232,0.101
2021,07,전라북도,남원시,대강면,월탄리,대강,30.0,8.0,9.7,2.5,6.1,16.7,1.443,0.100
2021,07,전라북도,장수군,산서면,사상리,오수천1,24.3,6.9,8.2,1.4,5.7,10.5,2.259,0.134
2021,07,전라북도,남원시,덕과면,사율리,율천,28.0,7.0,8.5,2.0,6.2,17.0,1.430,0.113
2021,07,전라북도,남원시,사매면,서도리,월평천,27.1,7.0,8.4,2.5,6.3,8.4,1.909,0.126
2021,07,전라북도,순창군,동계면,서호리,오수천2,30.1,8.2,9.8,2.0,5.9,13.9,1.546,0.112
2021,07,전라북도,임실군,삼계면,후천리,후곡천,28.7,7.2,7.9,1.3,5.8,8.2,1.542,0.108
2021,07,전라북도,남원시,산동면,월석리,요천1,26.2,7.7,8.5,1.0,2.6,3.8,1.605,0.027
2021,07,전라북도,남원시,금지면,창산리,요천2,26.0,7.8,7.8,1.4,5.0,8.1,2.446,0.026
2021,07,전라북도,남원시,송동면,세전리,요천3,28.5,8.1,8.7,1.8,5.0,12.5,1.910,0.073
2021,07,전라북도,고창군,아산면,구암리,주진천1,29.4,8.1,7.7,5.7,10.9,21.2,2.037,0.068
2021,07,전라북도,고창군,아산면,반암리,주진천2,28.9,8.2,9.7,3.8,8.9,26.2,1.372,0.066
2021,08,전라북도,익산시,성당면,부곡리,산북천,28.0,7.9,7.3,4.2,9.9,33.8,2.095,0.124
2021,08,전라북도,익산시,망성면,무형리,마산천,28.3,7.7,3.2,4.6,8.3,54.0,3.499,0.439
2021,08,전라북도,부안군,동진면,하장리,고부천2,29.1,7.5,6.0,4.1,9.4,67.3,2.447,0.197
2021,08,전라북도,부안군,동진면,하장리,고부천3,27.8,7.8,7.7,3.7,11.3,34.8,1.796,0.154
2021,08,전라북도,정읍시,영원면,앵성리,고부천1,27.5,6.9,5.5,3.3,9.9,148.6,2.639,0.172
2021,08,전라북도,김제시,부량면,옥정리,동진강3,26.6,7.6,7.1,2.7,8.7,26.9,2.117,0.131
2021,08,전라북도,정읍시,신태인읍,,동진강2,29.3,8.2,10.0,2.7,6.5,14.8,1.477,0.069
2021,08,전라북도,정읍시,신태인읍,구석리,용호천,26.7,7.5,6.6,1.7,8.1,29.1,1.750,0.154
2021,08,전라북도,정읍시,옹동면,산성리,동진강1,24.8,8.6,8.2,2.0,5.2,6.8,1.647,0.012
2021,08,전라북도,김제시,성덕면,남포리,신평천,26.6,8.5,7.9,2.1,6.3,18.2,1.640,0.052
2021,08,전라북도,김제시,죽산면,대창리,원평천3,27.7,7.6,5.9,2.9,9.4,23.8,1.943,0.160
2021,08,전라북도,김제시,봉남면,용신리,원평천1,29.9,8.2,10.4,3.9,9.4,16.2,0.879,0.050
2021,08,전라북도,김제시,죽산면,죽산리,원평천2,28.3,9.0,9.1,2.7,8.1,18.5,1.228,0.069
2021,08,전라북도,정읍시,공평동,,정읍천3,28.2,7.3,7.6,3.0,4.6,14.0,2.243,0.097
2021,08,전라북도,정읍시,송산동,,정읍천1,27.1,7.1,8.0,1.7,2.6,2.0,1.311,0.047
2021,08,전라북도,정읍시,연지동,,정읍천2,30.2,7.8,10.9,1.6,3.5,6.0,2.825,0.060
2021,08,전라북도,정읍시,이평면,하송리,정읍천4,26.3,7.4,6.9,1.9,7.6,18.9,2.925,0.097
2021,08,전라북도,정읍시,하모동,,천원천,26.9,7.4,8.2,2.9,6.3,15.8,2.326,0.122
2021,08,전라북도,김제시,백구면,마산리,마산천,32.8,8.7,12.0,4.4,8.3,16.0,2.167,0.179
2021,08,전라북도,완주군,삼례읍,,삼례,26.1,7.7,7.4,2.5,9.6,6.1,6.288,0.055
2021,08,전라북도,익산시,춘포면,인수리,익산천1,25.8,7.8,8.1,2.3,8.5,44.4,1.244,0.098
2021,08,전라북도,익산시,춘포면,인수리,익산천2,26.3,7.8,8.1,2.4,9.4,29.0,1.335,0.124
2021,08,전라북도,군산시,대야면,광교리,탑천,28.0,7.1,6.8,2.4,8.4,25.2,1.835,0.085
2021,08,전라북도,김제시,백구면,백구리,김제,27.8,7.5,9.5,3.6,9.2,42.8,3.224,0.113
2021,08,전라북도,김제시,백구면,월봉리,용암천,31.4,8.2,10.2,3.5,8.8,18.6,3.305,0.171
2021,08,전라북도,전주시완산구,서신동,,삼천3,29.9,7.7,6.8,1.5,4.4,8.4,2.186,0.096
2021,08,전라북도,전주시완산구,평화동3가,,삼천1,30.1,7.5,9.1,1.7,3.9,8.4,2.088,0.079
2021,08,전라북도,전주시완산구,효자동2가,,삼천2,29.8,7.6,9.5,1.0,3.8,3.6,2.720,0.074
2021,08,전라북도,완주군,소양면,황운리,소양천1,30.4,7.6,9.8,1.6,2.3,3.9,1.443,0.021
2021,08,전라북도,완주군,용진읍,상운리,소양천2,29.7,7.6,10.3,2.6,4.1,20.6,3.291,0.075
2021,08,전라북도,익산시,춘포면,용연리,익산천3,26.5,8.1,8.0,2.1,6.1,18.2,1.596,0.074
2021,08,전라북도,전주시덕진구,고랑동,,전주천7,27.6,7.4,9.1,4.3,11.4,7.5,8.796,0.101
2021,08,전라북도,전주시덕진구,전미동1가,,전주,27.3,7.7,9.7,1.9,6.1,6.7,1.610,0.092
2021,08,전라북도,전주시완산구,대성동,,전주천1,27.8,7.9,10.7,0.7,1.8,3.2,2.173,0.024
2021,08,전라북도,완주군,고산면,읍내리,고산,23.1,8.6,8.4,1.3,3.4,3.3,2.215,0.018
2021,08,전라북도,무주군,무주읍,대차리,무주남대천2,20.4,7.9,8.9,0.9,3.3,2.6,1.473,0.025
2021,08,전라북도,무주군,무주읍,읍내리,무주남대천1,20.2,7.4,9.1,0.7,3.1,2.0,1.514,0.023
2021,08,전라북도,무주군,무주읍,읍내리,무주남대천3,26.6,8.2,9.7,0.7,4.2,3.9,1.479,0.026
2021,08,전라북도,부안군,상서면,청림리,백천내,25.9,6.7,7.9,0.9,1.4,0.4,2.390,0.007
2021,08,전라북도,무주군,안성면,진도리,구량천,25.0,7.9,10.8,0.6,3.7,2.4,1.862,0.028
2021,08,전라북도,진안군,정천면,월평리,정자천,25.6,7.7,8.3,0.5,3.0,2.6,1.244,0.012
2021,08,전라북도,진안군,진안읍,운산리,진안천,27.1,8.0,7.4,1.2,3.1,3.2,1.719,0.034
2021,08,전라북도,진안군,진안읍,가막리,가막,26.8,7.8,10.3,0.7,4.5,7.2,1.952,0.046
2021,08,전라북도,무주군,무주읍,용포리,용포,22.9,8.4,8.3,1.0,5.7,18.4,1.568,0.020
2021,08,전라북도,진안군,용담면,송풍리,용담,19.5,7.1,10.3,0.4,4.0,2.8,1.552,0.015
2021,08,전라북도,남원시,운봉읍,,람천2,28.7,8.8,8.0,1.8,4.7,2.7,1.588,0.091
2021,08,전라북도,남원시,인월면,중군리,람천1,29.1,8.6,8.2,2.1,5.8,4.7,1.666,0.104
2021,08,전라북도,임실군,관촌면,방수리,관촌,25.9,7.2,8.4,0.9,3.4,4.8,1.358,0.030
2021,08,전라북도,임실군,운암면,학암리,운암,23.8,7.6,8.6,0.9,3.7,4.6,2.023,0.040
2021,08,전라북도,정읍시,산내면,매죽리,추령천,28.3,8.3,9.1,0.9,2.9,3.5,1.413,0.026
2021,08,전라북도,임실군,강진면,용수리,임실,28.9,8.5,7.8,1.8,6.4,4.1,1.219,0.028
2021,08,전라북도,순창군,동계면,구미리,동계,26.7,8.2,8.0,1.9,5.8,9.7,0.670,0.041
2021,08,전라북도,순창군,구림면,안정리,치천,27.0,7.7,9.3,1.7,3.5,2.9,0.852,0.032
2021,08,전라북도,남원시,대강면,풍산리,수홍천,23.5,7.1,7.7,1.3,4.2,24.0,0.580,0.068
2021,08,전라북도,순창군,유등면,유촌리,옥택천,26.0,7.1,9.1,1.6,3.8,5.3,0.613,0.048
2021,08,전라북도,순창군,적성면,고원리,적성,27.8,8.4,7.5,2.0,5.4,11.8,0.953,0.056
2021,08,전라북도,남원시,금지면,귀석리,남원,30.4,8.7,9.1,1.9,5.7,9.1,0.441,0.034
2021,08,전라북도,남원시,대강면,월탄리,대강,27.8,7.5,8.4,2.2,6.2,16.6,1.095,0.108
2021,08,전라북도,장수군,산서면,사상리,오수천1,23.8,7.2,8.0,1.4,4.9,9.8,1.295,0.093
2021,08,전라북도,남원시,덕과면,사율리,율천,26.4,7.3,7.7,1.8,5.3,14.7,0.955,0.113
2021,08,전라북도,남원시,사매면,서도리,월평천,25.2,7.1,7.8,2.5,5.3,11.7,1.346,0.158
2021,08,전라북도,순창군,동계면,서호리,오수천2,27.5,7.5,8.4,1.4,5.7,24.9,1.209,0.184
2021,08,전라북도,임실군,삼계면,후천리,후곡천,26.8,7.4,8.2,1.7,4.7,6.1,1.310,0.098
2021,08,전라북도,남원시,산동면,월석리,요천1,25.0,7.7,8.7,1.0,3.2,3.9,1.138,0.024
2021,08,전라북도,남원시,금지면,창산리,요천2,29.2,8.3,7.8,2.0,3.9,4.2,1.718,0.034
2021,08,전라북도,남원시,송동면,세전리,요천3,26.8,8.0,8.1,2.0,5.0,30.8,1.632,0.109
2021,08,전라북도,고창군,아산면,구암리,주진천1,29.2,8.1,9.4,3.7,6.8,13.5,1.529,0.050
2021,08,전라북도,고창군,아산면,반암리,주진천2,29.6,8.3,7.7,3.1,7.1,11.6,1.288,0.070
2021,09,전라북도,익산시,성당면,부곡리,산북천,23.6,7.9,8.8,6.0,11.9,37.6,2.664,0.178
2021,09,전라북도,익산시,망성면,무형리,마산천,25.1,8.3,7.8,1.9,6.3,6.5,3.268,0.327
2021,09,전라북도,부안군,동진면,하장리,고부천2,25.4,7.2,6.5,1.6,8.4,95.4,2.091,0.234
2021,09,전라북도,부안군,동진면,하장리,고부천3,24.0,7.7,5.4,2.6,9.4,51.4,2.143,0.229
2021,09,전라북도,정읍시,영원면,앵성리,고부천1,24.7,7.3,8.1,1.2,8.7,62.7,1.881,0.191
2021,09,전라북도,김제시,부량면,옥정리,동진강3,23.8,7.9,8.5,1.8,6.6,19.3,3.010,0.090
2021,09,전라북도,정읍시,신태인읍,,동진강2,23.5,7.7,7.8,2.3,13.9,80.6,2.509,0.464
2021,09,전라북도,정읍시,신태인읍,구석리,용호천,22.2,7.4,7.9,0.7,7.2,50.0,3.534,0.142
2021,09,전라북도,정읍시,옹동면,산성리,동진강1,22.3,8.0,8.4,1.1,8.0,33.4,2.039,0.171
2021,09,전라북도,김제시,성덕면,남포리,신평천,24.4,7.7,6.6,1.5,9.4,50.1,1.684,0.226
2021,09,전라북도,김제시,죽산면,대창리,원평천3,24.4,8.2,9.7,3.0,9.9,39.0,1.967,0.184
2021,09,전라북도,김제시,봉남면,용신리,원평천1,23.9,7.7,7.9,2.0,12.4,47.4,2.068,0.347
2021,09,전라북도,김제시,죽산면,죽산리,원평천2,24.1,7.9,7.3,1.1,8.2,58.1,1.920,0.189
2021,09,전라북도,정읍시,공평동,,정읍천3,22.7,7.3,8.8,0.7,4.5,16.8,3.114,0.080
2021,09,전라북도,정읍시,송산동,,정읍천1,23.1,7.6,8.7,0.4,3.4,2.4,2.536,0.038
2021,09,전라북도,정읍시,연지동,,정읍천2,23.8,7.7,8.6,0.6,3.6,3.2,3.275,0.063
2021,09,전라북도,정읍시,이평면,하송리,정읍천4,24.1,7.8,8.0,2.0,8.0,81.9,3.526,0.158
2021,09,전라북도,정읍시,하모동,,천원천,22.4,7.5,8.5,1.2,3.2,14.5,3.031,0.073
2021,09,전라북도,김제시,백구면,마산리,마산천,24.7,7.8,8.7,3.3,7.5,28.8,2.745,0.213
2021,09,전라북도,완주군,삼례읍,,삼례,23.1,7.9,8.2,1.1,4.6,6.6,3.171,0.064
2021,09,전라북도,익산시,춘포면,인수리,익산천1,22.5,7.4,7.8,2.0,9.5,56.2,2.129,0.202
2021,09,전라북도,익산시,춘포면,인수리,익산천2,23.1,7.5,7.8,2.1,9.1,42.2,2.268,0.216
2021,09,전라북도,군산시,대야면,광교리,탑천,24.3,7.5,6.7,2.4,7.7,20.1,1.986,0.104
2021,09,전라북도,김제시,백구면,백구리,김제,24.7,8.1,9.9,3.5,8.7,50.9,3.680,0.096
2021,09,전라북도,김제시,백구면,월봉리,용암천,23.6,7.7,7.7,5.4,11.3,41.4,4.547,0.289
2021,09,전라북도,전주시완산구,서신동,,삼천3,23.3,7.9,9.6,1.7,5.1,6.6,2.185,0.095
2021,09,전라북도,전주시완산구,평화동3가,,삼천1,23.7,7.6,9.3,1.3,3.8,6.4,1.996,0.063
2021,09,전라북도,전주시완산구,효자동2가,,삼천2,24.0,8.1,10.7,1.5,4.3,4.2,2.238,0.080
2021,09,전라북도,완주군,소양면,황운리,소양천1,23.1,7.5,8.9,0.6,1.5,1.5,1.962,0.037
2021,09,전라북도,완주군,용진읍,상운리,소양천2,22.3,7.7,10.1,0.6,2.4,4.5,2.473,0.050
2021,09,전라북도,익산시,춘포면,용연리,익산천3,22.7,7.6,7.7,2.8,9.7,43.0,2.394,0.260
2021,09,전라북도,전주시덕진구,고랑동,,전주천7,24.7,7.4,8.5,3.4,9.1,17.1,6.426,0.091
2021,09,전라북도,전주시덕진구,전미동1가,,전주,24.2,7.8,9.5,1.0,4.5,7.1,2.376,0.070
2021,09,전라북도,전주시완산구,대성동,,전주천1,23.1,7.8,10.7,0.5,1.8,0.9,2.095,0.020
2021,09,전라북도,완주군,고산면,읍내리,고산,22.0,8.3,8.3,0.7,4.9,4.5,2.746,0.063
2021,09,전라북도,무주군,무주읍,대차리,무주남대천2,23.7,8.5,9.5,1.6,2.7,1.4,1.327,0.023
2021,09,전라북도,무주군,무주읍,읍내리,무주남대천1,22.3,8.5,9.2,1.1,2.8,2.5,1.407,0.020
2021,09,전라북도,무주군,무주읍,읍내리,무주남대천3,21.1,8.2,10.2,0.5,3.6,1.9,1.498,0.020
2021,09,전라북도,부안군,상서면,청림리,백천내,20.3,6.4,7.3,0.6,1.6,0.6,2.010,0.008
2021,09,전라북도,무주군,안성면,진도리,구량천,19.7,8.2,10.2,0.7,3.8,3.6,1.732,0.024
2021,09,전라북도,진안군,정천면,월평리,정자천,20.1,7.8,9.7,0.4,3.1,3.1,1.658,0.013
2021,09,전라북도,진안군,진안읍,운산리,진안천,21.5,8.1,7.6,1.7,3.3,3.1,2.359,0.061
2021,09,전라북도,진안군,진안읍,가막리,가막,20.6,8.2,10.0,0.6,3.6,3.8,2.357,0.038
2021,09,전라북도,무주군,무주읍,용포리,용포,21.8,8.5,9.6,1.5,3.8,2.4,1.339,0.015
2021,09,전라북도,진안군,용담면,송풍리,용담,20.0,7.4,9.3,0.6,4.4,3.2,1.548,0.020
2021,09,전라북도,남원시,운봉읍,,람천2,21.2,8.3,8.9,0.9,2.7,2.1,1.533,0.056
2021,09,전라북도,남원시,인월면,중군리,람천1,22.1,8.5,9.2,1.4,3.4,4.6,2.197,0.073
2021,09,전라북도,임실군,관촌면,방수리,관촌,23.1,7.1,8.9,1.2,2.5,2.8,1.575,0.028
2021,09,전라북도,임실군,운암면,학암리,운암,25.0,8.9,11.5,3.4,6.0,8.4,1.197,0.037
2021,09,전라북도,정읍시,산내면,매죽리,추령천,23.6,7.9,9.7,1.6,2.6,3.3,2.117,0.026
2021,09,전라북도,임실군,강진면,용수리,임실,24.3,7.1,8.3,1.5,4.9,6.2,1.466,0.024
2021,09,전라북도,순창군,동계면,구미리,동계,24.0,9.1,8.5,1.1,3.7,3.0,1.274,0.036
2021,09,전라북도,순창군,구림면,안정리,치천,22.2,7.1,9.3,0.8,2.8,2.2,1.244,0.025
2021,09,전라북도,남원시,대강면,풍산리,수홍천,20.8,7.0,8.4,1.1,4.0,12.3,1.886,0.072
2021,09,전라북도,순창군,유등면,유촌리,옥택천,23.1,7.0,9.2,1.3,4.2,7.7,1.244,0.076
2021,09,전라북도,순창군,적성면,고원리,적성,23.2,8.5,8.2,0.8,3.8,4.9,1.507,0.054
2021,09,전라북도,남원시,금지면,귀석리,남원,22.6,8.8,8.3,0.6,3.9,9.2,1.565,0.062
2021,09,전라북도,남원시,대강면,월탄리,대강,25.2,8.0,9.6,1.5,3.9,9.0,1.472,0.076
2021,09,전라북도,장수군,산서면,사상리,오수천1,20.6,6.8,8.8,1.1,3.9,6.5,1.929,0.080
2021,09,전라북도,남원시,덕과면,사율리,율천,23.6,6.8,8.1,2.0,5.5,22.3,1.792,0.195
2021,09,전라북도,남원시,사매면,서도리,월평천,22.5,6.8,9.0,1.6,5.3,6.5,2.162,0.139
2021,09,전라북도,순창군,동계면,서호리,오수천2,23.8,7.7,9.1,1.6,4.1,20.0,1.900,0.158
2021,09,전라북도,임실군,삼계면,후천리,후곡천,23.4,7.1,9.1,1.3,4.5,6.5,1.320,0.083
2021,09,전라북도,남원시,산동면,월석리,요천1,20.9,7.8,9.4,1.2,2.7,3.1,1.565,0.019
2021,09,전라북도,남원시,금지면,창산리,요천2,20.9,8.0,8.9,0.6,3.1,6.4,1.641,0.035
2021,09,전라북도,남원시,송동면,세전리,요천3,24.2,7.3,8.6,1.5,3.9,12.9,1.785,0.075
2021,09,전라북도,고창군,아산면,구암리,주진천1,21.1,8.5,8.4,2.3,12.0,173.8,2.221,0.308
2021,09,전라북도,고창군,아산면,반암리,주진천2,21.4,9.3,8.3,1.9,11.6,125.1,2.226,0.235
2021,10,전라북도,익산시,성당면,부곡리,산북천,20.1,7.9,8.7,8.5,12.7,58.5,8.200,0.423
2021,10,전라북도,익산시,망성면,무형리,마산천,15.6,7.7,9.8,1.2,7.1,2.5,4.880,0.313
2021,10,전라북도,부안군,동진면,하장리,고부천2,22.9,7.4,8.1,3.4,10.6,79.6,2.866,0.195
2021,10,전라북도,부안군,동진면,하장리,고부천3,19.2,7.9,7.8,4.1,10.7,82.2,3.042,0.152
2021,10,전라북도,정읍시,영원면,앵성리,고부천1,22.3,7.4,8.1,3.6,10.8,175.0,3.127,0.184
2021,10,전라북도,김제시,부량면,옥정리,동진강3,18.0,8.0,9.7,1.2,5.9,19.4,3.402,0.081
2021,10,전라북도,정읍시,신태인읍,,동진강2,13.1,8.4,10.7,0.5,4.0,2.9,2.269,0.039
2021,10,전라북도,정읍시,신태인읍,구석리,용호천,21.5,7.8,8.4,1.0,7.0,23.5,2.382,0.143
2021,10,전라북도,정읍시,옹동면,산성리,동진강1,10.9,8.7,11.5,0.2,2.9,0.2,1.608,0.010
2021,10,전라북도,김제시,성덕면,남포리,신평천,18.0,8.3,13.2,7.4,16.5,32.1,3.998,0.148
2021,10,전라북도,김제시,죽산면,대창리,원평천3,19.6,7.6,8.3,3.8,9.2,58.2,2.895,0.123
2021,10,전라북도,김제시,봉남면,용신리,원평천1,14.0,8.4,12.2,1.4,6.1,7.4,3.050,0.053
2021,10,전라북도,김제시,죽산면,죽산리,원평천2,17.0,8.3,10.1,3.3,11.4,50.5,3.079,0.122
2021,10,전라북도,정읍시,공평동,,정읍천3,22.4,7.3,8.5,1.3,5.7,10.0,2.447,0.091
2021,10,전라북도,정읍시,송산동,,정읍천1,21.6,7.7,9.4,0.4,2.9,1.6,1.383,0.042
2021,10,전라북도,정읍시,연지동,,정읍천2,23.4,7.9,9.0,0.7,3.1,4.2,2.005,0.077
2021,10,전라북도,정읍시,이평면,하송리,정읍천4,20.6,7.9,11.8,1.4,7.0,7.2,5.370,0.074
2021,10,전라북도,정읍시,하모동,,천원천,21.9,7.4,8.3,1.2,5.5,17.6,2.413,0.085
2021,10,전라북도,김제시,백구면,마산리,마산천,25.9,9.5,9.3,6.0,10.2,19.2,7.949,0.191
2021,10,전라북도,완주군,삼례읍,,삼례,25.3,7.8,9.9,2.3,6.0,4.5,4.047,0.018
2021,10,전라북도,익산시,춘포면,인수리,익산천1,26.9,8.0,9.0,1.5,6.5,21.0,2.155,0.076
2021,10,전라북도,익산시,춘포면,인수리,익산천2,26.7,8.0,9.8,2.2,7.2,14.4,2.380,0.103
2021,10,전라북도,군산시,대야면,광교리,탑천,19.8,7.6,7.6,3.2,7.3,18.5,3.810,0.080
2021,10,전라북도,김제시,백구면,백구리,김제,19.4,7.8,10.3,2.1,7.1,14.1,5.118,0.072
2021,10,전라북도,김제시,백구면,월봉리,용암천,23.7,8.2,9.3,8.6,11.7,42.0,10.061,0.274
2021,10,전라북도,전주시완산구,서신동,,삼천3,24.2,7.8,8.3,1.0,3.8,6.8,1.858,0.084
2021,10,전라북도,전주시완산구,평화동3가,,삼천1,22.2,7.4,8.9,0.9,3.5,8.5,1.659,0.056
2021,10,전라북도,전주시완산구,효자동2가,,삼천2,22.8,7.7,9.6,0.8,3.5,3.6,1.796,0.058
2021,10,전라북도,완주군,소양면,황운리,소양천1,21.5,7.6,9.6,0.5,1.9,2.2,1.810,0.026
2021,10,전라북도,완주군,용진읍,상운리,소양천2,23.1,7.7,9.1,0.7,2.6,3.7,3.244,0.043
2021,10,전라북도,익산시,춘포면,용연리,익산천3,27.3,8.0,10.5,1.8,6.0,11.8,2.357,0.093
2021,10,전라북도,전주시덕진구,고랑동,,전주천7,22.1,7.5,9.4,2.4,8.8,4.8,7.206,0.060
2021,10,전라북도,전주시덕진구,전미동1가,,전주,19.8,7.8,11.0,1.1,3.8,3.2,1.995,0.062
2021,10,전라북도,전주시완산구,대성동,,전주천1,21.7,7.7,10.3,0.4,1.7,2.2,1.570,0.010
2021,10,전라북도,완주군,고산면,읍내리,고산,23.9,7.9,9.9,1.0,3.3,1.9,2.425,0.008
2021,10,전라북도,무주군,무주읍,대차리,무주남대천2,21.8,8.3,10.7,0.8,2.8,0.8,1.850,0.009
2021,10,전라북도,무주군,무주읍,읍내리,무주남대천1,20.3,8.2,9.5,0.8,2.2,0.3,1.876,0.003
2021,10,전라북도,무주군,무주읍,읍내리,무주남대천3,18.2,8.4,12.0,0.6,3.2,1.8,1.529,0.013
2021,10,전라북도,부안군,상서면,청림리,백천내,22.5,6.5,7.6,0.8,1.8,0.8,2.016,0.007
2021,10,전라북도,무주군,안성면,진도리,구량천,16.2,8.3,11.0,0.7,3.2,1.8,2.213,0.014
2021,10,전라북도,진안군,정천면,월평리,정자천,16.9,7.9,10.1,0.5,2.6,2.1,1.335,0.008
2021,10,전라북도,진안군,진안읍,운산리,진안천,20.4,7.8,8.8,2.1,3.0,1.3,1.884,0.035
2021,10,전라북도,진안군,진안읍,가막리,가막,17.7,8.3,10.3,0.7,3.2,2.8,2.889,0.025
2021,10,전라북도,무주군,무주읍,용포리,용포,20.1,8.3,10.2,0.7,3.4,0.5,1.469,0.008
2021,10,전라북도,진안군,용담면,송풍리,용담,18.5,7.5,9.6,0.6,4.1,2.3,1.402,0.010
2021,10,전라북도,남원시,운봉읍,,람천2,11.8,8.4,10.8,0.2,2.8,0.3,1.621,0.030
2021,10,전라북도,남원시,인월면,중군리,람천1,12.6,8.5,10.8,0.4,4.2,0.4,2.856,0.055
2021,10,전라북도,임실군,관촌면,방수리,관촌,17.8,7.6,10.4,0.9,2.5,2.6,1.226,0.019
2021,10,전라북도,임실군,운암면,학암리,운암,25.0,7.8,8.9,1.7,3.2,2.4,1.195,0.020
2021,10,전라북도,정읍시,산내면,매죽리,추령천,18.2,7.9,10.8,1.0,2.6,1.8,1.677,0.013
2021,10,전라북도,임실군,강진면,용수리,임실,20.2,7.4,8.5,1.2,4.7,4.6,1.362,0.019
2021,10,전라북도,순창군,동계면,구미리,동계,13.3,8.4,10.4,0.3,3.9,1.1,1.146,0.017
2021,10,전라북도,순창군,구림면,안정리,치천,17.2,7.5,10.6,0.9,2.8,1.4,1.055,0.021
2021,10,전라북도,남원시,대강면,풍산리,수홍천,15.0,7.2,9.6,0.8,2.1,1.3,2.242,0.033
2021,10,전라북도,순창군,유등면,유촌리,옥택천,16.7,7.2,10.4,1.0,2.7,4.5,1.395,0.045
2021,10,전라북도,순창군,적성면,고원리,적성,18.1,8.6,9.1,0.7,3.8,1.6,1.404,0.040
2021,10,전라북도,남원시,금지면,귀석리,남원,17.2,8.1,10.5,0.4,4.0,2.1,1.274,0.026
2021,10,전라북도,남원시,대강면,월탄리,대강,18.3,7.8,11.1,1.1,3.5,2.3,1.362,0.036
2021,10,전라북도,장수군,산서면,사상리,오수천1,16.5,6.9,10.3,0.9,2.6,2.3,1.977,0.053
2021,10,전라북도,남원시,덕과면,사율리,율천,18.4,6.8,9.9,1.4,4.1,26.5,1.555,0.130
2021,10,전라북도,남원시,사매면,서도리,월평천,16.7,6.7,11.1,1.0,3.4,2.8,2.609,0.068
2021,10,전라북도,순창군,동계면,서호리,오수천2,18.3,8.2,11.0,1.0,3.1,2.6,1.833,0.047
2021,10,전라북도,임실군,삼계면,후천리,후곡천,17.1,6.9,10.8,0.8,3.1,3.0,1.584,0.052
2021,10,전라북도,남원시,산동면,월석리,요천1,15.8,7.5,10.4,0.7,2.2,1.4,1.668,0.011
2021,10,전라북도,남원시,금지면,창산리,요천2,16.1,8.1,10.3,0.2,3.1,5.3,2.336,0.024
2021,10,전라북도,남원시,송동면,세전리,요천3,19.4,8.0,10.4,1.1,3.2,5.0,2.029,0.037
2021,10,전라북도,고창군,아산면,구암리,주진천1,24.0,7.9,9.2,1.7,6.0,7.8,2.794,0.041
2021,10,전라북도,고창군,아산면,반암리,주진천2,24.2,7.9,8.2,1.5,5.7,14.8,2.529,0.052
2021,11,전라북도,익산시,성당면,부곡리,산북천,12.1,8.0,10.2,8.1,12.0,41.2,7.840,0.550
2021,11,전라북도,익산시,망성면,무형리,마산천,12.0,7.8,9.8,5.1,8.3,6.6,6.306,0.487
2021,11,전라북도,부안군,동진면,하장리,고부천2,15.1,8.1,10.4,3.8,8.1,40.8,3.518,0.107
2021,11,전라북도,부안군,동진면,하장리,고부천3,12.6,8.1,10.2,4.5,10.8,73.9,4.471,0.173
2021,11,전라북도,정읍시,영원면,앵성리,고부천1,14.6,8.4,10.7,3.9,8.3,73.3,5.207,0.137
2021,11,전라북도,김제시,부량면,옥정리,동진강3,11.6,8.1,10.8,1.7,6.4,10.0,3.760,0.079
2021,11,전라북도,정읍시,신태인읍,,동진강2,11.6,8.0,11.4,0.9,4.1,2.0,2.336,0.040
2021,11,전라북도,정읍시,신태인읍,구석리,용호천,13.2,7.9,10.0,1.2,4.7,8.2,3.264,0.076
2021,11,전라북도,정읍시,옹동면,산성리,동진강1,11.4,8.3,11.8,0.7,3.2,0.7,1.743,0.026
2021,11,전라북도,김제시,성덕면,남포리,신평천,14.8,9.1,17.0,7.6,14.9,33.8,6.673,0.130
2021,11,전라북도,김제시,죽산면,대창리,원평천3,12.3,8.2,10.2,5.5,12.0,44.3,4.773,0.188
2021,11,전라북도,김제시,봉남면,용신리,원평천1,12.7,8.6,13.4,1.2,5.1,2.1,3.765,0.040
2021,11,전라북도,김제시,죽산면,죽산리,원평천2,14.8,8.2,10.1,2.5,8.8,43.0,3.779,0.066
2021,11,전라북도,정읍시,공평동,,정읍천3,14.6,8.0,11.0,1.8,4.6,5.6,3.047,0.048
2021,11,전라북도,정읍시,송산동,,정읍천1,15.2,8.3,11.6,0.7,2.1,1.3,0.810,0.016
2021,11,전라북도,정읍시,연지동,,정읍천2,16.3,8.9,11.6,1.3,2.9,4.3,2.696,0.026
2021,11,전라북도,정읍시,이평면,하송리,정읍천4,12.9,7.8,11.7,29.8,16.2,23.7,12.153,0.452
2021,11,전라북도,정읍시,하모동,,천원천,15.0,7.9,11.5,3.0,5.9,15.6,3.502,0.056
2021,11,전라북도,김제시,백구면,마산리,마산천,14.8,9.1,11.6,9.8,14.8,65.0,14.211,0.189
2021,11,전라북도,완주군,삼례읍,,삼례,15.2,7.6,10.5,8.5,8.2,3.0,6.960,0.052
2021,11,전라북도,익산시,춘포면,인수리,익산천1,12.5,7.5,12.8,1.4,6.3,10.2,4.850,0.175
2021,11,전라북도,익산시,춘포면,인수리,익산천2,12.6,7.6,12.7,1.4,6.4,7.4,5.347,0.182
2021,11,전라북도,군산시,대야면,광교리,탑천,12.7,7.9,9.0,3.0,7.5,24.8,5.491,0.105
2021,11,전라북도,김제시,백구면,백구리,김제,13.7,7.9,10.8,4.0,8.5,10.4,6.612,0.091
2021,11,전라북도,김제시,백구면,월봉리,용암천,13.7,8.7,10.9,5.0,11.6,21.5,12.751,0.223
2021,11,전라북도,전주시완산구,서신동,,삼천3,15.1,8.0,9.5,1.6,3.8,3.7,2.452,0.064
2021,11,전라북도,전주시완산구,평화동3가,,삼천1,17.4,8.0,10.5,0.7,2.2,2.6,2.424,0.039
2021,11,전라북도,전주시완산구,효자동2가,,삼천2,17.2,8.4,13.3,1.1,3.1,2.8,2.564,0.077
2021,11,전라북도,완주군,소양면,황운리,소양천1,15.3,8.2,12.0,0.7,1.7,2.0,1.988,0.009
2021,11,전라북도,완주군,용진읍,상운리,소양천2,15.1,8.3,12.2,0.9,2.1,2.0,4.806,0.026
2021,11,전라북도,익산시,춘포면,용연리,익산천3,13.4,7.7,13.1,1.4,6.5,6.2,4.843,0.146
2021,11,전라북도,전주시덕진구,고랑동,,전주천7,18.0,7.5,11.3,4.5,11.0,8.6,10.138,0.080
2021,11,전라북도,전주시덕진구,전미동1가,,전주,12.8,8.0,11.2,2.0,4.8,4.2,2.202,0.119
2021,11,전라북도,전주시완산구,대성동,,전주천1,16.7,8.0,11.2,0.4,1.0,1.3,1.998,0.023
2021,11,전라북도,완주군,고산면,읍내리,고산,13.5,8.3,10.8,0.4,3.1,0.5,1.797,0.011
2021,11,전라북도,무주군,무주읍,대차리,무주남대천2,15.6,8.9,13.9,0.9,2.9,1.0,1.876,0.017
2021,11,전라북도,무주군,무주읍,읍내리,무주남대천1,14.2,8.6,11.2,0.5,2.4,0.3,1.901,0.006
2021,11,전라북도,무주군,무주읍,읍내리,무주남대천3,9.0,8.5,14.2,1.1,3.1,0.8,1.945,0.011
2021,11,전라북도,부안군,상서면,청림리,백천내,15.9,6.7,9.2,1.0,1.4,0.4,1.897,0.007
2021,11,전라북도,무주군,안성면,진도리,구량천,7.7,8.3,13.4,0.9,3.2,0.9,2.740,0.011
2021,11,전라북도,진안군,정천면,월평리,정자천,8.5,8.2,11.9,0.6,2.5,1.6,2.127,0.009
2021,11,전라북도,진안군,진안읍,운산리,진안천,13.4,7.8,10.2,2.0,3.1,1.2,2.849,0.037
2021,11,전라북도,진안군,진안읍,가막리,가막,8.6,8.2,13.3,0.9,3.0,1.4,3.224,0.020
2021,11,전라북도,무주군,무주읍,용포리,용포,15.5,8.2,10.3,0.5,3.4,0.9,1.284,0.022
2021,11,전라북도,진안군,용담면,송풍리,용담,13.3,7.9,10.8,0.7,4.0,1.4,1.318,0.010
2021,11,전라북도,남원시,운봉읍,,람천2,10.3,8.6,11.5,0.4,2.8,0.3,1.643,0.031
2021,11,전라북도,남원시,인월면,중군리,람천1,10.3,8.4,12.0,0.5,3.6,0.5,2.558,0.053
2021,11,전라북도,임실군,관촌면,방수리,관촌,9.5,7.4,11.4,0.9,2.9,13.1,1.820,0.024
2021,11,전라북도,임실군,운암면,학암리,운암,11.0,7.9,10.9,0.8,6.2,0.7,2.257,0.014
2021,11,전라북도,정읍시,산내면,매죽리,추령천,11.7,7.6,11.8,1.0,2.5,1.5,2.384,0.009
2021,11,전라북도,임실군,강진면,용수리,임실,14.6,7.2,9.7,0.8,4.1,3.4,1.404,0.015
2021,11,전라북도,순창군,동계면,구미리,동계,10.7,8.5,11.1,0.4,4.1,1.1,1.490,0.012
2021,11,전라북도,순창군,구림면,안정리,치천,9.5,7.6,13.4,0.8,2.9,0.7,1.461,0.013
2021,11,전라북도,남원시,대강면,풍산리,수홍천,9.6,7.3,12.0,0.8,3.3,1.3,2.681,0.031
2021,11,전라북도,순창군,유등면,유촌리,옥택천,10.1,7.4,12.8,0.8,2.9,1.7,1.591,0.030
2021,11,전라북도,순창군,적성면,고원리,적성,12.6,8.5,10.1,0.8,4.0,1.7,1.547,0.014
2021,11,전라북도,남원시,금지면,귀석리,남원,11.2,8.6,11.0,0.4,4.6,1.0,1.702,0.018
2021,11,전라북도,남원시,대강면,월탄리,대강,11.4,8.0,12.8,1.0,3.5,1.6,1.613,0.023
2021,11,전라북도,장수군,산서면,사상리,오수천1,10.6,7.5,12.5,1.2,4.8,1.7,2.711,0.079
2021,11,전라북도,남원시,덕과면,사율리,율천,11.5,7.4,12.7,1.4,4.7,28.7,2.038,0.143
2021,11,전라북도,남원시,사매면,서도리,월평천,10.7,7.3,13.8,1.5,5.3,4.0,2.739,0.077
2021,11,전라북도,순창군,동계면,서호리,오수천2,11.3,8.2,13.0,1.2,3.7,2.1,1.861,0.032
2021,11,전라북도,임실군,삼계면,후천리,후곡천,9.7,7.6,13.5,1.0,4.2,1.1,1.814,0.064
2021,11,전라북도,남원시,산동면,월석리,요천1,9.6,7.6,11.8,0.6,2.2,0.6,2.119,0.011
2021,11,전라북도,남원시,금지면,창산리,요천2,10.4,8.3,11.1,0.4,3.1,1.1,2.557,0.016
2021,11,전라북도,남원시,송동면,세전리,요천3,11.5,8.3,12.6,1.1,3.1,4.1,2.522,0.026
2021,11,전라북도,고창군,아산면,구암리,주진천1,10.8,8.5,11.8,1.9,6.4,14.6,4.441,0.054
2021,11,전라북도,고창군,아산면,반암리,주진천2,11.0,8.9,10.5,1.4,5.1,6.3,3.765,0.041
2021,12,전라북도,익산시,성당면,부곡리,산북천,6.8,7.9,11.7,6.1,11.6,37.7,6.568,0.562
2021,12,전라북도,익산시,망성면,무형리,마산천,7.6,8.0,13.3,2.7,7.5,5.2,6.139,0.530
2021,12,전라북도,부안군,동진면,하장리,고부천2,6.0,8.1,12.3,2.7,7.2,51.0,3.642,0.116
2021,12,전라북도,부안군,동진면,하장리,고부천3,6.0,8.1,12.6,3.4,9.5,38.2,3.648,0.128
2021,12,전라북도,정읍시,영원면,앵성리,고부천1,6.1,8.2,12.6,1.9,6.1,33.0,5.131,0.099
2021,12,전라북도,김제시,부량면,옥정리,동진강3,6.1,8.2,11.5,2.3,6.6,9.0,3.757,0.077
2021,12,전라북도,정읍시,신태인읍,,동진강2,7.4,8.2,12.1,1.1,3.7,2.8,1.842,0.022
2021,12,전라북도,정읍시,신태인읍,구석리,용호천,6.1,8.2,12.1,1.5,5.2,9.2,3.113,0.065
2021,12,전라북도,정읍시,옹동면,산성리,동진강1,8.9,8.3,12.0,0.9,4.0,3.0,1.569,0.015
2021,12,전라북도,김제시,성덕면,남포리,신평천,6.9,7.8,9.3,5.2,14.4,14.6,6.421,0.202
2021,12,전라북도,김제시,죽산면,대창리,원평천3,6.5,8.0,11.4,4.3,11.4,53.8,4.762,0.189
2021,12,전라북도,김제시,봉남면,용신리,원평천1,4.4,8.0,13.2,0.9,4.8,2.5,4.125,0.028
2021,12,전라북도,김제시,죽산면,죽산리,원평천2,6.8,8.0,11.8,3.6,10.4,37.6,4.796,0.148
2021,12,전라북도,정읍시,공평동,,정읍천3,7.8,8.3,12.3,1.3,4.6,10.6,3.050,0.037
2021,12,전라북도,정읍시,송산동,,정읍천1,8.9,8.2,11.7,1.1,4.3,3.9,0.562,0.009
2021,12,전라북도,정읍시,연지동,,정읍천2,8.9,8.1,12.0,1.2,4.7,7.6,2.542,0.021
2021,12,전라북도,정읍시,이평면,하송리,정읍천4,7.9,7.8,12.8,2.9,7.6,12.7,4.034,0.076
2021,12,전라북도,정읍시,하모동,,천원천,7.5,8.0,12.0,1.6,4.2,11.4,3.398,0.046
2021,12,전라북도,김제시,백구면,마산리,마산천,5.9,7.7,12.4,6.0,10.0,32.0,9.908,0.189
2021,12,전라북도,완주군,삼례읍,,삼례,12.0,8.2,10.0,0.9,8.2,2.4,8.817,0.053
2021,12,전라북도,익산시,춘포면,인수리,익산천1,9.3,8.4,13.8,0.9,4.2,5.9,4.160,0.075
2021,12,전라북도,익산시,춘포면,인수리,익산천2,9.3,8.4,13.3,1.1,4.6,7.2,4.461,0.071
2021,12,전라북도,군산시,대야면,광교리,탑천,7.4,7.8,11.4,3.3,8.9,30.3,4.899,0.137
2021,12,전라북도,김제시,백구면,백구리,김제,8.5,7.9,12.2,2.2,7.0,8.6,6.385,0.067
2021,12,전라북도,김제시,백구면,월봉리,용암천,4.9,7.3,12.3,4.6,10.9,15.0,11.475,0.196
2021,12,전라북도,전주시완산구,서신동,,삼천3,7.1,8.0,11.7,1.2,3.7,3.0,3.299,0.047
2021,12,전라북도,전주시완산구,평화동3가,,삼천1,9.3,8.1,12.9,0.8,2.4,1.2,3.373,0.025
2021,12,전라북도,전주시완산구,효자동2가,,삼천2,7.9,8.1,13.3,1.2,3.7,2.1,3.383,0.041
2021,12,전라북도,완주군,소양면,황운리,소양천1,8.6,8.1,12.4,0.7,1.7,0.7,3.815,0.021
2021,12,전라북도,완주군,용진읍,상운리,소양천2,7.2,8.1,12.1,0.9,2.3,1.1,4.731,0.031
2021,12,전라북도,익산시,춘포면,용연리,익산천3,9.6,8.1,12.4,1.3,4.4,10.1,4.058,0.070
2021,12,전라북도,전주시덕진구,고랑동,,전주천7,13.7,7.6,10.7,2.9,9.9,9.6,9.597,0.075
2021,12,전라북도,전주시덕진구,전미동1가,,전주,7.1,7.9,13.7,1.3,3.8,4.5,2.702,0.088
2021,12,전라북도,전주시완산구,대성동,,전주천1,10.1,7.9,12.7,0.6,1.6,0.5,2.938,0.009
2021,12,전라북도,완주군,고산면,읍내리,고산,9.8,8.5,11.3,0.2,2.6,0.5,1.891,0.007
2021,12,전라북도,무주군,무주읍,대차리,무주남대천2,6.1,8.5,13.5,0.6,2.1,0.8,2.034,0.004
2021,12,전라북도,무주군,무주읍,읍내리,무주남대천1,5.0,8.4,13.1,0.3,2.3,0.7,2.084,0.000
2021,12,전라북도,무주군,무주읍,읍내리,무주남대천3,3.8,8.4,15.2,0.7,2.6,0.8,2.030,0.007
2021,12,전라북도,부안군,상서면,청림리,백천내,10.8,6.6,10.2,0.7,1.2,0.4,3.097,0.005
2021,12,전라북도,무주군,안성면,진도리,구량천,2.6,8.1,14.5,0.4,2.4,0.4,2.779,0.009
2021,12,전라북도,진안군,정천면,월평리,정자천,4.6,8.0,12.5,0.4,1.9,0.6,2.542,0.006
2021,12,전라북도,진안군,진안읍,운산리,진안천,4.6,7.4,12.6,1.8,2.8,1.2,2.346,0.033
2021,12,전라북도,진안군,진안읍,가막리,가막,4.0,8.2,14.3,0.6,2.5,1.0,3.188,0.011
2021,12,전라북도,무주군,무주읍,용포리,용포,8.9,8.4,11.2,0.3,3.7,0.6,1.222,0.004
2021,12,전라북도,진안군,용담면,송풍리,용담,8.8,7.7,10.9,0.5,3.8,0.9,1.249,0.008
2021,12,전라북도,남원시,운봉읍,,람천2,3.1,8.8,12.8,0.4,2.5,0.4,1.803,0.010
2021,12,전라북도,남원시,인월면,중군리,람천1,3.8,8.4,13.4,0.5,3.4,1.1,3.422,0.019
2021,12,전라북도,임실군,관촌면,방수리,관촌,4.8,7.5,12.9,0.9,1.9,1.1,2.095,0.011
2021,12,전라북도,임실군,운암면,학암리,운암,8.0,8.0,12.3,1.1,2.9,2.5,2.486,0.020
2021,12,전라북도,정읍시,산내면,매죽리,추령천,7.4,7.3,13.1,1.2,2.1,1.3,3.095,0.007
2021,12,전라북도,임실군,강진면,용수리,임실,9.5,7.4,11.2,0.9,3.7,2.2,1.472,0.008
2021,12,전라북도,순창군,동계면,구미리,동계,5.9,8.3,12.6,1.2,3.3,0.3,1.393,0.008
2021,12,전라북도,순창군,구림면,안정리,치천,5.5,7.9,13.8,0.6,2.4,0.4,2.262,0.009
2021,12,전라북도,남원시,대강면,풍산리,수홍천,6.3,7.7,13.3,0.5,1.9,0.8,2.748,0.015
2021,12,전라북도,순창군,유등면,유촌리,옥택천,5.8,7.6,14.4,0.6,2.2,1.1,1.962,0.019
2021,12,전라북도,순창군,적성면,고원리,적성,5.6,8.6,12.7,1.0,3.8,2.9,1.788,0.018
2021,12,전라북도,남원시,금지면,귀석리,남원,8.5,8.4,12.9,1.4,4.0,2.6,1.944,0.014
2021,12,전라북도,남원시,대강면,월탄리,대강,6.3,7.8,13.5,1.1,3.3,2.6,1.814,0.016
2021,12,전라북도,장수군,산서면,사상리,오수천1,7.2,7.3,13.2,0.6,2.3,2.4,2.483,0.029
2021,12,전라북도,남원시,덕과면,사율리,율천,6.8,7.2,13.8,0.7,3.2,3.5,2.047,0.064
2021,12,전라북도,남원시,사매면,서도리,월평천,7.0,7.1,14.3,0.9,2.9,1.4,3.455,0.049
2021,12,전라북도,순창군,동계면,서호리,오수천2,6.1,8.2,14.6,1.5,2.9,2.2,2.154,0.016
2021,12,전라북도,임실군,삼계면,후천리,후곡천,5.8,7.5,13.8,0.6,2.6,0.7,2.254,0.024
2021,12,전라북도,남원시,산동면,월석리,요천1,6.2,7.5,12.7,1.0,2.2,2.4,2.339,0.007
2021,12,전라북도,남원시,금지면,창산리,요천2,8.5,8.2,11.9,1.8,3.6,8.0,2.545,0.020
2021,12,전라북도,남원시,송동면,세전리,요천3,6.4,8.3,14.0,1.4,2.9,3.1,3.160,0.019
2021,12,전라북도,고창군,아산면,구암리,주진천1,7.0,8.1,12.8,1.3,6.3,7.0,4.054,0.043
2021,12,전라북도,고창군,아산면,반암리,주진천2,6.6,8.2,12.1,1.3,5.9,7.7,3.772,0.038
2022,01,전라북도,익산시,성당면,부곡리,산북천,4.8,7.6,13.8,8.1,10.8,34.4,13.026,1.147
2022,01,전라북도,익산시,망성면,무형리,마산천,2.4,8.0,13.4,1.8,3.8,5.6,5.977,0.259
2022,01,전라북도,부안군,동진면,하장리,고부천2,2.0,8.3,13.8,1.6,8.7,12.0,6.024,0.137
2022,01,전라북도,부안군,동진면,하장리,고부천3,3.9,7.7,15.7,2.4,6.9,21.9,5.875,0.134
2022,01,전라북도,정읍시,영원면,앵성리,고부천1,2.5,8.3,13.8,1.9,9.3,39.3,6.105,0.110
2022,01,전라북도,김제시,부량면,옥정리,동진강3,3.6,8.1,13.9,1.1,4.9,9.2,3.499,0.050
2022,01,전라북도,정읍시,신태인읍,,동진강2,3.0,8.0,13.5,1.0,4.0,2.3,2.059,0.021
2022,01,전라북도,정읍시,신태인읍,구석리,용호천,1.9,8.3,12.9,2.8,7.2,10.9,4.567,0.048
2022,01,전라북도,정읍시,옹동면,산성리,동진강1,3.4,7.9,13.5,1.0,2.6,0.6,1.569,0.015
2022,01,전라북도,김제시,성덕면,남포리,신평천,4.3,9.3,17.8,4.5,10.6,9.3,6.408,0.041
2022,01,전라북도,김제시,죽산면,대창리,원평천3,4.7,8.2,19.2,4.9,9.7,30.8,5.924,0.100
2022,01,전라북도,김제시,봉남면,용신리,원평천1,0.7,8.1,13.4,1.0,5.1,2.3,5.621,0.036
2022,01,전라북도,김제시,죽산면,죽산리,원평천2,4.0,8.4,14.4,2.0,7.0,22.9,5.303,0.078
2022,01,전라북도,정읍시,공평동,,정읍천3,3.3,8.2,13.0,1.4,3.8,3.4,3.099,0.022
2022,01,전라북도,정읍시,송산동,,정읍천1,2.5,8.1,13.5,0.5,1.9,0.7,2.420,0.013
2022,01,전라북도,정읍시,연지동,,정읍천2,3.4,8.1,13.5,1.3,3.4,1.3,4.145,0.016
2022,01,전라북도,정읍시,이평면,하송리,정읍천4,6.2,7.4,13.9,2.0,8.4,8.8,8.457,0.055
2022,01,전라북도,정읍시,하모동,,천원천,2.0,8.2,13.6,1.0,4.3,6.2,3.207,0.021
2022,01,전라북도,김제시,백구면,마산리,마산천,2.4,8.3,13.1,4.6,7.6,29.3,9.279,0.176
2022,01,전라북도,완주군,삼례읍,,삼례,6.9,7.3,11.7,1.9,8.6,5.4,14.190,0.064
2022,01,전라북도,익산시,춘포면,인수리,익산천1,0.4,7.5,14.7,1.5,4.1,8.8,5.160,0.100
2022,01,전라북도,익산시,춘포면,인수리,익산천2,0.8,7.5,14.6,1.6,4.7,6.3,5.884,0.112
2022,01,전라북도,군산시,대야면,광교리,탑천,3.7,8.2,14.2,1.8,6.5,9.3,5.074,0.116
2022,01,전라북도,김제시,백구면,백구리,김제,5.5,8.1,13.0,2.5,8.9,9.8,11.170,0.091
2022,01,전라북도,김제시,백구면,월봉리,용암천,1.0,8.1,13.1,5.1,13.1,24.3,18.408,0.283
2022,01,전라북도,전주시완산구,서신동,,삼천3,2.4,8.1,13.1,0.9,3.5,2.2,3.191,0.045
2022,01,전라북도,전주시완산구,평화동3가,,삼천1,4.8,8.1,13.0,0.4,3.5,1.4,3.404,0.024
2022,01,전라북도,전주시완산구,효자동2가,,삼천2,3.1,8.3,13.6,0.8,2.7,2.5,3.825,0.068
2022,01,전라북도,완주군,소양면,황운리,소양천1,3.7,8.1,12.6,0.9,2.1,0.5,3.111,0.007
2022,01,전라북도,완주군,용진읍,상운리,소양천2,4.0,8.1,13.1,1.3,2.8,1.5,5.574,0.037
2022,01,전라북도,익산시,춘포면,용연리,익산천3,0.9,7.6,13.8,1.6,4.3,6.7,5.376,0.089
2022,01,전라북도,전주시덕진구,고랑동,,전주천7,12.7,7.5,10.9,1.9,13.1,5.1,19.297,0.076
2022,01,전라북도,전주시덕진구,전미동1가,,전주,3.7,8.1,14.3,2.5,5.3,5.6,2.781,0.278
2022,01,전라북도,전주시완산구,대성동,,전주천1,4.1,8.3,13.7,0.3,1.1,0.5,2.713,0.012
2022,01,전라북도,완주군,고산면,읍내리,고산,2.0,8.2,14.4,0.5,2.3,0.2,2.005,0.005
2022,01,전라북도,무주군,무주읍,대차리,무주남대천2,1.9,8.3,13.9,0.6,1.9,0.7,2.957,0.011
2022,01,전라북도,무주군,무주읍,읍내리,무주남대천1,1.9,8.3,13.9,0.6,1.9,0.7,2.957,0.011
2022,01,전라북도,무주군,무주읍,읍내리,무주남대천3,2.5,8.3,14.0,0.9,3.2,0.8,2.988,0.011
2022,01,전라북도,부안군,상서면,청림리,백천내,4.7,6.9,11.7,0.6,1.4,0.3,2.069,0.004
2022,01,전라북도,무주군,안성면,진도리,구량천,0.9,7.7,14.9,0.8,2.8,1.3,3.143,0.009
2022,01,전라북도,진안군,정천면,월평리,정자천,1.7,8.5,14.3,0.3,2.2,0.5,2.324,0.004
2022,01,전라북도,진안군,진안읍,운산리,진안천,3.6,7.8,13.5,1.5,3.2,1.2,3.741,0.045
2022,01,전라북도,진안군,진안읍,가막리,가막,2.0,8.3,14.7,0.6,2.9,1.4,4.181,0.008
2022,01,전라북도,무주군,무주읍,용포리,용포,4.5,8.3,13.4,0.5,2.7,0.7,1.225,0.000
2022,01,전라북도,진안군,용담면,송풍리,용담,4.7,8.4,12.6,0.2,3.2,0.9,1.172,0.007
2022,01,전라북도,남원시,운봉읍,,람천2,2.4,8.4,13.5,0.5,2.6,1.0,2.660,0.008
2022,01,전라북도,남원시,인월면,중군리,람천1,3.1,8.4,13.9,0.9,3.3,2.3,3.784,0.019
2022,01,전라북도,임실군,관촌면,방수리,관촌,2.4,7.1,13.9,1.2,2.4,3.2,2.187,0.011
2022,01,전라북도,임실군,운암면,학암리,운암,1.3,7.8,14.0,0.6,2.0,0.8,2.793,0.014
2022,01,전라북도,정읍시,산내면,매죽리,추령천,3.2,7.2,13.7,1.2,2.4,2.8,2.821,0.010
2022,01,전라북도,임실군,강진면,용수리,임실,5.5,7.1,12.7,1.5,3.4,2.3,1.270,0.008
2022,01,전라북도,순창군,동계면,구미리,동계,3.2,8.4,13.6,0.7,3.7,0.3,1.264,0.006
2022,01,전라북도,순창군,구림면,안정리,치천,1.5,6.9,14.4,1.2,2.7,0.6,2.112,0.005
2022,01,전라북도,남원시,대강면,풍산리,수홍천,2.9,7.1,13.5,0.9,2.2,0.6,2.974,0.011
2022,01,전라북도,순창군,유등면,유촌리,옥택천,2.2,6.9,14.1,1.0,2.6,3.0,2.277,0.021
2022,01,전라북도,순창군,적성면,고원리,적성,2.5,8.4,14.1,0.7,3.5,1.7,1.709,0.015
2022,01,전라북도,남원시,금지면,귀석리,남원,2.8,8.3,13.4,0.6,3.5,25.4,1.524,0.006
2022,01,전라북도,남원시,대강면,월탄리,대강,3.6,7.9,14.8,2.3,3.7,2.5,1.646,0.013
2022,01,전라북도,장수군,산서면,사상리,오수천1,4.0,7.8,14.9,0.8,2.3,1.8,2.535,0.023
2022,01,전라북도,남원시,덕과면,사율리,율천,4.9,7.7,14.5,0.9,3.2,2.7,2.150,0.059
2022,01,전라북도,남원시,사매면,서도리,월평천,4.6,7.7,15.0,1.0,3.1,0.9,3.503,0.035
2022,01,전라북도,순창군,동계면,서호리,오수천2,3.8,8.2,15.4,1.6,2.8,2.4,2.386,0.017
2022,01,전라북도,임실군,삼계면,후천리,후곡천,3.0,7.8,15.6,1.3,3.1,0.8,1.661,0.013
2022,01,전라북도,남원시,산동면,월석리,요천1,3.7,7.8,13.8,1.1,2.1,4.8,2.337,0.012
2022,01,전라북도,남원시,금지면,창산리,요천2,3.3,7.9,13.6,0.7,3.3,1.6,4.941,0.010
2022,01,전라북도,남원시,송동면,세전리,요천3,3.7,8.1,14.8,1.8,3.4,3.6,4.735,0.023
2022,01,전라북도,고창군,아산면,구암리,주진천1,2.7,7.3,13.9,0.8,3.8,3.0,6.448,0.043
2022,01,전라북도,고창군,아산면,반암리,주진천2,2.8,6.9,15.0,0.8,3.5,4.1,5.668,0.019
2022,02,전라북도,익산시,성당면,부곡리,산북천,5.8,8.0,15.7,6.4,11.3,38.1,10.039,0.937
2022,02,전라북도,익산시,망성면,무형리,마산천,4.8,8.5,13.1,1.6,3.7,3.9,5.116,0.382
2022,02,전라북도,부안군,동진면,하장리,고부천2,2.2,8.0,12.3,3.5,7.4,30.4,6.086,0.176
2022,02,전라북도,부안군,동진면,하장리,고부천3,3.5,8.2,15.3,4.0,8.7,34.8,4.154,0.118
2022,02,전라북도,정읍시,영원면,앵성리,고부천1,3.1,8.1,12.1,3.5,6.7,25.2,5.900,0.158
2022,02,전라북도,김제시,부량면,옥정리,동진강3,3.2,7.8,14.0,3.5,7.7,8.9,5.264,0.130
2022,02,전라북도,정읍시,신태인읍,,동진강2,2.8,7.9,12.8,1.1,4.4,16.2,2.715,0.063
2022,02,전라북도,정읍시,신태인읍,구석리,용호천,1.3,8.1,12.6,2.2,6.4,14.0,5.150,0.168
2022,02,전라북도,정읍시,옹동면,산성리,동진강1,2.9,8.1,13.7,1.2,3.2,0.3,1.644,0.014
2022,02,전라북도,김제시,성덕면,남포리,신평천,4.7,9.3,15.1,5.5,13.1,18.0,5.710,0.061
2022,02,전라북도,김제시,죽산면,대창리,원평천3,4.4,8.8,20.5,5.7,13.2,38.6,5.281,0.110
2022,02,전라북도,김제시,봉남면,용신리,원평천1,2.9,7.9,14.5,1.9,7.5,12.5,6.186,0.047
2022,02,전라북도,김제시,죽산면,죽산리,원평천2,4.5,8.5,13.2,3.5,10.5,49.0,5.653,0.109
2022,02,전라북도,정읍시,공평동,,정읍천3,3.5,8.1,11.6,2.2,3.7,6.0,3.092,0.030
2022,02,전라북도,정읍시,송산동,,정읍천1,4.4,8.0,12.7,0.3,1.8,1.0,1.944,0.012
2022,02,전라북도,정읍시,연지동,,정읍천2,6.6,8.1,13.4,1.8,4.8,3.9,3.930,0.022
2022,02,전라북도,정읍시,이평면,하송리,정읍천4,4.6,7.7,13.6,3.5,9.7,20.5,7.623,0.077
2022,02,전라북도,정읍시,하모동,,천원천,2.9,8.0,12.7,2.1,3.9,4.8,3.019,0.026
2022,02,전라북도,김제시,백구면,마산리,마산천,1.1,8.4,13.9,3.3,5.7,17.2,8.431,0.161
2022,02,전라북도,완주군,삼례읍,,삼례,5.7,7.9,12.7,2.4,11.0,7.4,12.420,0.052
2022,02,전라북도,익산시,춘포면,인수리,익산천1,0.3,8.1,15.3,1.7,4.1,9.1,4.861,0.110
2022,02,전라북도,익산시,춘포면,인수리,익산천2,1.1,8.0,14.5,1.7,4.5,8.7,4.945,0.116
2022,02,전라북도,군산시,대야면,광교리,탑천,3.9,8.0,12.9,2.3,7.4,15.0,5.452,0.113
2022,02,전라북도,김제시,백구면,백구리,김제,4.6,8.0,13.4,4.4,10.9,12.3,14.314,0.099
2022,02,전라북도,김제시,백구면,월봉리,용암천,1.5,8.3,13.7,5.6,11.1,29.2,16.393,0.193
2022,02,전라북도,전주시완산구,서신동,,삼천3,3.1,7.7,12.3,2.7,3.7,2.8,2.916,0.103
2022,02,전라북도,전주시완산구,평화동3가,,삼천1,6.0,7.2,12.9,2.2,2.4,2.7,3.241,0.041
2022,02,전라북도,전주시완산구,효자동2가,,삼천2,3.1,7.3,12.0,2.6,3.9,7.3,3.485,0.097
2022,02,전라북도,완주군,소양면,황운리,소양천1,2.9,8.1,12.9,0.2,1.5,1.0,2.102,0.007
2022,02,전라북도,완주군,용진읍,상운리,소양천2,3.2,8.0,13.6,0.8,2.6,1.1,5.810,0.044
2022,02,전라북도,익산시,춘포면,용연리,익산천3,1.1,8.1,14.0,1.9,4.7,6.4,4.516,0.088
2022,02,전라북도,전주시덕진구,고랑동,,전주천7,11.0,7.5,10.6,3.9,15.1,6.9,20.626,0.082
2022,02,전라북도,전주시덕진구,전미동1가,,전주,2.9,8.7,16.5,6.3,8.4,14.5,2.443,0.329
2022,02,전라북도,전주시완산구,대성동,,전주천1,2.9,7.8,12.5,0.9,1.3,0.7,3.276,0.004
2022,02,전라북도,완주군,고산면,읍내리,고산,1.6,8.4,15.0,0.8,3.0,0.8,1.804,0.007
2022,02,전라북도,무주군,무주읍,대차리,무주남대천2,4.8,8.2,14.4,1.0,3.5,0.8,3.342,0.012
2022,02,전라북도,무주군,무주읍,읍내리,무주남대천1,3.6,8.4,13.8,0.8,3.0,1.2,3.171,0.003
2022,02,전라북도,무주군,무주읍,읍내리,무주남대천3,2.3,7.6,14.4,1.5,3.6,1.0,2.986,0.017
2022,02,전라북도,부안군,상서면,청림리,백천내,4.2,6.6,11.6,0.6,2.2,0.6,1.760,0.006
2022,02,전라북도,무주군,안성면,진도리,구량천,1.5,7.9,14.7,1.0,3.1,1.3,3.019,0.006
2022,02,전라북도,진안군,정천면,월평리,정자천,2.3,8.4,14.2,0.4,2.0,0.4,2.058,0.004
2022,02,전라북도,진안군,진안읍,운산리,진안천,2.3,7.6,12.8,2.7,3.2,2.7,3.519,0.051
2022,02,전라북도,진안군,진안읍,가막리,가막,3.4,8.2,13.5,0.9,3.3,1.4,4.332,0.009
2022,02,전라북도,무주군,무주읍,용포리,용포,4.0,8.2,13.4,0.4,3.0,0.5,1.297,0.004
2022,02,전라북도,진안군,용담면,송풍리,용담,3.9,8.1,13.1,0.3,3.2,1.0,1.145,0.006
2022,02,전라북도,남원시,운봉읍,,람천2,4.3,9.1,13.8,1.3,2.9,2.0,2.725,0.009
2022,02,전라북도,남원시,인월면,중군리,람천1,3.8,9.1,15.4,1.5,3.8,2.5,4.095,0.018
2022,02,전라북도,임실군,관촌면,방수리,관촌,2.4,7.4,14.5,1.4,2.5,1.1,2.106,0.013
2022,02,전라북도,임실군,운암면,학암리,운암,2.7,8.2,13.6,1.9,3.2,1.2,2.101,0.009
2022,02,전라북도,정읍시,산내면,매죽리,추령천,3.3,7.3,13.7,1.4,2.7,4.3,3.360,0.011
2022,02,전라북도,임실군,강진면,용수리,임실,4.8,7.3,13.5,2.0,3.2,1.4,1.340,0.010
2022,02,전라북도,순창군,동계면,구미리,동계,5.1,8.3,12.6,0.9,4.0,1.0,1.333,0.004
2022,02,전라북도,순창군,구림면,안정리,치천,2.2,7.3,12.1,0.8,2.4,1.3,2.177,0.011
2022,02,전라북도,남원시,대강면,풍산리,수홍천,2.9,7.1,11.3,0.5,1.9,1.0,2.955,0.015
2022,02,전라북도,순창군,유등면,유촌리,옥택천,4.1,7.1,12.0,0.7,2.6,2.1,2.249,0.020
2022,02,전라북도,순창군,적성면,고원리,적성,3.2,8.3,13.2,1.0,3.7,0.6,1.581,0.009
2022,02,전라북도,남원시,금지면,귀석리,남원,5.5,8.0,12.7,1.1,3.4,1.2,1.852,0.006
2022,02,전라북도,남원시,대강면,월탄리,대강,3.3,7.1,14.6,2.4,3.6,1.6,1.694,0.016
2022,02,전라북도,장수군,산서면,사상리,오수천1,5.2,7.5,14.3,0.8,2.2,3.0,2.482,0.027
2022,02,전라북도,남원시,덕과면,사율리,율천,5.7,7.4,13.6,0.9,2.6,3.7,2.123,0.064
2022,02,전라북도,남원시,사매면,서도리,월평천,6.0,7.4,14.5,2.3,4.5,2.4,3.429,0.047
2022,02,전라북도,순창군,동계면,서호리,오수천2,4.7,7.8,15.6,1.8,3.1,3.5,2.283,0.021
2022,02,전라북도,임실군,삼계면,후천리,후곡천,3.5,7.6,14.8,0.8,2.7,1.0,1.610,0.017
2022,02,전라북도,남원시,산동면,월석리,요천1,3.1,6.4,14.8,1.8,3.3,18.0,2.449,0.017
2022,02,전라북도,남원시,금지면,창산리,요천2,6.1,7.8,12.2,1.6,4.4,7.0,5.846,0.014
2022,02,전라북도,남원시,송동면,세전리,요천3,5.3,7.8,14.0,2.0,4.1,3.4,5.791,0.031
2022,02,전라북도,고창군,아산면,구암리,주진천1,3.1,8.2,14.0,2.3,5.8,9.2,7.529,0.041
2022,02,전라북도,고창군,아산면,반암리,주진천2,3.1,8.4,14.1,2.1,6.1,7.3,6.722,0.079
2022,03,전라북도,익산시,성당면,부곡리,산북천,12.2,7.7,11.0,9.4,14.9,65.1,8.355,0.570
2022,03,전라북도,익산시,망성면,무형리,마산천,14.2,8.3,7.1,7.3,14.6,8.5,7.284,0.681
2022,03,전라북도,부안군,동진면,하장리,고부천2,7.0,7.7,11.8,4.2,10.6,51.2,2.866,0.100
2022,03,전라북도,부안군,동진면,하장리,고부천3,11.2,8.3,12.6,5.6,10.6,19.8,4.138,0.081
2022,03,전라북도,정읍시,영원면,앵성리,고부천1,9.6,7.8,11.9,3.6,9.5,106.4,5.098,0.112
2022,03,전라북도,김제시,부량면,옥정리,동진강3,10.5,7.8,12.3,3.6,7.9,13.7,4.062,0.068
2022,03,전라북도,정읍시,신태인읍,,동진강2,12.3,7.8,9.4,1.2,5.2,14.4,2.286,0.050
2022,03,전라북도,정읍시,신태인읍,구석리,용호천,5.8,7.1,10.9,3.4,8.3,49.5,3.864,0.100
2022,03,전라북도,정읍시,옹동면,산성리,동진강1,11.0,8.2,10.5,0.5,3.4,1.5,1.611,0.019
2022,03,전라북도,김제시,성덕면,남포리,신평천,12.4,7.8,10.2,3.4,11.7,26.8,7.655,0.153
2022,03,전라북도,김제시,죽산면,대창리,원평천3,11.7,9.1,15.5,7.7,13.7,40.2,5.818,0.112
2022,03,전라북도,김제시,봉남면,용신리,원평천1,11.9,7.8,10.3,5.2,10.5,30.0,3.227,0.052
2022,03,전라북도,김제시,죽산면,죽산리,원평천2,11.6,8.2,11.2,4.4,13.9,39.9,5.945,0.110
2022,03,전라북도,정읍시,공평동,,정읍천3,9.2,8.2,11.9,2.6,6.7,10.0,2.144,0.037
2022,03,전라북도,정읍시,송산동,,정읍천1,9.1,8.3,11.9,0.3,2.7,1.4,1.705,0.014
2022,03,전라북도,정읍시,연지동,,정읍천2,10.8,8.8,13.1,2.0,7.2,6.8,2.608,0.034
2022,03,전라북도,정읍시,이평면,하송리,정읍천4,14.1,7.5,10.0,3.9,9.9,24.8,6.284,0.088
2022,03,전라북도,정읍시,하모동,,천원천,9.1,8.2,12.1,2.6,6.5,5.2,2.520,0.065
2022,03,전라북도,김제시,백구면,마산리,마산천,9.8,8.3,13.8,8.7,12.7,38.7,6.702,0.146
2022,03,전라북도,완주군,삼례읍,,삼례,9.8,7.4,10.6,2.4,6.3,9.0,3.356,0.062
2022,03,전라북도,익산시,춘포면,인수리,익산천1,8.0,7.7,11.6,2.3,8.7,28.7,4.663,0.135
2022,03,전라북도,익산시,춘포면,인수리,익산천2,8.5,7.8,11.9,2.4,9.4,19.5,4.928,0.145
2022,03,전라북도,군산시,대야면,광교리,탑천,11.3,7.8,9.8,4.5,11.0,25.7,6.449,0.139
2022,03,전라북도,김제시,백구면,백구리,김제,11.7,7.9,11.1,5.3,10.5,20.1,8.261,0.102
2022,03,전라북도,김제시,백구면,월봉리,용암천,7.5,7.4,11.9,15.0,16.9,32.2,16.994,0.164
2022,03,전라북도,전주시완산구,서신동,,삼천3,8.4,7.6,12.0,4.3,10.0,12.6,3.719,0.057
2022,03,전라북도,전주시완산구,평화동3가,,삼천1,8.8,7.9,12.4,0.9,3.2,5.0,2.583,0.026
2022,03,전라북도,전주시완산구,효자동2가,,삼천2,7.9,7.9,12.4,3.7,8.0,49.6,3.092,0.059
2022,03,전라북도,완주군,소양면,황운리,소양천1,11.4,8.1,12.5,0.4,1.9,1.0,1.260,0.016
2022,03,전라북도,완주군,용진읍,상운리,소양천2,10.3,8.6,12.5,2.4,5.4,6.6,4.342,0.038
2022,03,전라북도,익산시,춘포면,용연리,익산천3,7.7,7.6,11.3,2.4,9.7,18.7,5.105,0.149
2022,03,전라북도,전주시덕진구,고랑동,,전주천7,14.8,7.1,9.1,3.7,12.5,6.7,12.227,0.084
2022,03,전라북도,전주시덕진구,전미동1가,,전주,11.5,8.1,11.9,3.2,6.0,12.8,2.123,0.186
2022,03,전라북도,전주시완산구,대성동,,전주천1,6.6,7.5,12.2,0.1,1.0,0.6,2.289,0.006
2022,03,전라북도,완주군,고산면,읍내리,고산,6.8,7.5,11.8,0.5,2.9,0.6,2.691,0.015
2022,03,전라북도,무주군,무주읍,대차리,무주남대천2,10.4,8.7,10.1,1.4,3.7,1.6,3.059,0.016
2022,03,전라북도,무주군,무주읍,읍내리,무주남대천1,11.2,8.7,11.5,1.1,3.0,0.5,3.036,0.000
2022,03,전라북도,무주군,무주읍,읍내리,무주남대천3,10.0,7.7,13.4,2.0,3.9,2.4,2.806,0.024
2022,03,전라북도,부안군,상서면,청림리,백천내,9.0,6.9,11.3,0.7,2.0,0.1,2.101,0.008
2022,03,전라북도,무주군,안성면,진도리,구량천,8.0,8.1,12.6,1.2,3.7,2.4,2.693,0.018
2022,03,전라북도,진안군,정천면,월평리,정자천,8.3,8.2,11.9,0.7,2.5,1.4,2.086,0.010
2022,03,전라북도,진안군,진안읍,운산리,진안천,2.7,8.3,12.4,2.7,3.2,2.8,3.109,0.047
2022,03,전라북도,진안군,진안읍,가막리,가막,8.9,8.3,11.7,2.0,4.6,5.1,3.806,0.032
2022,03,전라북도,무주군,무주읍,용포리,용포,9.5,8.1,9.9,0.5,3.5,0.4,1.209,0.003
2022,03,전라북도,진안군,용담면,송풍리,용담,6.6,8.2,12.3,0.7,3.3,1.6,1.185,0.009
2022,03,전라북도,남원시,운봉읍,,람천2,6.9,8.4,12.3,0.9,2.1,1.2,2.345,0.016
2022,03,전라북도,남원시,인월면,중군리,람천1,7.6,8.3,12.1,1.3,4.9,2.5,4.150,0.055
2022,03,전라북도,임실군,관촌면,방수리,관촌,8.6,7.1,12.1,1.7,2.9,2.6,2.407,0.016
2022,03,전라북도,임실군,운암면,학암리,운암,11.1,8.2,10.2,1.3,3.9,6.2,2.250,0.013
2022,03,전라북도,정읍시,산내면,매죽리,추령천,10.6,7.4,12.4,2.2,3.5,2.5,3.149,0.021
2022,03,전라북도,임실군,강진면,용수리,임실,7.4,7.0,12.1,1.5,3.8,1.5,1.391,0.012
2022,03,전라북도,순창군,동계면,구미리,동계,12.5,8.1,9.6,0.9,4.5,2.7,1.349,0.019
2022,03,전라북도,순창군,구림면,안정리,치천,9.1,7.1,13.3,1.2,3.1,1.3,2.144,0.014
2022,03,전라북도,남원시,대강면,풍산리,수홍천,8.9,7.0,13.3,0.7,2.5,1.1,2.396,0.018
2022,03,전라북도,순창군,유등면,유촌리,옥택천,10.1,7.0,13.5,1.1,3.3,4.4,1.958,0.032
2022,03,전라북도,순창군,적성면,고원리,적성,9.4,8.3,10.8,1.2,4.4,1.6,1.622,0.061
2022,03,전라북도,남원시,금지면,귀석리,남원,13.6,7.8,9.7,1.4,6.4,13.5,1.637,0.025
2022,03,전라북도,남원시,대강면,월탄리,대강,10.1,7.3,12.2,2.4,4.6,3.7,2.091,0.028
2022,03,전라북도,장수군,산서면,사상리,오수천1,9.0,7.6,13.4,1.3,3.3,4.0,2.304,0.031
2022,03,전라북도,남원시,덕과면,사율리,율천,10.4,7.5,12.6,1.5,3.9,6.9,2.003,0.082
2022,03,전라북도,남원시,사매면,서도리,월평천,10.6,7.4,13.0,3.1,5.1,4.0,2.794,0.070
2022,03,전라북도,순창군,동계면,서호리,오수천2,12.0,8.0,13.0,2.9,5.1,3.7,2.322,0.034
2022,03,전라북도,임실군,삼계면,후천리,후곡천,10.4,7.6,13.4,1.3,3.8,1.4,1.808,0.026
2022,03,전라북도,남원시,산동면,월석리,요천1,9.2,7.0,12.4,1.5,2.8,1.6,2.478,0.017
2022,03,전라북도,남원시,금지면,창산리,요천2,14.0,7.6,9.5,3.4,8.8,22.3,4.740,0.034
2022,03,전라북도,남원시,송동면,세전리,요천3,11.4,7.6,11.5,3.6,5.2,5.8,4.578,0.041
2022,03,전라북도,고창군,아산면,구암리,주진천1,12.4,8.1,10.9,3.1,7.5,14.4,5.887,0.092
2022,03,전라북도,고창군,아산면,반암리,주진천2,13.3,8.0,9.9,3.2,7.7,19.8,5.829,0.060
2022,04,전라북도,익산시,성당면,부곡리,산북천,19.7,8.7,10.3,13.2,15.7,21.8,5.853,0.203
2022,04,전라북도,익산시,망성면,무형리,마산천,19.3,8.3,11.4,3.6,8.3,48.4,3.864,0.220
2022,04,전라북도,부안군,동진면,하장리,고부천2,12.7,7.9,10.6,4.0,9.4,16.0,5.383,0.157
2022,04,전라북도,부안군,동진면,하장리,고부천3,17.2,8.6,11.3,5.6,10.3,10.0,3.553,0.050
2022,04,전라북도,정읍시,영원면,앵성리,고부천1,14.3,8.3,11.3,4.0,11.1,31.6,9.653,0.186
2022,04,전라북도,김제시,부량면,옥정리,동진강3,16.8,8.2,10.5,4.0,9.1,12.7,2.918,0.056
2022,04,전라북도,정읍시,신태인읍,,동진강2,13.7,7.9,10.2,1.4,4.7,13.8,2.251,0.015
2022,04,전라북도,정읍시,신태인읍,구석리,용호천,12.0,6.8,9.6,1.7,6.3,9.3,2.244,0.040
2022,04,전라북도,정읍시,옹동면,산성리,동진강1,11.3,8.2,10.9,0.6,2.7,1.3,1.750,0.007
2022,04,전라북도,김제시,성덕면,남포리,신평천,13.4,8.6,12.4,6.7,15.0,18.4,10.808,0.055
2022,04,전라북도,김제시,죽산면,대창리,원평천3,17.0,8.3,10.8,4.6,11.1,8.4,5.697,0.064
2022,04,전라북도,김제시,봉남면,용신리,원평천1,14.4,8.1,10.7,2.8,7.2,22.1,1.842,0.013
2022,04,전라북도,김제시,죽산면,죽산리,원평천2,13.1,8.5,11.6,5.3,10.8,11.0,8.047,0.047
2022,04,전라북도,정읍시,공평동,,정읍천3,13.4,8.1,10.9,1.4,4.5,6.0,2.737,0.035
2022,04,전라북도,정읍시,송산동,,정읍천1,12.3,8.1,11.4,0.4,3.1,1.5,1.872,0.005
2022,04,전라북도,정읍시,연지동,,정읍천2,13.7,9.2,13.9,0.7,3.4,1.3,2.386,0.007
2022,04,전라북도,정읍시,이평면,하송리,정읍천4,17.0,7.7,9.4,3.6,10.0,26.6,3.753,0.077
2022,04,전라북도,정읍시,하모동,,천원천,13.0,7.9,11.6,1.4,4.8,7.7,3.146,0.018
2022,04,전라북도,김제시,백구면,마산리,마산천,15.5,8.7,12.2,5.6,12.3,56.5,8.502,0.348
2022,04,전라북도,완주군,삼례읍,,삼례,18.9,7.9,9.7,5.4,9.5,8.3,7.292,0.022
2022,04,전라북도,익산시,춘포면,인수리,익산천1,18.5,8.1,10.2,2.3,7.7,30.8,2.719,0.076
2022,04,전라북도,익산시,춘포면,인수리,익산천2,19.8,8.0,10.4,2.6,9.0,36.5,2.870,0.091
2022,04,전라북도,군산시,대야면,광교리,탑천,18.0,7.8,8.4,6.1,12.9,11.3,5.455,0.102
2022,04,전라북도,김제시,백구면,백구리,김제,18.4,7.9,10.8,5.5,11.1,21.0,5.895,0.101
2022,04,전라북도,김제시,백구면,월봉리,용암천,14.5,8.7,13.1,28.7,20.1,20.0,15.460,0.359
2022,04,전라북도,전주시완산구,서신동,,삼천3,12.9,8.4,10.9,1.8,4.1,4.8,1.918,0.018
2022,04,전라북도,전주시완산구,평화동3가,,삼천1,13.9,8.4,12.0,1.0,3.6,3.6,1.896,0.009
2022,04,전라북도,전주시완산구,효자동2가,,삼천2,14.2,8.4,12.6,1.3,4.1,7.8,1.877,0.005
2022,04,전라북도,완주군,소양면,황운리,소양천1,12.9,8.9,10.3,0.5,2.2,1.9,3.757,0.003
2022,04,전라북도,완주군,용진읍,상운리,소양천2,14.5,9.1,10.6,1.2,3.4,3.2,3.802,0.010
2022,04,전라북도,익산시,춘포면,용연리,익산천3,18.6,7.8,8.8,2.4,9.3,31.5,2.496,0.060
2022,04,전라북도,전주시덕진구,고랑동,,전주천7,18.9,7.2,9.0,4.7,12.5,6.3,10.910,0.091
2022,04,전라북도,전주시덕진구,전미동1가,,전주,18.6,7.7,10.2,2.0,5.9,7.4,1.654,0.129
2022,04,전라북도,전주시완산구,대성동,,전주천1,12.5,6.8,11.8,0.5,1.7,0.5,3.399,0.004
2022,04,전라북도,완주군,고산면,읍내리,고산,12.0,8.3,10.3,0.8,3.6,1.5,2.080,0.004
2022,04,전라북도,무주군,무주읍,대차리,무주남대천2,16.6,9.0,12.0,1.2,3.4,2.4,2.374,0.009
2022,04,전라북도,무주군,무주읍,읍내리,무주남대천1,14.4,8.8,10.9,1.0,2.5,1.0,2.240,0.000
2022,04,전라북도,무주군,무주읍,읍내리,무주남대천3,17.1,8.3,12.4,1.5,4.2,4.2,1.478,0.023
2022,04,전라북도,부안군,상서면,청림리,백천내,12.1,6.4,10.5,0.7,2.4,0.8,2.946,0.008
2022,04,전라북도,무주군,안성면,진도리,구량천,15.0,8.2,11.9,1.1,4.1,7.0,2.206,0.028
2022,04,전라북도,진안군,정천면,월평리,정자천,15.2,7.9,10.3,0.5,3.2,5.8,2.039,0.015
2022,04,전라북도,진안군,진안읍,운산리,진안천,13.7,8.7,11.5,2.1,3.2,2.7,2.814,0.041
2022,04,전라북도,진안군,진안읍,가막리,가막,16.8,8.2,10.6,1.9,5.4,6.0,2.646,0.048
2022,04,전라북도,무주군,무주읍,용포리,용포,11.8,8.0,10.7,0.9,3.5,1.1,1.442,0.003
2022,04,전라북도,진안군,용담면,송풍리,용담,12.5,7.6,10.7,1.0,4.2,3.5,1.239,0.011
2022,04,전라북도,남원시,운봉읍,,람천2,17.1,8.9,9.5,0.9,2.4,1.3,1.048,0.011
2022,04,전라북도,남원시,인월면,중군리,람천1,18.9,8.6,11.1,1.8,5.9,6.1,1.939,0.022
2022,04,전라북도,임실군,관촌면,방수리,관촌,15.4,7.1,10.2,2.8,3.3,3.8,1.796,0.023
2022,04,전라북도,임실군,운암면,학암리,운암,13.0,8.2,10.6,0.9,3.2,4.1,2.596,0.009
2022,04,전라북도,정읍시,산내면,매죽리,추령천,16.6,7.7,10.6,3.1,3.4,3.5,4.062,0.027
2022,04,전라북도,임실군,강진면,용수리,임실,14.4,7.3,10.5,2.4,3.9,2.9,1.612,0.016
2022,04,전라북도,순창군,동계면,구미리,동계,15.4,8.2,10.0,1.0,3.8,4.4,1.532,0.008
2022,04,전라북도,순창군,구림면,안정리,치천,14.3,7.3,12.2,1.4,3.2,3.2,2.225,0.022
2022,04,전라북도,남원시,대강면,풍산리,수홍천,12.9,7.3,10.7,1.3,3.2,2.2,1.594,0.026
2022,04,전라북도,순창군,유등면,유촌리,옥택천,14.6,7.3,12.5,1.7,4.3,13.0,1.586,0.058
2022,04,전라북도,순창군,적성면,고원리,적성,16.6,8.1,9.4,1.0,3.9,3.0,1.586,0.012
2022,04,전라북도,남원시,금지면,귀석리,남원,18.2,8.2,9.8,1.5,6.4,7.5,1.275,0.016
2022,04,전라북도,남원시,대강면,월탄리,대강,18.8,7.9,10.9,3.7,4.7,6.8,1.329,0.037
2022,04,전라북도,장수군,산서면,사상리,오수천1,14.7,7.7,10.8,2.7,5.3,12.4,2.088,0.085
2022,04,전라북도,남원시,덕과면,사율리,율천,15.9,7.6,10.3,2.4,4.3,9.0,1.277,0.082
2022,04,전라북도,남원시,사매면,서도리,월평천,15.8,7.6,12.8,3.2,6.4,4.2,1.693,0.096
2022,04,전라북도,순창군,동계면,서호리,오수천2,20.0,8.4,11.3,4.0,5.0,6.7,1.192,0.042
2022,04,전라북도,임실군,삼계면,후천리,후곡천,15.7,7.6,11.2,2.0,4.6,3.1,1.553,0.044
2022,04,전라북도,남원시,산동면,월석리,요천1,15.8,6.8,10.2,2.4,3.0,4.8,2.203,0.020
2022,04,전라북도,남원시,금지면,창산리,요천2,16.3,8.2,9.6,1.9,6.5,19.4,3.788,0.026
2022,04,전라북도,남원시,송동면,세전리,요천3,20.4,8.6,10.4,4.2,5.8,7.3,2.812,0.055
2022,04,전라북도,고창군,아산면,구암리,주진천1,12.4,8.6,12.4,3.9,7.7,22.8,3.732,0.033
2022,04,전라북도,고창군,아산면,반암리,주진천2,12.5,8.5,11.2,3.2,7.2,18.7,3.486,0.023
2022,05,전라북도,익산시,성당면,부곡리,산북천,21.6,7.8,9.2,6.3,11.1,25.0,3.013,0.102
2022,05,전라북도,익산시,망성면,무형리,마산천,21.1,8.2,7.5,4.6,9.7,49.8,2.506,0.197
2022,05,전라북도,부안군,동진면,하장리,고부천2,19.2,9.0,12.7,6.1,12.4,14.7,3.422,0.108
2022,05,전라북도,부안군,동진면,하장리,고부천3,20.2,7.7,9.9,3.4,10.2,13.4,2.250,0.051
2022,05,전라북도,정읍시,영원면,앵성리,고부천1,18.1,8.8,10.8,4.7,11.6,23.0,2.276,0.085
2022,05,전라북도,김제시,부량면,옥정리,동진강3,19.8,7.7,9.2,3.8,10.3,21.0,2.421,0.066
2022,05,전라북도,정읍시,신태인읍,,동진강2,19.3,7.1,8.7,2.6,7.8,32.2,2.008,0.061
2022,05,전라북도,정읍시,신태인읍,구석리,용호천,16.3,7.5,7.6,1.5,8.7,10.6,2.052,0.117
2022,05,전라북도,정읍시,옹동면,산성리,동진강1,12.6,7.2,10.7,1.0,3.6,4.6,1.506,0.009
2022,05,전라북도,김제시,성덕면,남포리,신평천,20.8,9.2,11.8,4.4,9.0,20.5,2.009,0.033
2022,05,전라북도,김제시,죽산면,대창리,원평천3,19.4,7.7,8.9,1.6,8.6,8.2,2.660,0.043
2022,05,전라북도,김제시,봉남면,용신리,원평천1,23.0,9.1,11.9,6.6,14.9,23.7,1.214,0.033
2022,05,전라북도,김제시,죽산면,죽산리,원평천2,21.8,8.6,10.3,2.3,8.3,5.6,2.840,0.027
2022,05,전라북도,정읍시,공평동,,정읍천3,19.1,8.5,9.9,1.3,5.5,6.3,1.490,0.050
2022,05,전라북도,정읍시,송산동,,정읍천1,15.8,8.0,10.1,0.8,3.3,1.3,1.081,0.011
2022,05,전라북도,정읍시,연지동,,정읍천2,18.6,8.7,12.7,0.9,4.7,5.0,1.458,0.023
2022,05,전라북도,정읍시,이평면,하송리,정읍천4,17.3,7.6,9.3,3.0,10.0,37.4,2.741,0.102
2022,05,전라북도,정읍시,하모동,,천원천,19.2,8.0,11.0,1.6,8.0,14.3,2.090,0.083
2022,05,전라북도,김제시,백구면,마산리,마산천,19.7,9.5,10.6,11.9,13.0,21.7,3.710,0.167
2022,05,전라북도,완주군,삼례읍,,삼례,20.1,7.3,7.3,4.7,10.5,6.6,7.903,0.067
2022,05,전라북도,익산시,춘포면,인수리,익산천1,21.0,7.8,8.9,4.1,10.7,32.4,3.177,0.100
2022,05,전라북도,익산시,춘포면,인수리,익산천2,20.2,7.7,9.5,3.3,9.6,28.1,3.154,0.083
2022,05,전라북도,군산시,대야면,광교리,탑천,21.3,7.5,7.2,4.1,11.8,18.3,2.438,0.075
2022,05,전라북도,김제시,백구면,백구리,김제,21.4,8.1,9.9,5.1,12.0,19.1,4.326,0.062
2022,05,전라북도,김제시,백구면,월봉리,용암천,18.6,8.6,12.5,18.3,18.8,25.2,9.901,0.233
2022,05,전라북도,전주시완산구,서신동,,삼천3,17.7,7.8,8.7,3.3,5.4,9.6,1.699,0.069
2022,05,전라북도,전주시완산구,평화동3가,,삼천1,19.4,7.8,11.4,2.3,3.5,6.3,1.670,0.041
2022,05,전라북도,전주시완산구,효자동2가,,삼천2,19.4,7.9,10.9,2.7,4.6,8.4,1.535,0.059
2022,05,전라북도,완주군,소양면,황운리,소양천1,16.1,8.9,12.9,1.5,2.3,2.9,2.569,0.017
2022,05,전라북도,완주군,용진읍,상운리,소양천2,16.9,9.1,13.4,1.9,3.6,2.3,2.740,0.024
2022,05,전라북도,익산시,춘포면,용연리,익산천3,20.3,7.9,9.7,4.6,6.8,14.4,2.782,0.057
2022,05,전라북도,전주시덕진구,고랑동,,전주천7,21.2,7.5,9.2,4.1,13.9,4.5,13.178,0.071
2022,05,전라북도,전주시덕진구,전미동1가,,전주,21.7,8.7,11.7,5.2,9.8,14.0,0.651,0.453
2022,05,전라북도,전주시완산구,대성동,,전주천1,16.0,7.7,10.4,1.4,1.7,0.5,2.158,0.000
2022,05,전라북도,완주군,고산면,읍내리,고산,13.9,7.9,10.1,1.2,3.5,1.9,1.635,0.006
2022,05,전라북도,무주군,무주읍,대차리,무주남대천2,18.2,9.1,10.3,1.0,3.5,4.2,1.735,0.005
2022,05,전라북도,무주군,무주읍,읍내리,무주남대천1,17.0,8.7,10.5,0.7,2.9,2.1,1.591,0.003
2022,05,전라북도,무주군,무주읍,읍내리,무주남대천3,21.1,8.3,12.5,1.5,4.6,7.8,1.161,0.027
2022,05,전라북도,부안군,상서면,청림리,백천내,17.0,7.0,10.3,0.9,3.0,1.0,1.562,0.004
2022,05,전라북도,무주군,안성면,진도리,구량천,19.0,8.0,11.4,1.3,5.1,4.1,2.121,0.029
2022,05,전라북도,진안군,정천면,월평리,정자천,19.5,7.9,9.5,0.8,3.4,5.9,2.053,0.020
2022,05,전라북도,진안군,진안읍,운산리,진안천,14.2,7.4,8.7,2.3,3.3,1.7,2.715,0.037
2022,05,전라북도,진안군,진안읍,가막리,가막,20.2,8.4,11.2,1.4,5.6,3.9,2.355,0.041
2022,05,전라북도,무주군,무주읍,용포리,용포,15.8,7.2,10.1,0.9,3.9,4.6,1.284,0.004
2022,05,전라북도,진안군,용담면,송풍리,용담,16.5,7.3,10.1,0.8,4.2,3.2,1.258,0.009
2022,05,전라북도,남원시,운봉읍,,람천2,20.5,8.6,9.3,1.2,4.6,4.0,1.651,0.023
2022,05,전라북도,남원시,인월면,중군리,람천1,20.8,7.8,9.6,2.1,8.0,6.2,2.392,0.036
2022,05,전라북도,임실군,관촌면,방수리,관촌,20.5,7.1,9.6,1.8,4.4,4.9,1.492,0.041
2022,05,전라북도,임실군,운암면,학암리,운암,17.1,7.4,9.3,1.5,5.3,6.1,1.233,0.009
2022,05,전라북도,정읍시,산내면,매죽리,추령천,19.9,7.7,10.6,2.7,4.1,6.2,3.569,0.037
2022,05,전라북도,임실군,강진면,용수리,임실,20.4,7.1,8.4,2.0,3.9,3.2,1.518,0.022
2022,05,전라북도,순창군,동계면,구미리,동계,21.1,8.4,10.2,1.1,4.6,5.5,1.290,0.017
2022,05,전라북도,순창군,구림면,안정리,치천,20.7,7.0,10.3,1.3,4.0,3.5,1.982,0.025
2022,05,전라북도,남원시,대강면,풍산리,수홍천,18.4,6.6,9.9,1.8,7.1,5.2,0.960,0.062
2022,05,전라북도,순창군,유등면,유촌리,옥택천,21.4,6.8,9.8,1.6,7.3,10.9,1.729,0.065
2022,05,전라북도,순창군,적성면,고원리,적성,21.5,8.3,10.0,1.5,5.2,4.6,1.127,0.017
2022,05,전라북도,남원시,금지면,귀석리,남원,22.8,8.1,8.9,1.4,5.8,10.5,0.841,0.014
2022,05,전라북도,남원시,대강면,월탄리,대강,22.3,7.4,9.7,3.2,6.3,9.2,1.057,0.052
2022,05,전라북도,장수군,산서면,사상리,오수천1,19.1,7.5,10.5,3.1,8.6,16.2,2.240,0.178
2022,05,전라북도,남원시,덕과면,사율리,율천,19.8,7.2,9.1,1.4,3.4,7.6,0.567,0.055
2022,05,전라북도,남원시,사매면,서도리,월평천,21.1,7.2,12.3,2.5,9.3,16.2,1.698,0.131
2022,05,전라북도,순창군,동계면,서호리,오수천2,25.5,8.6,13.2,3.7,7.0,4.9,0.763,0.051
2022,05,전라북도,임실군,삼계면,후천리,후곡천,21.9,7.3,10.4,1.5,5.7,3.7,1.211,0.060
2022,05,전라북도,남원시,산동면,월석리,요천1,19.0,6.9,9.6,1.6,2.8,3.3,1.741,0.025
2022,05,전라북도,남원시,금지면,창산리,요천2,23.1,8.5,10.9,3.0,8.8,14.4,2.561,0.021
2022,05,전라북도,남원시,송동면,세전리,요천3,24.9,7.8,9.7,4.2,8.1,8.9,1.798,0.075
2022,05,전라북도,고창군,아산면,구암리,주진천1,21.1,8.6,10.8,3.9,9.4,25.1,1.521,0.088
2022,05,전라북도,고창군,아산면,반암리,주진천2,20.8,7.5,8.2,3.1,8.4,27.8,1.303,0.064
2022,06,전라북도,익산시,성당면,부곡리,산북천,24.4,7.8,7.9,5.0,12.8,24.4,2.964,0.086
2022,06,전라북도,익산시,망성면,무형리,마산천,24.6,7.8,6.9,3.6,12.0,14.3,2.670,0.289
2022,06,전라북도,부안군,동진면,하장리,고부천2,23.7,7.9,9.7,8.8,15.9,19.6,3.994,0.144
2022,06,전라북도,부안군,동진면,하장리,고부천3,24.8,7.4,7.9,4.5,13.9,38.0,3.176,0.129
2022,06,전라북도,정읍시,영원면,앵성리,고부천1,24.0,8.2,10.7,7.8,13.7,23.0,3.612,0.092
2022,06,전라북도,김제시,부량면,옥정리,동진강3,24.8,7.5,7.5,3.3,11.0,20.1,2.899,0.082
2022,06,전라북도,정읍시,신태인읍,,동진강2,20.7,7.8,7.5,3.7,11.8,30.6,2.565,0.126
2022,06,전라북도,정읍시,신태인읍,구석리,용호천,21.8,6.7,5.4,2.6,10.8,19.5,2.417,0.127
2022,06,전라북도,정읍시,옹동면,산성리,동진강1,18.5,8.3,9.2,2.2,6.5,4.2,1.573,0.035
2022,06,전라북도,김제시,성덕면,남포리,신평천,26.8,8.3,9.7,4.0,9.4,15.5,1.925,0.080
2022,06,전라북도,김제시,죽산면,대창리,원평천3,24.7,7.7,8.5,4.3,13.1,26.3,3.216,0.091
2022,06,전라북도,김제시,봉남면,용신리,원평천1,23.2,7.5,7.2,3.9,15.1,19.0,2.013,0.094
2022,06,전라북도,김제시,죽산면,죽산리,원평천2,26.2,8.4,9.0,2.7,11.5,16.3,2.302,0.064
2022,06,전라북도,정읍시,공평동,,정읍천3,23.0,7.8,8.9,1.2,7.6,10.4,2.487,0.051
2022,06,전라북도,정읍시,송산동,,정읍천1,21.0,8.0,10.2,0.7,2.9,1.8,0.845,0.013
2022,06,전라북도,정읍시,연지동,,정읍천2,22.5,8.5,11.4,0.9,3.6,2.6,1.660,0.014
2022,06,전라북도,정읍시,이평면,하송리,정읍천4,23.7,7.6,7.8,3.5,9.9,25.7,2.851,0.094
2022,06,전라북도,정읍시,하모동,,천원천,22.6,7.5,9.0,3.2,9.5,8.5,3.398,0.073
2022,06,전라북도,김제시,백구면,마산리,마산천,23.6,8.9,12.6,7.1,14.0,19.7,4.417,0.097
2022,06,전라북도,완주군,삼례읍,,삼례,24.3,7.8,9.9,4.0,11.8,10.5,4.203,0.096
2022,06,전라북도,익산시,춘포면,인수리,익산천1,25.1,7.7,7.2,3.9,16.2,120.2,3.605,0.296
2022,06,전라북도,익산시,춘포면,인수리,익산천2,25.4,7.6,7.7,3.8,16.9,132.6,3.569,0.296
2022,06,전라북도,군산시,대야면,광교리,탑천,25.6,7.7,6.1,4.1,14.1,29.7,2.460,0.072
2022,06,전라북도,김제시,백구면,백구리,김제,25.7,8.3,10.3,5.5,11.2,21.7,3.556,0.068
2022,06,전라북도,김제시,백구면,월봉리,용암천,22.9,7.9,9.0,8.2,20.4,26.3,3.925,0.118
2022,06,전라북도,전주시완산구,서신동,,삼천3,22.7,8.0,8.7,2.1,6.9,9.2,1.697,0.056
2022,06,전라북도,전주시완산구,평화동3가,,삼천1,21.6,7.6,9.2,2.1,5.9,8.0,1.251,0.048
2022,06,전라북도,전주시완산구,효자동2가,,삼천2,23.0,7.8,9.7,2.0,7.0,19.0,1.415,0.046
2022,06,전라북도,완주군,소양면,황운리,소양천1,19.2,8.0,9.3,0.9,3.0,2.4,1.806,0.004
2022,06,전라북도,완주군,용진읍,상운리,소양천2,22.8,8.1,9.6,1.3,5.0,10.4,2.475,0.033
2022,06,전라북도,익산시,춘포면,용연리,익산천3,25.3,7.8,8.1,4.5,14.8,62.8,3.104,0.228
2022,06,전라북도,전주시덕진구,고랑동,,전주천7,24.2,7.1,7.5,3.8,11.2,5.6,9.900,0.073
2022,06,전라북도,전주시덕진구,전미동1가,,전주,25.4,7.8,9.4,3.6,8.5,10.6,1.418,0.327
2022,06,전라북도,전주시완산구,대성동,,전주천1,21.2,7.5,9.7,0.7,2.4,2.8,1.775,0.006
2022,06,전라북도,완주군,고산면,읍내리,고산,19.7,8.0,9.5,1.1,4.3,4.0,1.854,0.025
2022,06,전라북도,무주군,무주읍,대차리,무주남대천2,27.7,9.8,13.2,1.4,5.8,5.9,0.784,0.028
2022,06,전라북도,무주군,무주읍,읍내리,무주남대천1,25.1,9.0,9.3,1.6,4.6,3.1,0.796,0.013
2022,06,전라북도,무주군,무주읍,읍내리,무주남대천3,24.4,7.8,10.2,1.3,4.8,6.9,1.082,0.031
2022,06,전라북도,부안군,상서면,청림리,백천내,17.2,6.6,8.2,0.8,2.0,1.2,2.196,0.011
2022,06,전라북도,무주군,안성면,진도리,구량천,22.9,8.0,9.6,1.2,4.7,6.0,1.750,0.044
2022,06,전라북도,진안군,정천면,월평리,정자천,23.1,8.3,9.7,0.7,3.5,4.5,2.105,0.021
2022,06,전라북도,진안군,진안읍,운산리,진안천,12.7,7.8,10.3,2.8,4.1,1.8,3.216,0.038
2022,06,전라북도,진안군,진안읍,가막리,가막,24.3,8.0,9.6,0.8,5.5,5.1,2.186,0.065
2022,06,전라북도,무주군,무주읍,용포리,용포,22.1,8.9,10.2,1.0,3.8,2.5,1.208,0.014
2022,06,전라북도,진안군,용담면,송풍리,용담,19.6,7.5,9.9,0.5,3.8,2.7,1.229,0.017
2022,06,전라북도,남원시,운봉읍,,람천2,17.8,7.7,9.2,2.6,9.4,14.5,2.625,0.106
2022,06,전라북도,남원시,인월면,중군리,람천1,17.0,7.7,8.9,3.1,11.3,12.2,3.272,0.130
2022,06,전라북도,임실군,관촌면,방수리,관촌,23.1,7.0,8.5,2.1,5.4,7.3,2.159,0.057
2022,06,전라북도,임실군,운암면,학암리,운암,21.1,8.1,8.5,1.6,6.4,6.6,0.548,0.022
2022,06,전라북도,정읍시,산내면,매죽리,추령천,25.2,7.7,9.7,2.1,4.8,5.8,3.090,0.046
2022,06,전라북도,임실군,강진면,용수리,임실,24.5,7.2,7.7,1.4,4.5,4.7,1.343,0.026
2022,06,전라북도,순창군,동계면,구미리,동계,25.3,8.4,8.9,0.6,5.1,6.9,1.389,0.035
2022,06,전라북도,순창군,구림면,안정리,치천,24.2,7.8,8.8,1.1,4.9,4.1,1.720,0.030
2022,06,전라북도,남원시,대강면,풍산리,수홍천,26.1,7.6,7.8,1.7,10.1,5.7,1.374,0.069
2022,06,전라북도,순창군,유등면,유촌리,옥택천,24.3,7.3,7.8,1.4,7.4,9.2,1.425,0.067
2022,06,전라북도,순창군,적성면,고원리,적성,24.7,8.3,8.2,1.9,8.0,7.7,1.502,0.040
2022,06,전라북도,남원시,금지면,귀석리,남원,23.1,7.8,8.2,1.0,8.6,12.8,1.692,0.036
2022,06,전라북도,남원시,대강면,월탄리,대강,26.4,7.3,9.2,2.5,8.0,8.5,1.491,0.077
2022,06,전라북도,장수군,산서면,사상리,오수천1,21.9,7.4,8.3,2.2,10.1,14.5,2.418,0.186
2022,06,전라북도,남원시,덕과면,사율리,율천,24.3,7.2,7.7,1.9,7.7,10.0,1.464,0.107
2022,06,전라북도,남원시,사매면,서도리,월평천,26.0,7.4,12.2,2.5,10.9,6.0,1.686,0.167
2022,06,전라북도,순창군,동계면,서호리,오수천2,25.9,7.7,9.0,2.8,9.2,8.9,1.668,0.102
2022,06,전라북도,임실군,삼계면,후천리,후곡천,26.1,7.2,8.5,1.6,10.1,4.0,1.668,0.127
2022,06,전라북도,남원시,산동면,월석리,요천1,22.3,7.1,8.8,1.6,3.4,5.6,1.520,0.037
2022,06,전라북도,남원시,금지면,창산리,요천2,21.4,7.9,9.3,2.5,10.6,17.5,2.293,0.072
2022,06,전라북도,남원시,송동면,세전리,요천3,26.8,7.6,8.9,3.1,8.6,12.7,1.870,0.114
2022,06,전라북도,고창군,아산면,구암리,주진천1,21.8,7.5,8.0,4.4,11.8,17.2,2.452,0.082
2022,06,전라북도,고창군,아산면,반암리,주진천2,22.0,7.6,9.1,4.5,10.5,71.7,2.374,0.115
2022,07,전라북도,익산시,성당면,부곡리,산북천,28.8,8.0,8.5,5.6,11.7,17.6,2.880,0.101
2022,07,전라북도,익산시,망성면,무형리,마산천,30.5,8.7,10.5,3.7,15.4,25.6,3.263,0.457
2022,07,전라북도,부안군,동진면,하장리,고부천2,29.8,8.0,7.9,2.5,12.1,22.0,2.977,0.126
2022,07,전라북도,부안군,동진면,하장리,고부천3,28.6,7.5,6.8,2.6,11.0,19.6,2.429,0.098
2022,07,전라북도,정읍시,영원면,앵성리,고부천1,30.3,8.0,9.1,3.2,10.9,22.0,2.227,0.092
2022,07,전라북도,김제시,부량면,옥정리,동진강3,27.3,7.8,8.6,3.4,9.3,24.3,2.321,0.096
2022,07,전라북도,정읍시,신태인읍,,동진강2,29.9,8.5,11.0,3.3,8.3,15.0,1.630,0.061
2022,07,전라북도,정읍시,신태인읍,구석리,용호천,27.0,7.9,5.9,2.1,9.6,14.6,1.534,0.175
2022,07,전라북도,정읍시,옹동면,산성리,동진강1,23.5,7.8,8.5,1.4,4.8,5.3,1.591,0.021
2022,07,전라북도,김제시,성덕면,남포리,신평천,29.5,8.0,7.9,2.6,9.1,12.0,2.375,0.072
2022,07,전라북도,김제시,죽산면,대창리,원평천3,28.7,7.8,8.4,2.6,9.8,22.2,2.377,0.078
2022,07,전라북도,김제시,봉남면,용신리,원평천1,31.1,7.8,9.1,5.2,15.9,31.0,1.801,0.155
2022,07,전라북도,김제시,죽산면,죽산리,원평천2,29.7,8.8,9.9,3.6,11.6,21.6,2.031,0.104
2022,07,전라북도,정읍시,공평동,,정읍천3,28.4,7.5,8.4,2.9,9.3,11.4,1.416,0.058
2022,07,전라북도,정읍시,송산동,,정읍천1,25.8,7.8,8.5,1.0,4.0,6.7,0.516,0.022
2022,07,전라북도,정읍시,연지동,,정읍천2,27.5,8.1,11.0,0.9,4.0,3.1,1.887,0.027
2022,07,전라북도,정읍시,이평면,하송리,정읍천4,26.8,7.6,7.7,2.8,9.6,24.6,3.115,0.106
2022,07,전라북도,정읍시,하모동,,천원천,28.3,7.3,7.8,1.9,9.4,7.4,1.656,0.078
2022,07,전라북도,김제시,백구면,마산리,마산천,29.9,9.0,9.0,5.5,16.2,21.7,2.510,0.124
2022,07,전라북도,완주군,삼례읍,,삼례,27.6,7.2,6.6,2.1,9.9,5.1,5.498,0.086
2022,07,전라북도,익산시,춘포면,인수리,익산천1,29.2,7.4,5.4,2.5,13.0,29.0,2.419,0.175
2022,07,전라북도,익산시,춘포면,인수리,익산천2,30.3,7.6,7.6,3.1,14.2,28.8,3.071,0.226
2022,07,전라북도,군산시,대야면,광교리,탑천,29.1,7.7,6.4,3.2,11.1,24.6,2.124,0.074
2022,07,전라북도,김제시,백구면,백구리,김제,28.4,8.1,9.3,4.5,9.6,17.0,3.618,0.096
2022,07,전라북도,김제시,백구면,월봉리,용암천,28.6,8.2,8.6,3.3,13.3,15.8,2.516,0.070
2022,07,전라북도,전주시완산구,서신동,,삼천3,27.6,7.6,6.3,2.0,6.8,9.8,1.126,0.087
2022,07,전라북도,전주시완산구,평화동3가,,삼천1,26.6,7.3,8.3,1.3,5.7,10.9,1.138,0.084
2022,07,전라북도,전주시완산구,효자동2가,,삼천2,27.4,7.8,8.9,1.3,5.8,9.0,1.077,0.070
2022,07,전라북도,완주군,소양면,황운리,소양천1,22.4,7.3,9.3,0.7,2.4,1.2,1.840,0.015
2022,07,전라북도,완주군,용진읍,상운리,소양천2,28.2,8.6,12.9,4.0,7.5,14.2,3.048,0.060
2022,07,전라북도,익산시,춘포면,용연리,익산천3,28.8,8.5,9.6,3.4,10.4,15.3,2.567,0.110
2022,07,전라북도,전주시덕진구,고랑동,,전주천7,26.5,7.2,7.7,5.5,13.3,8.1,9.118,0.078
2022,07,전라북도,전주시덕진구,전미동1가,,전주,28.4,7.6,8.9,2.3,6.4,5.2,1.347,0.234
2022,07,전라북도,전주시완산구,대성동,,전주천1,24.7,7.4,10.0,0.6,2.4,2.7,3.597,0.010
2022,07,전라북도,완주군,고산면,읍내리,고산,23.3,7.5,8.3,0.8,4.0,4.0,2.394,0.032
2022,07,전라북도,무주군,무주읍,대차리,무주남대천2,30.0,8.7,10.0,1.3,5.0,4.9,1.069,0.030
2022,07,전라북도,무주군,무주읍,읍내리,무주남대천1,29.6,8.6,9.2,2.0,4.9,9.1,0.957,0.022
2022,07,전라북도,무주군,무주읍,읍내리,무주남대천3,27.8,7.5,9.1,1.0,4.2,4.9,0.949,0.031
2022,07,전라북도,부안군,상서면,청림리,백천내,23.7,6.7,7.3,0.6,2.0,1.0,2.482,0.009
2022,07,전라북도,무주군,안성면,진도리,구량천,25.1,7.8,8.9,1.1,4.4,8.6,1.748,0.038
2022,07,전라북도,진안군,정천면,월평리,정자천,25.1,8.1,8.7,0.7,3.0,4.4,2.040,0.016
2022,07,전라북도,진안군,진안읍,운산리,진안천,13.8,8.8,9.2,2.7,4.5,0.3,3.051,0.051
2022,07,전라북도,진안군,진안읍,가막리,가막,27.0,8.1,9.2,0.7,5.2,5.2,2.230,0.060
2022,07,전라북도,무주군,무주읍,용포리,용포,27.6,8.2,8.3,1.0,3.8,2.0,1.134,0.005
2022,07,전라북도,진안군,용담면,송풍리,용담,23.1,7.5,8.7,0.7,4.2,2.9,1.287,0.011
2022,07,전라북도,남원시,운봉읍,,람천2,27.1,8.5,8.0,0.9,3.7,2.6,0.773,0.024
2022,07,전라북도,남원시,인월면,중군리,람천1,30.5,8.4,8.9,1.2,6.2,3.0,1.054,0.060
2022,07,전라북도,임실군,관촌면,방수리,관촌,26.5,7.3,8.2,1.6,3.4,4.8,1.755,0.030
2022,07,전라북도,임실군,운암면,학암리,운암,29.1,8.2,8.0,2.3,6.0,9.1,1.664,0.031
2022,07,전라북도,정읍시,산내면,매죽리,추령천,26.1,7.6,8.6,1.3,3.7,4.5,2.852,0.031
2022,07,전라북도,임실군,강진면,용수리,임실,27.1,7.2,7.4,1.6,4.7,5.1,1.332,0.024
2022,07,전라북도,순창군,동계면,구미리,동계,26.5,7.9,7.6,1.0,4.0,4.2,1.908,0.034
2022,07,전라북도,순창군,구림면,안정리,치천,26.2,8.1,8.9,1.0,3.6,3.8,1.530,0.032
2022,07,전라북도,남원시,대강면,풍산리,수홍천,28.7,7.5,7.8,0.9,5.1,3.0,0.860,0.053
2022,07,전라북도,순창군,유등면,유촌리,옥택천,26.7,7.3,7.7,1.0,4.6,4.9,0.934,0.052
2022,07,전라북도,순창군,적성면,고원리,적성,28.0,8.0,7.5,1.6,5.4,5.2,1.409,0.042
2022,07,전라북도,남원시,금지면,귀석리,남원,30.5,8.3,8.2,1.3,6.8,17.7,0.982,0.050
2022,07,전라북도,남원시,대강면,월탄리,대강,29.2,7.8,9.2,1.8,5.4,5.5,1.093,0.065
2022,07,전라북도,장수군,산서면,사상리,오수천1,25.7,7.3,7.8,1.3,6.6,10.3,1.981,0.195
2022,07,전라북도,남원시,덕과면,사율리,율천,28.3,7.2,7.9,1.7,5.9,9.2,0.913,0.100
2022,07,전라북도,남원시,사매면,서도리,월평천,27.5,7.0,12.2,1.3,5.4,4.2,1.289,0.101
2022,07,전라북도,순창군,동계면,서호리,오수천2,28.9,7.8,9.1,1.8,6.0,5.8,1.186,0.097
2022,07,전라북도,임실군,삼계면,후천리,후곡천,29.3,7.2,7.6,1.1,6.4,3.5,1.209,0.119
2022,07,전라북도,남원시,산동면,월석리,요천1,24.3,7.0,8.7,1.3,3.0,2.7,1.328,0.024
2022,07,전라북도,남원시,금지면,창산리,요천2,30.9,8.2,8.8,1.7,6.8,8.1,2.142,0.064
2022,07,전라북도,남원시,송동면,세전리,요천3,29.3,7.5,8.6,2.6,6.3,8.5,1.467,0.092
2022,07,전라북도,고창군,아산면,구암리,주진천1,28.8,8.0,8.6,3.3,10.1,32.5,2.015,0.117
2022,07,전라북도,고창군,아산면,반암리,주진천2,29.2,8.0,6.5,2.6,8.3,27.8,1.203,0.104
2022,08,전라북도,익산시,성당면,부곡리,산북천,28.4,7.7,7.4,4.3,8.2,18.4,2.092,0.088
2022,08,전라북도,익산시,망성면,무형리,마산천,25.5,7.8,6.1,1.9,6.3,14.8,3.780,0.266
2022,08,전라북도,부안군,동진면,하장리,고부천2,27.3,7.7,8.2,2.5,9.5,18.4,1.903,0.124
2022,08,전라북도,부안군,동진면,하장리,고부천3,27.7,7.6,6.5,2.0,7.9,16.3,1.708,0.090
2022,08,전라북도,정읍시,영원면,앵성리,고부천1,29.7,7.3,6.8,2.8,10.2,54.4,2.807,0.142
2022,08,전라북도,김제시,부량면,옥정리,동진강3,26.9,7.9,7.6,2.4,7.5,14.0,1.782,0.069
2022,08,전라북도,정읍시,신태인읍,,동진강2,26.8,7.7,8.3,1.2,5.2,13.0,1.335,0.046
2022,08,전라북도,정읍시,신태인읍,구석리,용호천,25.0,7.4,6.9,2.1,9.0,18.2,1.457,0.156
2022,08,전라북도,정읍시,옹동면,산성리,동진강1,24.6,8.1,8.4,1.3,4.8,5.4,1.575,0.021
2022,08,전라북도,김제시,성덕면,남포리,신평천,28.7,7.5,6.3,1.4,7.2,26.3,2.146,0.165
2022,08,전라북도,김제시,죽산면,대창리,원평천3,28.0,7.8,8.2,2.7,8.3,14.4,1.743,0.071
2022,08,전라북도,김제시,봉남면,용신리,원평천1,29.1,7.7,8.7,3.4,11.6,33.7,1.156,0.097
2022,08,전라북도,김제시,죽산면,죽산리,원평천2,27.6,7.9,6.4,2.1,8.1,35.0,1.931,0.144
2022,08,전라북도,정읍시,공평동,,정읍천3,26.7,7.3,8.4,1.8,7.5,12.8,1.918,0.078
2022,08,전라북도,정읍시,송산동,,정읍천1,25.5,7.8,9.4,0.9,3.6,1.0,0.712,0.029
2022,08,전라북도,정읍시,연지동,,정읍천2,27.6,8.0,9.8,1.0,3.8,3.7,2.024,0.055
2022,08,전라북도,정읍시,이평면,하송리,정읍천4,25.5,7.8,7.7,2.2,7.2,14.1,2.392,0.092
2022,08,전라북도,정읍시,하모동,,천원천,26.0,6.9,7.6,1.8,7.3,7.0,2.282,0.112
2022,08,전라북도,김제시,백구면,마산리,마산천,27.7,7.7,8.4,4.0,7.7,14.8,3.455,0.140
2022,08,전라북도,완주군,삼례읍,,삼례,27.6,7.4,6.4,2.3,8.6,5.2,4.755,0.101
2022,08,전라북도,익산시,춘포면,인수리,익산천1,27.6,7.8,6.0,2.0,13.5,24.6,1.357,0.135
2022,08,전라북도,익산시,춘포면,인수리,익산천2,27.9,7.6,6.7,2.6,15.7,21.6,1.482,0.146
2022,08,전라북도,군산시,대야면,광교리,탑천,27.3,7.8,6.4,2.1,7.9,25.8,2.037,0.075
2022,08,전라북도,김제시,백구면,백구리,김제,27.4,8.0,8.9,3.2,8.3,13.8,4.039,0.068
2022,08,전라북도,김제시,백구면,월봉리,용암천,26.8,8.0,6.6,4.5,10.1,44.0,3.175,0.187
2022,08,전라북도,전주시완산구,서신동,,삼천3,28.3,7.8,7.3,2.1,7.1,9.8,1.013,0.115
2022,08,전라북도,전주시완산구,평화동3가,,삼천1,26.5,7.5,8.4,1.8,5.2,4.8,0.977,0.092
2022,08,전라북도,전주시완산구,효자동2가,,삼천2,27.3,7.6,8.8,1.6,4.9,4.2,0.940,0.086
2022,08,전라북도,완주군,소양면,황운리,소양천1,22.9,7.3,8.9,0.7,2.3,1.6,5.233,0.033
2022,08,전라북도,완주군,용진읍,상운리,소양천2,24.0,7.7,8.4,1.2,2.9,4.6,5.779,0.040
2022,08,전라북도,익산시,춘포면,용연리,익산천3,27.4,7.8,7.1,1.6,9.1,14.6,1.876,0.072
2022,08,전라북도,전주시덕진구,고랑동,,전주천7,26.3,7.3,7.5,3.4,10.3,6.5,7.419,0.085
2022,08,전라북도,전주시덕진구,전미동1가,,전주,26.2,7.5,7.9,1.8,5.3,5.6,2.490,0.146
2022,08,전라북도,전주시완산구,대성동,,전주천1,24.9,7.5,9.8,0.8,1.9,1.9,1.876,0.018
2022,08,전라북도,완주군,고산면,읍내리,고산,23.8,7.9,8.2,1.1,3.7,2.4,2.162,0.015
2022,08,전라북도,무주군,무주읍,대차리,무주남대천2,26.3,8.3,8.4,1.0,3.4,4.3,2.020,0.016
2022,08,전라북도,무주군,무주읍,읍내리,무주남대천1,26.2,8.4,8.3,0.9,3.5,4.8,2.144,0.016
2022,08,전라북도,무주군,무주읍,읍내리,무주남대천3,23.7,7.7,9.9,0.5,3.4,4.1,1.788,0.015
2022,08,전라북도,부안군,상서면,청림리,백천내,25.6,6.6,7.6,0.9,1.4,0.6,2.904,0.017
2022,08,전라북도,무주군,안성면,진도리,구량천,21.6,7.9,9.1,0.5,3.4,4.3,1.552,0.018
2022,08,전라북도,진안군,정천면,월평리,정자천,22.3,8.2,10.3,0.5,2.7,4.4,1.993,0.009
2022,08,전라북도,진안군,진안읍,운산리,진안천,17.2,8.6,8.8,2.1,2.9,1.3,2.116,0.031
2022,08,전라북도,진안군,진안읍,가막리,가막,24.0,7.9,8.9,0.6,4.2,6.0,2.541,0.049
2022,08,전라북도,무주군,무주읍,용포리,용포,27.0,8.2,8.6,0.9,3.2,2.3,1.320,0.011
2022,08,전라북도,진안군,용담면,송풍리,용담,20.9,7.7,9.6,0.6,3.7,2.5,1.358,0.010
2022,08,전라북도,남원시,운봉읍,,람천2,19.4,7.6,8.8,2.2,4.6,5.0,1.141,0.029
2022,08,전라북도,남원시,인월면,중군리,람천1,23.4,7.5,7.8,2.1,7.7,10.5,2.958,0.130
2022,08,전라북도,임실군,관촌면,방수리,관촌,23.1,7.1,8.1,1.4,3.1,3.4,1.982,0.027
2022,08,전라북도,임실군,운암면,학암리,운암,25.8,7.6,8.2,1.0,4.9,9.3,2.198,0.059
2022,08,전라북도,정읍시,산내면,매죽리,추령천,24.6,7.0,8.7,1.4,3.6,2.7,1.931,0.020
2022,08,전라북도,임실군,강진면,용수리,임실,25.9,6.7,8.5,1.7,4.4,3.7,0.955,0.023
2022,08,전라북도,순창군,동계면,구미리,동계,26.2,7.8,8.0,1.2,4.0,3.8,1.402,0.057
2022,08,전라북도,순창군,구림면,안정리,치천,24.6,7.6,8.6,1.0,3.6,3.3,1.331,0.030
2022,08,전라북도,남원시,대강면,풍산리,수홍천,23.9,7.3,8.2,1.0,4.5,5.7,1.251,0.062
2022,08,전라북도,순창군,유등면,유촌리,옥택천,24.3,7.0,7.2,1.1,4.8,6.1,1.125,0.068
2022,08,전라북도,순창군,적성면,고원리,적성,27.5,7.9,7.3,1.5,5.0,11.6,1.299,0.097
2022,08,전라북도,남원시,금지면,귀석리,남원,31.3,8.6,9.0,1.0,5.2,4.0,1.370,0.068
2022,08,전라북도,남원시,대강면,월탄리,대강,27.0,7.4,9.1,1.6,4.9,3.5,0.923,0.053
2022,08,전라북도,장수군,산서면,사상리,오수천1,23.1,7.1,8.6,1.2,4.3,7.5,2.187,0.094
2022,08,전라북도,남원시,덕과면,사율리,율천,26.2,7.0,7.5,1.3,5.0,5.1,1.287,0.128
2022,08,전라북도,남원시,사매면,서도리,월평천,24.7,7.0,9.9,1.4,5.4,3.4,1.889,0.129
2022,08,전라북도,순창군,동계면,서호리,오수천2,26.1,7.6,9.1,1.4,4.5,4.6,1.138,0.076
2022,08,전라북도,임실군,삼계면,후천리,후곡천,25.3,7.1,7.6,1.1,5.3,2.1,1.542,0.093
2022,08,전라북도,남원시,산동면,월석리,요천1,22.3,6.6,8.7,1.3,3.1,2.5,1.785,0.023
2022,08,전라북도,남원시,금지면,창산리,요천2,29.0,8.1,8.0,1.1,5.3,14.1,1.404,0.092
2022,08,전라북도,남원시,송동면,세전리,요천3,26.3,6.9,8.2,1.7,5.2,8.0,1.701,0.075
2022,08,전라북도,고창군,아산면,구암리,주진천1,27.4,7.8,7.9,1.5,6.6,14.9,1.138,0.080
2022,08,전라북도,고창군,아산면,반암리,주진천2,27.8,7.5,5.4,1.6,6.7,37.3,1.090,0.112
2022,09,전라북도,익산시,성당면,부곡리,산북천,23.4,7.9,8.9,3.1,7.3,21.3,2.577,0.082
2022,09,전라북도,익산시,망성면,무형리,마산천,21.9,7.7,7.7,2.5,5.8,6.9,3.443,0.219
2022,09,전라북도,부안군,동진면,하장리,고부천2,24.4,8.1,8.9,2.9,8.3,8.6,2.216,0.085
2022,09,전라북도,부안군,동진면,하장리,고부천3,23.7,7.8,7.7,2.2,8.4,17.9,1.779,0.075
2022,09,전라북도,정읍시,영원면,앵성리,고부천1,24.7,7.9,9.5,2.6,7.3,10.4,1.629,0.035
2022,09,전라북도,김제시,부량면,옥정리,동진강3,24.2,8.4,10.1,3.3,8.2,23.9,2.210,0.057
2022,09,전라북도,정읍시,신태인읍,,동진강2,22.5,7.5,7.6,1.4,6.9,13.5,1.697,0.081
2022,09,전라북도,정읍시,신태인읍,구석리,용호천,22.8,7.4,7.6,1.3,6.6,3.1,2.158,0.128
2022,09,전라북도,정읍시,옹동면,산성리,동진강1,21.1,8.2,8.8,1.3,5.0,4.1,1.672,0.009
2022,09,전라북도,김제시,성덕면,남포리,신평천,24.3,7.5,8.4,1.9,6.4,12.3,1.807,0.050
2022,09,전라북도,김제시,죽산면,대창리,원평천3,24.3,7.7,8.2,2.2,7.8,14.6,2.052,0.072
2022,09,전라북도,김제시,봉남면,용신리,원평천1,23.8,7.8,9.0,2.7,7.9,12.4,2.178,0.044
2022,09,전라북도,김제시,죽산면,죽산리,원평천2,25.4,7.9,8.5,2.3,6.8,20.4,1.476,0.046
2022,09,전라북도,정읍시,공평동,,정읍천3,24.9,7.6,9.3,2.0,5.1,2.7,3.064,0.035
2022,09,전라북도,정읍시,송산동,,정읍천1,24.4,7.9,9.9,1.2,3.1,0.7,1.771,0.023
2022,09,전라북도,정읍시,연지동,,정읍천2,25.2,7.7,10.7,1.5,3.2,2.4,2.839,0.030
2022,09,전라북도,정읍시,이평면,하송리,정읍천4,24.0,7.5,7.8,1.3,6.4,12.3,3.539,0.080
2022,09,전라북도,정읍시,하모동,,천원천,25.8,7.6,8.7,2.1,5.8,5.6,3.890,0.091
2022,09,전라북도,김제시,백구면,마산리,마산천,24.6,8.4,11.6,4.1,9.1,12.8,3.453,0.127
2022,09,전라북도,완주군,삼례읍,,삼례,23.8,7.4,7.7,1.0,4.1,3.8,3.537,0.037
2022,09,전라북도,익산시,춘포면,인수리,익산천1,23.5,7.5,7.6,1.3,5.8,18.2,2.849,0.118
2022,09,전라북도,익산시,춘포면,인수리,익산천2,24.3,7.6,7.6,1.7,6.4,11.2,3.612,0.158
2022,09,전라북도,군산시,대야면,광교리,탑천,23.6,7.8,9.0,2.0,6.9,18.9,1.857,0.047
2022,09,전라북도,김제시,백구면,백구리,김제,25.0,9.0,13.0,4.4,9.2,17.0,4.573,0.053
2022,09,전라북도,김제시,백구면,월봉리,용암천,24.0,8.1,10.3,3.7,11.3,12.0,3.321,0.152
2022,09,전라북도,전주시완산구,서신동,,삼천3,23.1,7.6,8.2,0.9,4.5,3.1,2.113,0.094
2022,09,전라북도,전주시완산구,평화동3가,,삼천1,23.4,7.5,9.3,1.6,4.1,4.4,2.071,0.080
2022,09,전라북도,전주시완산구,효자동2가,,삼천2,23.4,7.6,10.6,1.9,4.6,2.6,3.438,0.087
2022,09,전라북도,완주군,소양면,황운리,소양천1,22.3,7.5,9.7,1.0,2.2,1.5,2.965,0.020
2022,09,전라북도,완주군,용진읍,상운리,소양천2,23.5,7.4,8.8,0.8,3.0,3.6,4.359,0.032
2022,09,전라북도,익산시,춘포면,용연리,익산천3,24.4,7.7,9.1,2.3,6.4,9.1,2.720,0.081
2022,09,전라북도,전주시덕진구,고랑동,,전주천7,24.8,7.6,8.9,3.5,10.1,7.1,9.839,0.062
2022,09,전라북도,전주시덕진구,전미동1가,,전주,24.7,8.4,10.9,2.9,6.3,9.8,1.698,0.149
2022,09,전라북도,전주시완산구,대성동,,전주천1,20.9,6.9,10.6,0.7,2.2,1.4,3.420,0.009
2022,09,전라북도,완주군,고산면,읍내리,고산,21.6,7.7,8.4,0.5,3.1,2.5,2.612,0.005
2022,09,전라북도,무주군,무주읍,대차리,무주남대천2,23.6,8.4,9.1,0.6,2.3,0.9,2.537,0.012
2022,09,전라북도,무주군,무주읍,읍내리,무주남대천1,22.9,8.4,9.2,0.6,3.5,0.6,2.560,0.004
2022,09,전라북도,무주군,무주읍,읍내리,무주남대천3,22.2,8.1,11.4,0.5,3.0,1.2,2.113,0.014
2022,09,전라북도,부안군,상서면,청림리,백천내,22.1,6.1,7.7,0.6,1.0,0.6,2.010,0.008
2022,09,전라북도,무주군,안성면,진도리,구량천,19.4,8.1,9.6,0.4,3.2,1.7,2.117,0.014
2022,09,전라북도,진안군,정천면,월평리,정자천,21.5,8.4,9.8,0.5,2.6,1.4,1.412,0.007
2022,09,전라북도,진안군,진안읍,운산리,진안천,17.2,8.6,8.8,2.4,3.1,1.3,2.718,0.031
2022,09,전라북도,진안군,진안읍,가막리,가막,21.3,8.3,10.4,0.5,3.1,2.1,3.136,0.028
2022,09,전라북도,무주군,무주읍,용포리,용포,23.2,8.9,10.3,0.7,2.9,1.6,1.370,0.003
2022,09,전라북도,진안군,용담면,송풍리,용담,19.6,7.2,8.6,0.5,3.7,2.2,1.531,0.006
2022,09,전라북도,남원시,운봉읍,,람천2,21.4,7.9,8.7,0.5,1.5,0.8,1.904,0.031
2022,09,전라북도,남원시,인월면,중군리,람천1,22.3,7.9,8.6,1.0,3.8,2.6,2.939,0.049
2022,09,전라북도,임실군,관촌면,방수리,관촌,21.9,7.4,9.4,0.8,2.9,2.5,1.208,0.026
2022,09,전라북도,임실군,운암면,학암리,운암,23.2,8.0,9.0,0.9,3.7,3.2,1.542,0.021
2022,09,전라북도,정읍시,산내면,매죽리,추령천,22.9,7.6,10.0,1.0,3.1,2.0,2.039,0.017
2022,09,전라북도,임실군,강진면,용수리,임실,23.1,7.4,9.4,0.8,4.0,3.6,0.818,0.025
2022,09,전라북도,순창군,동계면,구미리,동계,26.8,8.6,8.2,1.2,3.8,2.4,0.673,0.028
2022,09,전라북도,순창군,구림면,안정리,치천,22.1,8.1,9.8,0.7,2.9,1.8,0.865,0.021
2022,09,전라북도,남원시,대강면,풍산리,수홍천,20.5,7.5,9.1,0.7,2.9,2.5,1.433,0.039
2022,09,전라북도,순창군,유등면,유촌리,옥택천,20.8,7.4,8.5,0.7,3.2,4.9,1.074,0.045
2022,09,전라북도,순창군,적성면,고원리,적성,24.4,8.3,8.5,1.2,4.0,3.4,0.956,0.031
2022,09,전라북도,남원시,금지면,귀석리,남원,24.1,8.1,8.4,0.7,4.6,3.0,1.852,0.051
2022,09,전라북도,남원시,대강면,월탄리,대강,24.0,7.5,11.1,1.0,4.0,2.9,0.786,0.050
2022,09,전라북도,장수군,산서면,사상리,오수천1,20.5,7.6,9.2,1.0,3.8,4.8,1.923,0.066
2022,09,전라북도,남원시,덕과면,사율리,율천,23.2,7.5,9.0,0.9,3.9,5.3,0.908,0.075
2022,09,전라북도,남원시,사매면,서도리,월평천,22.5,7.3,12.6,1.2,4.2,3.5,1.613,0.077
2022,09,전라북도,순창군,동계면,서호리,오수천2,24.0,8.3,10.8,1.0,3.7,2.6,0.902,0.051
2022,09,전라북도,임실군,삼계면,후천리,후곡천,23.0,7.4,8.9,0.7,4.4,1.6,1.472,0.060
2022,09,전라북도,남원시,산동면,월석리,요천1,19.3,6.8,9.7,0.8,2.2,1.2,1.538,0.015
2022,09,전라북도,남원시,금지면,창산리,요천2,23.1,7.8,8.6,0.5,3.8,3.7,2.241,0.033
2022,09,전라북도,남원시,송동면,세전리,요천3,24.4,7.3,9.0,1.3,4.2,5.1,1.917,0.044
2022,09,전라북도,고창군,아산면,구암리,주진천1,23.7,7.7,8.8,1.7,8.3,57.9,2.436,0.099
2022,09,전라북도,고창군,아산면,반암리,주진천2,23.9,7.5,7.7,1.4,6.4,33.0,2.157,0.091
2022,10,전라북도,익산시,성당면,부곡리,산북천,18.6,7.7,9.0,2.9,9.4,65.3,5.315,0.325
2022,10,전라북도,익산시,망성면,무형리,마산천,16.1,7.5,7.1,6.0,12.1,4.6,6.720,0.348
2022,10,전라북도,부안군,동진면,하장리,고부천2,17.0,8.4,10.5,4.3,11.7,38.4,1.985,0.099
2022,10,전라북도,부안군,동진면,하장리,고부천3,18.1,8.1,10.2,3.6,10.1,57.1,1.784,0.091
2022,10,전라북도,정읍시,영원면,앵성리,고부천1,17.0,8.8,10.4,1.8,10.4,69.2,2.382,0.115
2022,10,전라북도,김제시,부량면,옥정리,동진강3,16.7,7.9,10.1,1.1,6.1,29.2,2.668,0.063
2022,10,전라북도,정읍시,신태인읍,,동진강2,19.0,7.6,9.9,1.0,3.7,7.6,1.631,0.026
2022,10,전라북도,정읍시,신태인읍,구석리,용호천,14.0,8.2,10.7,1.0,5.7,9.9,2.260,0.136
2022,10,전라북도,정읍시,옹동면,산성리,동진강1,17.3,8.0,10.3,0.7,3.5,0.7,1.591,0.019
2022,10,전라북도,김제시,성덕면,남포리,신평천,17.4,9.2,12.4,5.0,11.9,22.9,3.570,0.056
2022,10,전라북도,김제시,죽산면,대창리,원평천3,18.6,8.2,10.8,3.2,9.9,51.2,2.673,0.073
2022,10,전라북도,김제시,봉남면,용신리,원평천1,20.8,8.8,11.8,1.9,7.3,16.6,3.839,0.056
2022,10,전라북도,김제시,죽산면,죽산리,원평천2,16.7,8.6,11.5,3.9,11.0,44.5,4.159,0.078
2022,10,전라북도,정읍시,공평동,,정읍천3,16.3,8.3,10.4,1.4,5.7,12.0,2.746,0.051
2022,10,전라북도,정읍시,송산동,,정읍천1,16.8,8.1,11.4,0.7,3.5,1.9,0.520,0.015
2022,10,전라북도,정읍시,연지동,,정읍천2,18.7,8.2,10.9,0.9,3.7,3.9,2.330,0.027
2022,10,전라북도,정읍시,이평면,하송리,정읍천4,18.3,7.8,10.0,3.4,9.7,53.3,4.908,0.110
2022,10,전라북도,정읍시,하모동,,천원천,16.7,7.9,10.9,0.3,5.9,5.3,3.104,0.088
2022,10,전라북도,김제시,백구면,마산리,마산천,19.1,9.7,10.5,4.0,10.3,8.4,9.556,0.191
2022,10,전라북도,완주군,삼례읍,,삼례,18.7,7.4,9.3,2.5,8.0,6.5,8.224,0.040
2022,10,전라북도,익산시,춘포면,인수리,익산천1,15.9,7.8,10.1,1.0,5.0,6.8,2.923,0.070
2022,10,전라북도,익산시,춘포면,인수리,익산천2,18.7,8.9,15.7,2.0,6.3,5.9,3.119,0.095
2022,10,전라북도,군산시,대야면,광교리,탑천,17.6,7.6,8.8,2.8,9.4,51.0,3.616,0.098
2022,10,전라북도,김제시,백구면,백구리,김제,18.3,8.4,11.6,4.2,11.9,35.2,6.983,0.078
2022,10,전라북도,김제시,백구면,월봉리,용암천,17.1,9.0,10.7,3.3,11.0,22.0,8.170,0.204
2022,10,전라북도,전주시완산구,서신동,,삼천3,15.7,7.7,10.6,2.2,6.7,6.2,1.364,0.049
2022,10,전라북도,전주시완산구,평화동3가,,삼천1,17.3,7.6,10.8,0.4,3.8,4.4,2.028,0.071
2022,10,전라북도,전주시완산구,효자동2가,,삼천2,17.2,7.8,10.9,0.8,4.9,2.4,2.009,0.095
2022,10,전라북도,완주군,소양면,황운리,소양천1,17.2,8.3,11.5,0.4,2.1,1.2,2.260,0.010
2022,10,전라북도,완주군,용진읍,상운리,소양천2,17.5,8.6,10.5,1.3,3.2,4.6,3.702,0.024
2022,10,전라북도,익산시,춘포면,용연리,익산천3,15.9,7.7,10.0,1.1,5.1,4.9,3.012,0.073
2022,10,전라북도,전주시덕진구,고랑동,,전주천7,21.5,7.3,9.1,4.3,10.9,14.0,8.285,0.097
2022,10,전라북도,전주시덕진구,전미동1가,,전주,18.5,8.3,10.9,2.5,7.2,12.3,1.364,0.207
2022,10,전라북도,전주시완산구,대성동,,전주천1,16.4,7.7,11.2,0.4,2.0,0.6,2.387,0.006
2022,10,전라북도,완주군,고산면,읍내리,고산,16.3,7.9,9.7,0.4,3.5,3.1,2.135,0.010
2022,10,전라북도,무주군,무주읍,대차리,무주남대천2,21.9,9.2,11.0,0.9,2.9,1.3,2.235,0.013
2022,10,전라북도,무주군,무주읍,읍내리,무주남대천1,20.9,8.2,9.6,1.0,3.6,0.6,2.224,0.007
2022,10,전라북도,무주군,무주읍,읍내리,무주남대천3,16.9,8.3,12.0,0.3,2.9,1.2,1.874,0.015
2022,10,전라북도,부안군,상서면,청림리,백천내,16.6,6.4,8.9,0.9,1.8,1.2,2.236,0.005
2022,10,전라북도,무주군,안성면,진도리,구량천,14.5,8.3,11.1,0.3,2.8,1.5,2.691,0.015
2022,10,전라북도,진안군,정천면,월평리,정자천,15.4,8.0,10.7,0.3,2.4,1.3,1.492,0.009
2022,10,전라북도,진안군,진안읍,운산리,진안천,18.7,8.1,8.7,2.1,3.7,2.5,3.119,0.028
2022,10,전라북도,진안군,진안읍,가막리,가막,16.1,9.0,11.6,0.4,3.5,1.8,3.331,0.039
2022,10,전라북도,무주군,무주읍,용포리,용포,20.7,8.4,9.8,0.9,3.5,0.4,1.476,0.014
2022,10,전라북도,진안군,용담면,송풍리,용담,17.8,7.2,8.7,0.4,3.8,2.1,1.473,0.009
2022,10,전라북도,남원시,운봉읍,,람천2,17.0,9.1,10.4,0.4,2.6,0.3,2.152,0.040
2022,10,전라북도,남원시,인월면,중군리,람천1,16.8,8.6,10.7,0.6,3.6,1.6,3.438,0.060
2022,10,전라북도,임실군,관촌면,방수리,관촌,14.6,7.7,10.9,1.0,3.3,1.2,1.002,0.019
2022,10,전라북도,임실군,운암면,학암리,운암,20.7,8.4,9.6,1.3,3.5,2.2,0.977,0.020
2022,10,전라북도,정읍시,산내면,매죽리,추령천,15.2,7.5,10.5,0.9,4.6,0.7,1.396,0.015
2022,10,전라북도,임실군,강진면,용수리,임실,18.4,7.2,9.8,0.9,5.1,3.5,1.367,0.018
2022,10,전라북도,순창군,동계면,구미리,동계,18.6,8.4,9.4,0.5,4.7,2.2,1.141,0.017
2022,10,전라북도,순창군,구림면,안정리,치천,14.5,7.8,11.1,0.8,2.7,0.7,0.831,0.017
2022,10,전라북도,남원시,대강면,풍산리,수홍천,13.0,7.6,10.4,0.7,2.1,1.1,1.998,0.024
2022,10,전라북도,순창군,유등면,유촌리,옥택천,14.1,7.4,9.9,0.8,2.5,3.3,1.422,0.034
2022,10,전라북도,순창군,적성면,고원리,적성,17.9,8.3,8.9,0.6,3.8,1.5,1.079,0.017
2022,10,전라북도,남원시,금지면,귀석리,남원,18.3,8.2,9.9,0.7,4.5,3.0,2.453,0.054
2022,10,전라북도,남원시,대강면,월탄리,대강,16.5,7.2,11.6,0.9,4.6,2.7,1.054,0.028
2022,10,전라북도,장수군,산서면,사상리,오수천1,14.1,7.6,10.9,0.9,2.7,2.9,1.976,0.040
2022,10,전라북도,남원시,덕과면,사율리,율천,16.6,7.6,10.7,0.9,3.2,5.0,0.918,0.061
2022,10,전라북도,남원시,사매면,서도리,월평천,15.4,7.5,14.9,1.1,3.3,2.1,1.944,0.058
2022,10,전라북도,순창군,동계면,서호리,오수천2,16.6,7.8,12.2,1.0,3.5,1.8,0.977,0.032
2022,10,전라북도,임실군,삼계면,후천리,후곡천,14.4,7.5,11.5,0.7,3.0,0.7,1.919,0.030
2022,10,전라북도,남원시,산동면,월석리,요천1,14.5,6.9,10.7,0.7,2.4,0.8,1.475,0.011
2022,10,전라북도,남원시,금지면,창산리,요천2,18.4,8.1,10.0,0.6,3.6,6.0,3.029,0.035
2022,10,전라북도,남원시,송동면,세전리,요천3,18.6,7.4,11.0,2.2,5.2,7.9,2.453,0.068
2022,10,전라북도,고창군,아산면,구암리,주진천1,16.2,8.5,9.7,1.1,7.1,13.8,3.928,0.072
2022,10,전라북도,고창군,아산면,반암리,주진천2,15.4,8.1,9.6,1.0,6.4,28.1,3.418,0.050
2022,11,전라북도,익산시,성당면,부곡리,산북천,14.6,8.4,12.2,4.6,13.1,46.3,9.236,0.510
2022,11,전라북도,익산시,망성면,무형리,마산천,14.6,7.2,6.8,6.0,9.3,5.4,6.576,0.479
2022,11,전라북도,부안군,동진면,하장리,고부천2,15.9,8.7,11.6,8.8,13.4,24.0,1.671,0.164
2022,11,전라북도,부안군,동진면,하장리,고부천3,13.3,8.2,10.6,3.0,10.4,35.4,3.273,0.092
2022,11,전라북도,정읍시,영원면,앵성리,고부천1,15.2,8.6,11.6,3.6,9.8,67.5,2.671,0.154
2022,11,전라북도,김제시,부량면,옥정리,동진강3,12.2,8.2,10.7,0.6,6.0,11.6,3.077,0.066
2022,11,전라북도,정읍시,신태인읍,,동진강2,15.5,7.8,10.7,1.3,3.9,4.0,1.391,0.013
2022,11,전라북도,정읍시,신태인읍,구석리,용호천,13.4,8.3,10.1,1.0,5.8,9.8,2.104,0.094
2022,11,전라북도,정읍시,옹동면,산성리,동진강1,15.0,8.1,10.7,1.1,3.4,0.6,1.388,0.010
2022,11,전라북도,김제시,성덕면,남포리,신평천,13.0,7.8,10.0,2.8,9.1,70.7,7.228,0.127
2022,11,전라북도,김제시,죽산면,대창리,원평천3,13.3,8.7,13.0,1.8,7.9,17.2,2.620,0.049
2022,11,전라북도,김제시,봉남면,용신리,원평천1,14.0,7.9,11.4,2.2,7.3,44.1,3.746,0.038
2022,11,전라북도,김제시,죽산면,죽산리,원평천2,12.7,9.2,13.3,9.1,11.7,32.8,4.455,0.097
2022,11,전라북도,정읍시,공평동,,정읍천3,16.7,8.3,10.8,2.4,5.5,8.2,2.062,0.053
2022,11,전라북도,정읍시,송산동,,정읍천1,15.9,8.7,11.2,0.9,3.2,1.0,0.235,0.023
2022,11,전라북도,정읍시,연지동,,정읍천2,17.6,9.0,11.7,1.0,3.6,2.0,1.678,0.021
2022,11,전라북도,정읍시,이평면,하송리,정읍천4,14.7,8.2,13.1,0.9,8.2,4.6,6.206,0.060
2022,11,전라북도,정읍시,하모동,,천원천,15.5,8.2,10.7,2.7,5.9,5.6,2.336,0.061
2022,11,전라북도,김제시,백구면,마산리,마산천,11.1,9.5,14.2,7.5,7.9,25.2,13.807,0.270
2022,11,전라북도,완주군,삼례읍,,삼례,16.4,7.6,8.4,3.0,10.7,4.4,9.930,0.048
2022,11,전라북도,익산시,춘포면,인수리,익산천1,12.2,8.1,10.7,1.7,6.4,17.0,2.300,0.082
2022,11,전라북도,익산시,춘포면,인수리,익산천2,13.3,8.3,13.1,1.6,6.2,5.2,2.431,0.091
2022,11,전라북도,군산시,대야면,광교리,탑천,13.0,7.9,11.9,2.2,9.1,25.8,5.221,0.084
2022,11,전라북도,김제시,백구면,백구리,김제,13.8,8.2,12.0,2.5,10.5,19.2,8.171,0.080
2022,11,전라북도,김제시,백구면,월봉리,용암천,10.2,9.5,14.3,7.1,21.2,24.0,17.687,0.439
2022,11,전라북도,전주시완산구,서신동,,삼천3,12.4,8.2,11.9,0.9,3.9,2.4,0.947,0.041
2022,11,전라북도,전주시완산구,평화동3가,,삼천1,13.3,8.5,11.0,0.9,4.2,1.8,1.320,0.051
2022,11,전라북도,전주시완산구,효자동2가,,삼천2,11.9,8.5,13.4,0.9,3.7,1.5,1.166,0.045
2022,11,전라북도,완주군,소양면,황운리,소양천1,11.8,8.7,12.1,0.9,2.0,0.6,1.295,0.008
2022,11,전라북도,완주군,용진읍,상운리,소양천2,12.0,9.2,11.6,2.6,4.4,6.1,3.979,0.042
2022,11,전라북도,익산시,춘포면,용연리,익산천3,11.8,8.1,11.2,1.6,5.4,7.1,2.542,0.068
2022,11,전라북도,전주시덕진구,고랑동,,전주천7,19.4,7.2,9.7,1.8,12.1,6.9,12.230,0.068
2022,11,전라북도,전주시덕진구,전미동1가,,전주,13.6,8.7,12.7,2.2,7.1,12.9,1.386,0.264
2022,11,전라북도,전주시완산구,대성동,,전주천1,11.9,8.3,11.5,0.5,2.2,1.0,1.731,0.006
2022,11,전라북도,완주군,고산면,읍내리,고산,12.7,8.5,12.9,0.8,2.9,1.1,1.808,0.006
2022,11,전라북도,무주군,무주읍,대차리,무주남대천2,14.3,8.5,12.8,0.8,2.7,0.6,2.144,0.007
2022,11,전라북도,무주군,무주읍,읍내리,무주남대천1,14.0,7.7,10.0,0.8,2.0,0.4,2.438,0.005
2022,11,전라북도,무주군,무주읍,읍내리,무주남대천3,11.7,8.4,12.1,0.4,3.0,1.1,2.189,0.010
2022,11,전라북도,부안군,상서면,청림리,백천내,13.9,6.3,9.4,0.8,1.4,0.4,1.349,0.004
2022,11,전라북도,무주군,안성면,진도리,구량천,9.1,8.5,12.6,0.9,3.0,1.6,2.875,0.008
2022,11,전라북도,진안군,정천면,월평리,정자천,10.2,7.9,11.7,0.4,2.9,1.5,1.793,0.006
2022,11,전라북도,진안군,진안읍,운산리,진안천,15.1,7.5,8.3,0.9,1.4,1.3,2.214,0.044
2022,11,전라북도,진안군,진안읍,가막리,가막,10.4,8.8,12.2,0.7,4.3,4.4,3.683,0.043
2022,11,전라북도,무주군,무주읍,용포리,용포,15.6,8.4,10.2,0.7,3.2,0.3,1.258,0.007
2022,11,전라북도,진안군,용담면,송풍리,용담,14.0,7.3,9.5,0.3,3.5,1.6,1.365,0.006
2022,11,전라북도,남원시,운봉읍,,람천2,11.1,8.7,11.5,0.8,4.5,0.8,2.300,0.050
2022,11,전라북도,남원시,인월면,중군리,람천1,11.6,8.3,11.7,1.1,6.0,1.3,3.514,0.072
2022,11,전라북도,임실군,관촌면,방수리,관촌,11.5,7.3,11.7,1.6,3.4,1.4,1.190,0.022
2022,11,전라북도,임실군,운암면,학암리,운암,17.5,8.7,10.6,0.8,3.1,2.9,0.779,0.017
2022,11,전라북도,정읍시,산내면,매죽리,추령천,11.5,7.6,10.9,1.4,3.9,1.4,1.684,0.014
2022,11,전라북도,임실군,강진면,용수리,임실,14.1,7.1,10.2,1.1,4.2,2.0,1.200,0.019
2022,11,전라북도,순창군,동계면,구미리,동계,13.1,7.9,10.0,0.8,5.1,2.7,2.027,0.024
2022,11,전라북도,순창군,구림면,안정리,치천,9.1,7.9,12.2,0.8,2.3,0.4,1.327,0.012
2022,11,전라북도,남원시,대강면,풍산리,수홍천,9.3,7.5,11.6,0.6,2.1,1.0,2.327,0.020
2022,11,전라북도,순창군,유등면,유촌리,옥택천,9.2,7.4,11.4,0.7,2.4,1.3,1.725,0.026
2022,11,전라북도,순창군,적성면,고원리,적성,18.1,7.9,8.9,1.1,5.1,6.0,1.568,0.037
2022,11,전라북도,남원시,금지면,귀석리,남원,13.5,8.0,11.1,0.9,3.7,1.7,1.227,0.014
2022,11,전라북도,남원시,대강면,월탄리,대강,12.6,7.1,12.2,1.4,4.0,2.0,1.337,0.027
2022,11,전라북도,장수군,산서면,사상리,오수천1,10.9,7.4,11.0,1.0,3.2,3.1,2.299,0.043
2022,11,전라북도,남원시,덕과면,사율리,율천,12.3,7.4,11.1,0.9,3.0,2.7,1.138,0.059
2022,11,전라북도,남원시,사매면,서도리,월평천,11.3,7.2,13.7,1.8,4.3,4.5,2.427,0.071
2022,11,전라북도,순창군,동계면,서호리,오수천2,13.5,7.4,12.8,1.3,3.1,2.1,1.227,0.029
2022,11,전라북도,임실군,삼계면,후천리,후곡천,10.5,7.3,12.6,0.7,2.9,0.6,2.051,0.027
2022,11,전라북도,남원시,산동면,월석리,요천1,11.4,6.5,11.3,1.0,2.9,0.4,1.835,0.010
2022,11,전라북도,남원시,금지면,창산리,요천2,13.2,8.6,11.6,1.0,4.3,2.5,4.410,0.015
2022,11,전라북도,남원시,송동면,세전리,요천3,13.5,7.2,11.1,2.8,5.6,5.5,3.727,0.053
2022,11,전라북도,고창군,아산면,구암리,주진천1,13.7,8.1,11.3,1.3,5.0,3.7,3.168,0.018
2022,11,전라북도,고창군,아산면,반암리,주진천2,13.1,7.7,9.8,2.7,5.2,35.0,2.705,0.050
2022,12,전라북도,익산시,성당면,부곡리,산북천,4.3,7.8,13.2,2.8,7.1,15.9,10.300,0.659
2022,12,전라북도,익산시,망성면,무형리,마산천,6.9,7.7,11.0,1.2,6.7,3.3,6.613,0.313
2022,12,전라북도,부안군,동진면,하장리,고부천2,3.6,8.6,12.4,3.8,11.6,36.0,5.355,0.188
2022,12,전라북도,부안군,동진면,하장리,고부천3,4.3,8.4,13.6,3.4,10.4,42.9,6.018,0.171
2022,12,전라북도,정읍시,영원면,앵성리,고부천1,4.7,8.7,13.1,2.4,9.5,33.6,5.491,0.163
2022,12,전라북도,김제시,부량면,옥정리,동진강3,2.7,8.4,15.4,1.2,5.5,5.5,4.132,0.057
2022,12,전라북도,정읍시,신태인읍,,동진강2,2.9,8.0,13.2,1.8,3.7,2.3,2.083,0.027
2022,12,전라북도,정읍시,신태인읍,구석리,용호천,4.3,8.3,13.2,0.9,5.7,5.0,2.579,0.092
2022,12,전라북도,정읍시,옹동면,산성리,동진강1,4.1,8.1,13.3,1.9,3.3,0.7,1.783,0.021
2022,12,전라북도,김제시,성덕면,남포리,신평천,5.7,8.0,9.8,5.3,10.1,23.8,4.983,0.166
2022,12,전라북도,김제시,죽산면,대창리,원평천3,4.1,8.4,15.0,2.7,9.8,33.0,3.834,0.166
2022,12,전라북도,김제시,봉남면,용신리,원평천1,2.3,7.6,13.2,2.3,6.0,4.1,4.850,0.034
2022,12,전라북도,김제시,죽산면,죽산리,원평천2,5.7,8.5,11.8,3.1,8.3,27.1,3.392,0.089
2022,12,전라북도,정읍시,공평동,,정읍천3,5.7,8.5,12.4,1.4,5.2,3.9,2.559,0.068
2022,12,전라북도,정읍시,송산동,,정읍천1,7.0,8.8,11.1,0.6,3.1,3.0,1.859,0.012
2022,12,전라북도,정읍시,연지동,,정읍천2,8.2,8.6,12.6,0.9,2.8,1.5,2.659,0.018
2022,12,전라북도,정읍시,이평면,하송리,정읍천4,5.3,8.0,11.4,1.6,8.1,4.1,7.744,0.066
2022,12,전라북도,정읍시,하모동,,천원천,5.2,8.5,11.1,1.6,5.2,6.9,3.434,0.084
2022,12,전라북도,김제시,백구면,마산리,마산천,6.7,9.0,13.0,5.4,9.0,60.0,7.866,0.397
2022,12,전라북도,완주군,삼례읍,,삼례,10.3,7.6,9.6,4.1,11.1,6.5,10.362,0.059
2022,12,전라북도,익산시,춘포면,인수리,익산천1,4.5,7.8,13.4,3.0,4.3,2.4,4.897,0.107
2022,12,전라북도,익산시,춘포면,인수리,익산천2,5.6,7.7,13.2,2.5,4.3,2.8,4.887,0.112
2022,12,전라북도,군산시,대야면,광교리,탑천,3.3,7.5,10.8,3.7,10.0,17.5,5.214,0.150
2022,12,전라북도,김제시,백구면,백구리,김제,4.5,7.8,12.4,2.3,8.5,9.4,7.926,0.092
2022,12,전라북도,김제시,백구면,월봉리,용암천,4.7,8.6,12.7,11.7,17.1,61.0,8.752,0.548
2022,12,전라북도,전주시완산구,서신동,,삼천3,3.5,8.7,13.2,0.9,4.0,1.9,2.866,0.043
2022,12,전라북도,전주시완산구,평화동3가,,삼천1,6.4,8.6,13.1,0.5,3.1,4.6,2.954,0.026
2022,12,전라북도,전주시완산구,효자동2가,,삼천2,4.6,8.6,12.7,0.8,3.5,2.1,3.142,0.043
2022,12,전라북도,완주군,소양면,황운리,소양천1,7.6,9.1,12.6,0.5,2.2,0.9,3.772,0.020
2022,12,전라북도,완주군,용진읍,상운리,소양천2,7.3,8.9,12.7,0.6,2.9,1.2,4.117,0.031
2022,12,전라북도,익산시,춘포면,용연리,익산천3,4.6,7.7,12.8,3.0,4.6,5.3,4.354,0.077
2022,12,전라북도,전주시덕진구,고랑동,,전주천7,14.2,7.1,9.5,4.3,11.3,5.1,14.534,0.048
2022,12,전라북도,전주시덕진구,전미동1가,,전주,3.9,8.1,13.6,2.7,6.1,5.1,2.755,0.197
2022,12,전라북도,전주시완산구,대성동,,전주천1,7.2,8.9,12.7,0.3,1.5,0.5,3.170,0.011
2022,12,전라북도,완주군,고산면,읍내리,고산,5.8,8.4,12.7,1.3,3.2,2.7,2.026,0.005
2022,12,전라북도,무주군,무주읍,대차리,무주남대천2,6.2,8.7,13.3,0.7,2.2,0.1,2.631,0.008
2022,12,전라북도,무주군,무주읍,읍내리,무주남대천1,4.3,12.4,8.6,0.6,2.5,1.2,2.479,0.007
2022,12,전라북도,무주군,무주읍,읍내리,무주남대천3,3.2,8.5,14.6,0.4,2.7,0.5,2.337,0.011
2022,12,전라북도,부안군,상서면,청림리,백천내,7.9,6.8,10.9,0.6,1.2,0.6,3.193,0.005
2022,12,전라북도,무주군,안성면,진도리,구량천,1.4,8.1,14.8,0.3,2.4,3.7,2.775,0.014
2022,12,전라북도,진안군,정천면,월평리,정자천,2.5,7.9,13.9,0.3,2.1,0.4,2.807,0.005
2022,12,전라북도,진안군,진안읍,운산리,진안천,3.5,7.7,11.8,1.9,2.0,1.3,2.175,0.031
2022,12,전라북도,진안군,진안읍,가막리,가막,2.1,9.0,15.0,0.6,2.6,0.5,4.020,0.007
2022,12,전라북도,무주군,무주읍,용포리,용포,8.1,8.4,12.1,0.7,3.9,0.2,1.311,0.006
2022,12,전라북도,진안군,용담면,송풍리,용담,8.4,7.2,11.3,0.3,3.6,0.9,1.238,0.005
2022,12,전라북도,남원시,운봉읍,,람천2,5.0,8.9,12.3,1.6,2.4,0.2,2.148,0.017
2022,12,전라북도,남원시,인월면,중군리,람천1,5.7,8.9,14.0,2.1,3.3,2.0,3.596,0.025
2022,12,전라북도,임실군,관촌면,방수리,관촌,4.1,7.7,14.0,1.2,2.9,0.6,2.397,0.020
2022,12,전라북도,임실군,운암면,학암리,운암,2.1,8.3,12.9,1.0,4.0,1.4,1.921,0.007
2022,12,전라북도,정읍시,산내면,매죽리,추령천,3.4,7.1,13.1,1.0,2.2,0.4,3.219,0.009
2022,12,전라북도,임실군,강진면,용수리,임실,8.7,7.1,11.6,0.9,3.8,1.5,1.137,0.019
2022,12,전라북도,순창군,동계면,구미리,동계,5.5,8.6,13.8,1.2,3.6,0.6,1.175,0.005
2022,12,전라북도,순창군,구림면,안정리,치천,2.1,7.7,14.4,0.8,2.0,0.2,2.093,0.008
2022,12,전라북도,남원시,대강면,풍산리,수홍천,4.7,7.6,13.5,0.6,1.8,1.0,2.488,0.016
2022,12,전라북도,순창군,유등면,유촌리,옥택천,3.0,7.5,13.3,0.7,1.9,0.5,2.093,0.018
2022,12,전라북도,순창군,적성면,고원리,적성,4.7,8.0,12.4,1.4,3.6,0.5,1.648,0.008
2022,12,전라북도,남원시,금지면,귀석리,남원,4.4,8.4,13.5,1.9,3.9,0.8,1.513,0.010
2022,12,전라북도,남원시,대강면,월탄리,대강,4.2,6.7,14.3,1.2,3.5,2.1,1.434,0.023
2022,12,전라북도,장수군,산서면,사상리,오수천1,6.4,7.5,12.9,0.7,2.0,2.7,2.579,0.032
2022,12,전라북도,남원시,덕과면,사율리,율천,7.0,7.6,13.7,0.9,2.8,1.5,1.500,0.048
2022,12,전라북도,남원시,사매면,서도리,월평천,7.3,7.5,14.7,0.8,3.0,3.1,2.971,0.040
2022,12,전라북도,순창군,동계면,서호리,오수천2,5.7,7.0,15.5,1.5,3.3,1.0,1.624,0.025
2022,12,전라북도,임실군,삼계면,후천리,후곡천,4.7,7.6,15.2,0.8,2.6,0.6,1.954,0.023
2022,12,전라북도,남원시,산동면,월석리,요천1,6.5,6.3,12.6,1.0,2.2,0.2,2.099,0.005
2022,12,전라북도,남원시,금지면,창산리,요천2,5.3,8.3,12.7,2.1,4.8,1.6,5.428,0.017
2022,12,전라북도,남원시,송동면,세전리,요천3,4.3,7.1,14.4,1.7,3.9,1.8,4.486,0.044
2022,12,전라북도,고창군,아산면,구암리,주진천1,3.9,8.0,12.5,2.7,5.7,4.4,4.870,0.025
2022,12,전라북도,고창군,아산면,반암리,주진천2,4.5,7.9,12.4,2.4,5.7,8.7,4.530,0.026
2023,01,전라북도,익산시,성당면,부곡리,산북천,4.8,7.5,11.3,4.4,10.3,28.2,7.825,0.526
2023,01,전라북도,익산시,망성면,무형리,마산천,7.0,7.8,13.1,1.2,5.2,3.1,7.520,0.399
2023,01,전라북도,부안군,동진면,하장리,고부천2,4.3,8.0,12.6,2.9,9.2,7.4,6.302,0.089
2023,01,전라북도,부안군,동진면,하장리,고부천3,3.4,7.3,12.8,3.6,12.1,50.3,8.095,0.168
2023,01,전라북도,정읍시,영원면,앵성리,고부천1,1.3,8.0,13.0,2.0,8.3,4.1,7.762,0.064
2023,01,전라북도,김제시,부량면,옥정리,동진강3,3.5,7.5,12.3,3.4,8.9,12.1,6.769,0.106
2023,01,전라북도,정읍시,신태인읍,,동진강2,3.6,8.5,13.1,1.5,5.8,3.5,4.306,0.056
2023,01,전라북도,정읍시,신태인읍,구석리,용호천,2.8,8.0,13.0,3.3,6.2,8.4,4.785,0.106
2023,01,전라북도,정읍시,옹동면,산성리,동진강1,3.8,8.6,13.7,0.9,3.1,0.4,2.499,0.011
2023,01,전라북도,김제시,성덕면,남포리,신평천,5.7,7.3,10.5,3.5,14.2,59.3,10.028,0.317
2023,01,전라북도,김제시,죽산면,대창리,원평천3,4.1,7.5,12.6,4.8,13.2,58.5,8.635,0.199
2023,01,전라북도,김제시,봉남면,용신리,원평천1,3.2,8.3,13.3,2.1,6.6,6.7,5.553,0.045
2023,01,전라북도,김제시,죽산면,죽산리,원평천2,4.9,7.4,11.4,4.2,13.9,61.6,6.862,0.228
2023,01,전라북도,정읍시,공평동,,정읍천3,4.9,8.0,12.7,1.9,4.6,4.7,4.218,0.057
2023,01,전라북도,정읍시,송산동,,정읍천1,5.3,8.2,12.8,1.3,2.6,4.0,2.686,0.022
2023,01,전라북도,정읍시,연지동,,정읍천2,6.4,8.0,11.9,1.9,4.4,1.7,3.607,0.026
2023,01,전라북도,정읍시,이평면,하송리,정읍천4,5.2,7.6,12.0,2.3,7.9,8.0,6.012,0.062
2023,01,전라북도,정읍시,하모동,,천원천,3.6,8.1,13.1,2.4,6.5,13.8,4.692,0.049
2023,01,전라북도,김제시,백구면,마산리,마산천,3.7,8.1,12.8,4.7,5.5,18.4,7.406,0.248
2023,01,전라북도,완주군,삼례읍,,삼례,7.2,7.5,11.0,2.9,8.3,4.8,9.881,0.061
2023,01,전라북도,익산시,춘포면,인수리,익산천1,0.8,7.9,13.9,1.6,4.3,6.5,4.519,0.065
2023,01,전라북도,익산시,춘포면,인수리,익산천2,1.6,7.9,14.0,1.6,4.6,5.0,4.733,0.067
2023,01,전라북도,군산시,대야면,광교리,탑천,5.1,8.0,10.4,4.5,11.8,37.6,7.497,0.149
2023,01,전라북도,김제시,백구면,백구리,김제,5.6,8.0,13.0,3.1,9.0,12.9,7.826,0.085
2023,01,전라북도,김제시,백구면,월봉리,용암천,4.1,8.0,12.7,3.4,12.1,9.6,17.098,0.257
2023,01,전라북도,전주시완산구,서신동,,삼천3,2.6,8.2,13.2,1.2,4.9,1.9,3.046,0.035
2023,01,전라북도,전주시완산구,평화동3가,,삼천1,3.3,8.4,13.0,0.9,3.7,18.4,3.463,0.037
2023,01,전라북도,전주시완산구,효자동2가,,삼천2,1.9,8.4,13.3,1.3,5.1,7.9,3.091,0.033
2023,01,전라북도,완주군,소양면,황운리,소양천1,7.0,8.1,12.8,0.3,1.6,0.4,1.517,0.010
2023,01,전라북도,완주군,용진읍,상운리,소양천2,5.6,8.1,12.8,0.6,2.7,1.7,4.355,0.028
2023,01,전라북도,익산시,춘포면,용연리,익산천3,0.9,7.8,13.7,1.9,4.5,5.3,4.442,0.060
2023,01,전라북도,전주시덕진구,고랑동,,전주천7,11.6,7.8,9.8,2.9,10.6,5.7,11.341,0.052
2023,01,전라북도,전주시덕진구,전미동1가,,전주,4.6,8.1,13.7,2.8,5.3,8.4,2.465,0.137
2023,01,전라북도,전주시완산구,대성동,,전주천1,2.9,8.1,12.7,0.5,1.5,0.5,2.931,0.004
2023,01,전라북도,완주군,고산면,읍내리,고산,3.0,8.0,12.9,1.0,2.4,1.1,1.993,0.003
2023,01,전라북도,무주군,무주읍,대차리,무주남대천2,2.4,8.0,13.2,0.8,2.6,0.7,3.159,0.006
2023,01,전라북도,무주군,무주읍,읍내리,무주남대천1,3.7,8.2,13.6,1.0,2.8,0.9,2.729,0.006
2023,01,전라북도,무주군,무주읍,읍내리,무주남대천3,1.1,7.7,14.4,0.7,2.4,0.9,2.896,0.011
2023,01,전라북도,부안군,상서면,청림리,백천내,5.8,6.3,11.7,0.7,1.2,0.4,3.050,0.001
2023,01,전라북도,무주군,안성면,진도리,구량천,0.3,8.1,15.0,0.6,2.3,2.3,3.457,0.010
2023,01,전라북도,진안군,정천면,월평리,정자천,1.0,8.5,14.8,0.3,1.6,0.7,3.202,0.005
2023,01,전라북도,진안군,진안읍,운산리,진안천,2.7,7.7,11.3,1.4,3.0,1.1,2.957,0.043
2023,01,전라북도,진안군,진안읍,가막리,가막,0.4,8.2,15.1,0.6,3.1,1.5,4.404,0.007
2023,01,전라북도,무주군,무주읍,용포리,용포,3.0,8.3,13.0,0.6,2.9,0.1,1.391,0.000
2023,01,전라북도,진안군,용담면,송풍리,용담,4.4,8.3,12.4,0.4,3.5,1.3,1.287,0.006
2023,01,전라북도,남원시,운봉읍,,람천2,2.1,8.5,13.4,0.9,2.2,0.7,2.897,0.010
2023,01,전라북도,남원시,인월면,중군리,람천1,3.4,8.2,13.8,1.1,3.3,1.8,3.961,0.020
2023,01,전라북도,임실군,관촌면,방수리,관촌,2.5,7.4,14.9,1.1,2.3,0.8,3.294,0.015
2023,01,전라북도,임실군,운암면,학암리,운암,0.4,7.3,13.4,0.9,2.5,1.0,2.316,0.021
2023,01,전라북도,정읍시,산내면,매죽리,추령천,3.9,6.8,14.1,1.1,2.1,0.9,4.580,0.007
2023,01,전라북도,임실군,강진면,용수리,임실,4.7,7.2,13.5,1.2,2.9,1.4,2.031,0.013
2023,01,전라북도,순창군,동계면,구미리,동계,3.8,7.4,13.0,1.3,3.5,1.4,3.921,0.011
2023,01,전라북도,순창군,구림면,안정리,치천,1.9,7.4,14.6,0.6,1.9,0.5,3.538,0.015
2023,01,전라북도,남원시,대강면,풍산리,수홍천,2.5,7.2,14.6,0.5,1.9,0.9,3.102,0.035
2023,01,전라북도,순창군,유등면,유촌리,옥택천,1.9,7.3,14.6,0.6,2.2,0.8,2.611,0.028
2023,01,전라북도,순창군,적성면,고원리,적성,2.0,7.7,13.2,1.5,3.3,1.3,2.211,0.044
2023,01,전라북도,남원시,금지면,귀석리,남원,2.8,8.0,13.5,1.4,3.4,0.8,1.444,0.011
2023,01,전라북도,남원시,대강면,월탄리,대강,4.5,7.6,15.1,3.8,4.9,7.6,3.552,0.036
2023,01,전라북도,장수군,산서면,사상리,오수천1,4.1,7.5,12.3,0.8,2.8,17.2,2.804,0.069
2023,01,전라북도,남원시,덕과면,사율리,율천,4.6,7.6,14.0,1.1,4.2,2.8,2.042,0.061
2023,01,전라북도,남원시,사매면,서도리,월평천,4.1,7.4,14.1,1.1,3.9,5.6,3.949,0.090
2023,01,전라북도,순창군,동계면,서호리,오수천2,3.6,8.2,15.7,1.3,4.4,2.6,2.427,0.027
2023,01,전라북도,임실군,삼계면,후천리,후곡천,2.0,7.6,12.0,0.6,2.7,0.6,2.117,0.024
2023,01,전라북도,남원시,산동면,월석리,요천1,2.4,7.0,14.4,1.7,1.9,0.3,2.798,0.005
2023,01,전라북도,남원시,금지면,창산리,요천2,3.6,7.8,12.6,1.8,3.9,2.6,5.004,0.015
2023,01,전라북도,남원시,송동면,세전리,요천3,4.9,7.6,14.5,2.4,4.6,3.6,4.485,0.035
2023,01,전라북도,고창군,아산면,구암리,주진천1,3.0,8.1,14.1,1.6,5.2,4.8,4.864,0.048
2023,01,전라북도,고창군,아산면,반암리,주진천2,2.7,8.2,12.5,1.5,5.1,6.9,4.863,0.054
2023,02,전라북도,익산시,성당면,부곡리,산북천,5.3,8.2,16.5,6.5,10.7,34.0,9.052,0.556
2023,02,전라북도,익산시,망성면,무형리,마산천,6.1,7.8,12.0,1.6,4.1,3.7,8.108,0.553
2023,02,전라북도,부안군,동진면,하장리,고부천2,4.6,8.1,12.6,3.9,6.0,9.6,5.469,0.036
2023,02,전라북도,부안군,동진면,하장리,고부천3,4.4,8.4,16.6,4.6,8.8,19.1,5.400,0.066
2023,02,전라북도,정읍시,영원면,앵성리,고부천1,4.2,8.1,12.1,3.1,8.0,43.5,4.886,0.145
2023,02,전라북도,김제시,부량면,옥정리,동진강3,4.5,8.3,15.5,3.9,7.5,11.0,5.107,0.049
2023,02,전라북도,정읍시,신태인읍,,동진강2,4.8,7.9,12.8,1.5,3.9,6.7,2.591,0.019
2023,02,전라북도,정읍시,신태인읍,구석리,용호천,4.6,8.0,11.0,1.5,5.4,4.0,3.051,0.069
2023,02,전라북도,정읍시,옹동면,산성리,동진강1,4.0,8.0,14.1,1.0,3.2,1.8,2.127,0.009
2023,02,전라북도,김제시,성덕면,남포리,신평천,4.8,8.6,14.5,2.0,14.6,26.6,6.342,0.067
2023,02,전라북도,김제시,죽산면,대창리,원평천3,3.9,7.8,13.5,3.8,10.9,17.6,6.154,0.093
2023,02,전라북도,김제시,봉남면,용신리,원평천1,2.7,7.8,12.3,1.8,5.7,14.9,4.891,0.045
2023,02,전라북도,김제시,죽산면,죽산리,원평천2,4.5,8.5,14.1,3.3,12.0,17.0,5.447,0.054
2023,02,전라북도,정읍시,공평동,,정읍천3,6.4,8.1,11.6,2.0,4.1,4.9,3.878,0.042
2023,02,전라북도,정읍시,송산동,,정읍천1,4.8,8.1,12.2,1.1,2.2,1.7,4.320,0.011
2023,02,전라북도,정읍시,연지동,,정읍천2,6.9,7.8,11.4,2.0,3.6,2.2,5.377,0.027
2023,02,전라북도,정읍시,이평면,하송리,정읍천4,6.5,7.8,12.6,3.2,8.5,9.9,7.511,0.053
2023,02,전라북도,정읍시,하모동,,천원천,4.9,8.0,11.8,1.8,4.5,6.0,3.758,0.049
2023,02,전라북도,김제시,백구면,마산리,마산천,4.1,7.9,12.4,5.0,7.9,26.0,8.379,0.220
2023,02,전라북도,완주군,삼례읍,,삼례,7.6,7.3,10.6,3.5,9.1,5.7,9.064,0.066
2023,02,전라북도,익산시,춘포면,인수리,익산천1,2.7,7.7,12.9,1.4,4.3,5.8,4.227,0.084
2023,02,전라북도,익산시,춘포면,인수리,익산천2,3.2,7.7,13.1,1.5,5.1,5.6,4.573,0.092
2023,02,전라북도,군산시,대야면,광교리,탑천,5.2,7.9,12.4,3.7,7.2,13.0,6.004,0.105
2023,02,전라북도,김제시,백구면,백구리,김제,7.0,7.9,13.0,5.8,11.1,18.9,9.214,0.095
2023,02,전라북도,김제시,백구면,월봉리,용암천,4.2,7.8,12.2,4.5,13.7,31.4,13.384,0.213
2023,02,전라북도,전주시완산구,서신동,,삼천3,3.2,8.2,12.8,1.4,4.3,3.0,2.567,0.057
2023,02,전라북도,전주시완산구,평화동3가,,삼천1,3.8,8.2,12.5,0.8,2.7,12.0,2.561,0.053
2023,02,전라북도,전주시완산구,효자동2가,,삼천2,2.8,8.1,12.9,1.0,3.6,4.4,2.121,0.066
2023,02,전라북도,완주군,소양면,황운리,소양천1,6.9,8.0,11.3,0.4,1.5,0.7,2.558,0.007
2023,02,전라북도,완주군,용진읍,상운리,소양천2,6.3,7.9,12.5,0.7,2.4,1.4,4.769,0.022
2023,02,전라북도,익산시,춘포면,용연리,익산천3,2.4,7.7,12.6,0.8,5.3,9.6,4.156,0.066
2023,02,전라북도,전주시덕진구,고랑동,,전주천7,12.5,7.6,10.0,6.0,16.5,5.2,14.879,0.073
2023,02,전라북도,전주시덕진구,전미동1가,,전주,5.1,8.0,13.9,3.5,5.5,8.0,2.388,0.156
2023,02,전라북도,전주시완산구,대성동,,전주천1,4.3,8.4,12.5,0.5,1.0,0.5,2.934,0.000
2023,02,전라북도,완주군,고산면,읍내리,고산,4.0,7.6,12.4,0.7,2.7,0.4,1.640,0.003
2023,02,전라북도,무주군,무주읍,대차리,무주남대천2,2.7,7.3,12.8,1.2,2.7,0.5,2.672,0.005
2023,02,전라북도,무주군,무주읍,읍내리,무주남대천1,3.1,8.0,13.7,1.0,2.3,0.2,2.490,0.000
2023,02,전라북도,무주군,무주읍,읍내리,무주남대천3,3.3,7.6,14.1,0.9,2.8,0.9,2.706,0.012
2023,02,전라북도,부안군,상서면,청림리,백천내,5.5,7.2,11.4,0.6,1.0,0.8,3.041,0.006
2023,02,전라북도,무주군,안성면,진도리,구량천,2.2,8.4,14.8,1.0,3.1,2.7,3.296,0.011
2023,02,전라북도,진안군,정천면,월평리,정자천,3.8,8.3,13.6,0.4,2.0,0.7,2.931,0.004
2023,02,전라북도,진안군,진안읍,운산리,진안천,3.1,7.5,11.9,2.0,3.5,1.8,3.514,0.049
2023,02,전라북도,진안군,진안읍,가막리,가막,3.4,8.4,14.3,0.9,3.5,1.6,4.435,0.009
2023,02,전라북도,무주군,무주읍,용포리,용포,3.6,7.3,12.5,1.0,3.1,0.1,1.173,0.005
2023,02,전라북도,진안군,용담면,송풍리,용담,4.0,8.2,13.3,0.5,3.4,1.2,1.287,0.005
2023,02,전라북도,남원시,운봉읍,,람천2,4.4,8.8,13.7,0.9,2.7,2.0,2.321,0.012
2023,02,전라북도,남원시,인월면,중군리,람천1,5.8,8.8,15.1,0.6,3.8,2.6,3.562,0.027
2023,02,전라북도,임실군,관촌면,방수리,관촌,3.8,7.3,14.4,1.0,3.0,1.4,2.448,0.013
2023,02,전라북도,임실군,운암면,학암리,운암,6.0,8.5,14.2,1.3,2.9,2.3,2.755,0.012
2023,02,전라북도,정읍시,산내면,매죽리,추령천,4.3,7.1,13.1,0.9,3.0,1.2,4.367,0.008
2023,02,전라북도,임실군,강진면,용수리,임실,4.1,7.2,13.5,0.7,3.5,1.5,1.400,0.009
2023,02,전라북도,순창군,동계면,구미리,동계,5.6,9.0,13.3,1.0,3.6,0.6,1.322,0.005
2023,02,전라북도,순창군,구림면,안정리,치천,3.2,8.3,15.5,0.8,2.5,0.6,2.618,0.007
2023,02,전라북도,남원시,대강면,풍산리,수홍천,4.4,7.6,14.3,1.0,2.3,1.4,2.561,0.013
2023,02,전라북도,순창군,유등면,유촌리,옥택천,3.4,7.3,14.2,1.0,2.6,1.1,2.115,0.030
2023,02,전라북도,순창군,적성면,고원리,적성,3.8,8.4,13.3,1.2,3.5,1.0,1.513,0.013
2023,02,전라북도,남원시,금지면,귀석리,남원,4.9,8.9,13.4,1.0,3.8,1.4,1.465,0.007
2023,02,전라북도,남원시,대강면,월탄리,대강,5.3,7.9,15.3,2.0,4.1,2.6,1.957,0.019
2023,02,전라북도,장수군,산서면,사상리,오수천1,6.0,7.6,14.4,1.1,3.6,18.9,2.827,0.068
2023,02,전라북도,남원시,덕과면,사율리,율천,6.4,7.5,13.8,1.2,2.9,2.3,1.625,0.042
2023,02,전라북도,남원시,사매면,서도리,월평천,6.5,7.5,15.5,3.8,7.7,15.9,3.114,0.115
2023,02,전라북도,순창군,동계면,서호리,오수천2,6.4,8.7,15.9,1.3,3.5,2.1,1.757,0.018
2023,02,전라북도,임실군,삼계면,후천리,후곡천,4.8,7.9,15.9,1.0,3.3,0.9,1.849,0.016
2023,02,전라북도,남원시,산동면,월석리,요천1,3.4,7.2,14.4,0.7,2.4,0.6,2.423,0.005
2023,02,전라북도,남원시,금지면,창산리,요천2,6.1,7.7,13.1,1.3,4.6,3.4,4.436,0.018
2023,02,전라북도,남원시,송동면,세전리,요천3,6.4,7.4,13.8,2.3,4.7,5.4,5.247,0.033
2023,02,전라북도,고창군,아산면,구암리,주진천1,6.9,8.4,16.5,2.0,5.3,20.4,5.008,0.051
2023,02,전라북도,고창군,아산면,반암리,주진천2,5.7,8.0,13.1,1.8,4.8,5.3,4.489,0.033
2023,03,전라북도,익산시,성당면,부곡리,산북천,12.7,7.7,8.7,8.2,11.8,66.1,9.442,0.551
2023,03,전라북도,익산시,망성면,무형리,마산천,9.5,7.6,10.3,2.2,7.6,4.5,6.991,0.382
2023,03,전라북도,부안군,동진면,하장리,고부천2,7.8,8.0,12.0,4.3,9.2,9.7,4.847,0.042
2023,03,전라북도,부안군,동진면,하장리,고부천3,10.1,8.4,12.1,3.4,7.9,6.7,4.327,0.031
2023,03,전라북도,정읍시,영원면,앵성리,고부천1,8.5,8.1,12.3,4.0,7.8,11.7,5.130,0.053
2023,03,전라북도,김제시,부량면,옥정리,동진강3,10.5,8.7,12.9,6.5,11.2,18.2,3.661,0.051
2023,03,전라북도,정읍시,신태인읍,,동진강2,11.4,7.8,10.7,1.4,5.2,15.4,2.127,0.040
2023,03,전라북도,정읍시,신태인읍,구석리,용호천,7.8,8.3,11.1,2.2,6.5,7.0,2.096,0.049
2023,03,전라북도,정읍시,옹동면,산성리,동진강1,9.4,8.2,14.0,0.9,3.1,1.6,2.038,0.009
2023,03,전라북도,김제시,성덕면,남포리,신평천,10.7,9.0,10.4,4.2,12.3,15.6,6.606,0.093
2023,03,전라북도,김제시,죽산면,대창리,원평천3,9.3,8.5,12.9,3.2,9.9,14.9,4.930,0.046
2023,03,전라북도,김제시,봉남면,용신리,원평천1,12.6,9.5,14.6,7.9,16.2,25.4,2.815,0.103
2023,03,전라북도,김제시,죽산면,죽산리,원평천2,9.9,8.5,10.4,2.5,9.2,13.4,4.818,0.065
2023,03,전라북도,정읍시,공평동,,정읍천3,10.3,8.3,11.8,2.7,6.7,15.7,2.128,0.056
2023,03,전라북도,정읍시,송산동,,정읍천1,8.2,8.3,11.8,0.7,2.5,0.8,2.192,0.015
2023,03,전라북도,정읍시,연지동,,정읍천2,11.2,8.4,11.7,2.3,4.9,3.4,3.557,0.028
2023,03,전라북도,정읍시,이평면,하송리,정읍천4,12.6,7.6,11.7,4.6,11.8,29.4,6.385,0.075
2023,03,전라북도,정읍시,하모동,,천원천,9.0,8.3,11.7,4.7,7.7,16.3,2.829,0.068
2023,03,전라북도,김제시,백구면,마산리,마산천,8.3,8.4,14.0,6.2,9.1,50.0,5.726,0.265
2023,03,전라북도,완주군,삼례읍,,삼례,10.6,7.7,10.2,6.3,9.4,11.5,6.533,0.116
2023,03,전라북도,익산시,춘포면,인수리,익산천1,5.9,7.7,11.7,6.2,12.0,20.5,6.161,0.198
2023,03,전라북도,익산시,춘포면,인수리,익산천2,6.9,7.7,12.1,5.4,12.4,15.4,6.960,0.253
2023,03,전라북도,군산시,대야면,광교리,탑천,12.5,8.4,14.1,6.5,11.6,30.4,4.917,0.094
2023,03,전라북도,김제시,백구면,백구리,김제,13.3,8.1,12.2,6.8,12.9,23.8,7.673,0.086
2023,03,전라북도,김제시,백구면,월봉리,용암천,6.5,8.2,11.5,7.7,11.9,37.0,11.371,0.241
2023,03,전라북도,전주시완산구,서신동,,삼천3,8.4,8.4,12.0,2.6,6.2,9.8,2.222,0.069
2023,03,전라북도,전주시완산구,평화동3가,,삼천1,6.4,8.0,11.7,1.2,3.1,16.7,3.004,0.040
2023,03,전라북도,전주시완산구,효자동2가,,삼천2,6.6,8.1,12.2,2.0,4.8,4.8,2.831,0.072
2023,03,전라북도,완주군,소양면,황운리,소양천1,8.7,8.3,11.7,0.6,1.1,0.9,2.241,0.005
2023,03,전라북도,완주군,용진읍,상운리,소양천2,8.3,8.7,12.8,2.6,3.6,8.6,5.489,0.040
2023,03,전라북도,익산시,춘포면,용연리,익산천3,5.8,7.6,11.4,3.7,11.0,14.2,5.705,0.200
2023,03,전라북도,전주시덕진구,고랑동,,전주천7,15.5,7.4,9.1,4.9,14.4,5.1,15.805,0.074
2023,03,전라북도,전주시덕진구,전미동1가,,전주,11.6,7.8,12.0,3.2,6.0,10.6,1.451,0.141
2023,03,전라북도,전주시완산구,대성동,,전주천1,5.8,8.2,12.4,0.3,1.6,1.3,3.490,0.013
2023,03,전라북도,완주군,고산면,읍내리,고산,6.2,7.7,12.2,1.3,3.3,1.4,1.873,0.003
2023,03,전라북도,무주군,무주읍,대차리,무주남대천2,9.4,8.6,13.4,1.3,3.5,0.8,2.507,0.006
2023,03,전라북도,무주군,무주읍,읍내리,무주남대천1,7.5,8.4,12.6,1.3,3.2,0.9,2.283,0.000
2023,03,전라북도,무주군,무주읍,읍내리,무주남대천3,10.1,7.6,11.8,1.9,3.7,2.5,2.369,0.019
2023,03,전라북도,부안군,상서면,청림리,백천내,9.5,6.8,9.9,0.8,1.8,0.2,2.688,0.005
2023,03,전라북도,무주군,안성면,진도리,구량천,7.9,8.1,12.6,2.3,4.6,10.0,2.824,0.019
2023,03,전라북도,진안군,정천면,월평리,정자천,10.1,8.1,12.2,0.9,2.6,2.3,2.388,0.009
2023,03,전라북도,진안군,진안읍,운산리,진안천,4.2,7.9,12.1,2.5,3.3,1.3,3.351,0.045
2023,03,전라북도,진안군,진안읍,가막리,가막,10.1,8.1,12.1,1.5,4.4,2.6,3.892,0.026
2023,03,전라북도,무주군,무주읍,용포리,용포,6.3,7.6,13.2,0.7,3.0,0.5,1.410,0.000
2023,03,전라북도,진안군,용담면,송풍리,용담,7.2,7.7,12.5,0.8,3.5,1.8,1.319,0.007
2023,03,전라북도,남원시,운봉읍,,람천2,11.4,9.0,10.8,0.9,4.4,2.3,2.192,0.019
2023,03,전라북도,남원시,인월면,중군리,람천1,12.5,9.0,12.1,1.7,6.1,4.2,3.786,0.040
2023,03,전라북도,임실군,관촌면,방수리,관촌,10.6,6.7,11.7,2.1,4.3,3.0,1.904,0.028
2023,03,전라북도,임실군,운암면,학암리,운암,4.5,7.5,12.9,2.2,4.4,3.2,1.943,0.018
2023,03,전라북도,정읍시,산내면,매죽리,추령천,11.3,7.4,11.4,1.7,4.0,1.9,3.113,0.012
2023,03,전라북도,임실군,강진면,용수리,임실,7.9,7.2,12.2,1.0,3.7,1.5,1.591,0.013
2023,03,전라북도,순창군,동계면,구미리,동계,9.8,8.1,11.9,1.0,4.5,1.1,1.465,0.013
2023,03,전라북도,순창군,구림면,안정리,치천,9.5,8.1,13.4,1.2,3.8,1.3,2.124,0.011
2023,03,전라북도,남원시,대강면,풍산리,수홍천,9.3,7.6,12.6,0.9,2.5,1.1,2.116,0.013
2023,03,전라북도,순창군,유등면,유촌리,옥택천,8.5,7.3,12.0,1.0,3.3,1.8,1.590,0.021
2023,03,전라북도,순창군,적성면,고원리,적성,10.0,8.2,11.4,1.2,4.3,2.8,1.270,0.011
2023,03,전라북도,남원시,금지면,귀석리,남원,8.3,8.2,11.8,1.8,4.0,2.6,1.175,0.012
2023,03,전라북도,남원시,대강면,월탄리,대강,12.1,7.8,12.2,2.1,4.5,3.9,1.372,0.026
2023,03,전라북도,장수군,산서면,사상리,오수천1,11.0,8.0,14.4,1.4,3.0,3.5,2.196,0.026
2023,03,전라북도,남원시,덕과면,사율리,율천,11.2,7.7,13.4,1.5,3.3,2.9,1.113,0.045
2023,03,전라북도,남원시,사매면,서도리,월평천,11.3,7.5,14.9,3.1,6.2,9.7,2.226,0.088
2023,03,전라북도,순창군,동계면,서호리,오수천2,13.7,8.4,12.8,2.0,4.8,3.4,1.163,0.022
2023,03,전라북도,임실군,삼계면,후천리,후곡천,10.2,7.9,13.7,1.3,4.0,1.5,1.585,0.021
2023,03,전라북도,남원시,산동면,월석리,요천1,9.3,7.8,12.1,1.2,2.7,1.2,2.239,0.010
2023,03,전라북도,남원시,금지면,창산리,요천2,8.5,7.5,11.0,2.4,4.9,4.8,6.061,0.022
2023,03,전라북도,남원시,송동면,세전리,요천3,12.6,7.2,10.9,2.8,5.4,6.4,5.330,0.039
2023,03,전라북도,고창군,아산면,구암리,주진천1,7.4,7.5,13.1,2.2,5.0,4.6,5.384,0.051
2023,03,전라북도,고창군,아산면,반암리,주진천2,6.4,7.6,10.9,2.0,4.9,4.6,5.246,0.039
2023,04,전라북도,익산시,성당면,부곡리,산북천,16.7,8.2,8.0,10.4,13.9,55.3,7.521,0.453
2023,04,전라북도,익산시,망성면,무형리,마산천,19.0,7.4,5.7,3.8,15.0,8.4,4.945,0.592
2023,04,전라북도,부안군,동진면,하장리,고부천2,15.9,8.1,10.2,4.1,8.7,6.6,3.195,0.042
2023,04,전라북도,부안군,동진면,하장리,고부천3,15.0,8.0,9.1,3.2,8.2,9.2,3.023,0.042
2023,04,전라북도,정읍시,영원면,앵성리,고부천1,15.3,8.2,10.2,5.1,9.5,9.4,2.303,0.112
2023,04,전라북도,김제시,부량면,옥정리,동진강3,14.9,8.6,10.7,5.0,10.0,15.4,2.801,0.053
2023,04,전라북도,정읍시,신태인읍,,동진강2,14.9,7.7,10.0,1.9,6.2,26.9,2.404,0.031
2023,04,전라북도,정읍시,신태인읍,구석리,용호천,14.3,7.9,8.7,2.4,6.9,8.0,2.259,0.091
2023,04,전라북도,정읍시,옹동면,산성리,동진강1,14.7,8.2,11.9,0.9,3.1,1.5,2.302,0.012
2023,04,전라북도,김제시,성덕면,남포리,신평천,14.9,8.4,8.4,5.7,13.5,21.9,3.965,0.084
2023,04,전라북도,김제시,죽산면,대창리,원평천3,14.6,8.2,9.4,2.4,8.4,9.1,3.409,0.042
2023,04,전라북도,김제시,봉남면,용신리,원평천1,15.9,9.2,14.3,11.8,16.8,26.8,2.296,0.046
2023,04,전라북도,김제시,죽산면,죽산리,원평천2,14.2,8.8,9.8,4.5,10.2,8.0,4.091,0.039
2023,04,전라북도,정읍시,공평동,,정읍천3,17.3,8.4,10.4,3.6,6.0,8.2,1.838,0.070
2023,04,전라북도,정읍시,송산동,,정읍천1,15.1,8.3,10.7,1.2,3.1,1.0,2.101,0.009
2023,04,전라북도,정읍시,연지동,,정읍천2,17.5,8.0,12.2,1.4,3.7,2.4,2.754,0.027
2023,04,전라북도,정읍시,이평면,하송리,정읍천4,15.6,7.6,10.0,4.5,10.1,19.9,5.431,0.083
2023,04,전라북도,정읍시,하모동,,천원천,16.1,8.3,10.9,3.8,6.7,9.0,2.629,0.077
2023,04,전라북도,김제시,백구면,마산리,마산천,16.6,8.0,9.8,7.5,15.5,83.3,7.353,0.379
2023,04,전라북도,완주군,삼례읍,,삼례,15.2,7.4,8.5,7.4,9.2,5.5,7.350,0.048
2023,04,전라북도,익산시,춘포면,인수리,익산천1,13.1,7.6,9.9,6.3,11.3,18.8,3.491,0.101
2023,04,전라북도,익산시,춘포면,인수리,익산천2,14.0,7.6,9.7,7.3,12.5,31.4,3.597,0.146
2023,04,전라북도,군산시,대야면,광교리,탑천,15.3,7.9,9.7,6.2,10.9,11.2,3.730,0.086
2023,04,전라북도,김제시,백구면,백구리,김제,16.4,8.0,10.9,6.6,11.4,21.1,6.258,0.079
2023,04,전라북도,김제시,백구면,월봉리,용암천,15.4,8.0,11.5,9.0,20.0,16.5,12.907,0.160
2023,04,전라북도,전주시완산구,서신동,,삼천3,16.3,8.2,9.9,2.4,5.8,6.2,2.091,0.089
2023,04,전라북도,전주시완산구,평화동3가,,삼천1,13.5,7.9,10.9,1.4,3.7,4.2,2.628,0.029
2023,04,전라북도,전주시완산구,효자동2가,,삼천2,15.8,7.9,11.1,2.0,4.9,6.2,2.024,0.044
2023,04,전라북도,완주군,소양면,황운리,소양천1,14.8,7.9,10.2,0.7,1.9,3.2,3.663,0.018
2023,04,전라북도,완주군,용진읍,상운리,소양천2,15.4,8.0,9.8,0.9,3.0,3.4,3.200,0.017
2023,04,전라북도,익산시,춘포면,용연리,익산천3,12.4,7.6,9.5,6.4,10.1,9.6,2.815,0.094
2023,04,전라북도,전주시덕진구,고랑동,,전주천7,17.3,7.3,9.2,6.8,11.6,5.5,10.678,0.081
2023,04,전라북도,전주시덕진구,전미동1가,,전주,15.4,8.2,11.1,4.3,6.9,10.2,1.013,0.227
2023,04,전라북도,전주시완산구,대성동,,전주천1,13.1,8.2,11.0,0.6,1.8,1.9,3.163,0.005
2023,04,전라북도,완주군,고산면,읍내리,고산,12.0,7.8,10.4,4.3,3.4,3.7,1.743,0.004
2023,04,전라북도,무주군,무주읍,대차리,무주남대천2,17.5,9.0,11.4,1.4,3.5,2.7,1.856,0.015
2023,04,전라북도,무주군,무주읍,읍내리,무주남대천1,14.8,8.6,10.4,1.0,2.8,2.0,1.853,0.004
2023,04,전라북도,무주군,무주읍,읍내리,무주남대천3,14.4,7.9,11.4,1.4,3.6,2.8,1.764,0.021
2023,04,전라북도,부안군,상서면,청림리,백천내,15.3,6.7,8.7,0.6,2.2,0.1,2.511,0.006
2023,04,전라북도,무주군,안성면,진도리,구량천,11.9,7.9,11.4,1.1,3.7,2.8,2.273,0.017
2023,04,전라북도,진안군,정천면,월평리,정자천,13.9,7.9,11.0,0.7,2.8,2.8,2.407,0.008
2023,04,전라북도,진안군,진안읍,운산리,진안천,19.8,8.1,9.9,1.7,2.5,1.2,3.248,0.037
2023,04,전라북도,진안군,진안읍,가막리,가막,14.2,8.1,11.4,0.9,3.9,2.4,2.262,0.031
2023,04,전라북도,무주군,무주읍,용포리,용포,15.2,7.8,10.3,0.9,3.3,2.0,1.432,0.004
2023,04,전라북도,진안군,용담면,송풍리,용담,10.7,7.6,11.3,0.8,3.5,2.6,1.113,0.010
2023,04,전라북도,남원시,운봉읍,,람천2,13.7,7.9,9.9,4.7,2.2,0.6,0.849,0.012
2023,04,전라북도,남원시,인월면,중군리,람천1,16.8,9.2,12.1,5.9,5.8,2.9,2.202,0.042
2023,04,전라북도,임실군,관촌면,방수리,관촌,12.8,7.3,10.8,2.0,4.0,2.7,1.691,0.027
2023,04,전라북도,임실군,운암면,학암리,운암,14.3,7.8,10.3,1.1,4.3,9.7,2.079,0.010
2023,04,전라북도,정읍시,산내면,매죽리,추령천,14.2,7.3,10.9,1.6,3.5,2.8,3.487,0.018
2023,04,전라북도,임실군,강진면,용수리,임실,11.2,7.1,11.1,1.1,3.4,2.0,1.907,0.013
2023,04,전라북도,순창군,동계면,구미리,동계,13.8,7.8,9.7,1.1,4.0,2.4,2.263,0.013
2023,04,전라북도,순창군,구림면,안정리,치천,15.6,7.6,10.8,1.2,3.2,2.0,2.802,0.022
2023,04,전라북도,남원시,대강면,풍산리,수홍천,15.2,7.4,10.8,1.3,4.4,3.1,1.514,0.040
2023,04,전라북도,순창군,유등면,유촌리,옥택천,13.2,7.3,10.2,1.2,3.8,1.8,1.408,0.035
2023,04,전라북도,순창군,적성면,고원리,적성,15.4,8.3,10.2,1.1,4.3,3.3,1.629,0.013
2023,04,전라북도,남원시,금지면,귀석리,남원,14.1,7.8,10.0,2.4,6.2,6.7,2.740,0.032
2023,04,전라북도,남원시,대강면,월탄리,대강,16.0,7.3,10.5,2.2,5.7,16.0,1.502,0.047
2023,04,전라북도,장수군,산서면,사상리,오수천1,17.5,7.6,12.9,1.7,4.0,11.7,2.095,0.059
2023,04,전라북도,남원시,덕과면,사율리,율천,16.1,7.9,13.6,1.7,4.0,2.7,0.909,0.059
2023,04,전라북도,남원시,사매면,서도리,월평천,16.6,7.9,14.2,2.4,6.4,16.6,2.067,0.122
2023,04,전라북도,순창군,동계면,서호리,오수천2,16.1,7.5,11.1,1.8,5.0,6.5,1.214,0.032
2023,04,전라북도,임실군,삼계면,후천리,후곡천,14.7,7.6,11.5,1.4,4.3,2.0,1.856,0.044
2023,04,전라북도,남원시,산동면,월석리,요천1,13.7,8.1,10.6,1.3,3.2,2.2,2.338,0.014
2023,04,전라북도,남원시,금지면,창산리,요천2,13.9,7.6,10.0,1.3,4.8,7.2,3.292,0.012
2023,04,전라북도,남원시,송동면,세전리,요천3,16.3,7.2,10.2,3.3,5.9,7.8,3.214,0.046
2023,04,전라북도,고창군,아산면,구암리,주진천1,19.8,8.3,12.0,3.6,7.5,22.0,4.573,0.055
2023,04,전라북도,고창군,아산면,반암리,주진천2,18.6,7.7,10.4,6.3,6.8,16.8,3.654,0.054
2023,05,전라북도,익산시,성당면,부곡리,산북천,20.9,7.4,8.0,4.9,10.7,34.7,4.177,0.203
2023,05,전라북도,익산시,망성면,무형리,마산천,22.2,7.2,4.7,3.4,10.4,7.4,3.251,0.425
2023,05,전라북도,부안군,동진면,하장리,고부천2,18.3,8.0,9.0,3.1,8.2,11.4,2.642,0.047
2023,05,전라북도,부안군,동진면,하장리,고부천3,19.6,7.8,9.9,3.7,10.9,20.0,5.418,0.108
2023,05,전라북도,정읍시,영원면,앵성리,고부천1,17.5,7.9,9.3,3.6,8.6,8.4,2.287,0.054
2023,05,전라북도,김제시,부량면,옥정리,동진강3,18.9,7.6,7.7,4.5,10.8,20.2,4.051,0.075
2023,05,전라북도,정읍시,신태인읍,,동진강2,22.8,7.4,8.5,3.8,9.2,28.5,2.393,0.117
2023,05,전라북도,정읍시,신태인읍,구석리,용호천,16.5,8.1,6.8,3.4,8.2,22.8,3.061,0.122
2023,05,전라북도,정읍시,옹동면,산성리,동진강1,18.4,7.8,9.6,1.3,3.7,3.7,2.207,0.020
2023,05,전라북도,김제시,성덕면,남포리,신평천,21.9,7.9,8.4,3.5,7.8,14.2,2.459,0.036
2023,05,전라북도,김제시,죽산면,대창리,원평천3,19.4,7.6,9.0,4.3,10.8,21.1,6.657,0.134
2023,05,전라북도,김제시,봉남면,용신리,원평천1,24.6,7.7,8.8,16.0,12.5,13.2,2.484,0.091
2023,05,전라북도,김제시,죽산면,죽산리,원평천2,22.5,8.9,9.8,5.5,11.1,11.5,5.918,0.048
2023,05,전라북도,정읍시,공평동,,정읍천3,19.6,8.1,9.7,2.5,5.0,4.0,1.429,0.055
2023,05,전라북도,정읍시,송산동,,정읍천1,16.1,8.3,9.8,1.2,3.3,1.1,1.226,0.018
2023,05,전라북도,정읍시,연지동,,정읍천2,17.3,8.2,9.9,1.6,4.1,7.5,1.469,0.023
2023,05,전라북도,정읍시,이평면,하송리,정읍천4,19.1,7.0,6.8,2.7,7.8,17.7,4.773,0.073
2023,05,전라북도,정읍시,하모동,,천원천,19.4,7.9,10.2,3.1,7.8,15.0,2.015,0.079
2023,05,전라북도,김제시,백구면,마산리,마산천,20.4,8.3,10.9,4.7,13.3,16.8,6.878,0.139
2023,05,전라북도,완주군,삼례읍,,삼례,18.4,7.2,8.7,1.3,6.7,5.1,5.238,0.031
2023,05,전라북도,익산시,춘포면,인수리,익산천1,16.9,7.3,8.3,1.7,13.1,28.4,3.544,0.092
2023,05,전라북도,익산시,춘포면,인수리,익산천2,18.0,7.4,8.4,1.7,13.3,21.6,3.257,0.097
2023,05,전라북도,군산시,대야면,광교리,탑천,20.0,7.4,7.6,4.1,10.1,25.8,3.384,0.074
2023,05,전라북도,김제시,백구면,백구리,김제,20.6,8.5,14.4,5.4,11.3,16.6,4.895,0.051
2023,05,전라북도,김제시,백구면,월봉리,용암천,19.1,8.2,9.2,5.9,18.3,18.8,5.580,0.153
2023,05,전라북도,전주시완산구,서신동,,삼천3,19.9,8.0,8.7,2.9,5.9,15.4,1.539,0.073
2023,05,전라북도,전주시완산구,평화동3가,,삼천1,19.1,8.0,9.8,0.8,2.8,4.4,1.075,0.047
2023,05,전라북도,전주시완산구,효자동2가,,삼천2,21.6,8.1,9.9,2.2,4.3,13.9,1.162,0.060
2023,05,전라북도,완주군,소양면,황운리,소양천1,16.1,8.3,9.5,0.9,2.6,1.3,0.689,0.016
2023,05,전라북도,완주군,용진읍,상운리,소양천2,19.7,8.5,11.4,2.0,4.0,4.3,2.736,0.039
2023,05,전라북도,익산시,춘포면,용연리,익산천3,19.1,7.4,8.9,1.3,9.6,13.1,3.591,0.130
2023,05,전라북도,전주시덕진구,고랑동,,전주천7,20.3,7.1,8.6,3.8,10.9,6.3,11.090,0.059
2023,05,전라북도,전주시덕진구,전미동1가,,전주,20.3,7.8,10.8,2.6,6.1,9.9,2.148,0.092
2023,05,전라북도,전주시완산구,대성동,,전주천1,15.1,8.2,10.4,0.3,1.9,1.3,2.609,0.009
2023,05,전라북도,완주군,고산면,읍내리,고산,14.2,7.5,9.8,0.8,3.2,1.8,2.865,0.007
2023,05,전라북도,무주군,무주읍,대차리,무주남대천2,21.6,9.4,12.7,1.8,3.9,3.1,1.597,0.013
2023,05,전라북도,무주군,무주읍,읍내리,무주남대천1,20.0,8.9,11.0,1.4,3.3,2.2,1.499,0.007
2023,05,전라북도,무주군,무주읍,읍내리,무주남대천3,19.1,7.9,10.6,0.8,3.3,3.2,1.775,0.009
2023,05,전라북도,부안군,상서면,청림리,백천내,17.4,6.0,9.6,0.6,1.4,1.0,5.816,0.008
2023,05,전라북도,무주군,안성면,진도리,구량천,15.8,7.7,10.4,0.8,4.0,9.1,2.402,0.026
2023,05,전라북도,진안군,정천면,월평리,정자천,17.8,7.8,10.6,0.6,2.9,3.9,2.533,0.019
2023,05,전라북도,진안군,진안읍,운산리,진안천,20.7,7.9,10.5,2.1,3.9,1.3,3.457,0.039
2023,05,전라북도,진안군,진안읍,가막리,가막,18.4,7.9,10.4,0.8,4.4,4.7,3.654,0.045
2023,05,전라북도,무주군,무주읍,용포리,용포,17.7,8.1,9.9,1.1,3.6,2.6,1.261,0.008
2023,05,전라북도,진안군,용담면,송풍리,용담,16.3,7.4,9.9,0.9,3.8,3.2,1.519,0.009
2023,05,전라북도,남원시,운봉읍,,람천2,22.1,8.6,8.9,1.6,3.8,2.6,1.450,0.029
2023,05,전라북도,남원시,인월면,중군리,람천1,23.7,8.0,9.1,2.4,6.8,9.2,2.796,0.061
2023,05,전라북도,임실군,관촌면,방수리,관촌,16.7,7.2,9.9,2.4,4.7,6.1,3.012,0.039
2023,05,전라북도,임실군,운암면,학암리,운암,20.8,8.7,10.3,1.9,4.9,6.8,2.734,0.013
2023,05,전라북도,정읍시,산내면,매죽리,추령천,19.4,7.5,11.0,1.7,3.8,5.0,4.368,0.024
2023,05,전라북도,임실군,강진면,용수리,임실,18.6,7.6,11.0,1.9,3.8,2.3,1.787,0.015
2023,05,전라북도,순창군,동계면,구미리,동계,19.7,7.7,8.5,1.2,4.3,4.6,2.862,0.026
2023,05,전라북도,순창군,구림면,안정리,치천,20.6,7.6,9.5,2.1,4.0,3.4,3.055,0.036
2023,05,전라북도,남원시,대강면,풍산리,수홍천,21.6,7.2,8.2,4.0,7.7,18.1,2.988,0.113
2023,05,전라북도,순창군,유등면,유촌리,옥택천,20.1,7.1,8.1,2.8,6.5,4.9,2.270,0.065
2023,05,전라북도,순창군,적성면,고원리,적성,20.1,8.4,9.8,1.8,5.5,3.8,1.959,0.026
2023,05,전라북도,남원시,금지면,귀석리,남원,21.5,7.7,9.1,1.2,5.9,6.7,2.764,0.038
2023,05,전라북도,남원시,대강면,월탄리,대강,23.5,8.3,11.5,2.7,6.8,10.9,1.944,0.051
2023,05,전라북도,장수군,산서면,사상리,오수천1,21.7,8.5,12.9,2.5,5.3,9.9,2.361,0.075
2023,05,전라북도,남원시,덕과면,사율리,율천,20.0,7.0,10.8,1.6,3.9,4.5,0.884,0.058
2023,05,전라북도,남원시,사매면,서도리,월평천,22.2,7.8,13.4,2.2,8.6,8.3,1.677,0.120
2023,05,전라북도,순창군,동계면,서호리,오수천2,24.0,8.6,10.8,2.1,6.1,5.7,1.549,0.048
2023,05,전라북도,임실군,삼계면,후천리,후곡천,21.8,7.4,10.1,2.0,6.6,10.6,2.266,0.120
2023,05,전라북도,남원시,산동면,월석리,요천1,15.9,7.5,10.1,1.6,3.0,2.3,2.540,0.018
2023,05,전라북도,남원시,금지면,창산리,요천2,21.1,7.6,8.8,1.4,5.0,6.3,2.932,0.031
2023,05,전라북도,남원시,송동면,세전리,요천3,22.5,8.5,10.5,4.0,6.9,10.1,2.648,0.062
2023,05,전라북도,고창군,아산면,구암리,주진천1,16.1,7.6,9.5,2.1,8.4,45.8,4.171,0.122
2023,05,전라북도,고창군,아산면,반암리,주진천2,15.7,7.9,9.3,1.9,7.9,43.8,4.371,0.116
2023,06,전라북도,익산시,성당면,부곡리,산북천,26.9,7.4,5.3,3.3,12.8,36.2,2.684,0.127
2023,06,전라북도,익산시,망성면,무형리,마산천,23.7,7.4,7.2,3.3,11.9,22.9,2.594,0.299
2023,06,전라북도,부안군,동진면,하장리,고부천2,23.9,7.6,7.8,4.8,9.9,16.2,3.932,0.104
2023,06,전라북도,부안군,동진면,하장리,고부천3,23.9,7.0,5.9,2.4,10.2,23.6,3.837,0.134
2023,06,전라북도,정읍시,영원면,앵성리,고부천1,24.2,7.8,8.9,4.6,9.8,21.8,3.843,0.127
2023,06,전라북도,김제시,부량면,옥정리,동진강3,22.8,7.0,7.1,3.6,12.0,306.2,3.806,0.195
2023,06,전라북도,정읍시,신태인읍,,동진강2,25.8,7.6,8.2,5.2,11.4,19.3,3.641,0.076
2023,06,전라북도,정읍시,신태인읍,구석리,용호천,21.8,7.9,7.5,2.9,10.7,12.2,2.038,0.171
2023,06,전라북도,정읍시,옹동면,산성리,동진강1,21.7,7.8,8.7,2.5,5.4,6.4,3.021,0.011
2023,06,전라북도,김제시,성덕면,남포리,신평천,25.5,8.4,9.5,4.6,8.5,14.2,3.110,0.016
2023,06,전라북도,김제시,죽산면,대창리,원평천3,23.3,7.1,6.8,2.3,9.2,24.8,3.886,0.153
2023,06,전라북도,김제시,봉남면,용신리,원평천1,27.0,8.1,9.6,5.6,16.0,24.3,2.577,0.045
2023,06,전라북도,김제시,죽산면,죽산리,원평천2,26.0,7.8,8.4,5.1,9.8,21.5,4.104,0.054
2023,06,전라북도,정읍시,공평동,,정읍천3,23.7,7.7,8.0,2.5,6.4,6.3,2.941,0.059
2023,06,전라북도,정읍시,송산동,,정읍천1,20.8,7.8,9.3,1.0,2.7,1.2,1.835,0.009
2023,06,전라북도,정읍시,연지동,,정읍천2,21.8,7.8,9.3,1.3,3.1,2.1,2.540,0.013
2023,06,전라북도,정읍시,이평면,하송리,정읍천4,23.0,7.1,5.7,2.8,8.9,17.1,3.627,0.104
2023,06,전라북도,정읍시,하모동,,천원천,23.3,7.4,8.2,3.3,7.6,9.7,3.078,0.079
2023,06,전라북도,김제시,백구면,마산리,마산천,25.0,7.9,8.8,4.8,9.9,14.3,3.414,0.096
2023,06,전라북도,완주군,삼례읍,,삼례,25.1,7.3,7.5,2.2,7.2,5.0,4.917,0.011
2023,06,전라북도,익산시,춘포면,인수리,익산천1,25.0,7.5,7.6,3.8,17.0,27.4,3.156,0.066
2023,06,전라북도,익산시,춘포면,인수리,익산천2,26.3,7.6,7.9,3.5,16.6,19.4,3.111,0.040
2023,06,전라북도,군산시,대야면,광교리,탑천,24.9,7.1,5.0,3.2,10.8,28.0,2.667,0.101
2023,06,전라북도,김제시,백구면,백구리,김제,24.6,8.0,10.0,4.0,9.3,68.9,3.936,0.093
2023,06,전라북도,김제시,백구면,월봉리,용암천,24.8,7.7,8.3,5.0,13.7,19.6,3.111,0.122
2023,06,전라북도,전주시완산구,서신동,,삼천3,21.7,7.8,8.4,1.7,5.7,11.2,2.338,0.054
2023,06,전라북도,전주시완산구,평화동3가,,삼천1,20.1,7.6,8.6,1.5,5.3,9.6,2.312,0.052
2023,06,전라북도,전주시완산구,효자동2가,,삼천2,21.0,7.6,8.8,1.4,5.9,10.2,2.300,0.053
2023,06,전라북도,완주군,소양면,황운리,소양천1,23.1,8.1,9.3,1.0,2.6,2.9,3.835,0.012
2023,06,전라북도,완주군,용진읍,상운리,소양천2,23.0,8.0,10.2,1.7,4.1,3.4,5.776,0.074
2023,06,전라북도,익산시,춘포면,용연리,익산천3,26.6,9.1,11.6,4.2,11.3,14.8,3.329,0.016
2023,06,전라북도,전주시덕진구,고랑동,,전주천7,23.6,7.2,7.8,7.1,9.4,5.2,8.511,0.056
2023,06,전라북도,전주시덕진구,전미동1가,,전주,23.5,7.4,8.2,1.6,4.9,7.1,2.521,0.051
2023,06,전라북도,전주시완산구,대성동,,전주천1,17.8,7.8,9.3,0.5,1.5,1.1,5.123,0.006
2023,06,전라북도,완주군,고산면,읍내리,고산,18.5,7.8,8.9,1.0,3.7,2.7,3.092,0.003
2023,06,전라북도,무주군,무주읍,대차리,무주남대천2,20.0,7.8,9.1,1.2,3.6,3.1,2.837,0.000
2023,06,전라북도,무주군,무주읍,읍내리,무주남대천1,19.6,7.8,8.9,1.1,3.4,3.0,2.709,0.000
2023,06,전라북도,무주군,무주읍,읍내리,무주남대천3,22.6,7.8,10.3,0.7,3.7,6.8,1.989,0.028
2023,06,전라북도,부안군,상서면,청림리,백천내,18.9,6.6,9.0,0.7,1.8,1.3,4.006,0.007
2023,06,전라북도,무주군,안성면,진도리,구량천,20.1,7.8,9.8,0.6,3.9,7.0,2.151,0.040
2023,06,전라북도,진안군,정천면,월평리,정자천,22.0,7.7,9.0,0.4,3.0,4.4,2.561,0.022
2023,06,전라북도,진안군,진안읍,운산리,진안천,23.6,7.9,9.8,2.3,4.1,1.5,3.516,0.042
2023,06,전라북도,진안군,진안읍,가막리,가막,22.2,8.1,9.7,0.8,4.9,6.9,2.953,0.074
2023,06,전라북도,무주군,무주읍,용포리,용포,20.7,8.0,9.6,0.9,3.9,2.4,2.561,0.004
2023,06,전라북도,진안군,용담면,송풍리,용담,19.2,7.3,9.7,0.9,4.2,3.9,1.843,0.017
2023,06,전라북도,남원시,운봉읍,,람천2,25.2,9.0,8.9,2.1,4.6,1.6,1.326,0.017
2023,06,전라북도,남원시,인월면,중군리,람천1,26.0,9.1,11.0,3.3,7.8,2.0,1.875,0.031
2023,06,전라북도,임실군,관촌면,방수리,관촌,20.9,7.1,8.2,2.2,4.7,6.7,3.031,0.036
2023,06,전라북도,임실군,운암면,학암리,운암,20.3,7.7,8.5,1.4,4.5,7.6,4.722,0.020
2023,06,전라북도,정읍시,산내면,매죽리,추령천,22.7,7.5,9.8,2.1,4.2,3.9,3.333,0.025
2023,06,전라북도,임실군,강진면,용수리,임실,22.1,7.5,8.9,2.1,4.3,3.3,1.601,0.019
2023,06,전라북도,순창군,동계면,구미리,동계,26.3,8.4,8.1,1.1,5.0,3.9,1.416,0.014
2023,06,전라북도,순창군,구림면,안정리,치천,24.1,8.0,9.5,1.6,4.7,3.7,1.821,0.029
2023,06,전라북도,남원시,대강면,풍산리,수홍천,21.4,7.3,8.1,2.3,9.2,9.6,1.680,0.081
2023,06,전라북도,순창군,유등면,유촌리,옥택천,21.3,7.2,7.6,1.9,8.5,6.6,1.425,0.077
2023,06,전라북도,순창군,적성면,고원리,적성,25.4,8.2,8.2,1.9,7.1,4.3,2.210,0.024
2023,06,전라북도,남원시,금지면,귀석리,남원,28.6,8.4,9.1,1.5,8.5,4.4,1.719,0.040
2023,06,전라북도,남원시,대강면,월탄리,대강,26.1,7.6,9.7,2.9,7.7,9.1,1.643,0.058
2023,06,전라북도,장수군,산서면,사상리,오수천1,21.7,7.5,9.8,2.2,7.8,24.9,2.598,0.153
2023,06,전라북도,남원시,덕과면,사율리,율천,24.1,7.4,8.2,2.1,7.9,11.2,1.854,0.105
2023,06,전라북도,남원시,사매면,서도리,월평천,24.2,7.5,11.4,2.9,11.3,13.0,2.161,0.185
2023,06,전라북도,순창군,동계면,서호리,오수천2,25.1,7.8,8.7,2.4,7.7,7.8,1.878,0.085
2023,06,전라북도,임실군,삼계면,후천리,후곡천,23.0,7.4,8.8,1.6,8.6,5.8,2.451,0.140
2023,06,전라북도,남원시,산동면,월석리,요천1,18.9,7.3,9.0,1.9,3.1,2.7,2.161,0.024
2023,06,전라북도,남원시,금지면,창산리,요천2,28.1,8.0,8.4,1.6,7.9,9.3,2.536,0.034
2023,06,전라북도,남원시,송동면,세전리,요천3,24.8,7.7,8.4,3.3,7.3,11.2,2.038,0.081
2023,06,전라북도,고창군,아산면,구암리,주진천1,23.9,7.7,7.9,4.9,10.5,18.4,2.094,0.029
2023,06,전라북도,고창군,아산면,반암리,주진천2,23.7,7.4,6.0,5.4,9.6,25.8,2.062,0.051
2023,07,전라북도,익산시,성당면,부곡리,산북천,24.2,6.7,5.5,3.9,9.4,113.8,2.694,0.254
2023,07,전라북도,익산시,망성면,무형리,마산천,25.5,7.1,6.4,3.5,10.9,24.9,2.892,0.531
2023,07,전라북도,부안군,동진면,하장리,고부천2,26.3,7.7,9.0,3.2,10.8,39.6,2.627,0.190
2023,07,전라북도,부안군,동진면,하장리,고부천3,25.2,7.0,6.6,2.6,9.9,184.7,2.372,0.258
2023,07,전라북도,정읍시,영원면,앵성리,고부천1,26.5,7.6,9.4,3.3,10.6,58.5,2.156,0.171
2023,07,전라북도,김제시,부량면,옥정리,동진강3,23.0,7.0,7.6,2.9,9.4,167.3,2.776,0.179
2023,07,전라북도,정읍시,신태인읍,,동진강2,22.1,7.3,8.4,1.0,5.3,37.1,2.483,0.106
2023,07,전라북도,정읍시,신태인읍,구석리,용호천,24.1,8.2,6.7,2.5,10.5,11.0,3.611,0.146
2023,07,전라북도,정읍시,옹동면,산성리,동진강1,21.8,7.6,8.6,0.7,4.4,9.8,2.218,0.076
2023,07,전라북도,김제시,성덕면,남포리,신평천,25.1,7.5,7.8,1.6,5.4,18.2,3.055,0.116
2023,07,전라북도,김제시,죽산면,대창리,원평천3,25.1,7.1,7.6,2.0,9.7,177.3,2.583,0.273
2023,07,전라북도,김제시,봉남면,용신리,원평천1,25.2,7.3,7.9,1.2,6.8,19.4,2.955,0.129
2023,07,전라북도,김제시,죽산면,죽산리,원평천2,27.5,7.7,7.3,2.2,6.5,36.7,2.764,0.143
2023,07,전라북도,정읍시,공평동,,정읍천3,24.6,7.8,8.0,1.5,6.5,13.1,3.462,0.075
2023,07,전라북도,정읍시,송산동,,정읍천1,23.9,7.7,8.3,1.3,4.0,4.6,1.728,0.022
2023,07,전라북도,정읍시,연지동,,정읍천2,24.2,7.7,8.3,1.2,4.2,10.6,2.329,0.035
2023,07,전라북도,정읍시,이평면,하송리,정읍천4,24.7,7.2,7.3,2.3,8.2,85.0,2.721,0.154
2023,07,전라북도,정읍시,하모동,,천원천,23.9,7.7,8.1,2.6,7.4,12.9,3.676,0.092
2023,07,전라북도,김제시,백구면,마산리,마산천,28.3,7.8,8.2,5.3,12.9,12.8,3.942,0.228
2023,07,전라북도,완주군,삼례읍,,삼례,25.9,7.3,6.8,1.4,4.8,5.8,4.065,0.064
2023,07,전라북도,익산시,춘포면,인수리,익산천1,27.1,7.3,5.9,2.0,11.5,60.2,2.687,0.213
2023,07,전라북도,익산시,춘포면,인수리,익산천2,27.0,7.4,6.3,2.0,11.1,27.3,3.376,0.185
2023,07,전라북도,군산시,대야면,광교리,탑천,26.3,7.0,5.0,3.0,9.4,116.1,2.737,0.163
2023,07,전라북도,김제시,백구면,백구리,김제,25.4,7.7,8.1,2.2,8.3,106.3,2.797,0.183
2023,07,전라북도,김제시,백구면,월봉리,용암천,27.7,7.4,7.9,5.3,14.8,25.8,3.838,0.282
2023,07,전라북도,전주시완산구,서신동,,삼천3,26.4,7.8,7.8,1.4,5.0,12.4,2.192,0.063
2023,07,전라북도,전주시완산구,평화동3가,,삼천1,24.8,8.0,7.9,1.1,5.0,8.4,2.046,0.042
2023,07,전라북도,전주시완산구,효자동2가,,삼천2,25.5,7.8,7.9,1.3,5.1,11.3,2.068,0.028
2023,07,전라북도,완주군,소양면,황운리,소양천1,22.5,8.2,8.4,0.4,2.4,1.7,4.242,0.020
2023,07,전라북도,완주군,용진읍,상운리,소양천2,24.3,7.8,7.4,1.2,3.2,4.3,4.729,0.070
2023,07,전라북도,익산시,춘포면,용연리,익산천3,27.7,7.4,6.8,2.4,9.1,12.0,3.491,0.153
2023,07,전라북도,전주시덕진구,고랑동,,전주천7,24.5,7.4,7.3,3.7,7.5,58.7,3.422,0.124
2023,07,전라북도,전주시덕진구,전미동1가,,전주,24.0,7.6,7.8,0.9,4.4,15.1,2.587,0.085
2023,07,전라북도,전주시완산구,대성동,,전주천1,23.3,8.3,8.3,0.7,2.1,2.6,4.135,0.021
2023,07,전라북도,완주군,고산면,읍내리,고산,20.5,7.4,8.3,1.4,3.4,4.1,3.675,0.042
2023,07,전라북도,무주군,무주읍,대차리,무주남대천2,24.4,8.2,8.1,1.0,3.4,4.1,2.301,0.026
2023,07,전라북도,무주군,무주읍,읍내리,무주남대천1,23.1,8.1,8.6,1.2,3.1,4.8,2.343,0.031
2023,07,전라북도,무주군,무주읍,읍내리,무주남대천3,21.8,7.3,9.2,0.4,3.5,3.6,1.845,0.026
2023,07,전라북도,부안군,상서면,청림리,백천내,22.3,6.5,9.1,0.6,1.6,0.3,4.767,0.009
2023,07,전라북도,무주군,안성면,진도리,구량천,19.8,7.8,9.3,0.6,4.3,19.7,1.650,0.056
2023,07,전라북도,진안군,정천면,월평리,정자천,20.6,7.1,10.1,0.3,2.6,4.3,2.148,0.013
2023,07,전라북도,진안군,진안읍,운산리,진안천,23.7,7.5,9.2,1.9,3.1,0.8,3.508,0.045
2023,07,전라북도,진안군,진안읍,가막리,가막,21.3,7.7,9.0,0.4,4.0,7.7,2.838,0.061
2023,07,전라북도,무주군,무주읍,용포리,용포,21.7,8.1,9.1,1.5,3.7,1.9,2.549,0.011
2023,07,전라북도,진안군,용담면,송풍리,용담,19.4,7.1,9.8,0.7,4.4,5.0,1.869,0.030
2023,07,전라북도,남원시,운봉읍,,람천2,22.4,8.0,8.3,0.7,2.4,2.0,1.704,0.044
2023,07,전라북도,남원시,인월면,중군리,람천1,23.9,7.8,7.9,1.2,3.5,4.9,2.916,0.077
2023,07,전라북도,임실군,관촌면,방수리,관촌,20.7,7.0,8.8,1.5,4.7,16.3,1.652,0.184
2023,07,전라북도,임실군,운암면,학암리,운암,24.0,7.6,8.2,1.6,4.0,9.2,2.481,0.053
2023,07,전라북도,임실군,강진면,용수리,임실,22.1,7.1,8.8,1.3,4.8,8.8,1.663,0.076
2023,07,전라북도,순창군,동계면,구미리,동계,22.5,7.5,8.5,2.0,4.2,6.5,1.747,0.066
2023,07,전라북도,순창군,구림면,안정리,치천,22.4,7.6,8.7,1.4,3.2,5.9,1.983,0.051
2023,07,전라북도,남원시,대강면,풍산리,수홍천,22.5,7.0,8.4,1.8,3.7,11.3,2.656,0.080
2023,07,전라북도,순창군,유등면,유촌리,옥택천,22.5,6.6,8.6,1.7,4.1,10.2,1.748,0.087
2023,07,전라북도,순창군,적성면,고원리,적성,23.5,7.7,8.3,1.4,4.7,18.5,2.104,0.092
2023,07,전라북도,남원시,금지면,귀석리,남원,23.5,7.5,7.9,1.5,4.8,13.3,2.040,0.080
2023,07,전라북도,장수군,산서면,사상리,오수천1,23.3,7.2,8.7,1.3,4.2,16.1,1.950,0.123
2023,07,전라북도,남원시,덕과면,사율리,율천,23.5,7.4,8.6,1.4,5.1,19.9,2.022,0.132
2023,07,전라북도,남원시,사매면,서도리,월평천,25.6,7.2,8.4,1.6,5.8,13.8,3.115,0.206
2023,07,전라북도,순창군,동계면,서호리,오수천2,22.8,6.9,8.1,2.8,7.3,56.4,1.937,0.260
2023,07,전라북도,임실군,삼계면,후천리,후곡천,22.1,6.8,8.8,1.4,4.9,15.2,1.716,0.126
2023,07,전라북도,남원시,산동면,월석리,요천1,18.4,6.9,9.1,1.9,4.7,9.8,1.782,0.067
2023,07,전라북도,남원시,금지면,창산리,요천2,22.3,7.4,8.4,1.4,4.0,8.4,2.123,0.056
2023,07,전라북도,남원시,송동면,세전리,요천3,22.7,7.1,8.4,1.8,5.2,19.6,1.996,0.083
2023,07,전라북도,고창군,아산면,구암리,주진천1,26.8,7.6,7.8,2.0,7.8,47.3,3.321,0.195
2023,07,전라북도,고창군,아산면,반암리,주진천2,26.1,7.5,7.5,1.7,7.6,47.1,3.289,0.163
2023,08,전라북도,익산시,성당면,부곡리,산북천,25.6,7.2,6.6,4.6,11.1,125.7,1.959,0.266
2023,08,전라북도,익산시,망성면,무형리,마산천,30.1,7.4,5.7,1.7,6.9,19.7,2.393,0.405
2023,08,전라북도,부안군,동진면,하장리,고부천2,32.2,8.2,8.6,3.0,7.9,23.5,2.704,0.195
2023,08,전라북도,부안군,동진면,하장리,고부천3,25.9,7.5,7.9,3.1,9.5,48.6,2.177,0.176
2023,08,전라북도,정읍시,영원면,앵성리,고부천1,32.6,8.2,8.3,3.4,10.3,38.0,2.344,0.210
2023,08,전라북도,김제시,부량면,옥정리,동진강3,26.0,7.1,7.5,2.2,6.9,20.5,2.593,0.162
2023,08,전라북도,정읍시,신태인읍,,동진강2,28.4,7.3,7.1,1.9,8.0,20.7,2.545,0.170
2023,08,전라북도,정읍시,신태인읍,구석리,용호천,28.1,7.8,6.9,2.5,7.4,31.5,3.990,0.152
2023,08,전라북도,정읍시,옹동면,산성리,동진강1,24.3,8.0,8.9,1.8,4.5,5.1,1.743,0.046
2023,08,전라북도,김제시,성덕면,남포리,신평천,30.9,8.6,9.8,2.6,6.8,10.0,1.807,0.056
2023,08,전라북도,김제시,죽산면,대창리,원평천3,26.9,7.7,9.1,4.1,8.6,30.4,1.741,0.103
2023,08,전라북도,김제시,봉남면,용신리,원평천1,32.6,7.9,8.5,2.2,7.9,25.9,1.610,0.157
2023,08,전라북도,김제시,죽산면,죽산리,원평천2,31.2,9.2,10.2,2.7,9.2,10.2,1.736,0.045
2023,08,전라북도,정읍시,공평동,,정읍천3,29.4,7.8,8.0,2.2,5.3,8.9,3.174,0.071
2023,08,전라북도,정읍시,송산동,,정읍천1,25.8,7.9,8.4,1.3,3.6,2.5,1.246,0.019
2023,08,전라북도,정읍시,연지동,,정읍천2,26.9,8.2,9.4,1.9,4.1,6.1,2.172,0.042
2023,08,전라북도,정읍시,이평면,하송리,정읍천4,26.5,7.1,6.7,2.0,7.6,37.2,2.281,0.147
2023,08,전라북도,정읍시,하모동,,천원천,29.4,7.7,7.8,2.0,6.0,9.2,2.995,0.087
2023,08,전라북도,김제시,백구면,마산리,마산천,29.1,8.1,10.4,3.2,8.3,8.0,3.211,0.101
2023,08,전라북도,완주군,삼례읍,,삼례,28.5,7.7,7.8,2.2,4.8,8.9,2.234,0.023
2023,08,전라북도,익산시,춘포면,인수리,익산천1,29.1,7.4,6.7,2.3,7.7,43.2,1.909,0.078
2023,08,전라북도,익산시,춘포면,인수리,익산천2,29.1,7.6,7.1,1.8,7.8,41.0,1.994,0.117
2023,08,전라북도,군산시,대야면,광교리,탑천,27.8,7.4,5.8,3.8,8.9,26.8,1.619,0.118
2023,08,전라북도,김제시,백구면,백구리,김제,28.2,7.9,10.0,3.1,7.0,17.1,2.804,0.063
2023,08,전라북도,김제시,백구면,월봉리,용암천,30.5,8.6,10.1,5.7,13.0,12.8,4.941,0.309
2023,08,전라북도,전주시완산구,서신동,,삼천3,27.0,8.0,8.2,1.3,4.4,5.0,2.204,0.066
2023,08,전라북도,전주시완산구,평화동3가,,삼천1,25.0,7.8,8.4,1.5,4.6,7.6,2.152,0.070
2023,08,전라북도,전주시완산구,효자동2가,,삼천2,26.1,7.8,8.4,1.4,4.4,3.6,2.146,0.051
2023,08,전라북도,완주군,소양면,황운리,소양천1,27.8,8.0,8.5,0.6,2.5,3.1,1.587,0.023
2023,08,전라북도,완주군,용진읍,상운리,소양천2,28.9,8.0,7.7,0.8,3.1,3.4,3.705,0.038
2023,08,전라북도,익산시,춘포면,용연리,익산천3,29.4,7.5,6.4,1.7,7.6,22.6,1.886,0.095
2023,08,전라북도,전주시덕진구,고랑동,,전주천7,27.3,7.2,5.3,4.3,8.3,3.6,5.263,0.111
2023,08,전라북도,전주시덕진구,전미동1가,,전주,25.3,7.8,8.4,0.8,4.2,6.6,1.822,0.039
2023,08,전라북도,전주시완산구,대성동,,전주천1,25.0,8.1,9.3,0.7,2.3,1.3,2.026,0.020
2023,08,전라북도,완주군,고산면,읍내리,고산,26.9,7.8,7.6,1.2,4.4,8.6,2.308,0.010
2023,08,전라북도,무주군,무주읍,대차리,무주남대천2,30.5,8.7,8.7,1.2,3.8,3.2,1.554,0.011
2023,08,전라북도,무주군,무주읍,읍내리,무주남대천1,30.3,8.6,8.4,1.1,3.8,3.3,1.584,0.011
2023,08,전라북도,무주군,무주읍,읍내리,무주남대천3,27.5,8.1,9.6,0.7,3.3,2.9,1.493,0.017
2023,08,전라북도,부안군,상서면,청림리,백천내,26.0,6.5,8.6,0.8,2.6,0.2,1.809,0.005
2023,08,전라북도,무주군,안성면,진도리,구량천,23.0,8.2,9.2,0.6,3.6,4.3,1.488,0.028
2023,08,전라북도,진안군,정천면,월평리,정자천,26.0,7.7,9.3,0.5,2.7,3.5,1.359,0.013
2023,08,전라북도,진안군,진안읍,운산리,진안천,24.1,7.6,9.3,2.4,2.8,1.1,3.164,0.042
2023,08,전라북도,진안군,진안읍,가막리,가막,26.3,8.4,10.2,1.4,4.8,5.2,2.024,0.057
2023,08,전라북도,무주군,무주읍,용포리,용포,26.8,7.9,8.2,1.1,3.9,2.0,1.657,0.017
2023,08,전라북도,진안군,용담면,송풍리,용담,21.3,7.1,10.5,0.5,4.3,3.3,1.499,0.046
2023,08,전라북도,남원시,운봉읍,,람천2,30.4,9.2,8.5,1.1,3.6,2.5,1.628,0.043
2023,08,전라북도,남원시,인월면,중군리,람천1,29.8,8.7,8.3,2.1,4.5,2.8,1.965,0.053
2023,08,전라북도,임실군,관촌면,방수리,관촌,29.0,7.5,8.1,2.2,3.9,4.8,1.376,0.038
2023,08,전라북도,임실군,운암면,학암리,운암,32.1,9.0,9.8,2.9,4.4,3.3,1.543,0.016
2023,08,전라북도,정읍시,산내면,매죽리,추령천,28.5,8.0,9.0,2.0,3.8,5.2,2.169,0.039
2023,08,전라북도,임실군,강진면,용수리,임실,25.2,7.2,8.2,2.1,4.7,3.8,1.435,0.030
2023,08,전라북도,순창군,동계면,구미리,동계,28.3,7.9,7.8,1.4,3.8,2.8,1.547,0.041
2023,08,전라북도,순창군,구림면,안정리,치천,27.1,7.7,8.5,1.4,4.0,7.8,1.390,0.067
2023,08,전라북도,남원시,대강면,풍산리,수홍천,25.0,7.0,7.5,1.3,4.0,7.5,1.982,0.069
2023,08,전라북도,순창군,유등면,유촌리,옥택천,26.0,6.8,7.6,1.2,4.3,5.2,1.008,0.066
2023,08,전라북도,순창군,적성면,고원리,적성,29.3,7.9,7.4,1.4,4.3,4.5,1.491,0.033
2023,08,전라북도,남원시,금지면,귀석리,남원,30.3,8.2,8.1,1.7,5.5,7.4,1.819,0.082
2023,08,전라북도,남원시,대강면,월탄리,대강,28.9,7.9,9.3,2.1,5.1,13.0,1.363,0.082
2023,08,전라북도,장수군,산서면,사상리,오수천1,25.8,7.2,9.0,1.6,4.5,8.1,1.794,0.101
2023,08,전라북도,남원시,덕과면,사율리,율천,28.6,7.5,8.5,1.6,5.1,9.3,1.602,0.115
2023,08,전라북도,남원시,사매면,서도리,월평천,28.0,7.9,11.5,2.2,5.8,6.8,2.459,0.137
2023,08,전라북도,순창군,동계면,서호리,오수천2,27.2,7.8,8.9,2.4,5.7,31.4,1.512,0.164
2023,08,전라북도,임실군,삼계면,후천리,후곡천,26.5,7.3,8.2,1.4,5.2,10.7,1.544,0.122
2023,08,전라북도,남원시,산동면,월석리,요천1,23.8,8.0,9.0,1.5,3.5,2.7,1.279,0.028
2023,08,전라북도,남원시,금지면,창산리,요천2,29.8,8.1,8.0,1.6,3.7,4.8,1.798,0.020
2023,08,전라북도,남원시,송동면,세전리,요천3,29.0,7.7,8.3,2.3,5.1,13.4,1.569,0.074
2023,08,전라북도,고창군,아산면,구암리,주진천1,29.3,8.4,9.6,2.1,6.6,9.2,1.719,0.034
2023,08,전라북도,고창군,아산면,반암리,주진천2,28.4,7.8,8.1,1.7,6.1,15.3,1.629,0.038
2023,09,전라북도,익산시,성당면,부곡리,산북천,26.9,7.7,8.5,3.3,7.7,20.1,2.144,0.128
2023,09,전라북도,익산시,망성면,무형리,마산천,27.8,7.8,6.2,2.0,7.5,7.7,4.301,0.284
2023,09,전라북도,부안군,동진면,하장리,고부천2,28.0,8.1,10.3,4.0,8.6,13.0,1.861,0.109
2023,09,전라북도,부안군,동진면,하장리,고부천3,24.5,7.1,7.8,2.2,8.3,72.4,1.476,0.101
2023,09,전라북도,정읍시,영원면,앵성리,고부천1,28.6,8.4,10.7,3.8,10.5,18.8,0.981,0.102
2023,09,전라북도,김제시,부량면,옥정리,동진강3,22.3,7.0,7.6,1.7,6.3,28.6,2.434,0.111
2023,09,전라북도,정읍시,신태인읍,,동진강2,27.3,7.3,7.9,2.1,5.0,5.4,1.787,0.056
2023,09,전라북도,정읍시,신태인읍,구석리,용호천,25.9,8.1,8.0,2.0,6.3,15.4,1.975,0.155
2023,09,전라북도,정읍시,옹동면,산성리,동진강1,24.2,7.6,8.4,1.8,4.4,2.7,1.749,0.030
2023,09,전라북도,김제시,성덕면,남포리,신평천,22.3,7.4,7.5,4.3,11.6,58.5,2.362,0.209
2023,09,전라북도,김제시,죽산면,대창리,원평천3,23.8,7.4,8.1,2.0,7.4,35.8,1.747,0.108
2023,09,전라북도,김제시,봉남면,용신리,원평천1,29.8,8.8,10.9,4.3,9.8,13.2,1.088,0.042
2023,09,전라북도,김제시,죽산면,죽산리,원평천2,23.0,7.5,7.4,4.2,9.6,52.8,1.954,0.122
2023,09,전라북도,정읍시,공평동,,정읍천3,27.0,8.2,8.2,2.2,5.7,7.8,2.148,0.073
2023,09,전라북도,정읍시,송산동,,정읍천1,25.3,8.1,9.1,1.5,3.4,4.0,0.783,0.039
2023,09,전라북도,정읍시,연지동,,정읍천2,27.0,8.1,9.9,1.7,3.5,4.0,1.251,0.048
2023,09,전라북도,정읍시,이평면,하송리,정읍천4,23.9,7.2,6.9,1.6,6.4,28.7,2.290,0.124
2023,09,전라북도,정읍시,하모동,,천원천,26.3,8.0,8.5,2.1,5.6,6.6,2.033,0.087
2023,09,전라북도,김제시,백구면,마산리,마산천,28.5,8.2,9.8,3.1,7.9,19.5,3.195,0.161
2023,09,전라북도,완주군,삼례읍,,삼례,24.9,7.7,7.7,1.8,4.9,4.7,2.169,0.031
2023,09,전라북도,익산시,춘포면,인수리,익산천1,24.1,7.5,7.6,2.4,8.0,26.4,1.744,0.078
2023,09,전라북도,익산시,춘포면,인수리,익산천2,24.2,7.5,7.5,2.3,8.0,21.2,2.545,0.074
2023,09,전라북도,군산시,대야면,광교리,탑천,25.1,7.1,6.7,2.6,7.7,27.3,1.724,0.124
2023,09,전라북도,김제시,백구면,백구리,김제,24.8,7.5,8.0,2.1,5.9,16.9,2.897,0.083
2023,09,전라북도,김제시,백구면,월봉리,용암천,29.1,8.2,10.4,4.8,11.1,22.3,3.356,0.242
2023,09,전라북도,전주시완산구,서신동,,삼천3,26.7,7.9,8.1,1.9,5.7,7.9,1.741,0.091
2023,09,전라북도,전주시완산구,평화동3가,,삼천1,25.6,7.9,8.4,1.5,5.2,9.9,1.527,0.079
2023,09,전라북도,전주시완산구,효자동2가,,삼천2,26.2,7.8,8.4,1.5,5.3,7.0,1.570,0.084
2023,09,전라북도,완주군,소양면,황운리,소양천1,25.7,8.0,9.3,0.8,2.1,1.7,1.581,0.033
2023,09,전라북도,완주군,용진읍,상운리,소양천2,27.1,8.1,8.2,1.2,3.0,5.0,3.056,0.052
2023,09,전라북도,익산시,춘포면,용연리,익산천3,23.7,7.6,7.6,2.1,5.8,10.6,1.709,0.047
2023,09,전라북도,전주시덕진구,고랑동,,전주천7,24.9,7.2,5.4,4.7,8.2,8.1,5.650,0.131
2023,09,전라북도,전주시덕진구,전미동1가,,전주,23.4,7.4,8.3,0.6,3.8,6.1,1.545,0.055
2023,09,전라북도,전주시완산구,대성동,,전주천1,25.2,8.1,8.9,0.8,1.9,2.1,1.714,0.028
2023,09,전라북도,완주군,고산면,읍내리,고산,21.6,8.2,8.3,1.0,3.8,3.5,1.710,0.012
2023,09,전라북도,무주군,무주읍,대차리,무주남대천2,25.5,8.3,8.6,1.2,3.0,2.1,1.675,0.015
2023,09,전라북도,무주군,무주읍,읍내리,무주남대천1,24.9,8.3,8.7,1.1,2.8,1.6,1.552,0.013
2023,09,전라북도,무주군,무주읍,읍내리,무주남대천3,22.4,7.4,9.5,0.5,4.3,10.9,1.512,0.038
2023,09,전라북도,부안군,상서면,청림리,백천내,25.7,6.7,7.7,1.0,3.2,0.6,2.006,0.010
2023,09,전라북도,무주군,안성면,진도리,구량천,20.1,7.9,9.3,0.4,3.7,10.1,1.440,0.042
2023,09,전라북도,진안군,정천면,월평리,정자천,22.2,7.7,9.7,0.4,3.0,8.5,1.623,0.025
2023,09,전라북도,진안군,진안읍,운산리,진안천,23.5,7.6,9.4,2.3,3.1,1.2,3.142,0.041
2023,09,전라북도,진안군,진안읍,가막리,가막,22.3,8.1,9.3,0.6,4.5,11.6,2.205,0.075
2023,09,전라북도,무주군,무주읍,용포리,용포,25.2,9.1,10.2,0.9,4.1,1.7,1.428,0.013
2023,09,전라북도,진안군,용담면,송풍리,용담,21.2,7.1,9.9,0.3,4.4,3.7,1.622,0.038
2023,09,전라북도,남원시,운봉읍,,람천2,19.8,8.5,8.8,2.1,2.8,0.9,3.605,0.023
2023,09,전라북도,남원시,인월면,중군리,람천1,21.1,8.5,9.0,2.4,3.8,3.9,4.906,0.058
2023,09,전라북도,임실군,관촌면,방수리,관촌,22.9,7.0,8.4,1.4,3.3,3.3,1.331,0.026
2023,09,전라북도,임실군,운암면,학암리,운암,23.9,7.2,7.5,2.1,3.2,5.0,3.586,0.034
2023,09,전라북도,정읍시,산내면,매죽리,추령천,24.4,7.4,9.0,1.4,3.7,4.2,1.633,0.025
2023,09,전라북도,임실군,강진면,용수리,임실,25.4,7.3,7.6,2.0,8.0,7.5,0.636,0.029
2023,09,전라북도,순창군,동계면,구미리,동계,24.9,7.5,8.7,2.9,3.9,4.8,2.096,0.047
2023,09,전라북도,순창군,구림면,안정리,치천,23.0,7.3,8.9,1.3,3.9,8.0,1.332,0.050
2023,09,전라북도,남원시,대강면,풍산리,수홍천,21.0,7.0,8.2,1.1,3.9,4.8,2.206,0.055
2023,09,전라북도,순창군,유등면,유촌리,옥택천,22.0,6.9,8.2,1.4,3.9,4.9,1.374,0.059
2023,09,전라북도,순창군,적성면,고원리,적성,24.9,7.9,8.1,2.1,4.0,4.9,1.771,0.039
2023,09,전라북도,남원시,금지면,귀석리,남원,25.4,7.9,8.1,1.9,5.6,8.3,1.475,0.070
2023,09,전라북도,남원시,대강면,월탄리,대강,25.9,7.8,9.6,1.8,4.3,6.1,1.284,0.048
2023,09,전라북도,장수군,산서면,사상리,오수천1,22.0,7.3,9.0,2.2,5.5,7.7,1.827,0.108
2023,09,전라북도,남원시,덕과면,사율리,율천,23.7,7.4,8.5,2.2,5.3,10.7,1.359,0.095
2023,09,전라북도,남원시,사매면,서도리,월평천,23.0,7.5,10.5,4.6,9.0,9.4,2.525,0.158
2023,09,전라북도,순창군,동계면,서호리,오수천2,25.2,7.9,9.2,1.4,4.4,6.1,1.432,0.066
2023,09,전라북도,임실군,삼계면,후천리,후곡천,23.2,7.4,8.7,1.9,5.5,7.4,1.864,0.109
2023,09,전라북도,남원시,산동면,월석리,요천1,23.9,7.9,9.1,0.9,2.9,1.6,1.394,0.014
2023,09,전라북도,남원시,금지면,창산리,요천2,24.6,7.8,8.5,2.1,4.5,3.5,2.249,0.028
2023,09,전라북도,남원시,송동면,세전리,요천3,24.4,7.4,8.4,1.4,4.0,6.5,1.598,0.046
2023,09,전라북도,고창군,아산면,구암리,주진천1,24.9,7.6,9.4,2.7,6.0,7.4,1.331,0.025
2023,09,전라북도,고창군,아산면,반암리,주진천2,24.4,7.6,8.3,2.5,5.5,8.0,1.257,0.031
2023,10,전라북도,익산시,성당면,부곡리,산북천,17.8,8.0,9.3,5.5,9.8,36.3,8.136,0.583
2023,10,전라북도,익산시,망성면,무형리,마산천,20.0,7.5,7.2,1.9,5.5,4.0,4.517,0.219
2023,10,전라북도,부안군,동진면,하장리,고부천2,19.7,8.3,10.6,3.5,10.2,32.0,2.987,0.187
2023,10,전라북도,부안군,동진면,하장리,고부천3,18.5,7.7,10.8,3.6,8.2,47.1,2.885,0.125
2023,10,전라북도,정읍시,영원면,앵성리,고부천1,19.2,8.7,10.4,2.8,7.9,60.5,3.064,0.157
2023,10,전라북도,김제시,부량면,옥정리,동진강3,17.8,8.1,10.7,1.2,4.7,10.9,3.360,0.070
2023,10,전라북도,정읍시,신태인읍,,동진강2,19.1,7.9,9.2,0.9,3.7,7.2,2.604,0.041
2023,10,전라북도,정읍시,신태인읍,구석리,용호천,17.3,8.1,9.0,1.8,5.6,8.4,3.548,0.107
2023,10,전라북도,정읍시,옹동면,산성리,동진강1,17.3,8.1,9.5,0.8,3.6,1.1,2.144,0.023
2023,10,전라북도,김제시,성덕면,남포리,신평천,20.9,8.7,10.9,4.0,10.3,15.4,3.689,0.038
2023,10,전라북도,김제시,죽산면,대창리,원평천3,19.6,8.5,13.5,4.5,7.3,19.3,3.041,0.086
2023,10,전라북도,김제시,봉남면,용신리,원평천1,18.3,7.7,8.7,1.9,7.2,9.2,3.481,0.042
2023,10,전라북도,김제시,죽산면,죽산리,원평천2,21.6,8.5,8.9,2.2,8.5,16.6,2.270,0.040
2023,10,전라북도,정읍시,공평동,,정읍천3,19.2,8.3,9.5,1.5,5.3,11.3,2.879,0.069
2023,10,전라북도,정읍시,송산동,,정읍천1,19.3,8.2,9.9,0.4,2.6,2.1,1.054,0.012
2023,10,전라북도,정읍시,연지동,,정읍천2,20.0,8.3,12.9,0.8,3.3,2.0,2.119,0.025
2023,10,전라북도,정읍시,이평면,하송리,정읍천4,19.8,7.8,11.1,2.7,6.2,9.7,5.194,0.091
2023,10,전라북도,정읍시,하모동,,천원천,18.8,8.1,9.6,1.4,5.8,7.7,2.837,0.082
2023,10,전라북도,김제시,백구면,마산리,마산천,23.3,8.3,11.8,4.3,11.1,12.4,11.382,0.157
2023,10,전라북도,완주군,삼례읍,,삼례,20.4,7.7,8.9,1.5,4.9,3.7,4.003,0.022
2023,10,전라북도,익산시,춘포면,인수리,익산천1,18.8,7.8,9.6,1.3,4.9,6.7,4.277,0.075
2023,10,전라북도,익산시,춘포면,인수리,익산천2,20.5,8.8,13.0,2.0,5.6,5.6,4.791,0.093
2023,10,전라북도,군산시,대야면,광교리,탑천,19.2,7.4,8.1,3.5,6.2,23.3,3.521,0.098
2023,10,전라북도,김제시,백구면,백구리,김제,19.1,7.9,10.5,2.6,6.5,10.6,4.366,0.058
2023,10,전라북도,김제시,백구면,월봉리,용암천,19.4,8.5,10.2,3.3,10.8,29.5,8.053,0.177
2023,10,전라북도,전주시완산구,서신동,,삼천3,19.7,7.9,9.7,1.2,4.4,4.6,2.226,0.080
2023,10,전라북도,전주시완산구,평화동3가,,삼천1,19.6,7.9,9.7,0.9,3.7,5.0,1.793,0.043
2023,10,전라북도,전주시완산구,효자동2가,,삼천2,19.3,7.9,9.8,1.0,4.1,4.7,1.938,0.064
2023,10,전라북도,완주군,소양면,황운리,소양천1,20.3,8.1,10.2,0.8,1.8,1.7,1.900,0.018
2023,10,전라북도,완주군,용진읍,상운리,소양천2,20.6,8.2,9.6,1.0,2.6,2.4,2.853,0.030
2023,10,전라북도,익산시,춘포면,용연리,익산천3,18.6,7.7,9.8,1.5,5.2,7.4,4.269,0.069
2023,10,전라북도,전주시덕진구,고랑동,,전주천7,21.9,7.5,9.3,6.1,9.6,5.2,8.440,0.064
2023,10,전라북도,전주시덕진구,전미동1가,,전주,18.1,7.8,10.7,1.0,4.3,7.1,1.391,0.112
2023,10,전라북도,전주시완산구,대성동,,전주천1,18.8,8.0,9.5,0.5,1.7,1.2,2.308,0.025
2023,10,전라북도,완주군,고산면,읍내리,고산,19.3,8.0,9.0,0.9,3.4,2.5,1.934,0.011
2023,10,전라북도,무주군,무주읍,대차리,무주남대천2,20.7,8.8,10.8,1.3,3.0,0.4,1.938,0.013
2023,10,전라북도,무주군,무주읍,읍내리,무주남대천1,19.5,8.5,10.7,0.9,2.7,1.3,1.851,0.007
2023,10,전라북도,무주군,무주읍,읍내리,무주남대천3,14.9,8.2,12.2,0.5,2.5,1.3,1.714,0.016
2023,10,전라북도,부안군,상서면,청림리,백천내,16.9,6.8,10.2,1.2,2.8,0.2,2.025,0.003
2023,10,전라북도,무주군,안성면,진도리,구량천,13.2,8.2,11.5,0.5,2.2,1.2,2.309,0.018
2023,10,전라북도,진안군,정천면,월평리,정자천,15.6,7.9,11.1,0.4,1.9,1.6,1.341,0.013
2023,10,전라북도,진안군,진안읍,운산리,진안천,19.1,7.7,9.3,1.5,2.7,1.2,3.219,0.035
2023,10,전라북도,진안군,진안읍,가막리,가막,14.8,8.3,11.7,0.7,2.4,1.7,2.816,0.034
2023,10,전라북도,무주군,무주읍,용포리,용포,21.1,8.7,12.2,1.6,4.2,1.3,1.292,0.011
2023,10,전라북도,진안군,용담면,송풍리,용담,19.7,7.8,10.0,0.6,3.9,1.4,1.297,0.033
2023,10,전라북도,남원시,운봉읍,,람천2,19.0,9.1,9.5,1.5,2.8,1.2,2.202,0.031
2023,10,전라북도,남원시,인월면,중군리,람천1,19.0,9.0,9.8,1.7,3.6,1.7,3.283,0.044
2023,10,전라북도,임실군,관촌면,방수리,관촌,16.7,7.2,10.3,1.7,2.9,1.5,1.207,0.016
2023,10,전라북도,임실군,운암면,학암리,운암,19.0,8.0,9.6,2.5,7.8,10.6,1.121,0.021
2023,10,전라북도,정읍시,산내면,매죽리,추령천,17.4,8.3,11.1,1.6,3.1,2.0,1.285,0.011
2023,10,전라북도,임실군,강진면,용수리,임실,19.7,7.4,9.5,1.6,4.9,2.4,1.108,0.015
2023,10,전라북도,순창군,동계면,구미리,동계,18.6,9.1,10.3,0.6,3.9,0.8,0.802,0.014
2023,10,전라북도,순창군,구림면,안정리,치천,16.7,7.9,11.0,1.2,2.9,1.4,1.066,0.015
2023,10,전라북도,남원시,대강면,풍산리,수홍천,14.7,6.9,9.5,0.9,2.1,2.5,2.515,0.023
2023,10,전라북도,순창군,유등면,유촌리,옥택천,15.6,6.9,9.5,1.3,2.7,2.9,1.479,0.036
2023,10,전라북도,순창군,적성면,고원리,적성,18.1,8.2,9.5,0.8,3.4,2.0,1.535,0.021
2023,10,전라북도,남원시,금지면,귀석리,남원,21.1,8.4,9.4,1.0,3.4,5.4,1.668,0.035
2023,10,전라북도,남원시,대강면,월탄리,대강,18.3,8.3,11.9,1.8,3.5,3.0,1.446,0.028
2023,10,전라북도,장수군,산서면,사상리,오수천1,18.3,7.7,11.8,1.7,2.7,3.0,2.292,0.043
2023,10,전라북도,남원시,덕과면,사율리,율천,18.4,7.4,9.9,1.5,3.1,3.7,1.610,0.070
2023,10,전라북도,남원시,사매면,서도리,월평천,17.1,7.7,13.6,1.6,3.4,2.0,3.191,0.042
2023,10,전라북도,순창군,동계면,서호리,오수천2,18.2,8.2,11.3,1.8,3.2,3.0,1.738,0.035
2023,10,전라북도,임실군,삼계면,후천리,후곡천,16.5,7.6,10.3,1.7,3.9,5.4,1.642,0.052
2023,10,전라북도,남원시,산동면,월석리,요천1,15.6,7.9,9.9,1.6,2.3,1.1,1.206,0.011
2023,10,전라북도,남원시,금지면,창산리,요천2,20.2,8.6,9.9,1.0,3.0,3.2,2.454,0.020
2023,10,전라북도,남원시,송동면,세전리,요천3,18.7,8.1,10.3,2.3,3.7,4.8,2.149,0.030
2023,10,전라북도,고창군,아산면,구암리,주진천1,19.5,7.2,10.6,0.9,4.3,3.9,2.755,0.031
2023,10,전라북도,고창군,아산면,반암리,주진천2,18.6,7.8,9.0,1.5,4.5,7.6,2.840,0.036
2023,11,전라북도,익산시,성당면,부곡리,산북천,11.1,7.7,7.9,5.3,9.5,23.5,5.243,0.443
2023,11,전라북도,익산시,망성면,무형리,마산천,15.1,7.4,7.4,4.8,5.8,6.3,5.134,0.351
2023,11,전라북도,부안군,동진면,하장리,고부천2,19.3,8.0,9.8,2.6,10.2,30.8,3.221,0.168
2023,11,전라북도,부안군,동진면,하장리,고부천3,13.4,7.4,10.4,3.4,8.5,58.7,3.257,0.115
2023,11,전라북도,정읍시,영원면,앵성리,고부천1,18.9,8.1,9.6,2.3,8.1,44.8,3.779,0.166
2023,11,전라북도,김제시,부량면,옥정리,동진강3,12.4,7.5,11.0,1.6,5.3,14.3,3.664,0.064
2023,11,전라북도,정읍시,신태인읍,,동진강2,20.5,8.8,10.8,0.7,4.1,5.0,1.697,0.025
2023,11,전라북도,정읍시,신태인읍,구석리,용호천,16.4,8.0,9.4,1.7,4.7,11.6,3.170,0.116
2023,11,전라북도,정읍시,옹동면,산성리,동진강1,20.3,8.7,10.5,0.9,4.3,2.3,1.415,0.017
2023,11,전라북도,김제시,성덕면,남포리,신평천,10.7,7.7,8.0,2.5,12.8,80.8,5.456,0.320
2023,11,전라북도,김제시,죽산면,대창리,원평천3,13.2,8.0,10.8,3.7,9.2,45.3,4.092,0.145
2023,11,전라북도,김제시,봉남면,용신리,원평천1,23.8,9.7,15.5,2.6,8.1,21.7,5.100,0.067
2023,11,전라북도,김제시,죽산면,죽산리,원평천2,8.9,8.0,10.5,3.0,12.6,52.5,4.143,0.196
2023,11,전라북도,정읍시,공평동,,정읍천3,19.8,8.1,10.3,2.3,6.7,10.1,2.099,0.076
2023,11,전라북도,정읍시,송산동,,정읍천1,19.1,8.1,10.5,0.9,2.7,2.0,0.316,0.015
2023,11,전라북도,정읍시,연지동,,정읍천2,21.0,8.0,10.2,1.4,3.5,4.0,1.559,0.033
2023,11,전라북도,정읍시,이평면,하송리,정읍천4,14.9,7.7,11.1,2.4,7.1,10.8,5.641,0.085
2023,11,전라북도,정읍시,하모동,,천원천,19.4,8.0,9.9,2.9,6.9,17.4,4.459,0.107
2023,11,전라북도,김제시,백구면,마산리,마산천,18.5,8.2,11.4,4.4,13.2,14.4,12.101,0.325
2023,11,전라북도,완주군,삼례읍,,삼례,21.8,7.1,8.9,2.0,10.6,4.5,8.282,0.013
2023,11,전라북도,익산시,춘포면,인수리,익산천1,19.8,8.2,11.1,0.9,5.0,7.4,3.406,0.065
2023,11,전라북도,익산시,춘포면,인수리,익산천2,19.9,8.4,11.3,1.4,5.6,7.0,3.765,0.074
2023,11,전라북도,군산시,대야면,광교리,탑천,13.8,7.4,8.9,3.7,6.9,24.5,3.906,0.086
2023,11,전라북도,김제시,백구면,백구리,김제,13.7,7.9,10.8,3.3,7.7,16.5,5.463,0.066
2023,11,전라북도,김제시,백구면,월봉리,용암천,17.3,8.3,9.2,5.5,13.9,25.8,11.241,0.194
2023,11,전라북도,전주시완산구,서신동,,삼천3,17.6,7.8,9.8,1.5,4.7,4.7,1.774,0.068
2023,11,전라북도,전주시완산구,평화동3가,,삼천1,18.2,7.8,11.4,1.2,3.4,3.5,2.006,0.066
2023,11,전라북도,전주시완산구,효자동2가,,삼천2,18.2,7.9,10.3,1.4,4.3,6.5,1.898,0.067
2023,11,전라북도,완주군,소양면,황운리,소양천1,19.9,8.0,10.2,0.7,2.0,1.2,0.573,0.016
2023,11,전라북도,완주군,용진읍,상운리,소양천2,18.6,8.5,12.8,1.4,4.0,5.4,3.226,0.029
2023,11,전라북도,익산시,춘포면,용연리,익산천3,21.1,8.9,13.0,1.5,5.3,9.2,3.334,0.070
2023,11,전라북도,전주시덕진구,고랑동,,전주천7,17.6,7.4,8.5,4.8,8.8,7.2,6.997,0.087
2023,11,전라북도,전주시덕진구,전미동1가,,전주,13.8,7.8,10.5,1.9,4.5,7.1,1.803,0.100
2023,11,전라북도,전주시완산구,대성동,,전주천1,17.1,8.0,10.2,0.7,1.8,1.1,1.570,0.013
2023,11,전라북도,완주군,고산면,읍내리,고산,18.6,7.4,9.4,0.7,4.0,2.6,1.510,0.009
2023,11,전라북도,무주군,무주읍,대차리,무주남대천2,14.3,8.9,12.4,0.5,2.5,0.4,2.003,0.008
2023,11,전라북도,무주군,무주읍,읍내리,무주남대천1,13.1,8.6,10.8,0.5,2.4,0.8,1.922,0.004
2023,11,전라북도,무주군,무주읍,읍내리,무주남대천3,10.3,8.2,13.6,0.5,2.4,1.1,1.906,0.016
2023,11,전라북도,부안군,상서면,청림리,백천내,14.0,6.9,10.1,1.1,2.6,0.2,2.997,0.011
2023,11,전라북도,무주군,안성면,진도리,구량천,9.2,8.0,12.1,0.4,2.5,1.5,2.431,0.015
2023,11,전라북도,진안군,정천면,월평리,정자천,11.3,7.5,11.8,0.4,2.1,1.5,1.796,0.014
2023,11,전라북도,진안군,진안읍,운산리,진안천,7.8,7.7,8.8,2.0,2.8,1.2,2.164,0.031
2023,11,전라북도,진안군,진안읍,가막리,가막,10.3,8.3,12.4,0.9,3.6,5.1,2.724,0.050
2023,11,전라북도,무주군,무주읍,용포리,용포,14.5,8.6,10.7,0.6,4.0,0.1,1.001,0.006
2023,11,전라북도,진안군,용담면,송풍리,용담,16.4,7.6,11.0,0.7,4.0,2.1,1.169,0.019
2023,11,전라북도,남원시,운봉읍,,람천2,7.5,7.5,11.3,2.4,2.4,0.8,1.631,0.017
2023,11,전라북도,남원시,인월면,중군리,람천1,8.1,7.6,11.8,1.6,3.3,0.8,2.972,0.033
2023,11,전라북도,임실군,관촌면,방수리,관촌,10.9,7.0,11.3,1.1,2.6,1.2,1.698,0.015
2023,11,전라북도,임실군,운암면,학암리,운암,8.9,7.9,10.9,1.8,3.2,0.4,2.112,0.023
2023,11,전라북도,정읍시,산내면,매죽리,추령천,11.5,7.8,12.5,1.2,3.0,3.4,1.952,0.012
2023,11,전라북도,임실군,강진면,용수리,임실,14.9,7.0,9.9,1.2,4.2,1.5,1.244,0.014
2023,11,전라북도,순창군,동계면,구미리,동계,8.2,7.5,11.0,0.6,3.6,0.1,1.382,0.011
2023,11,전라북도,순창군,구림면,안정리,치천,9.2,7.1,12.3,0.9,2.4,1.6,1.687,0.015
2023,11,전라북도,남원시,대강면,풍산리,수홍천,9.7,6.5,10.8,1.2,3.8,5.5,2.437,0.062
2023,11,전라북도,순창군,유등면,유촌리,옥택천,9.1,6.6,11.1,1.3,3.4,3.3,1.862,0.061
2023,11,전라북도,순창군,적성면,고원리,적성,12.6,7.5,10.3,1.0,4.8,3.8,1.845,0.033
2023,11,전라북도,남원시,금지면,귀석리,남원,8.9,8.4,12.0,0.9,5.1,5.4,2.055,0.035
2023,11,전라북도,남원시,대강면,월탄리,대강,12.4,8.2,13.1,1.5,4.0,3.0,1.767,0.029
2023,11,전라북도,장수군,산서면,사상리,오수천1,10.9,7.4,12.4,1.9,6.5,8.2,3.441,0.162
2023,11,전라북도,남원시,덕과면,사율리,율천,10.5,7.5,11.3,1.3,4.2,6.7,1.909,0.097
2023,11,전라북도,남원시,사매면,서도리,월평천,10.6,7.6,13.0,2.1,6.6,8.1,3.077,0.105
2023,11,전라북도,순창군,동계면,서호리,오수천2,11.7,8.2,12.9,1.9,4.3,3.1,2.077,0.043
2023,11,전라북도,임실군,삼계면,후천리,후곡천,10.3,7.8,12.1,1.2,4.4,4.5,1.857,0.082
2023,11,전라북도,남원시,산동면,월석리,요천1,9.8,7.5,11.8,1.1,2.4,0.6,1.770,0.009
2023,11,전라북도,남원시,금지면,창산리,요천2,8.7,8.5,12.1,0.7,3.6,1.8,2.924,0.017
2023,11,전라북도,남원시,송동면,세전리,요천3,12.4,7.8,12.1,1.6,3.9,5.2,2.708,0.033
2023,11,전라북도,고창군,아산면,구암리,주진천1,9.4,7.6,12.9,1.9,6.0,7.2,3.619,0.057
2023,11,전라북도,고창군,아산면,반암리,주진천2,8.5,7.8,12.4,1.8,5.9,6.0,3.588,0.059
2023,12,전라북도,익산시,성당면,부곡리,산북천,9.5,8.1,11.3,4.8,10.4,43.8,6.354,0.593
2023,12,전라북도,익산시,망성면,무형리,마산천,6.8,7.8,11.8,1.7,4.2,2.8,6.092,0.254
2023,12,전라북도,부안군,동진면,하장리,고부천2,7.3,8.3,11.9,1.8,7.0,23.0,5.948,0.130
2023,12,전라북도,부안군,동진면,하장리,고부천3,7.4,7.4,12.0,3.0,7.8,41.1,3.964,0.086
2023,12,전라북도,정읍시,영원면,앵성리,고부천1,6.8,8.3,12.2,1.6,6.2,29.0,7.133,0.124
2023,12,전라북도,김제시,부량면,옥정리,동진강3,6.4,7.7,12.8,1.5,5.0,10.3,3.847,0.067
2023,12,전라북도,정읍시,신태인읍,,동진강2,13.1,8.2,10.2,0.4,4.1,7.4,1.787,0.019
2023,12,전라북도,정읍시,신태인읍,구석리,용호천,6.5,8.1,11.1,1.2,4.6,15.5,5.455,0.146
2023,12,전라북도,정읍시,옹동면,산성리,동진강1,12.7,8.4,10.3,0.8,3.6,1.4,1.529,0.010
2023,12,전라북도,김제시,성덕면,남포리,신평천,10.5,8.4,12.7,2.8,9.0,24.0,6.538,0.081
2023,12,전라북도,김제시,죽산면,대창리,원평천3,7.9,7.3,10.4,3.8,9.0,50.5,2.935,0.141
2023,12,전라북도,김제시,봉남면,용신리,원평천1,11.2,7.8,10.3,0.7,5.4,8.0,4.159,0.039
2023,12,전라북도,김제시,죽산면,죽산리,원평천2,11.4,7.7,10.6,0.8,7.0,30.2,5.251,0.102
2023,12,전라북도,정읍시,공평동,,정읍천3,8.0,8.2,11.8,0.8,2.5,1.1,3.502,0.042
2023,12,전라북도,정읍시,송산동,,정읍천1,7.9,8.2,11.7,0.6,2.0,0.5,1.882,0.007
2023,12,전라북도,정읍시,연지동,,정읍천2,8.8,7.9,11.7,1.2,3.0,2.0,3.620,0.029
2023,12,전라북도,정읍시,이평면,하송리,정읍천4,10.0,7.8,13.2,4.4,10.1,4.9,5.126,0.043
2023,12,전라북도,정읍시,하모동,,천원천,7.6,8.2,11.9,1.0,3.9,5.6,4.089,0.090
2023,12,전라북도,김제시,백구면,마산리,마산천,6.1,7.7,12.0,6.9,13.4,36.5,8.888,0.302
2023,12,전라북도,완주군,삼례읍,,삼례,8.0,7.1,11.5,2.6,4.9,3.0,4.825,0.040
2023,12,전라북도,익산시,춘포면,인수리,익산천1,4.8,7.6,12.8,2.8,3.8,4.0,3.778,0.032
2023,12,전라북도,익산시,춘포면,인수리,익산천2,4.8,7.4,12.7,2.7,4.6,5.5,4.242,0.039
2023,12,전라북도,군산시,대야면,광교리,탑천,8.5,7.3,10.0,3.8,8.4,33.5,4.157,0.124
2023,12,전라북도,김제시,백구면,백구리,김제,7.9,7.3,11.9,2.6,5.9,12.9,4.548,0.073
2023,12,전라북도,김제시,백구면,월봉리,용암천,7.3,7.8,11.8,7.0,13.7,24.8,14.986,0.377
2023,12,전라북도,전주시완산구,서신동,,삼천3,6.5,8.1,12.1,0.9,3.8,3.9,1.796,0.025
2023,12,전라북도,전주시완산구,평화동3가,,삼천1,8.2,8.0,11.9,0.4,2.7,1.3,2.253,0.018
2023,12,전라북도,전주시완산구,효자동2가,,삼천2,6.9,8.0,12.3,0.6,3.7,3.3,2.156,0.033
2023,12,전라북도,완주군,소양면,황운리,소양천1,8.5,8.0,11.0,0.5,1.8,0.8,3.220,0.008
2023,12,전라북도,완주군,용진읍,상운리,소양천2,8.4,8.1,11.6,1.1,3.2,5.6,5.044,0.039
2023,12,전라북도,익산시,춘포면,용연리,익산천3,4.4,7.2,12.7,2.8,4.4,4.3,3.928,0.035
2023,12,전라북도,전주시덕진구,고랑동,,전주천7,13.3,7.3,9.6,4.5,8.6,5.7,7.014,0.055
2023,12,전라북도,전주시덕진구,전미동1가,,전주,8.3,7.7,12.0,1.3,4.0,4.4,2.419,0.083
2023,12,전라북도,전주시완산구,대성동,,전주천1,8.3,8.1,11.8,0.5,1.5,1.1,2.492,0.021
2023,12,전라북도,완주군,고산면,읍내리,고산,7.3,8.0,11.8,2.3,3.1,1.2,1.868,0.012
2023,12,전라북도,무주군,무주읍,대차리,무주남대천2,6.4,9.0,11.9,1.4,2.5,0.4,2.270,0.013
2023,12,전라북도,무주군,무주읍,읍내리,무주남대천1,4.7,8.6,12.2,1.0,2.7,2.9,2.144,0.010
2023,12,전라북도,무주군,무주읍,읍내리,무주남대천3,5.9,7.8,13.5,0.4,2.1,0.9,2.082,0.022
2023,12,전라북도,부안군,상서면,청림리,백천내,9.0,6.7,11.8,0.7,2.0,1.6,2.531,0.003
2023,12,전라북도,무주군,안성면,진도리,구량천,5.8,7.8,12.9,0.5,2.2,1.6,2.767,0.019
2023,12,전라북도,진안군,정천면,월평리,정자천,7.4,7.5,12.7,0.3,1.7,1.4,2.282,0.016
2023,12,전라북도,진안군,진안읍,운산리,진안천,3.8,7.8,10.7,1.8,2.7,1.5,2.114,0.031
2023,12,전라북도,진안군,진안읍,가막리,가막,6.4,7.8,12.9,0.6,2.6,1.3,3.613,0.017
2023,12,전라북도,무주군,무주읍,용포리,용포,9.1,8.3,11.5,0.6,3.3,0.6,1.740,0.006
2023,12,전라북도,진안군,용담면,송풍리,용담,11.3,7.2,11.2,0.3,3.4,1.5,1.187,0.013
2023,12,전라북도,남원시,운봉읍,,람천2,9.3,8.6,11.1,2.9,6.4,24.8,2.352,0.118
2023,12,전라북도,남원시,인월면,중군리,람천1,9.6,8.6,10.5,2.6,8.4,27.6,3.653,0.173
2023,12,전라북도,임실군,관촌면,방수리,관촌,7.0,6.6,12.2,1.4,2.5,2.6,2.765,0.017
2023,12,전라북도,임실군,운암면,학암리,운암,3.5,8.4,12.5,0.5,2.5,2.6,3.193,0.019
2023,12,전라북도,정읍시,산내면,매죽리,추령천,8.5,7.5,13.1,1.3,2.7,1.7,2.655,0.011
2023,12,전라북도,임실군,강진면,용수리,임실,12.2,6.7,10.4,1.2,3.7,1.0,1.404,0.010
2023,12,전라북도,순창군,동계면,구미리,동계,4.5,8.1,13.1,0.6,2.8,0.8,2.736,0.017
2023,12,전라북도,순창군,구림면,안정리,치천,7.8,7.3,12.4,0.7,2.5,1.3,2.138,0.017
2023,12,전라북도,남원시,대강면,풍산리,수홍천,8.4,6.9,10.8,1.0,3.7,2.4,2.976,0.040
2023,12,전라북도,순창군,유등면,유촌리,옥택천,8.0,6.8,11.2,1.3,3.8,2.6,2.512,0.040
2023,12,전라북도,순창군,적성면,고원리,적성,5.8,8.0,12.2,1.3,3.0,1.3,2.158,0.014
2023,12,전라북도,남원시,금지면,귀석리,남원,2.2,7.8,13.8,0.4,3.0,2.6,2.822,0.024
2023,12,전라북도,남원시,대강면,월탄리,대강,9.3,7.4,13.5,2.0,4.7,6.9,2.112,0.038
2023,12,전라북도,장수군,산서면,사상리,오수천1,9.5,7.3,12.1,1.4,3.6,10.0,2.668,0.070
2023,12,전라북도,남원시,덕과면,사율리,율천,9.3,7.4,11.4,1.3,4.3,3.0,2.218,0.095
2023,12,전라북도,남원시,사매면,서도리,월평천,8.8,7.4,12.5,1.3,4.3,4.2,3.750,0.061
2023,12,전라북도,순창군,동계면,서호리,오수천2,8.7,7.4,13.6,2.3,4.9,6.6,2.336,0.063
2023,12,전라북도,임실군,삼계면,후천리,후곡천,8.6,7.8,12.3,0.9,3.4,8.0,2.011,0.054
2023,12,전라북도,남원시,산동면,월석리,요천1,6.8,6.7,12.3,1.2,2.5,1.2,2.151,0.008
2023,12,전라북도,남원시,금지면,창산리,요천2,2.7,8.1,14.1,1.1,2.7,2.6,2.690,0.010
2023,12,전라북도,남원시,송동면,세전리,요천3,8.0,7.4,12.9,1.9,3.4,4.7,2.878,0.029
2023,12,전라북도,고창군,아산면,구암리,주진천1,8.5,9.0,16.3,3.0,4.5,3.5,5.335,0.025
2023,12,전라북도,고창군,아산면,반암리,주진천2,8.1,8.4,13.2,2.8,4.4,3.6,5.960,0.041
2010,01,전라북도,전주시완산구,서신동,,전주천5,3.0,7.9,13.7,1.8,2.5,2.8,3.606,0.304
2010,01,전라북도,전주시덕진구,진북동,,전주천4,4.0,8.1,15.8,1.3,2.1,2.9,3.291,0.387
2010,01,전라북도,전주시덕진구,팔복동2가,,전주천6,4.0,9.0,19.0,4.0,6.6,4.6,2.757,0.107
2010,01,전라북도,전주시완산구,다가동3가,,전주천3,4.0,7.9,15.4,2.0,4.4,2.2,3.012,0.127
2010,01,전라북도,전주시완산구,동서학동,,전주천2,3.0,7.9,14.8,0.9,1.7,0.7,2.661,0.010
2010,02,전라북도,전주시완산구,서신동,,전주천5,7.0,8.4,13.2,1.3,2.5,0.6,4.350,0.096
2010,02,전라북도,전주시덕진구,진북동,,전주천4,6.0,8.5,15.0,1.2,2.0,1.2,4.512,0.098
2010,02,전라북도,전주시덕진구,팔복동2가,,전주천6,6.0,8.0,13.8,1.6,5.4,5.8,4.169,0.111
2010,02,전라북도,전주시완산구,다가동3가,,전주천3,6.0,8.3,15.0,1.8,3.9,2.0,4.526,0.028
2010,02,전라북도,전주시완산구,동서학동,,전주천2,3.0,8.3,13.3,0.8,1.8,0.6,5.012,0.014
2010,03,전라북도,전주시완산구,서신동,,전주천5,10.0,7.9,11.2,1.2,2.4,2.4,4.908,0.069
2010,03,전라북도,전주시덕진구,진북동,,전주천4,10.0,8.1,11.9,1.1,2.2,1.8,4.880,0.047
2010,03,전라북도,전주시덕진구,팔복동2가,,전주천6,8.0,7.4,12.2,1.3,3.0,4.4,3.684,0.053
2010,03,전라북도,전주시완산구,다가동3가,,전주천3,10.0,8.1,11.3,1.3,2.5,1.8,4.966,0.016
2010,03,전라북도,전주시완산구,동서학동,,전주천2,9.0,7.9,11.5,0.8,1.6,1.4,5.174,0.012
2010,04,전라북도,전주시완산구,서신동,,전주천5,11.0,8.9,13.2,1.8,3.3,5.7,3.801,0.042
2010,04,전라북도,전주시덕진구,진북동,,전주천4,10.0,8.5,13.0,1.1,2.0,3.3,3.805,0.033
2010,04,전라북도,전주시덕진구,팔복동2가,,전주천6,15.0,8.2,7.3,3.1,4.8,13.2,3.279,0.083
2010,04,전라북도,전주시완산구,다가동3가,,전주천3,10.0,8.8,13.3,1.0,1.9,1.3,3.963,0.012
2010,04,전라북도,전주시완산구,동서학동,,전주천2,9.0,8.1,11.1,0.9,1.5,1.1,4.059,0.008
2010,05,전라북도,전주시완산구,서신동,,전주천5,21.0,8.5,10.4,1.9,3.6,1.8,2.999,0.053
2010,05,전라북도,전주시덕진구,진북동,,전주천4,20.0,8.6,10.8,1.6,3.1,4.4,2.994,0.026
2010,05,전라북도,전주시덕진구,팔복동2가,,전주천6,16.0,7.6,5.5,2.3,5.1,15.3,3.400,0.142
2010,05,전라북도,전주시완산구,다가동3가,,전주천3,19.0,8.7,11.5,1.1,2.1,1.8,3.042,0.008
2010,05,전라북도,전주시완산구,동서학동,,전주천2,17.0,8.2,11.3,1.0,1.9,1.4,3.126,0.000
2010,06,전라북도,전주시완산구,서신동,,전주천5,25.0,8.2,9.0,1.4,3.7,3.8,2.656,0.156
2010,06,전라북도,전주시덕진구,진북동,,전주천4,24.0,8.1,9.6,1.2,2.8,2.0,3.432,0.150
2010,06,전라북도,전주시덕진구,팔복동2가,,전주천6,27.0,8.9,12.5,5.9,8.6,14.6,2.523,0.168
2010,06,전라북도,전주시완산구,다가동3가,,전주천3,23.0,8.2,9.7,0.9,2.5,1.4,2.691,0.039
2010,06,전라북도,전주시완산구,동서학동,,전주천2,21.0,7.8,8.7,0.8,2.0,1.4,2.856,0.016
2010,07,전라북도,전주시완산구,서신동,,전주천5,28.0,7.3,6.7,2.5,4.4,4.8,2.943,0.211
2010,07,전라북도,전주시덕진구,진북동,,전주천4,26.0,7.5,9.3,1.9,3.4,4.4,2.445,0.158
2010,07,전라북도,전주시덕진구,팔복동2가,,전주천6,26.0,7.6,4.4,1.9,6.9,14.4,3.675,0.116
2010,07,전라북도,전주시완산구,다가동3가,,전주천3,27.0,7.5,8.4,1.8,3.2,1.2,2.383,0.055
2010,07,전라북도,전주시완산구,동서학동,,전주천2,24.0,7.5,8.8,1.0,1.8,1.2,2.563,0.010
2010,08,전라북도,전주시완산구,서신동,,전주천5,29.0,7.4,7.4,2.7,4.8,8.2,3.806,0.176
2010,08,전라북도,전주시덕진구,진북동,,전주천4,28.0,7.4,8.5,1.7,3.1,7.6,3.587,0.156
2010,08,전라북도,전주시덕진구,팔복동2가,,전주천6,28.0,7.4,7.7,2.5,4.3,10.0,3.588,0.100
2010,08,전라북도,전주시완산구,다가동3가,,전주천3,28.0,7.4,7.5,1.6,2.8,8.0,3.556,0.074
2010,08,전라북도,전주시완산구,동서학동,,전주천2,26.0,7.7,9.3,1.0,2.0,1.2,3.695,0.009
2010,09,전라북도,전주시완산구,서신동,,전주천5,25.0,8.4,11.7,1.7,3.1,3.6,2.733,0.069
2010,09,전라북도,전주시덕진구,진북동,,전주천4,24.0,8.1,11.4,1.6,2.9,3.6,2.942,0.059
2010,09,전라북도,전주시덕진구,팔복동2가,,전주천6,26.0,7.7,5.5,1.3,4.2,14.8,2.534,0.071
2010,09,전라북도,전주시완산구,다가동3가,,전주천3,24.0,8.0,11.1,1.5,2.7,1.4,2.792,0.031
2010,09,전라북도,전주시완산구,동서학동,,전주천2,24.0,7.8,11.1,1.1,2.4,2.0,2.632,0.012
2010,10,전라북도,전주시완산구,서신동,,전주천5,18.0,7.2,8.8,1.2,3.2,2.6,2.651,0.185
2010,10,전라북도,전주시덕진구,진북동,,전주천4,18.0,7.1,8.9,1.2,3.2,1.4,2.933,0.208
2010,10,전라북도,전주시덕진구,팔복동2가,,전주천6,21.0,7.8,7.3,5.9,7.3,23.2,2.211,0.104
2010,10,전라북도,전주시완산구,다가동3가,,전주천3,18.0,7.1,8.7,1.1,3.0,3.2,2.314,0.098
2010,10,전라북도,전주시완산구,동서학동,,전주천2,18.0,7.1,9.0,0.8,1.7,0.8,2.137,0.041
2010,11,전라북도,전주시완산구,서신동,,전주천5,11.0,8.0,8.4,1.2,3.1,0.7,2.481,0.223
2010,11,전라북도,전주시덕진구,진북동,,전주천4,12.0,7.8,8.0,1.4,3.5,1.6,2.839,0.270
2010,11,전라북도,전주시덕진구,팔복동2가,,전주천6,13.0,9.1,10.9,4.8,9.0,23.4,1.650,0.160
2010,11,전라북도,전주시완산구,다가동3가,,전주천3,12.0,8.0,7.9,1.7,3.4,0.9,2.895,0.165
2010,11,전라북도,전주시완산구,동서학동,,전주천2,8.0,8.4,8.1,0.8,1.7,0.9,2.021,0.019
2010,12,전라북도,전주시완산구,서신동,,전주천5,5.0,7.8,12.3,2.8,3.8,1.6,2.808,0.269
2010,12,전라북도,전주시덕진구,진북동,,전주천4,6.0,7.7,11.5,2.1,3.2,1.6,3.190,0.353
2010,12,전라북도,전주시덕진구,팔복동2가,,전주천6,9.0,8.5,13.3,4.6,7.1,9.7,2.589,0.169
2010,12,전라북도,전주시완산구,다가동3가,,전주천3,5.0,7.8,10.9,2.0,3.4,1.0,3.114,0.144
2010,12,전라북도,전주시완산구,동서학동,,전주천2,4.0,8.2,14.0,0.7,1.4,0.2,2.376,0.008
2011,01,전라북도,전주시완산구,서신동,,전주천5,2.0,8.4,12.6,1.1,2.8,1.8,3.601,0.287
2011,01,전라북도,전주시덕진구,진북동,,전주천4,3.0,8.6,13.0,1.1,3.1,1.2,3.639,0.312
2011,01,전라북도,전주시덕진구,팔복동2가,,전주천6,4.0,8.1,15.6,2.8,5.5,3.0,2.978,0.076
2011,01,전라북도,전주시완산구,다가동3가,,전주천3,2.0,8.3,11.5,1.5,3.8,1.2,3.602,0.166
2011,01,전라북도,전주시완산구,동서학동,,전주천2,3.0,8.3,14.1,0.5,1.5,0.4,2.616,0.011
2011,02,전라북도,전주시완산구,서신동,,전주천5,2.0,8.0,12.5,2.1,3.2,3.4,3.352,0.262
2011,02,전라북도,전주시덕진구,진북동,,전주천4,3.0,7.8,11.5,1.8,3.1,2.6,3.655,0.317
2011,02,전라북도,전주시덕진구,팔복동2가,,전주천6,6.0,8.9,15.2,3.7,8.4,9.8,2.246,0.176
2011,02,전라북도,전주시완산구,다가동3가,,전주천3,3.0,8.3,9.8,2.5,4.6,3.0,3.951,0.214
2011,02,전라북도,전주시완산구,동서학동,,전주천2,2.0,8.0,12.3,0.6,1.0,0.2,2.752,0.015
2011,03,전라북도,전주시완산구,서신동,,전주천5,5.0,7.6,11.4,1.3,1.9,0.8,5.107,0.109
2011,03,전라북도,전주시덕진구,진북동,,전주천4,5.0,7.6,11.6,1.2,1.8,1.2,5.218,0.084
2011,03,전라북도,전주시덕진구,팔복동2가,,전주천6,10.0,8.9,14.3,5.6,7.8,15.0,2.763,0.114
2011,03,전라북도,전주시완산구,다가동3가,,전주천3,5.0,7.6,11.8,1.4,1.7,1.2,5.092,0.043
2011,03,전라북도,전주시완산구,동서학동,,전주천2,8.0,7.7,11.0,0.5,0.9,1.0,5.263,0.038
2011,04,전라북도,전주시완산구,서신동,,전주천5,12.0,7.7,10.7,3.0,4.1,3.4,3.491,0.152
2011,04,전라북도,전주시덕진구,진북동,,전주천4,11.0,8.1,12.4,1.5,3.4,4.4,3.291,0.168
2011,04,전라북도,전주시덕진구,팔복동2가,,전주천6,16.0,8.1,10.8,4.0,7.9,8.2,2.752,0.095
2011,04,전라북도,전주시완산구,다가동3가,,전주천3,11.0,7.6,11.9,1.2,2.2,2.6,3.613,0.044
2011,04,전라북도,전주시완산구,동서학동,,전주천2,10.0,7.1,11.6,0.9,1.6,1.8,3.897,0.026
2011,05,전라북도,전주시완산구,서신동,,전주천5,18.0,7.9,9.9,1.2,2.3,3.6,5.176,0.077
2011,05,전라북도,전주시덕진구,진북동,,전주천4,17.0,7.6,10.4,1.0,2.3,2.6,5.314,0.060
2011,05,전라북도,전주시덕진구,팔복동2가,,전주천6,21.0,8.1,6.8,3.3,6.1,27.4,3.773,0.131
2011,05,전라북도,전주시완산구,다가동3가,,전주천3,16.0,8.0,10.3,0.9,1.9,1.2,5.243,0.045
2011,05,전라북도,전주시완산구,동서학동,,전주천2,16.0,7.4,9.9,0.8,1.6,1.0,5.248,0.032
2011,06,전라북도,전주시완산구,서신동,,전주천5,23.0,8.4,8.9,2.1,3.9,3.6,2.756,0.173
2011,06,전라북도,전주시덕진구,진북동,,전주천4,22.0,8.3,9.7,1.7,2.9,8.2,3.302,0.173
2011,06,전라북도,전주시덕진구,팔복동2가,,전주천6,24.0,8.2,8.8,6.4,7.6,16.3,2.174,0.034
2011,06,전라북도,전주시완산구,다가동3가,,전주천3,21.0,8.1,9.0,1.9,3.1,6.4,2.944,0.057
2011,06,전라북도,전주시완산구,동서학동,,전주천2,19.0,7.6,8.5,1.0,1.7,1.4,3.378,0.019
2011,07,전라북도,전주시완산구,서신동,,전주천5,26.0,8.5,9.4,1.0,2.3,1.6,4.756,0.057
2011,07,전라북도,전주시덕진구,진북동,,전주천4,25.0,7.6,8.5,0.8,1.9,1.2,4.992,0.054
2011,07,전라북도,전주시덕진구,팔복동2가,,전주천6,27.0,7.1,7.4,1.0,4.0,15.9,4.069,0.082
2011,07,전라북도,전주시완산구,다가동3가,,전주천3,25.0,7.9,8.2,0.7,1.9,2.2,4.564,0.032
2011,07,전라북도,전주시완산구,동서학동,,전주천2,24.0,7.6,7.9,0.4,1.5,1.2,4.378,0.011
2011,08,전라북도,전주시완산구,서신동,,전주천5,23.0,8.7,10.9,1.1,3.0,2.6,2.510,0.073
2011,08,전라북도,전주시덕진구,진북동,,전주천4,22.0,8.6,10.4,0.5,2.5,1.2,2.502,0.076
2011,08,전라북도,전주시덕진구,팔복동2가,,전주천6,23.0,7.8,7.8,1.0,3.7,13.6,2.790,0.076
2011,08,전라북도,전주시완산구,다가동3가,,전주천3,22.0,8.6,10.4,0.6,2.2,0.6,2.433,0.049
2011,08,전라북도,전주시완산구,동서학동,,전주천2,22.0,8.8,10.7,0.5,2.0,0.8,2.095,0.023
2011,09,전라북도,전주시완산구,서신동,,전주천5,26.0,8.5,10.1,1.4,2.8,1.0,2.255,0.098
2011,09,전라북도,전주시덕진구,진북동,,전주천4,25.0,7.5,8.3,1.2,2.3,0.6,2.553,0.105
2011,09,전라북도,전주시덕진구,팔복동2가,,전주천6,26.0,9.0,9.7,4.4,7.6,19.0,1.759,0.041
2011,09,전라북도,전주시완산구,다가동3가,,전주천3,25.0,7.9,8.5,1.6,2.8,1.8,2.691,0.085
2011,09,전라북도,전주시완산구,동서학동,,전주천2,25.0,7.8,8.5,0.8,2.0,1.0,1.983,0.022
2011,10,전라북도,전주시완산구,서신동,,전주천5,18.0,7.8,7.1,0.9,2.7,1.2,2.070,0.150
2011,10,전라북도,전주시덕진구,진북동,,전주천4,18.0,7.5,7.0,0.9,2.3,2.2,2.416,0.182
2011,10,전라북도,전주시덕진구,팔복동2가,,전주천6,20.0,9.5,16.8,6.2,8.7,14.4,1.728,0.029
2011,10,전라북도,전주시완산구,다가동3가,,전주천3,18.0,7.6,6.9,0.7,2.3,2.4,1.971,0.074
2011,10,전라북도,전주시완산구,동서학동,,전주천2,17.0,7.7,7.6,0.6,1.5,1.0,1.911,0.028
2011,11,전라북도,전주시완산구,서신동,,전주천5,17.0,7.4,8.8,1.1,2.6,4.0,3.373,0.087
2011,11,전라북도,전주시덕진구,진북동,,전주천4,17.0,7.3,8.6,0.8,2.2,1.4,3.322,0.055
2011,11,전라북도,전주시덕진구,팔복동2가,,전주천6,11.0,7.7,8.2,1.6,4.2,4.1,2.596,0.068
2011,11,전라북도,전주시완산구,다가동3가,,전주천3,17.0,7.3,8.9,0.7,2.2,1.2,3.360,0.025
2011,11,전라북도,전주시완산구,동서학동,,전주천2,17.0,7.2,8.8,0.6,1.9,0.8,3.273,0.018
2011,12,전라북도,전주시완산구,서신동,,전주천5,9.0,7.2,10.2,1.1,2.0,3.6,2.788,0.072
2011,12,전라북도,전주시덕진구,진북동,,전주천4,10.0,7.2,9.0,1.0,2.4,3.2,2.864,0.059
2011,12,전라북도,전주시덕진구,팔복동2가,,전주천6,11.0,7.4,10.2,0.9,2.5,0.9,3.043,0.057
2011,12,전라북도,전주시완산구,다가동3가,,전주천3,10.0,7.3,9.9,0.5,1.3,0.8,2.926,0.035
2011,12,전라북도,전주시완산구,동서학동,,전주천2,10.0,7.3,9.8,0.5,1.2,0.8,2.883,0.025
2012,01,전라북도,전주시완산구,서신동,,전주천5,3.0,7.8,10.7,0.5,1.4,1.8,3.037,0.125
2012,01,전라북도,전주시덕진구,진북동,,전주천4,4.0,7.2,9.8,0.5,1.3,0.8,3.260,0.158
2012,01,전라북도,전주시덕진구,팔복동2가,,전주천6,5.0,7.5,15.0,2.9,4.8,1.2,3.723,0.085
2012,01,전라북도,전주시완산구,다가동3가,,전주천3,3.0,7.3,10.4,0.6,1.6,0.6,3.086,0.049
2012,01,전라북도,전주시완산구,동서학동,,전주천2,4.0,7.6,10.6,0.2,0.6,0.3,2.872,0.018
2012,02,전라북도,전주시완산구,서신동,,전주천5,4.0,7.8,10.1,1.3,2.7,2.8,2.684,0.120
2012,02,전라북도,전주시덕진구,진북동,,전주천4,5.0,7.6,8.0,1.2,2.5,1.2,3.185,0.197
2012,02,전라북도,전주시덕진구,팔복동2가,,전주천6,5.0,9.3,18.1,6.0,8.5,14.0,2.894,0.047
2012,02,전라북도,전주시완산구,다가동3가,,전주천3,4.0,7.5,8.3,2.3,3.2,2.4,3.089,0.074
2012,02,전라북도,전주시완산구,동서학동,,전주천2,4.0,7.1,10.2,0.5,1.0,1.2,2.569,0.015
2012,03,전라북도,전주시완산구,서신동,,전주천5,7.0,7.7,10.2,1.4,2.3,2.0,3.254,0.069
2012,03,전라북도,전주시덕진구,진북동,,전주천4,6.0,7.5,10.1,1.1,1.7,1.4,3.422,0.064
2012,03,전라북도,전주시덕진구,팔복동2가,,전주천6,9.0,7.6,10.4,3.7,7.9,15.5,3.293,0.127
2012,03,전라북도,전주시완산구,다가동3가,,전주천3,6.0,7.6,10.1,1.0,1.7,1.4,3.314,0.028
2012,03,전라북도,전주시완산구,동서학동,,전주천2,5.0,7.4,10.4,0.4,1.0,0.7,3.280,0.017
2012,04,전라북도,전주시완산구,서신동,,전주천5,15.0,8.0,10.1,2.1,3.5,6.0,3.149,0.054
2012,04,전라북도,전주시덕진구,진북동,,전주천4,15.0,7.6,10.0,1.8,3.6,5.6,3.276,0.045
2012,04,전라북도,전주시덕진구,팔복동2가,,전주천6,16.0,8.0,9.2,1.8,4.4,12.5,1.853,0.035
2012,04,전라북도,전주시완산구,다가동3가,,전주천3,14.0,7.7,10.2,1.7,2.7,2.6,3.277,0.020
2012,04,전라북도,전주시완산구,동서학동,,전주천2,13.0,7.3,10.0,1.2,1.8,1.4,3.215,0.010
2012,05,전라북도,전주시완산구,서신동,,전주천5,23.0,7.8,9.2,1.8,4.0,7.0,2.399,0.111
2012,05,전라북도,전주시덕진구,진북동,,전주천4,20.0,7.4,8.5,1.6,3.8,11.4,2.827,0.128
2012,05,전라북도,전주시덕진구,팔복동2가,,전주천6,24.0,9.8,14.0,8.0,5.3,18.4,1.724,0.078
2012,05,전라북도,전주시완산구,다가동3가,,전주천3,20.0,7.3,8.6,1.2,3.3,6.4,2.618,0.121
2012,05,전라북도,전주시완산구,동서학동,,전주천2,19.0,7.3,8.9,0.5,2.0,3.6,2.635,0.039
2012,06,전라북도,전주시완산구,서신동,,전주천5,25.0,6.9,6.3,6.2,7.2,18.4,2.516,0.359
2012,06,전라북도,전주시덕진구,진북동,,전주천4,24.0,7.1,6.5,3.6,4.9,7.4,2.023,0.173
2012,06,전라북도,전주시덕진구,팔복동2가,,전주천6,27.0,8.0,8.9,3.6,7.7,13.2,2.775,0.157
2012,06,전라북도,전주시완산구,다가동3가,,전주천3,24.0,7.3,6.5,2.9,3.9,5.4,1.622,0.075
2012,06,전라북도,전주시완산구,동서학동,,전주천2,23.0,7.4,7.4,1.3,2.1,5.2,1.632,0.013
2012,07,전라북도,전주시완산구,서신동,,전주천5,27.0,7.9,9.3,1.0,3.2,11.4,3.637,0.095
2012,07,전라북도,전주시덕진구,진북동,,전주천4,26.0,7.5,8.8,1.2,3.4,10.2,3.829,0.102
2012,07,전라북도,전주시덕진구,팔복동2가,,전주천6,27.0,7.1,6.3,4.7,14.3,44.6,3.448,0.588
2012,07,전라북도,전주시완산구,다가동3가,,전주천3,26.0,7.7,8.9,0.8,2.8,10.8,3.713,0.042
2012,07,전라북도,전주시완산구,동서학동,,전주천2,24.0,7.7,9.1,0.5,1.6,2.2,3.802,0.018
2012,08,전라북도,전주시완산구,서신동,,전주천5,32.0,8.5,9.2,1.8,3.2,1.4,2.742,0.135
2012,08,전라북도,전주시덕진구,진북동,,전주천4,30.0,7.9,8.3,1.2,3.0,1.6,3.182,0.160
2012,08,전라북도,전주시덕진구,팔복동2가,,전주천6,31.5,7.4,7.2,4.3,11.8,12.4,2.442,0.286
2012,08,전라북도,전주시완산구,다가동3가,,전주천3,31.0,7.7,7.7,1.0,2.6,2.0,2.999,0.068
2012,08,전라북도,전주시완산구,동서학동,,전주천2,29.0,7.7,7.8,0.6,1.8,1.2,3.145,0.025
2012,09,전라북도,전주시완산구,서신동,,전주천5,22.0,7.3,7.8,1.0,2.9,2.6,3.591,0.104
2012,09,전라북도,전주시덕진구,진북동,,전주천4,21.0,7.3,8.0,0.8,2.9,2.6,2.999,0.059
2012,09,전라북도,전주시덕진구,팔복동2가,,전주천6,25.0,7.4,8.0,3.5,4.0,10.6,4.168,0.270
2012,09,전라북도,전주시완산구,다가동3가,,전주천3,22.0,7.3,8.0,0.8,2.5,1.8,2.826,0.049
2012,09,전라북도,전주시완산구,동서학동,,전주천2,21.0,7.1,7.7,0.7,2.3,1.8,2.779,0.039
2012,10,전라북도,전주시완산구,서신동,,전주천5,22.0,9.1,11.3,1.2,3.2,2.4,2.120,0.124
2012,10,전라북도,전주시덕진구,진북동,,전주천4,18.0,7.5,8.8,0.8,2.6,2.6,2.551,0.133
2012,10,전라북도,전주시덕진구,팔복동2가,,전주천6,22.2,8.8,10.2,4.1,7.0,8.6,2.217,0.073
2012,10,전라북도,전주시완산구,다가동3가,,전주천3,18.0,7.7,9.1,0.7,2.4,1.8,2.268,0.050
2012,10,전라북도,전주시완산구,동서학동,,전주천2,17.0,7.5,9.1,0.7,1.8,0.4,2.200,0.019
2012,11,전라북도,전주시완산구,서신동,,전주천5,12.0,7.3,7.8,1.2,2.4,1.6,2.451,0.178
2012,11,전라북도,전주시덕진구,진북동,,전주천4,12.0,7.1,6.7,1.0,2.2,1.4,2.680,0.168
2012,11,전라북도,전주시덕진구,팔복동2가,,전주천6,13.0,6.7,8.9,3.9,5.1,8.0,3.445,0.233
2012,11,전라북도,전주시완산구,다가동3가,,전주천3,11.0,7.5,7.7,0.7,1.6,1.2,2.368,0.069
2012,11,전라북도,전주시완산구,동서학동,,전주천2,11.0,7.6,8.2,0.3,0.8,0.2,2.332,0.040
2012,12,전라북도,전주시완산구,서신동,,전주천5,7.0,7.6,9.1,0.8,2.9,9.6,2.772,0.039
2012,12,전라북도,전주시덕진구,진북동,,전주천4,7.0,7.6,9.0,0.6,2.0,2.6,2.742,0.033
2012,12,전라북도,전주시덕진구,팔복동2가,,전주천6,6.5,7.2,13.9,3.0,4.4,1.2,2.442,0.044
2012,12,전라북도,전주시완산구,다가동3가,,전주천3,7.0,7.6,9.0,0.6,2.1,2.6,2.815,0.021
2012,12,전라북도,전주시완산구,동서학동,,전주천2,8.0,7.3,8.8,0.6,2.3,12.2,2.815,0.019
2013,01,전라북도,전주시완산구,서신동,,전주천5,1.0,7.4,10.2,1.2,2.0,1.6,2.889,0.084
2013,01,전라북도,전주시덕진구,진북동,,전주천4,2.0,7.3,9.8,1.1,2.3,1.5,3.071,0.128
2013,01,전라북도,전주시덕진구,팔복동2가,,전주천6,4.8,7.6,14.5,2.7,3.4,5.2,2.783,0.084
2013,01,전라북도,전주시완산구,다가동3가,,전주천3,1.0,7.4,9.9,1.1,2.0,0.5,2.788,0.029
2013,01,전라북도,전주시완산구,동서학동,,전주천2,1.0,7.5,9.8,0.8,1.5,0.4,2.518,0.007
2013,02,전라북도,전주시완산구,서신동,,전주천5,4.0,7.7,11.8,0.7,2.7,2.4,2.707,0.030
2013,02,전라북도,전주시덕진구,진북동,,전주천4,4.0,7.9,11.8,0.5,2.6,0.6,2.774,0.030
2013,02,전라북도,전주시덕진구,팔복동2가,,전주천6,4.7,8.7,13.5,3.3,4.9,7.0,3.106,0.072
2013,02,전라북도,전주시완산구,다가동3가,,전주천3,4.0,7.6,12.0,0.5,2.6,1.4,2.716,0.018
2013,02,전라북도,전주시완산구,동서학동,,전주천2,4.0,7.7,12.7,0.5,2.2,1.4,2.744,0.016
2013,03,전라북도,전주시완산구,서신동,,전주천5,8.0,8.0,14.3,0.8,2.9,0.6,2.688,0.082
2013,03,전라북도,전주시덕진구,진북동,,전주천4,7.0,7.6,13.6,0.6,1.9,0.8,2.792,0.092
2013,03,전라북도,전주시덕진구,팔복동2가,,전주천6,8.5,6.0,13.3,3.5,5.6,4.9,3.065,0.125
2013,03,전라북도,전주시완산구,다가동3가,,전주천3,8.0,7.6,13.7,0.5,1.9,0.6,2.525,0.038
2013,03,전라북도,전주시완산구,동서학동,,전주천2,6.0,7.4,14.1,0.3,1.2,0.4,2.625,0.007
2013,04,전라북도,전주시완산구,서신동,,전주천5,13.0,8.2,11.9,1.2,2.8,2.2,2.943,0.077
2013,04,전라북도,전주시덕진구,진북동,,전주천4,11.0,7.6,12.5,1.0,1.9,3.0,3.091,0.072
2013,04,전라북도,전주시덕진구,팔복동2가,,전주천6,13.6,8.7,12.1,3.8,4.1,8.0,3.090,0.099
2013,04,전라북도,전주시완산구,다가동3가,,전주천3,11.0,7.7,12.6,0.7,1.5,4.0,2.992,0.036
2013,04,전라북도,전주시완산구,동서학동,,전주천2,10.0,7.3,11.7,0.9,1.6,3.4,2.966,0.019
2013,05,전라북도,전주시완산구,서신동,,전주천5,18.0,7.9,9.2,1.3,2.9,18.2,2.377,0.063
2013,05,전라북도,전주시덕진구,진북동,,전주천4,17.0,7.9,10.0,1.8,3.0,10.4,2.535,0.059
2013,05,전라북도,전주시덕진구,팔복동2가,,전주천6,16.9,7.9,8.2,2.7,6.0,48.0,2.181,0.051
2013,05,전라북도,전주시완산구,다가동3가,,전주천3,15.0,8.0,10.6,1.4,2.1,7.4,2.368,0.032
2013,05,전라북도,전주시완산구,동서학동,,전주천2,14.0,8.2,10.7,1.2,1.6,2.4,2.332,0.011
2013,06,전라북도,전주시완산구,서신동,,전주천5,27.0,7.7,11.5,1.2,3.5,12.4,2.248,0.173
2013,06,전라북도,전주시덕진구,진북동,,전주천4,24.0,7.3,12.4,0.8,3.1,6.3,2.361,0.132
2013,06,전라북도,전주시덕진구,팔복동2가,,전주천6,24.3,8.3,6.9,2.1,6.8,13.9,1.584,0.107
2013,06,전라북도,전주시완산구,다가동3가,,전주천3,24.0,7.3,11.7,0.9,1.5,7.3,2.167,0.070
2013,06,전라북도,전주시완산구,동서학동,,전주천2,22.0,7.5,12.4,0.7,1.3,10.1,2.113,0.034
2013,07,전라북도,전주시완산구,서신동,,전주천5,26.0,7.6,8.7,1.3,1.5,24.0,2.554,0.069
2013,07,전라북도,전주시덕진구,진북동,,전주천4,24.0,7.5,8.9,0.8,1.3,13.2,2.874,0.060
2013,07,전라북도,전주시덕진구,팔복동2가,,전주천6,28.0,7.0,7.3,2.0,3.6,24.3,2.464,0.131
2013,07,전라북도,전주시완산구,다가동3가,,전주천3,24.0,7.9,9.3,0.9,1.1,11.4,2.665,0.038
2013,07,전라북도,전주시완산구,동서학동,,전주천2,24.0,7.5,9.5,0.6,1.1,8.2,2.599,0.029
2013,08,전라북도,전주시완산구,서신동,,전주천5,24.0,7.2,8.2,1.3,1.7,7.4,3.035,0.043
2013,08,전라북도,전주시덕진구,진북동,,전주천4,23.0,7.1,8.2,1.0,1.6,7.2,2.933,0.036
2013,08,전라북도,전주시덕진구,팔복동2가,,전주천6,25.0,7.3,7.6,2.1,3.3,21.6,3.186,0.094
2013,08,전라북도,전주시완산구,다가동3가,,전주천3,23.0,7.1,8.1,0.8,1.2,5.2,2.865,0.029
2013,08,전라북도,전주시완산구,동서학동,,전주천2,23.0,7.0,8.2,0.8,0.8,4.0,2.654,0.021
2013,09,전라북도,전주시완산구,서신동,,전주천5,24.0,9.1,12.5,1.1,4.1,4.4,2.745,0.086
2013,09,전라북도,전주시덕진구,진북동,,전주천4,22.0,7.8,9.7,1.0,3.2,3.0,3.045,0.086
2013,09,전라북도,전주시덕진구,팔복동2가,,전주천6,24.0,7.6,8.0,1.5,5.7,5.4,2.267,0.078
2013,09,전라북도,전주시완산구,다가동3가,,전주천3,22.0,7.8,9.1,0.9,2.5,2.8,2.880,0.051
2013,09,전라북도,전주시완산구,동서학동,,전주천2,22.0,8.1,9.3,0.9,3.0,9.5,2.865,0.036
2013,10,전라북도,전주시완산구,서신동,,전주천5,22.0,8.6,9.5,1.3,2.5,3.2,2.134,0.131
2013,10,전라북도,전주시덕진구,진북동,,전주천4,20.0,7.5,7.9,1.0,2.0,5.0,2.520,0.130
2013,10,전라북도,전주시덕진구,팔복동2가,,전주천6,23.0,7.6,6.3,2.9,5.0,4.8,2.042,0.098
2013,10,전라북도,전주시완산구,다가동3가,,전주천3,20.0,7.5,7.5,1.0,2.4,4.8,2.488,0.054
2013,10,전라북도,전주시완산구,동서학동,,전주천2,20.0,7.9,8.0,0.7,1.5,3.2,2.199,0.020
2013,11,전라북도,전주시완산구,서신동,,전주천5,16.0,8.8,13.7,0.9,2.8,3.8,2.239,0.159
2013,11,전라북도,전주시덕진구,진북동,,전주천4,16.0,7.6,11.7,0.8,2.4,2.0,2.438,0.175
2013,11,전라북도,전주시덕진구,팔복동2가,,전주천6,16.0,8.1,9.9,1.3,3.6,5.0,1.593,0.083
2013,11,전라북도,전주시완산구,다가동3가,,전주천3,15.0,7.8,11.6,0.7,2.2,1.6,1.968,0.053
2013,11,전라북도,전주시완산구,동서학동,,전주천2,16.0,8.6,11.5,0.5,1.8,3.4,1.717,0.015
2013,12,전라북도,전주시완산구,서신동,,전주천5,8.0,8.2,11.9,1.4,3.2,5.0,2.880,0.118
2013,12,전라북도,전주시덕진구,진북동,,전주천4,8.0,8.1,10.7,0.9,2.8,24.2,3.066,0.120
2013,12,전라북도,전주시덕진구,팔복동2가,,전주천6,8.0,7.6,10.0,1.8,6.2,1.9,2.819,0.106
2013,12,전라북도,전주시완산구,다가동3가,,전주천3,8.0,7.8,11.7,0.8,0.8,2.1,2.868,0.110
2013,12,전라북도,전주시완산구,동서학동,,전주천2,8.0,7.2,11.4,0.7,1.5,1.3,2.758,0.042
2014,01,전라북도,전주시완산구,서신동,,전주천5,2.0,8.2,14.5,0.9,2.6,9.2,3.143,0.118
2014,01,전라북도,전주시덕진구,진북동,,전주천4,2.0,7.8,12.8,0.9,2.5,8.6,3.252,0.128
2014,01,전라북도,전주시덕진구,팔복동2가,,전주천6,3.0,8.1,12.7,1.2,3.3,2.4,2.944,0.081
2014,01,전라북도,전주시완산구,다가동3가,,전주천3,3.0,8.2,12.9,0.8,2.1,4.2,3.002,0.040
2014,01,전라북도,전주시완산구,동서학동,,전주천2,2.0,8.2,14.3,0.4,1.4,21.6,2.940,0.015
2014,02,전라북도,전주시완산구,서신동,,전주천5,3.0,7.3,14.0,1.3,2.5,1.2,3.008,0.114
2014,02,전라북도,전주시덕진구,진북동,,전주천4,4.0,7.3,12.7,1.0,2.5,1.0,3.069,0.125
2014,02,전라북도,전주시덕진구,팔복동2가,,전주천6,4.0,8.2,14.5,4.0,5.9,8.6,2.593,0.065
2014,02,전라북도,전주시완산구,다가동3가,,전주천3,5.0,7.3,12.8,1.0,2.0,1.4,2.855,0.046
2014,02,전라북도,전주시완산구,동서학동,,전주천2,4.0,7.3,13.1,0.5,1.5,0.4,2.386,0.008
2014,03,전라북도,전주시완산구,서신동,,전주천5,10.0,8.4,12.1,2.5,3.3,5.0,2.980,0.178
2014,03,전라북도,전주시덕진구,진북동,,전주천4,8.0,8.3,12.6,2.0,2.8,14.0,3.315,0.211
2014,03,전라북도,전주시덕진구,팔복동2가,,전주천6,11.0,8.4,17.0,7.2,8.5,15.6,1.713,0.088
2014,03,전라북도,전주시완산구,다가동3가,,전주천3,9.0,8.3,11.9,2.8,3.1,4.1,3.341,0.097
2014,03,전라북도,전주시완산구,동서학동,,전주천2,6.0,7.1,14.0,0.7,1.2,2.9,2.863,0.023
2014,04,전라북도,전주시완산구,서신동,,전주천5,15.0,8.1,11.7,1.0,2.2,7.7,4.028,0.056
2014,04,전라북도,전주시덕진구,진북동,,전주천4,13.0,8.0,12.3,0.9,1.9,8.3,4.211,0.057
2014,04,전라북도,전주시덕진구,팔복동2가,,전주천6,16.0,7.3,10.3,1.5,3.6,6.5,3.342,0.053
2014,04,전라북도,전주시완산구,다가동3가,,전주천3,13.0,7.5,12.4,0.9,2.0,3.7,4.140,0.036
2014,04,전라북도,전주시완산구,동서학동,,전주천2,13.0,8.0,11.5,0.9,1.4,1.4,4.252,0.033
2014,05,전라북도,전주시완산구,서신동,,전주천5,23.0,8.1,9.6,1.8,3.1,11.4,2.176,0.105
2014,05,전라북도,전주시덕진구,진북동,,전주천4,20.0,7.8,8.6,1.3,2.6,13.8,2.279,0.086
2014,05,전라북도,전주시덕진구,팔복동2가,,전주천6,22.0,8.2,9.5,4.9,6.2,7.6,1.270,0.093
2014,05,전라북도,전주시완산구,다가동3가,,전주천3,20.0,8.0,10.4,1.3,2.5,5.8,2.089,0.035
2014,05,전라북도,전주시완산구,동서학동,,전주천2,19.0,7.8,8.9,0.7,1.4,3.0,2.323,0.013
2014,06,전라북도,전주시완산구,서신동,,전주천5,26.0,8.1,10.9,2.0,4.0,18.0,1.652,0.170
2014,06,전라북도,전주시덕진구,진북동,,전주천4,23.0,7.3,9.5,1.3,3.0,11.4,2.229,0.181
2014,06,전라북도,전주시덕진구,팔복동2가,,전주천6,26.0,7.4,10.0,1.8,5.7,8.2,1.742,0.097
2014,06,전라북도,전주시완산구,다가동3가,,전주천3,25.0,8.4,12.9,1.4,2.9,5.6,1.715,0.069
2014,06,전라북도,전주시완산구,동서학동,,전주천2,23.0,7.8,10.0,0.6,1.6,1.5,1.985,0.019
2014,07,전라북도,전주시완산구,서신동,,전주천5,30.0,8.5,10.1,1.6,3.9,11.5,1.395,0.146
2014,07,전라북도,전주시덕진구,진북동,,전주천4,30.0,8.5,10.1,1.3,3.0,11.3,1.982,0.137
2014,07,전라북도,전주시덕진구,팔복동2가,,전주천6,31.0,8.6,11.9,4.8,9.5,17.6,0.961,0.075
2014,07,전라북도,전주시완산구,다가동3가,,전주천3,28.0,8.6,14.0,1.2,2.8,6.1,2.023,0.070
2014,07,전라북도,전주시완산구,동서학동,,전주천2,25.0,7.5,9.8,0.6,1.6,1.3,2.365,0.022
2014,08,전라북도,전주시완산구,서신동,,전주천5,25.0,7.9,9.0,1.2,3.3,11.1,3.567,0.037
2014,08,전라북도,전주시덕진구,진북동,,전주천4,24.0,7.9,9.1,1.0,2.9,4.6,3.622,0.031
2014,08,전라북도,전주시덕진구,팔복동2가,,전주천6,27.0,7.2,8.1,1.6,4.8,12.0,2.906,0.048
2014,08,전라북도,전주시완산구,다가동3가,,전주천3,24.0,8.0,9.5,0.8,2.9,2.3,3.617,0.026
2014,08,전라북도,전주시완산구,동서학동,,전주천2,23.0,7.4,8.7,1.0,2.5,1.8,3.641,0.016
2014,09,전라북도,전주시완산구,서신동,,전주천5,25.0,8.2,10.8,1.1,2.3,0.5,3.732,0.062
2014,09,전라북도,전주시덕진구,진북동,,전주천4,24.0,7.9,10.6,0.9,2.2,0.5,3.790,0.065
2014,09,전라북도,전주시덕진구,팔복동2가,,전주천6,26.0,7.4,10.0,1.8,5.7,8.2,1.742,0.097
2014,09,전라북도,전주시완산구,다가동3가,,전주천3,24.0,7.9,10.7,0.8,2.1,1.0,3.703,0.037
2014,09,전라북도,전주시완산구,동서학동,,전주천2,23.0,7.9,10.5,0.8,1.6,0.3,3.640,0.020
2014,10,전라북도,전주시완산구,서신동,,전주천5,22.0,8.1,10.3,1.8,2.9,5.2,2.285,0.128
2014,10,전라북도,전주시덕진구,진북동,,전주천4,20.0,7.8,10.2,1.3,2.7,4.7,2.721,0.142
2014,10,전라북도,전주시덕진구,팔복동2가,,전주천6,21.0,8.0,9.2,2.8,3.9,6.2,1.825,0.098
2014,10,전라북도,전주시완산구,다가동3가,,전주천3,21.0,8.2,10.1,1.4,2.5,2.9,2.325,0.061
2014,10,전라북도,전주시완산구,동서학동,,전주천2,16.0,7.4,9.1,1.0,1.6,1.0,2.435,0.044
2014,11,전라북도,전주시완산구,서신동,,전주천5,16.0,8.2,12.6,0.8,2.1,4.9,2.686,0.094
2014,11,전라북도,전주시덕진구,진북동,,전주천4,16.0,8.1,12.4,0.7,1.8,2.2,2.641,0.089
2014,11,전라북도,전주시덕진구,팔복동2가,,전주천6,15.0,7.5,11.3,1.2,3.1,5.2,2.422,0.070
2014,11,전라북도,전주시완산구,다가동3가,,전주천3,16.0,8.5,13.8,0.7,1.8,2.0,2.937,0.049
2014,11,전라북도,전주시완산구,동서학동,,전주천2,15.0,7.8,12.1,0.5,1.3,0.8,3.120,0.030
2014,12,전라북도,전주시완산구,서신동,,전주천5,10.0,7.8,12.9,0.9,1.9,2.3,3.271,0.077
2014,12,전라북도,전주시덕진구,진북동,,전주천4,10.0,7.7,12.4,0.6,1.7,1.8,3.306,0.065
2014,12,전라북도,전주시덕진구,팔복동2가,,전주천6,11.0,7.3,10.6,3.0,4.1,5.8,3.387,0.092
2014,12,전라북도,전주시완산구,다가동3가,,전주천3,10.0,7.8,13.0,0.9,1.5,1.9,3.271,0.023
2014,12,전라북도,전주시완산구,동서학동,,전주천2,10.0,7.7,11.9,0.4,1.4,1.9,3.255,0.006
2015,01,전라북도,전주시완산구,서신동,,전주천5,5.1,7.9,13.9,0.5,2.8,9.0,3.051,0.029
2015,01,전라북도,전주시덕진구,진북동,,전주천4,5.0,7.9,14.3,0.4,2.1,4.2,3.075,0.031
2015,01,전라북도,전주시덕진구,팔복동2가,,전주천6,4.3,7.7,13.2,1.2,4.8,11.0,3.013,0.054
2015,01,전라북도,전주시완산구,다가동3가,,전주천3,5.5,7.9,14.0,0.5,2.0,4.6,3.052,0.016
2015,01,전라북도,전주시완산구,동서학동,,전주천2,4.9,7.6,13.3,0.5,3.2,17.8,3.120,0.052
2015,02,전라북도,전주시완산구,서신동,,전주천5,4.3,8.2,15.3,0.8,1.8,3.6,3.339,0.050
2015,02,전라북도,전주시덕진구,진북동,,전주천4,4.5,7.9,13.9,0.6,1.3,4.7,3.425,0.061
2015,02,전라북도,전주시덕진구,팔복동2가,,전주천6,4.2,7.9,13.2,1.1,2.1,0.5,3.351,0.042
2015,02,전라북도,전주시완산구,다가동3가,,전주천3,4.9,8.1,14.0,0.9,1.8,3.2,3.401,0.024
2015,02,전라북도,전주시완산구,동서학동,,전주천2,5.2,7.7,13.5,0.5,1.0,1.0,3.296,0.005
2015,03,전라북도,전주시완산구,서신동,,전주천5,6.6,7.8,14.0,0.9,2.3,2.4,3.056,0.068
2015,03,전라북도,전주시덕진구,진북동,,전주천4,5.2,7.4,13.4,1.2,1.7,1.8,3.088,0.077
2015,03,전라북도,전주시덕진구,팔복동2가,,전주천6,6.2,7.1,14.4,1.7,5.6,2.5,2.599,0.051
2015,03,전라북도,전주시완산구,다가동3가,,전주천3,6.1,7.5,13.8,0.9,1.5,1.1,3.011,0.036
2015,03,전라북도,전주시완산구,동서학동,,전주천2,5.6,7.2,13.0,0.3,0.8,1.0,2.962,0.015
2015,04,전라북도,전주시완산구,서신동,,전주천5,13.8,7.9,10.2,1.3,3.0,11.2,3.019,0.073
2015,04,전라북도,전주시덕진구,진북동,,전주천4,12.8,7.7,9.6,1.1,2.2,3.2,3.185,0.103
2015,04,전라북도,전주시덕진구,팔복동2가,,전주천6,14.9,7.7,8.4,1.6,3.9,3.8,2.651,0.053
2015,04,전라북도,전주시완산구,다가동3가,,전주천3,13.0,7.9,10.0,0.8,2.3,3.2,3.291,0.036
2015,04,전라북도,전주시완산구,동서학동,,전주천2,12.5,7.9,10.2,0.5,1.9,1.1,3.119,0.023
2015,05,전라북도,전주시완산구,서신동,,전주천5,20.7,7.8,13.1,1.7,3.1,15.8,1.868,0.062
2015,05,전라북도,전주시덕진구,진북동,,전주천4,18.3,7.3,12.6,1.5,2.9,9.6,1.953,0.069
2015,05,전라북도,전주시덕진구,팔복동2가,,전주천6,21.1,8.0,10.2,1.8,4.1,5.6,1.914,0.060
2015,05,전라북도,전주시완산구,다가동3가,,전주천3,17.4,7.7,13.4,1.2,2.8,6.3,2.032,0.020
2015,05,전라북도,전주시완산구,동서학동,,전주천2,17.4,7.4,12.1,0.8,1.6,1.8,1.942,0.010
2015,06,전라북도,전주시완산구,서신동,,전주천5,25.3,8.0,11.6,2.3,3.7,11.4,1.489,0.136
2015,06,전라북도,전주시덕진구,진북동,,전주천4,22.2,7.6,11.2,2.1,3.2,7.8,1.925,0.143
2015,06,전라북도,전주시덕진구,팔복동2가,,전주천6,24.7,8.0,8.1,2.9,3.9,7.0,1.995,0.108
2015,06,전라북도,전주시완산구,다가동3가,,전주천3,23.3,8.1,12.8,1.9,3.0,8.1,1.565,0.068
2015,06,전라북도,전주시완산구,동서학동,,전주천2,21.7,7.7,11.7,1.3,1.9,2.3,1.473,0.019
2015,07,전라북도,전주시완산구,서신동,,전주천5,24.0,7.9,10.6,2.0,3.2,7.9,3.315,0.120
2015,07,전라북도,전주시덕진구,진북동,,전주천4,22.1,7.9,11.3,1.3,2.3,10.1,3.013,0.061
2015,07,전라북도,전주시덕진구,팔복동2가,,전주천6,25.7,7.7,8.0,3.1,4.6,8.0,2.744,0.128
2015,07,전라북도,전주시완산구,다가동3가,,전주천3,22.0,8.1,11.9,0.8,2.6,7.5,3.050,0.027
2015,07,전라북도,전주시완산구,동서학동,,전주천2,21.1,8.2,12.2,0.7,1.7,1.5,3.129,0.012
2015,08,전라북도,전주시완산구,서신동,,전주천5,30.8,8.1,12.3,2.1,3.1,9.3,1.963,0.111
2015,08,전라북도,전주시덕진구,진북동,,전주천4,27.3,8.0,11.7,1.5,2.6,5.1,2.331,0.089
2015,08,전라북도,전주시덕진구,팔복동2가,,전주천6,30.9,8.1,10.0,4.1,6.3,8.8,1.968,0.131
2015,08,전라북도,전주시완산구,다가동3가,,전주천3,28.3,8.1,14.0,1.2,2.0,3.1,1.723,0.032
2015,08,전라북도,전주시완산구,동서학동,,전주천2,25.9,7.8,11.6,1.1,1.8,3.0,1.999,0.013
2015,09,전라북도,전주시완산구,서신동,,전주천5,24.8,7.6,9.5,2.1,5.3,23.0,1.367,0.085
2015,09,전라북도,전주시덕진구,진북동,,전주천4,23.1,7.4,9.8,1.3,3.2,7.4,1.202,0.085
2015,09,전라북도,전주시덕진구,팔복동2가,,전주천6,24.8,7.6,6.9,4.1,6.7,20.7,2.221,0.107
2015,09,전라북도,전주시완산구,다가동3가,,전주천3,23.7,7.7,10.8,1.2,3.0,5.8,1.017,0.038
2015,09,전라북도,전주시완산구,동서학동,,전주천2,22.5,7.7,11.5,0.6,1.7,2.4,0.917,0.015
2015,10,전라북도,전주시완산구,서신동,,전주천5,20.7,8.0,11.0,1.4,2.3,7.1,1.331,0.081
2015,10,전라북도,전주시덕진구,진북동,,전주천4,18.8,7.8,10.7,1.0,1.6,3.4,1.457,0.088
2015,10,전라북도,전주시덕진구,팔복동2가,,전주천6,20.6,8.0,7.8,2.9,3.7,5.3,1.336,0.096
2015,10,전라북도,전주시완산구,다가동3가,,전주천3,19.5,8.1,11.3,0.8,1.4,2.3,1.174,0.034
2015,10,전라북도,전주시완산구,동서학동,,전주천2,18.7,8.0,10.6,0.6,1.2,0.7,1.218,0.018
2015,11,전라북도,전주시완산구,서신동,,전주천5,12.3,8.1,13.9,1.2,2.4,3.0,1.419,0.086
2015,11,전라북도,전주시덕진구,진북동,,전주천4,12.3,7.6,11.5,1.0,2.1,2.5,1.677,0.122
2015,11,전라북도,전주시덕진구,팔복동2가,,전주천6,14.1,8.1,10.4,2.0,4.0,4.9,1.532,0.073
2015,11,전라북도,전주시완산구,다가동3가,,전주천3,12.8,7.8,12.6,0.9,1.9,4.6,1.188,0.015
2015,11,전라북도,전주시완산구,동서학동,,전주천2,12.1,8.0,12.0,0.8,1.0,1.8,1.184,0.005
2015,12,전라북도,전주시완산구,서신동,,전주천5,10.5,7.9,13.7,1.2,2.2,6.7,3.741,0.033
2015,12,전라북도,전주시덕진구,진북동,,전주천4,10.3,7.9,13.5,1.1,1.9,5.7,3.866,0.030
2015,12,전라북도,전주시덕진구,팔복동2가,,전주천6,9.9,8.1,13.3,1.5,3.1,8.0,3.561,0.049
2015,12,전라북도,전주시완산구,다가동3가,,전주천3,10.1,7.7,13.7,1.0,2.1,4.5,3.909,0.021
2015,12,전라북도,전주시완산구,동서학동,,전주천2,10.7,7.4,13.5,0.8,1.7,1.0,3.963,0.018
2016,01,전라북도,전주시완산구,서신동,,전주천5,7.4,8.6,14.1,0.8,1.6,2.6,3.748,0.057
2016,01,전라북도,전주시덕진구,진북동,,전주천4,6.9,8.0,10.2,1.0,2.2,2.5,3.765,0.067
2016,01,전라북도,전주시덕진구,팔복동2가,,전주천6,6.7,8.1,11.7,1.4,2.8,4.5,3.776,0.064
2016,01,전라북도,전주시완산구,다가동3가,,전주천3,7.2,8.1,10.5,0.8,2.1,5.3,3.558,0.017
2016,01,전라북도,전주시완산구,동서학동,,전주천2,7.2,8.0,9.9,0.6,1.3,0.3,3.769,0.008
2016,02,전라북도,전주시완산구,서신동,,전주천5,4.3,7.9,14.2,0.8,2.2,2.5,3.469,0.036
2016,02,전라북도,전주시덕진구,진북동,,전주천4,3.8,8.0,13.6,0.7,2.0,2.5,3.664,0.035
2016,02,전라북도,전주시덕진구,팔복동2가,,전주천6,4.0,7.9,13.0,1.7,4.3,4.1,3.485,0.063
2016,02,전라북도,전주시완산구,다가동3가,,전주천3,4.3,8.0,13.7,0.7,1.9,1.1,3.653,0.017
2016,02,전라북도,전주시완산구,동서학동,,전주천2,4.6,8.0,13.6,0.5,1.6,0.7,3.436,0.011
2016,03,전라북도,전주시완산구,서신동,,전주천5,6.2,8.1,14.3,1.0,2.5,1.9,3.645,0.034
2016,03,전라북도,전주시덕진구,진북동,,전주천4,6.2,8.2,13.1,1.0,2.3,1.7,3.671,0.049
2016,03,전라북도,전주시덕진구,팔복동2가,,전주천6,6.9,8.2,12.7,1.9,3.6,5.1,2.980,0.037
2016,03,전라북도,전주시완산구,다가동3가,,전주천3,6.3,8.2,13.9,1.1,2.5,2.4,3.673,0.092
2016,03,전라북도,전주시완산구,동서학동,,전주천2,5.7,8.0,13.7,0.9,2.4,0.4,3.556,0.067
2016,04,전라북도,전주시완산구,서신동,,전주천5,15.5,8.3,11.5,1.5,3.4,1.8,3.555,0.055
2016,04,전라북도,전주시덕진구,진북동,,전주천4,12.9,8.2,11.2,1.5,3.8,1.8,3.988,0.101
2016,04,전라북도,전주시덕진구,팔복동2가,,전주천6,16.7,8.1,10.0,2.3,5.0,3.6,2.815,0.051
2016,04,전라북도,전주시완산구,다가동3가,,전주천3,14.1,8.4,12.3,1.4,3.3,1.2,3.622,0.015
2016,04,전라북도,전주시완산구,동서학동,,전주천2,12.3,8.0,11.8,0.8,2.2,0.8,3.688,0.007
2016,05,전라북도,전주시완산구,서신동,,전주천5,18.7,8.6,12.2,1.1,2.8,4.0,2.758,0.029
2016,05,전라북도,전주시덕진구,진북동,,전주천4,17.4,8.2,10.5,0.9,2.4,3.6,2.862,0.024
2016,05,전라북도,전주시덕진구,팔복동2가,,전주천6,20.3,8.2,9.7,1.4,3.6,4.9,2.397,0.026
2016,05,전라북도,전주시완산구,다가동3가,,전주천3,17.3,8.2,10.8,0.9,2.3,2.4,2.837,0.023
2016,05,전라북도,전주시완산구,동서학동,,전주천2,16.3,8.1,11.9,0.8,2.0,1.0,2.687,0.020
2016,06,전라북도,전주시완산구,서신동,,전주천5,27.5,8.4,9.4,1.2,3.2,5.6,1.647,0.048
2016,06,전라북도,전주시덕진구,진북동,,전주천4,23.0,7.9,9.2,1.0,2.6,5.2,1.932,0.055
2016,06,전라북도,전주시덕진구,팔복동2가,,전주천6,26.1,8.0,8.4,2.0,4.6,4.4,1.864,0.041
2016,06,전라북도,전주시완산구,다가동3가,,전주천3,24.3,8.0,10.3,1.1,2.9,2.6,1.519,0.022
2016,06,전라북도,전주시완산구,동서학동,,전주천2,21.5,7.8,9.4,0.7,1.9,1.8,1.687,0.011
2016,07,전라북도,전주시완산구,서신동,,전주천5,23.6,7.6,12.9,1.1,2.0,1.7,3.429,0.051
2016,07,전라북도,전주시덕진구,진북동,,전주천4,22.3,7.5,12.9,1.0,2.1,1.6,3.460,0.040
2016,07,전라북도,전주시덕진구,팔복동2가,,전주천6,25.3,7.9,10.3,1.7,3.5,7.7,2.571,0.079
2016,07,전라북도,전주시완산구,다가동3가,,전주천3,21.9,7.6,12.8,1.0,2.1,1.8,3.409,0.037
2016,07,전라북도,전주시완산구,동서학동,,전주천2,21.3,7.4,12.6,0.7,1.8,0.9,3.345,0.027
2016,08,전라북도,전주시완산구,서신동,,전주천5,33.6,8.3,10.1,1.9,4.7,3.4,1.266,0.149
2016,08,전라북도,전주시덕진구,진북동,,전주천4,29.3,8.5,9.5,1.4,3.3,1.6,1.657,0.088
2016,08,전라북도,전주시덕진구,팔복동2가,,전주천6,32.2,8.0,7.5,2.2,5.5,5.2,1.013,0.117
2016,08,전라북도,전주시완산구,다가동3가,,전주천3,29.5,8.6,10.6,1.4,3.4,1.7,1.464,0.057
2016,08,전라북도,전주시완산구,동서학동,,전주천2,26.1,7.9,7.7,0.9,1.9,1.3,1.513,0.012
2016,09,전라북도,전주시완산구,서신동,,전주천5,26.6,7.7,9.5,1.8,3.5,6.1,0.951,0.092
2016,09,전라북도,전주시덕진구,진북동,,전주천4,25.4,7.7,8.3,1.6,3.0,5.1,1.178,0.078
2016,09,전라북도,전주시덕진구,팔복동2가,,전주천6,26.3,7.8,7.8,2.3,5.1,2.8,0.422,0.081
2016,09,전라북도,전주시완산구,다가동3가,,전주천3,25.4,7.7,9.3,1.3,2.7,2.5,0.752,0.019
2016,09,전라북도,전주시완산구,동서학동,,전주천2,23.6,7.7,8.5,0.8,1.6,1.2,0.803,0.025
2016,10,전라북도,전주시완산구,서신동,,전주천5,18.1,7.7,10.1,1.7,3.7,1.6,3.513,0.048
2016,10,전라북도,전주시덕진구,진북동,,전주천4,18.1,7.7,10.0,1.6,3.6,2.1,3.524,0.028
2016,10,전라북도,전주시덕진구,팔복동2가,,전주천6,17.6,7.7,10.0,2.1,4.4,4.7,3.513,0.085
2016,10,전라북도,전주시완산구,다가동3가,,전주천3,17.9,7.7,10.2,1.6,3.9,1.8,3.485,0.020
2016,10,전라북도,전주시완산구,동서학동,,전주천2,17.6,8.1,10.2,1.2,3.2,0.5,3.471,0.016
2016,11,전라북도,전주시완산구,서신동,,전주천5,11.5,7.5,14.8,1.0,2.0,1.1,2.963,0.078
2016,11,전라북도,전주시덕진구,진북동,,전주천4,11.1,7.7,13.9,0.9,1.8,2.0,3.073,0.067
2016,11,전라북도,전주시덕진구,팔복동2가,,전주천6,11.9,7.7,13.0,1.4,3.3,4.0,2.946,0.076
2016,11,전라북도,전주시완산구,다가동3가,,전주천3,12.0,8.1,14.7,0.9,2.0,0.5,2.705,0.020
2016,11,전라북도,전주시완산구,동서학동,,전주천2,12.3,8.2,13.7,0.8,1.6,0.6,2.802,0.022
2016,12,전라북도,전주시완산구,서신동,,전주천5,8.6,7.5,12.5,0.8,1.9,2.2,2.670,0.076
2016,12,전라북도,전주시덕진구,진북동,,전주천4,8.7,7.6,12.7,0.9,1.8,1.4,2.633,0.058
2016,12,전라북도,전주시덕진구,팔복동2가,,전주천6,7.2,7.4,11.6,1.2,3.1,2.9,2.658,0.098
2016,12,전라북도,전주시완산구,다가동3가,,전주천3,9.0,7.8,12.5,1.0,2.1,1.1,2.402,0.020
2016,12,전라북도,전주시완산구,동서학동,,전주천2,10.0,7.9,12.2,0.8,1.7,0.3,2.475,0.018
2017,01,전라북도,전주시완산구,서신동,,전주천5,7.4,7.6,12.1,1.1,2.3,5.1,3.240,0.050
2017,01,전라북도,전주시덕진구,진북동,,전주천4,7.7,7.8,11.9,1.0,2.1,2.9,3.401,0.037
2017,01,전라북도,전주시덕진구,팔복동2가,,전주천6,6.5,7.6,12.5,1.3,3.0,3.5,3.397,0.063
2017,01,전라북도,전주시완산구,다가동3가,,전주천3,8.0,7.8,12.8,0.9,1.9,2.0,3.202,0.027
2017,01,전라북도,전주시완산구,동서학동,,전주천2,7.2,8.3,12.2,0.6,1.3,0.5,3.289,0.013
2017,02,전라북도,전주시완산구,서신동,,전주천5,5.4,7.5,13.9,1.3,2.9,3.9,3.348,0.065
2017,02,전라북도,전주시덕진구,진북동,,전주천4,3.4,7.8,13.1,0.9,1.9,3.4,3.454,0.068
2017,02,전라북도,전주시덕진구,팔복동2가,,전주천6,4.9,7.4,12.8,2.0,4.9,6.4,3.612,0.089
2017,02,전라북도,전주시완산구,다가동3가,,전주천3,3.3,7.8,12.9,0.9,2.0,10.9,3.069,0.035
2017,02,전라북도,전주시완산구,동서학동,,전주천2,3.0,8.2,13.8,0.6,1.2,0.3,3.059,0.014
2017,03,전라북도,전주시완산구,서신동,,전주천5,9.0,7.9,15.7,0.9,2.1,2.1,3.776,0.032
2017,03,전라북도,전주시덕진구,진북동,,전주천4,8.0,7.8,16.0,0.7,1.3,2.5,3.785,0.024
2017,03,전라북도,전주시덕진구,팔복동2가,,전주천6,8.0,7.9,14.7,1.5,3.4,3.2,3.309,0.057
2017,03,전라북도,전주시완산구,다가동3가,,전주천3,7.3,7.7,16.3,0.7,1.3,2.8,3.784,0.017
2017,03,전라북도,전주시완산구,동서학동,,전주천2,6.7,8.1,16.6,0.6,1.1,0.5,3.689,0.014
2017,04,전라북도,전주시완산구,서신동,,전주천5,17.6,8.1,12.0,1.3,3.4,5.3,2.605,0.070
2017,04,전라북도,전주시덕진구,진북동,,전주천4,13.1,7.3,12.6,1.0,2.6,2.9,2.680,0.041
2017,04,전라북도,전주시덕진구,팔복동2가,,전주천6,16.9,7.8,11.5,1.8,4.2,4.2,2.476,0.089
2017,04,전라북도,전주시완산구,다가동3가,,전주천3,14.2,7.8,12.2,0.8,2.1,2.7,2.474,0.040
2017,04,전라북도,전주시완산구,동서학동,,전주천2,11.0,8.3,13.0,0.7,1.5,0.6,2.658,0.014
2017,05,전라북도,전주시완산구,서신동,,전주천5,25.6,8.2,8.7,1.8,4.6,6.9,1.689,0.072
2017,05,전라북도,전주시덕진구,진북동,,전주천4,21.2,7.9,11.1,1.4,3.5,8.3,1.919,0.050
2017,05,전라북도,전주시덕진구,팔복동2가,,전주천6,23.9,7.8,11.0,2.3,5.7,6.2,1.428,0.099
2017,05,전라북도,전주시완산구,다가동3가,,전주천3,22.1,7.9,11.6,1.3,3.4,3.9,1.696,0.021
2017,05,전라북도,전주시완산구,동서학동,,전주천2,16.1,8.0,10.7,1.1,2.5,1.3,1.852,0.037
2017,06,전라북도,전주시완산구,서신동,,전주천5,24.0,7.3,7.7,1.6,3.9,8.0,1.833,0.111
2017,06,전라북도,전주시덕진구,진북동,,전주천4,22.7,7.5,8.7,1.9,5.4,11.0,1.796,0.088
2017,06,전라북도,전주시덕진구,팔복동2가,,전주천6,22.9,7.3,6.6,4.2,12.6,31.0,3.382,0.184
2017,06,전라북도,전주시완산구,다가동3가,,전주천3,22.5,7.6,8.5,1.7,4.7,10.4,1.678,0.052
2017,06,전라북도,전주시완산구,동서학동,,전주천2,19.6,8.2,9.0,1.1,2.4,2.2,1.393,0.023
2017,07,전라북도,전주시완산구,서신동,,전주천5,24.6,7.4,8.7,1.5,3.6,7.4,3.055,0.105
2017,07,전라북도,전주시덕진구,진북동,,전주천4,22.5,7.4,9.0,1.4,3.2,11.3,3.132,0.092
2017,07,전라북도,전주시덕진구,팔복동2가,,전주천6,28.1,7.3,7.1,2.1,4.8,5.7,2.327,0.156
2017,07,전라북도,전주시완산구,다가동3가,,전주천3,21.9,7.4,8.7,1.4,3.1,14.4,3.128,0.063
2017,07,전라북도,전주시완산구,동서학동,,전주천2,21.2,7.4,8.7,1.3,2.8,2.4,3.180,0.028
2017,08,전라북도,전주시완산구,서신동,,전주천5,27.2,8.2,8.4,1.9,4.3,8.3,2.553,0.051
2017,08,전라북도,전주시덕진구,진북동,,전주천4,26.4,8.2,9.7,1.7,3.9,5.4,2.532,0.033
2017,08,전라북도,전주시덕진구,팔복동2가,,전주천6,28.9,7.7,7.6,2.3,5.4,2.0,2.254,0.080
2017,08,전라북도,전주시완산구,다가동3가,,전주천3,25.8,8.0,9.4,1.6,3.5,8.1,2.439,0.025
2017,08,전라북도,전주시완산구,동서학동,,전주천2,24.0,7.6,8.4,1.5,3.3,3.7,2.492,0.019
2017,09,전라북도,전주시완산구,서신동,,전주천5,21.9,8.3,9.4,1.5,3.1,3.7,3.150,0.047
2017,09,전라북도,전주시덕진구,진북동,,전주천4,21.2,8.2,10.2,1.4,3.1,3.9,3.223,0.033
2017,09,전라북도,전주시덕진구,팔복동2가,,전주천6,23.3,8.0,9.3,2.1,4.7,9.6,2.387,0.073
2017,09,전라북도,전주시완산구,다가동3가,,전주천3,21.2,8.1,9.4,1.0,2.2,4.0,3.193,0.024
2017,09,전라북도,전주시완산구,동서학동,,전주천2,21.0,8.0,9.1,0.9,2.0,2.4,3.167,0.020
2017,10,전라북도,전주시완산구,서신동,,전주천5,24.1,8.4,11.1,1.3,2.6,5.1,2.534,0.096
2017,10,전라북도,전주시덕진구,진북동,,전주천4,22.0,8.3,10.8,1.0,1.9,2.5,2.413,0.064
2017,10,전라북도,전주시덕진구,팔복동2가,,전주천6,24.7,8.2,8.9,1.7,3.2,6.6,2.209,0.097
2017,10,전라북도,전주시완산구,다가동3가,,전주천3,22.2,8.4,10.7,0.9,2.0,2.7,2.704,0.038
2017,10,전라북도,전주시완산구,동서학동,,전주천2,20.1,8.2,9.6,0.8,1.7,1.1,2.405,0.020
2017,11,전라북도,전주시완산구,서신동,,전주천5,15.1,8.5,12.9,1.6,3.1,5.7,2.247,0.086
2017,11,전라북도,전주시덕진구,진북동,,전주천4,13.9,8.2,10.9,1.3,2.5,2.0,2.185,0.054
2017,11,전라북도,전주시덕진구,팔복동2가,,전주천6,14.7,8.4,12.0,1.9,3.6,3.9,1.718,0.089
2017,11,전라북도,전주시완산구,다가동3가,,전주천3,14.2,8.2,11.3,1.1,2.2,3.0,2.169,0.034
2017,11,전라북도,전주시완산구,동서학동,,전주천2,13.2,8.1,10.7,0.7,1.5,0.6,2.062,0.014
2017,12,전라북도,전주시완산구,서신동,,전주천5,6.8,8.4,14.8,1.7,3.7,3.7,2.522,0.103
2017,12,전라북도,전주시덕진구,진북동,,전주천4,6.2,7.9,13.8,1.2,2.5,2.3,2.529,0.070
2017,12,전라북도,전주시덕진구,팔복동2가,,전주천6,5.9,8.3,14.2,2.1,4.2,2.4,1.999,0.069
2017,12,전라북도,전주시완산구,다가동3가,,전주천3,6.9,8.2,14.6,1.1,2.3,1.6,2.074,0.026
2017,12,전라북도,전주시완산구,동서학동,,전주천2,6.0,7.9,12.8,0.7,1.6,0.2,2.061,0.011
2018,01,전라북도,전주시완산구,서신동,,전주천5,5.1,7.9,12.5,1.5,3.4,4.8,3.073,0.093
2018,01,전라북도,전주시덕진구,진북동,,전주천4,3.0,7.8,14.0,1.3,2.6,3.1,2.944,0.078
2018,01,전라북도,전주시덕진구,팔복동2가,,전주천6,4.5,7.7,13.5,2.2,4.9,3.7,2.928,0.089
2018,01,전라북도,전주시완산구,다가동3가,,전주천3,2.9,7.9,13.7,1.2,2.7,5.6,2.441,0.032
2018,01,전라북도,전주시완산구,동서학동,,전주천2,3.3,7.9,12.9,0.7,1.6,0.7,2.361,0.009
2018,02,전라북도,전주시완산구,서신동,,전주천5,6.3,8.0,14.3,1.3,2.9,3.7,3.917,0.070
2018,02,전라북도,전주시덕진구,진북동,,전주천4,5.0,7.9,14.8,1.1,2.4,6.0,4.163,0.065
2018,02,전라북도,전주시덕진구,팔복동2가,,전주천6,4.9,8.1,14.5,1.9,3.6,12.6,3.552,0.051
2018,02,전라북도,전주시완산구,다가동3가,,전주천3,5.8,8.2,14.1,1.3,2.6,8.0,3.697,0.038
2018,02,전라북도,전주시완산구,동서학동,,전주천2,2.1,8.2,14.5,0.8,1.2,0.7,3.795,0.011
2018,03,전라북도,전주시완산구,서신동,,전주천5,10.1,8.1,12.8,7.8,7.9,9.5,4.025,0.131
2018,03,전라북도,전주시덕진구,진북동,,전주천4,6.1,8.2,14.0,0.8,3.7,3.4,3.237,0.060
2018,03,전라북도,전주시덕진구,팔복동2가,,전주천6,8.0,8.0,11.0,11.0,11.5,22.0,4.798,0.144
2018,03,전라북도,전주시완산구,다가동3가,,전주천3,5.7,8.1,13.2,0.7,3.5,2.4,2.921,0.029
2018,03,전라북도,전주시완산구,동서학동,,전주천2,3.8,8.4,12.9,0.6,1.5,0.7,2.844,0.005
2018,04,전라북도,전주시완산구,서신동,,전주천5,20.3,8.7,12.1,1.3,3.1,3.9,3.672,0.045
2018,04,전라북도,전주시덕진구,진북동,,전주천4,17.4,8.5,9.9,1.2,2.4,3.4,3.949,0.035
2018,04,전라북도,전주시덕진구,팔복동2가,,전주천6,18.2,8.4,9.3,1.8,4.5,7.2,2.814,0.061
2018,04,전라북도,전주시완산구,다가동3가,,전주천3,16.6,8.3,10.9,1.0,2.5,4.8,3.838,0.022
2018,04,전라북도,전주시완산구,동서학동,,전주천2,14.4,8.1,11.3,0.6,1.6,0.7,4.048,0.003
2018,05,전라북도,전주시완산구,서신동,,전주천5,20.1,7.8,10.4,1.2,3.2,6.2,3.203,0.042
2018,05,전라북도,전주시덕진구,진북동,,전주천4,18.2,7.5,10.8,1.0,2.7,5.9,3.297,0.032
2018,05,전라북도,전주시덕진구,팔복동2가,,전주천6,21.1,7.6,9.6,1.6,3.8,5.5,2.852,0.067
2018,05,전라북도,전주시완산구,다가동3가,,전주천3,17.5,7.8,10.6,0.9,2.3,5.3,3.292,0.022
2018,05,전라북도,전주시완산구,동서학동,,전주천2,15.8,7.7,10.6,0.8,1.7,2.0,3.210,0.014
2018,06,전라북도,전주시완산구,서신동,,전주천5,26.1,7.9,10.6,1.8,4.2,10.9,1.961,0.113
2018,06,전라북도,전주시덕진구,진북동,,전주천4,23.5,7.9,10.4,1.2,3.0,8.7,2.199,0.081
2018,06,전라북도,전주시덕진구,팔복동2가,,전주천6,27.1,8.0,11.9,6.8,9.3,13.2,2.303,0.091
2018,06,전라북도,전주시완산구,다가동3가,,전주천3,23.5,7.9,10.3,1.2,2.8,4.6,2.030,0.055
2018,06,전라북도,전주시완산구,동서학동,,전주천2,20.0,7.9,9.6,0.7,1.9,2.3,2.201,0.016
2018,07,전라북도,전주시완산구,서신동,,전주천5,21.9,7.4,9.3,1.0,2.9,8.6,5.066,0.059
2018,07,전라북도,전주시덕진구,진북동,,전주천4,20.9,7.4,9.4,0.8,2.9,4.4,4.984,0.044
2018,07,전라북도,전주시덕진구,팔복동2가,,전주천6,23.6,7.7,8.8,1.4,5.2,20.9,3.230,0.070
2018,07,전라북도,전주시완산구,다가동3가,,전주천3,20.9,7.3,9.3,0.8,2.6,3.3,5.089,0.040
2018,07,전라북도,전주시완산구,동서학동,,전주천2,20.1,7.7,9.3,0.6,2.6,5.4,4.909,0.036
2018,08,전라북도,전주시완산구,서신동,,전주천5,33.0,8.5,6.9,1.8,3.4,5.5,1.292,0.121
2018,08,전라북도,전주시덕진구,진북동,,전주천4,29.3,7.9,14.1,1.4,3.0,6.8,1.720,0.083
2018,08,전라북도,전주시덕진구,팔복동2가,,전주천6,32.2,8.3,5.8,3.0,6.1,8.2,0.974,0.101
2018,08,전라북도,전주시완산구,다가동3가,,전주천3,30.0,8.2,15.2,1.4,3.5,3.2,1.441,0.042
2018,08,전라북도,전주시완산구,동서학동,,전주천2,26.7,7.4,10.1,0.6,2.4,2.5,1.374,0.010
2018,09,전라북도,전주시완산구,서신동,,전주천5,24.1,7.8,9.0,0.6,2.5,1.7,4.090,0.062
2018,09,전라북도,전주시덕진구,진북동,,전주천4,23.0,7.8,9.1,0.7,2.2,1.5,4.112,0.045
2018,09,전라북도,전주시덕진구,팔복동2가,,전주천6,24.5,7.8,8.6,0.6,3.9,5.1,3.351,0.079
2018,09,전라북도,전주시완산구,다가동3가,,전주천3,22.8,7.7,9.1,0.5,2.3,1.3,3.873,0.030
2018,09,전라북도,전주시완산구,동서학동,,전주천2,22.4,7.8,8.3,0.4,2.4,0.4,3.902,0.025
2018,10,전라북도,전주시완산구,서신동,,전주천5,20.9,8.4,11.9,1.0,3.4,2.0,2.273,0.114
2018,10,전라북도,전주시덕진구,진북동,,전주천4,19.6,8.4,10.7,0.9,2.5,3.0,2.292,0.096
2018,10,전라북도,전주시덕진구,팔복동2가,,전주천6,21.3,8.5,12.0,2.5,5.5,6.0,1.625,0.072
2018,10,전라북도,전주시완산구,다가동3가,,전주천3,19.0,8.2,11.5,0.9,2.2,2.6,2.000,0.040
2018,10,전라북도,전주시완산구,동서학동,,전주천2,18.3,7.9,10.3,0.4,1.4,0.6,1.938,0.013
2018,11,전라북도,전주시완산구,서신동,,전주천5,16.0,8.8,12.9,2.0,3.9,2.8,2.450,0.117
2018,11,전라북도,전주시덕진구,진북동,,전주천4,14.8,8.7,13.8,1.6,2.8,1.8,2.249,0.077
2018,11,전라북도,전주시덕진구,팔복동2가,,전주천6,14.8,8.1,10.8,1.5,3.9,3.3,2.170,0.085
2018,11,전라북도,전주시완산구,다가동3가,,전주천3,14.9,8.6,13.3,1.7,2.7,2.0,2.292,0.055
2018,11,전라북도,전주시완산구,동서학동,,전주천2,13.1,8.3,11.8,0.9,1.4,0.3,1.996,0.006
2018,12,전라북도,전주시완산구,서신동,,전주천5,10.2,8.2,12.3,1.9,4.0,3.2,2.437,0.099
2018,12,전라북도,전주시덕진구,진북동,,전주천4,9.3,7.5,12.8,1.1,2.9,2.6,2.315,0.066
2018,12,전라북도,전주시덕진구,팔복동2가,,전주천6,10.2,8.0,11.5,3.0,6.6,11.5,2.438,0.127
2018,12,전라북도,전주시완산구,다가동3가,,전주천3,9.1,7.4,12.3,0.8,2.4,2.0,2.507,0.072
2018,12,전라북도,전주시완산구,동서학동,,전주천2,9.2,7.6,12.1,0.5,1.8,0.3,2.112,0.008
2019,01,전라북도,전주시완산구,서신동,,전주천5,2.5,8.1,12.9,1.3,3.3,2.1,2.669,0.090
2019,01,전라북도,전주시덕진구,진북동,,전주천4,2.4,7.7,13.5,0.9,2.2,1.7,2.502,0.062
2019,01,전라북도,전주시덕진구,팔복동2가,,전주천6,4.0,8.0,12.6,1.2,3.7,4.0,2.702,0.092
2019,01,전라북도,전주시완산구,다가동3가,,전주천3,3.0,7.8,13.1,0.9,1.9,2.0,2.321,0.028
2019,01,전라북도,전주시완산구,동서학동,,전주천2,2.8,7.7,13.3,0.6,1.4,1.1,2.336,0.006
2019,02,전라북도,전주시완산구,서신동,,전주천5,7.4,8.2,13.2,1.5,3.4,2.2,2.732,0.089
2019,02,전라북도,전주시덕진구,진북동,,전주천4,5.2,8.3,15.0,0.8,1.9,1.3,2.344,0.048
2019,02,전라북도,전주시덕진구,팔복동2가,,전주천6,4.7,8.0,14.0,0.8,3.8,2.1,2.728,0.076
2019,02,전라북도,전주시완산구,다가동3가,,전주천3,5.3,8.3,15.4,0.7,1.7,0.8,2.217,0.019
2019,02,전라북도,전주시완산구,동서학동,,전주천2,3.9,8.0,14.5,0.6,1.3,0.3,2.361,0.014
2019,03,전라북도,전주시완산구,서신동,,전주천5,11.6,7.9,12.8,2.6,4.1,5.7,2.431,0.070
2019,03,전라북도,전주시덕진구,진북동,,전주천4,10.3,7.8,13.3,1.4,2.1,2.4,2.268,0.040
2019,03,전라북도,전주시덕진구,팔복동2가,,전주천6,11.0,7.5,11.4,2.6,4.3,5.9,2.389,0.068
2019,03,전라북도,전주시완산구,다가동3가,,전주천3,10.3,7.7,13.3,1.3,1.9,1.6,2.158,0.013
2019,03,전라북도,전주시완산구,동서학동,,전주천2,9.9,7.4,12.5,0.5,1.2,0.8,2.228,0.012
2019,04,전라북도,전주시완산구,서신동,,전주천5,11.7,8.5,13.2,2.1,4.0,3.7,1.995,0.081
2019,04,전라북도,전주시덕진구,진북동,,전주천4,10.6,8.1,13.5,1.0,2.8,2.2,1.787,0.049
2019,04,전라북도,전주시덕진구,팔복동2가,,전주천6,12.4,8.3,12.9,4.4,6.4,7.0,1.762,0.096
2019,04,전라북도,전주시완산구,다가동3가,,전주천3,9.9,7.9,13.4,0.9,2.4,2.6,1.665,0.015
2019,04,전라북도,전주시완산구,동서학동,,전주천2,9.2,8.0,13.4,1.0,1.6,0.6,1.730,0.007
2019,05,전라북도,전주시완산구,서신동,,전주천5,18.8,8.0,11.9,1.6,3.7,7.2,2.254,0.056
2019,05,전라북도,전주시덕진구,진북동,,전주천4,16.2,7.7,11.8,1.0,3.0,7.7,2.110,0.036
2019,05,전라북도,전주시덕진구,팔복동2가,,전주천6,18.9,8.1,11.6,1.3,4.4,5.0,1.713,0.079
2019,05,전라북도,전주시완산구,다가동3가,,전주천3,15.7,7.6,12.0,0.7,2.0,3.2,2.047,0.018
2019,05,전라북도,전주시완산구,동서학동,,전주천2,16.1,7.5,11.8,0.6,1.9,1.7,1.980,0.014
2019,06,전라북도,전주시완산구,서신동,,전주천5,25.6,8.0,11.0,1.5,5.2,8.5,1.141,0.091
2019,06,전라북도,전주시덕진구,진북동,,전주천4,23.5,7.8,10.2,1.5,4.7,9.1,1.274,0.076
2019,06,전라북도,전주시덕진구,팔복동2가,,전주천6,27.2,7.4,8.2,2.6,6.4,5.0,1.804,0.088
2019,06,전라북도,전주시완산구,다가동3가,,전주천3,22.8,7.9,11.2,1.3,3.8,5.6,1.054,0.032
2019,06,전라북도,전주시완산구,동서학동,,전주천2,20.6,7.4,9.5,0.6,2.8,2.7,1.196,0.025
2019,07,전라북도,전주시완산구,서신동,,전주천5,25.0,7.6,9.7,1.6,4.2,9.3,1.004,0.059
2019,07,전라북도,전주시덕진구,진북동,,전주천4,23.3,7.4,9.4,1.5,3.8,6.6,1.179,0.054
2019,07,전라북도,전주시덕진구,팔복동2가,,전주천6,26.8,7.6,7.7,3.5,7.8,7.2,1.332,0.144
2019,07,전라북도,전주시완산구,다가동3가,,전주천3,22.6,7.5,9.0,1.3,3.1,4.8,0.925,0.008
2019,07,전라북도,전주시완산구,동서학동,,전주천2,20.8,7.5,8.6,0.7,2.4,2.5,1.032,0.003
2019,08,전라북도,전주시완산구,서신동,,전주천5,30.1,7.8,9.8,1.1,3.5,4.3,1.986,0.075
2019,08,전라북도,전주시덕진구,진북동,,전주천4,28.0,7.7,10.1,1.0,3.4,3.6,2.128,0.062
2019,08,전라북도,전주시덕진구,팔복동2가,,전주천6,33.0,7.9,11.5,5.7,7.1,7.7,1.438,0.111
2019,08,전라북도,전주시완산구,다가동3가,,전주천3,28.6,7.6,10.3,0.9,3.1,2.8,1.878,0.022
2019,08,전라북도,전주시완산구,동서학동,,전주천2,24.8,7.0,9.0,0.5,2.2,1.7,1.971,0.004
2019,09,전라북도,전주시완산구,서신동,,전주천5,23.1,7.8,10.7,0.7,2.9,2.5,2.597,0.062
2019,09,전라북도,전주시덕진구,진북동,,전주천4,22.4,7.7,10.8,0.8,2.8,2.1,2.965,0.086
2019,09,전라북도,전주시덕진구,팔복동2가,,전주천6,24.4,7.5,8.8,1.4,4.3,4.1,1.704,0.081
2019,09,전라북도,전주시완산구,다가동3가,,전주천3,22.5,7.7,10.6,0.6,2.1,1.0,2.590,0.020
2019,09,전라북도,전주시완산구,동서학동,,전주천2,21.2,7.3,8.9,0.5,1.7,1.2,2.708,0.011
2019,10,전라북도,전주시완산구,서신동,,전주천5,18.1,7.6,11.1,0.7,3.0,1.3,3.340,0.078
2019,10,전라북도,전주시덕진구,진북동,,전주천4,17.8,7.5,11.5,0.8,2.7,1.4,3.410,0.089
2019,10,전라북도,전주시덕진구,팔복동2가,,전주천6,18.5,7.4,10.0,1.2,3.8,6.5,2.492,0.064
2019,10,전라북도,전주시완산구,다가동3가,,전주천3,17.5,7.5,11.6,0.4,2.0,0.9,3.340,0.041
2019,10,전라북도,전주시완산구,동서학동,,전주천2,17.2,7.3,10.2,0.2,1.7,1.3,3.369,0.036
2019,11,전라북도,전주시완산구,서신동,,전주천5,18.0,8.3,13.8,1.1,2.9,2.8,2.154,0.082
2019,11,전라북도,전주시덕진구,진북동,,전주천4,16.4,8.2,14.0,0.9,2.5,1.5,2.321,0.081
2019,11,전라북도,전주시덕진구,팔복동2가,,전주천6,17.4,7.9,11.1,1.7,3.2,3.0,1.941,0.061
2019,11,전라북도,전주시완산구,다가동3가,,전주천3,17.0,8.1,13.1,0.9,2.5,1.4,2.239,0.026
2019,11,전라북도,전주시완산구,동서학동,,전주천2,15.1,7.4,11.4,0.7,1.5,1.1,2.376,0.006
2019,12,전라북도,전주시완산구,서신동,,전주천5,8.6,7.6,13.9,0.9,2.8,1.8,2.808,0.071
2019,12,전라북도,전주시덕진구,진북동,,전주천4,8.7,7.6,13.3,0.8,2.4,2.1,3.066,0.070
2019,12,전라북도,전주시덕진구,팔복동2가,,전주천6,8.4,7.3,11.4,2.7,5.1,4.5,3.190,0.073
2019,12,전라북도,전주시완산구,다가동3가,,전주천3,8.5,7.6,13.2,0.9,2.3,1.6,2.850,0.022
2019,12,전라북도,전주시완산구,동서학동,,전주천2,8.9,6.8,12.5,0.3,1.4,0.2,2.962,0.009
2020,01,전라북도,전주시완산구,서신동,,전주천5,6.6,7.6,13.2,0.6,2.3,2.8,3.925,0.034
2020,01,전라북도,전주시덕진구,진북동,,전주천4,6.5,7.6,13.4,0.4,2.0,1.3,4.049,0.035
2020,01,전라북도,전주시덕진구,팔복동2가,,전주천6,5.7,7.6,12.9,0.7,2.8,2.5,3.239,0.069
2020,01,전라북도,전주시완산구,다가동3가,,전주천3,6.9,7.5,13.1,0.4,2.0,1.3,3.998,0.023
2020,01,전라북도,전주시완산구,동서학동,,전주천2,6.8,7.6,12.5,0.3,1.6,0.6,4.157,0.023
2020,02,전라북도,전주시완산구,서신동,,전주천5,6.3,7.8,14.7,0.6,3.5,2.9,2.889,0.037
2020,02,전라북도,전주시덕진구,진북동,,전주천4,5.4,7.7,14.6,0.5,3.1,2.9,3.081,0.043
2020,02,전라북도,전주시덕진구,팔복동2가,,전주천6,6.3,7.6,12.8,0.7,3.7,2.4,2.666,0.033
2020,02,전라북도,전주시완산구,다가동3가,,전주천3,5.9,7.5,14.5,0.4,2.7,3.0,2.929,0.009
2020,02,전라북도,전주시완산구,동서학동,,전주천2,5.0,7.3,13.3,0.1,1.9,0.5,3.343,0.007
2020,03,전라북도,전주시완산구,서신동,,전주천5,9.8,8.0,11.6,0.5,2.8,5.3,3.509,0.014
2020,03,전라북도,전주시덕진구,진북동,,전주천4,9.5,7.9,13.3,0.4,2.5,1.8,3.448,0.015
2020,03,전라북도,전주시덕진구,팔복동2가,,전주천6,9.0,8.0,12.3,0.8,4.5,6.1,2.662,0.021
2020,03,전라북도,전주시완산구,다가동3가,,전주천3,8.5,7.9,12.3,0.3,2.3,2.6,3.523,0.009
2020,03,전라북도,전주시완산구,동서학동,,전주천2,8.3,7.9,12.1,0.2,2.0,0.3,3.680,0.045
2020,04,전라북도,전주시완산구,서신동,,전주천5,13.8,7.5,13.1,0.9,3.6,5.4,1.943,0.018
2020,04,전라북도,전주시덕진구,진북동,,전주천4,12.9,7.5,14.1,0.7,3.0,3.7,1.985,0.026
2020,04,전라북도,전주시덕진구,팔복동2가,,전주천6,14.6,7.7,10.3,1.3,4.4,3.9,1.858,0.042
2020,04,전라북도,전주시완산구,다가동3가,,전주천3,12.4,7.6,13.7,0.5,3.2,4.3,2.057,0.007
2020,04,전라북도,전주시완산구,동서학동,,전주천2,10.2,7.5,12.8,0.2,1.8,0.7,2.205,0.011
2020,05,전라북도,전주시완산구,서신동,,전주천5,21.5,8.8,11.7,1.7,4.9,9.8,1.663,0.054
2020,05,전라북도,전주시덕진구,진북동,,전주천4,19.9,8.5,9.1,1.4,4.7,10.4,1.616,0.049
2020,05,전라북도,전주시덕진구,팔복동2가,,전주천6,20.4,7.9,9.1,2.2,6.3,8.8,1.769,0.072
2020,05,전라북도,전주시완산구,다가동3가,,전주천3,19.1,8.6,10.6,0.9,3.9,7.1,1.657,0.021
2020,05,전라북도,전주시완산구,동서학동,,전주천2,16.6,7.8,9.9,0.4,2.4,2.2,1.560,0.020
2020,06,전라북도,전주시완산구,서신동,,전주천5,23.1,8.1,8.7,1.1,5.4,9.1,1.215,0.049
2020,06,전라북도,전주시덕진구,진북동,,전주천4,21.5,8.1,9.4,1.0,4.9,9.8,1.386,0.049
2020,06,전라북도,전주시덕진구,팔복동2가,,전주천6,24.4,7.9,8.0,2.9,6.8,6.4,1.745,0.070
2020,06,전라북도,전주시완산구,다가동3가,,전주천3,21.5,8.0,9.7,0.7,4.1,5.0,1.219,0.031
2020,06,전라북도,전주시완산구,동서학동,,전주천2,18.8,7.9,9.1,0.4,3.1,2.6,1.494,0.023
2020,07,전라북도,전주시완산구,서신동,,전주천5,23.2,8.1,9.1,1.2,4.1,5.4,2.167,0.063
2020,07,전라북도,전주시덕진구,진북동,,전주천4,21.9,8.2,9.2,0.7,3.9,4.9,2.273,0.048
2020,07,전라북도,전주시덕진구,팔복동2가,,전주천6,24.5,7.7,7.6,1.5,6.4,5.8,1.904,0.102
2020,07,전라북도,전주시완산구,다가동3가,,전주천3,21.7,8.0,9.9,0.8,2.9,2.8,2.043,0.021
2020,07,전라북도,전주시완산구,동서학동,,전주천2,20.2,7.9,9.5,0.4,2.4,1.9,2.195,0.025
2020,08,전라북도,전주시완산구,서신동,,전주천5,23.4,7.7,8.5,0.5,3.0,2.9,3.573,0.052
2020,08,전라북도,전주시덕진구,진북동,,전주천4,22.9,7.7,8.8,0.6,2.9,2.8,3.636,0.049
2020,08,전라북도,전주시덕진구,팔복동2가,,전주천6,24.4,7.7,8.7,1.4,5.4,14.2,2.529,0.055
2020,08,전라북도,전주시완산구,다가동3가,,전주천3,22.8,7.7,8.7,0.6,3.1,2.9,3.530,0.040
2020,08,전라북도,전주시완산구,동서학동,,전주천2,23.3,7.5,8.3,0.5,2.9,3.7,3.391,0.055
2020,09,전라북도,전주시완산구,서신동,,전주천5,26.5,7.9,8.3,0.9,3.3,6.7,2.488,0.076
2020,09,전라북도,전주시덕진구,진북동,,전주천4,25.9,7.8,8.4,0.9,3.2,9.6,2.436,0.068
2020,09,전라북도,전주시덕진구,팔복동2가,,전주천6,28.1,7.6,7.6,1.8,6.2,16.2,2.149,0.153
2020,09,전라북도,전주시완산구,다가동3가,,전주천3,25.8,7.7,8.1,1.0,3.4,6.2,2.276,0.051
2020,09,전라북도,전주시완산구,동서학동,,전주천2,26.1,7.7,8.0,1.1,2.9,4.5,2.206,0.044
2020,10,전라북도,전주시완산구,서신동,,전주천5,17.8,8.2,10.1,1.4,3.8,4.0,2.159,0.130
2020,10,전라북도,전주시덕진구,진북동,,전주천4,17.3,8.1,10.8,1.2,3.3,2.0,2.138,0.102
2020,10,전라북도,전주시덕진구,팔복동2가,,전주천6,19.8,8.7,11.9,2.7,6.6,9.9,1.755,0.070
2020,10,전라북도,전주시완산구,다가동3가,,전주천3,17.7,8.0,10.6,1.1,3.1,1.7,1.690,0.053
2020,10,전라북도,전주시완산구,동서학동,,전주천2,16.9,7.9,10.1,0.4,2.0,1.5,1.541,0.022
2020,11,전라북도,전주시완산구,서신동,,전주천5,9.2,8.3,11.3,1.1,3.1,1.1,1.596,0.076
2020,11,전라북도,전주시덕진구,진북동,,전주천4,9.8,8.4,11.8,1.3,3.0,0.9,1.764,0.074
2020,11,전라북도,전주시덕진구,팔복동2가,,전주천6,11.8,8.4,11.1,1.6,4.8,2.8,1.498,0.056
2020,11,전라북도,전주시완산구,다가동3가,,전주천3,9.5,8.4,12.5,0.8,3.3,1.2,1.316,0.024
2020,11,전라북도,전주시완산구,동서학동,,전주천2,9.9,8.6,11.3,0.3,2.2,1.6,1.153,0.008
2020,12,전라북도,전주시완산구,서신동,,전주천5,5.1,8.1,12.6,0.7,2.5,1.5,2.236,0.119
2020,12,전라북도,전주시덕진구,진북동,,전주천4,6.4,8.0,12.9,0.7,2.5,1.6,2.656,0.164
2020,12,전라북도,전주시덕진구,팔복동2가,,전주천6,6.9,8.2,12.6,0.9,3.3,4.1,2.007,0.070
2020,12,전라북도,전주시완산구,다가동3가,,전주천3,6.3,8.1,13.2,0.7,2.3,1.1,2.240,0.055
2020,12,전라북도,전주시완산구,동서학동,,전주천2,6.7,8.3,12.8,0.3,1.4,1.1,1.945,0.010
2021,01,전라북도,전주시완산구,서신동,,전주천5,1.5,8.0,13.0,1.3,1.5,0.8,2.871,0.123
2021,01,전라북도,전주시덕진구,진북동,,전주천4,2.7,7.9,13.3,1.6,1.9,1.5,3.196,0.168
2021,01,전라북도,전주시덕진구,팔복동2가,,전주천6,2.1,8.0,13.2,2.2,4.2,7.4,2.538,0.081
2021,01,전라북도,전주시완산구,다가동3가,,전주천3,2.7,8.0,13.8,1.6,2.5,1.5,2.857,0.068
2021,01,전라북도,전주시완산구,동서학동,,전주천2,2.7,8.0,12.3,0.8,0.9,4.0,2.110,0.009
2021,02,전라북도,전주시완산구,서신동,,전주천5,7.1,7.9,12.4,1.2,3.6,2.7,2.607,0.087
2021,02,전라북도,전주시덕진구,진북동,,전주천4,7.6,7.9,12.2,1.2,2.9,1.6,3.957,0.124
2021,02,전라북도,전주시덕진구,팔복동2가,,전주천6,6.3,8.0,12.8,2.7,5.4,3.8,2.087,0.046
2021,02,전라북도,전주시완산구,다가동3가,,전주천3,7.0,7.9,12.1,2.0,3.4,2.1,2.882,0.072
2021,02,전라북도,전주시완산구,동서학동,,전주천2,7.1,7.9,12.5,0.5,1.3,0.9,2.026,0.028
2021,03,전라북도,전주시완산구,서신동,,전주천5,12.1,8.2,12.0,1.4,3.7,4.2,2.858,0.038
2021,03,전라북도,전주시덕진구,진북동,,전주천4,10.6,8.1,11.6,1.1,3.4,1.9,2.971,0.059
2021,03,전라북도,전주시덕진구,팔복동2가,,전주천6,11.2,8.0,11.3,1.7,5.0,6.2,2.752,0.044
2021,03,전라북도,전주시완산구,다가동3가,,전주천3,10.7,8.1,11.6,1.2,3.9,4.8,2.935,0.025
2021,03,전라북도,전주시완산구,동서학동,,전주천2,9.0,8.1,11.9,0.4,1.9,1.1,2.893,0.010
2021,04,전라북도,전주시완산구,서신동,,전주천5,15.5,8.3,10.8,1.5,2.5,9.0,2.589,0.036
2021,04,전라북도,전주시덕진구,진북동,,전주천4,15.1,8.1,10.6,1.1,2.4,5.5,2.735,0.047
2021,04,전라북도,전주시덕진구,팔복동2가,,전주천6,16.4,8.2,10.1,1.7,3.5,6.4,2.384,0.055
2021,04,전라북도,전주시완산구,다가동3가,,전주천3,14.7,8.0,11.6,1.0,2.1,3.7,2.946,0.022
2021,04,전라북도,전주시완산구,동서학동,,전주천2,13.0,8.0,11.1,0.6,1.1,2.1,3.043,0.006
2021,05,전라북도,전주시완산구,서신동,,전주천5,16.4,7.8,11.1,1.4,2.3,4.5,2.120,0.057
2021,05,전라북도,전주시덕진구,진북동,,전주천4,15.5,7.7,11.6,1.0,1.1,4.1,2.347,0.053
2021,05,전라북도,전주시덕진구,팔복동2가,,전주천6,17.4,7.7,9.8,2.1,4.9,6.0,1.578,0.043
2021,05,전라북도,전주시완산구,다가동3가,,전주천3,16.3,7.8,10.0,1.1,1.5,4.9,2.113,0.028
2021,05,전라북도,전주시완산구,동서학동,,전주천2,14.6,7.3,10.6,0.4,0.7,2.0,2.276,0.011
2021,06,전라북도,전주시완산구,서신동,,전주천5,22.4,7.9,9.0,1.5,3.1,7.7,2.212,0.056
2021,06,전라북도,전주시덕진구,진북동,,전주천4,21.5,7.9,9.1,1.5,2.3,8.1,2.365,0.052
2021,06,전라북도,전주시덕진구,팔복동2가,,전주천6,23.9,7.6,8.2,2.3,4.9,14.6,2.917,0.087
2021,06,전라북도,전주시완산구,다가동3가,,전주천3,21.2,7.8,10.3,1.2,1.8,5.9,2.314,0.028
2021,06,전라북도,전주시완산구,동서학동,,전주천2,19.2,8.0,10.3,0.3,0.3,5.0,2.533,0.018
2021,07,전라북도,전주시완산구,서신동,,전주천5,27.0,7.7,8.2,2.8,5.4,8.8,2.210,0.103
2021,07,전라북도,전주시덕진구,진북동,,전주천4,25.7,7.6,9.0,1.8,4.0,10.3,2.307,0.090
2021,07,전라북도,전주시덕진구,팔복동2가,,전주천6,28.8,7.6,7.0,3.5,7.6,8.6,2.317,0.108
2021,07,전라북도,전주시완산구,다가동3가,,전주천3,25.3,7.8,9.2,1.2,3.8,7.6,2.305,0.052
2021,07,전라북도,전주시완산구,동서학동,,전주천2,23.0,7.8,9.2,0.9,3.3,6.9,2.252,0.030
2021,08,전라북도,전주시완산구,서신동,,전주천5,30.0,7.8,9.3,1.2,3.3,3.0,1.752,0.089
2021,08,전라북도,전주시덕진구,진북동,,전주천4,28.3,8.1,10.5,1.3,3.2,11.6,2.203,0.093
2021,08,전라북도,전주시덕진구,팔복동2가,,전주천6,30.6,7.6,7.4,1.5,4.4,7.1,2.216,0.104
2021,08,전라북도,전주시완산구,다가동3가,,전주천3,29.2,8.0,9.8,0.9,2.5,5.8,1.702,0.052
2021,08,전라북도,전주시완산구,동서학동,,전주천2,26.9,7.8,9.3,0.5,2.0,2.7,1.875,0.038
2021,09,전라북도,전주시완산구,서신동,,전주천5,22.7,8.4,10.8,0.8,3.0,4.3,2.127,0.085
2021,09,전라북도,전주시덕진구,진북동,,전주천4,22.7,8.4,10.7,0.7,2.9,4.6,2.236,0.083
2021,09,전라북도,전주시덕진구,팔복동2가,,전주천6,24.5,8.0,8.6,1.0,4.3,4.8,1.822,0.078
2021,09,전라북도,전주시완산구,다가동3가,,전주천3,22.3,8.0,9.7,0.7,2.4,2.6,2.032,0.039
2021,09,전라북도,전주시완산구,동서학동,,전주천2,21.4,7.9,9.1,0.5,1.9,1.5,2.019,0.016
2021,10,전라북도,전주시완산구,서신동,,전주천5,24.0,8.2,8.7,1.1,3.1,5.1,1.902,0.118
2021,10,전라북도,전주시덕진구,진북동,,전주천4,22.8,8.1,8.9,1.2,2.7,5.8,1.855,0.103
2021,10,전라북도,전주시덕진구,팔복동2가,,전주천6,25.3,7.8,8.5,1.1,3.6,3.9,1.588,0.082
2021,10,전라북도,전주시완산구,다가동3가,,전주천3,23.0,8.1,9.4,0.9,2.4,4.5,1.673,0.044
2021,10,전라북도,전주시완산구,동서학동,,전주천2,21.1,7.8,9.2,0.4,1.9,2.4,1.691,0.015
2021,11,전라북도,전주시완산구,서신동,,전주천5,15.6,8.5,10.7,1.2,2.7,3.1,2.019,0.076
2021,11,전라북도,전주시덕진구,진북동,,전주천4,15.1,8.2,12.7,1.5,2.8,3.9,2.308,0.066
2021,11,전라북도,전주시덕진구,팔복동2가,,전주천6,15.7,8.1,10.7,1.4,3.3,3.4,1.832,0.074
2021,11,전라북도,전주시완산구,다가동3가,,전주천3,15.0,8.1,11.0,1.1,2.0,1.9,1.920,0.044
2021,11,전라북도,전주시완산구,동서학동,,전주천2,15.5,8.3,12.1,0.5,1.2,1.4,1.668,0.021
2021,12,전라북도,전주시완산구,서신동,,전주천5,8.0,8.3,13.6,1.0,3.0,2.9,2.838,0.037
2021,12,전라북도,전주시덕진구,진북동,,전주천4,8.8,8.2,13.5,0.7,2.3,1.3,2.910,0.046
2021,12,전라북도,전주시덕진구,팔복동2가,,전주천6,7.6,8.0,12.3,1.1,3.2,2.5,2.951,0.047
2021,12,전라북도,전주시완산구,다가동3가,,전주천3,8.3,8.2,13.4,0.7,2.2,1.5,2.869,0.021
2021,12,전라북도,전주시완산구,동서학동,,전주천2,9.0,8.1,13.1,0.5,2.1,0.9,2.910,0.008
2022,01,전라북도,전주시완산구,서신동,,전주천5,2.1,8.3,12.8,0.7,2.7,2.5,2.905,0.077
2022,01,전라북도,전주시덕진구,진북동,,전주천4,2.8,8.1,13.3,0.8,2.3,2.6,3.189,0.089
2022,01,전라북도,전주시덕진구,팔복동2가,,전주천6,4.1,8.3,12.9,0.9,2.5,2.8,2.796,0.052
2022,01,전라북도,전주시완산구,다가동3가,,전주천3,2.4,8.2,13.3,0.7,1.5,0.9,2.723,0.038
2022,01,전라북도,전주시완산구,동서학동,,전주천2,3.5,8.3,13.2,0.4,1.1,1.4,2.434,0.005
2022,02,전라북도,전주시완산구,서신동,,전주천5,2.6,7.6,12.8,2.7,3.4,1.7,3.424,0.099
2022,02,전라북도,전주시덕진구,진북동,,전주천4,3.4,7.8,12.1,2.7,3.3,3.1,4.115,0.096
2022,02,전라북도,전주시덕진구,팔복동2가,,전주천6,4.3,7.4,12.1,2.7,4.6,12.3,2.439,0.056
2022,02,전라북도,전주시완산구,다가동3가,,전주천3,3.0,7.8,12.5,2.2,3.4,2.0,3.620,0.062
2022,02,전라북도,전주시완산구,동서학동,,전주천2,2.5,7.9,12.6,1.6,1.7,1.4,3.197,0.012
2022,03,전라북도,전주시완산구,서신동,,전주천5,8.3,7.8,12.6,2.8,6.0,3.3,2.627,0.083
2022,03,전라북도,전주시덕진구,진북동,,전주천4,7.3,7.7,12.0,2.8,4.6,3.6,2.360,0.048
2022,03,전라북도,전주시덕진구,팔복동2가,,전주천6,7.8,8.2,12.2,3.5,6.8,10.8,1.726,0.069
2022,03,전라북도,전주시완산구,다가동3가,,전주천3,7.0,7.6,12.5,2.6,5.0,3.4,2.877,0.024
2022,03,전라북도,전주시완산구,동서학동,,전주천2,6.6,7.5,12.4,0.2,2.0,1.0,2.337,0.010
2022,04,전라북도,전주시완산구,서신동,,전주천5,14.0,8.6,12.7,1.4,3.7,4.2,2.913,0.012
2022,04,전라북도,전주시덕진구,진북동,,전주천4,12.5,8.0,11.3,0.9,2.7,2.9,3.022,0.017
2022,04,전라북도,전주시덕진구,팔복동2가,,전주천6,13.9,8.4,11.0,1.7,4.0,5.0,2.402,0.028
2022,04,전라북도,전주시완산구,다가동3가,,전주천3,12.1,7.9,12.3,0.8,2.3,2.4,3.186,0.006
2022,04,전라북도,전주시완산구,동서학동,,전주천2,10.9,7.1,12.3,0.5,1.7,0.8,3.193,0.003
2022,05,전라북도,전주시완산구,서신동,,전주천5,17.7,8.6,11.8,2.3,3.9,7.6,1.712,0.027
2022,05,전라북도,전주시덕진구,진북동,,전주천4,15.8,8.1,12.3,2.1,2.9,7.3,1.950,0.027
2022,05,전라북도,전주시덕진구,팔복동2가,,전주천6,18.0,7.7,10.1,3.0,4.3,5.4,1.789,0.062
2022,05,전라북도,전주시완산구,다가동3가,,전주천3,15.2,8.0,11.9,3.1,4.0,2.9,1.927,0.014
2022,05,전라북도,전주시완산구,동서학동,,전주천2,14.7,7.5,11.2,1.6,2.3,1.5,2.005,0.007
2022,06,전라북도,전주시완산구,서신동,,전주천5,24.3,8.2,9.5,2.6,6.8,10.0,1.339,0.071
2022,06,전라북도,전주시덕진구,진북동,,전주천4,22.2,8.1,11.1,2.8,5.0,9.5,1.643,0.043
2022,06,전라북도,전주시덕진구,팔복동2가,,전주천6,25.0,7.9,8.7,2.0,7.4,10.3,1.850,0.079
2022,06,전라북도,전주시완산구,다가동3가,,전주천3,22.7,7.9,9.3,2.5,5.5,8.9,1.489,0.020
2022,06,전라북도,전주시완산구,동서학동,,전주천2,20.4,5.3,9.7,1.2,3.5,4.2,1.575,0.007
2022,07,전라북도,전주시완산구,서신동,,전주천5,29.0,8.5,9.9,1.2,4.1,5.7,2.385,0.063
2022,07,전라북도,전주시덕진구,진북동,,전주천4,27.4,8.1,8.8,0.9,3.4,6.3,2.978,0.051
2022,07,전라북도,전주시덕진구,팔복동2가,,전주천6,29.2,7.9,8.2,2.9,6.9,7.2,1.509,0.107
2022,07,전라북도,전주시완산구,다가동3가,,전주천3,27.5,8.7,7.2,0.9,3.4,6.0,2.849,0.020
2022,07,전라북도,전주시완산구,동서학동,,전주천2,24.7,7.8,9.4,0.5,2.7,5.0,3.163,0.015
2022,08,전라북도,전주시완산구,서신동,,전주천5,28.0,8.3,10.5,1.4,4.8,8.6,1.599,0.062
2022,08,전라북도,전주시덕진구,진북동,,전주천4,26.9,7.8,9.8,0.9,3.0,6.0,1.994,0.063
2022,08,전라북도,전주시덕진구,팔복동2가,,전주천6,29.8,7.8,7.4,2.5,5.6,6.5,1.130,0.121
2022,08,전라북도,전주시완산구,다가동3가,,전주천3,26.3,7.9,8.5,0.9,2.8,4.2,1.905,0.041
2022,08,전라북도,전주시완산구,동서학동,,전주천2,24.2,7.3,9.1,0.7,2.3,2.6,1.746,0.014
2022,09,전라북도,전주시완산구,서신동,,전주천5,21.8,7.6,9.9,0.9,2.9,3.4,3.156,0.081
2022,09,전라북도,전주시덕진구,진북동,,전주천4,21.7,7.6,10.1,0.5,2.6,2.4,3.278,0.046
2022,09,전라북도,전주시덕진구,팔복동2가,,전주천6,23.8,7.5,8.4,0.8,3.9,3.2,2.682,0.073
2022,09,전라북도,전주시완산구,다가동3가,,전주천3,21.3,7.6,10.1,0.8,2.6,2.3,3.134,0.017
2022,09,전라북도,전주시완산구,동서학동,,전주천2,20.8,7.4,9.9,0.9,2.3,1.7,3.196,0.009
2022,10,전라북도,전주시완산구,서신동,,전주천5,16.9,8.1,11.4,1.7,3.6,1.8,1.986,0.085
2022,10,전라북도,전주시덕진구,진북동,,전주천4,16.1,8.0,11.5,0.4,3.3,1.5,2.015,0.070
2022,10,전라북도,전주시덕진구,팔복동2가,,전주천6,17.2,7.6,10.4,1.3,4.2,4.6,1.341,0.067
2022,10,전라북도,전주시완산구,다가동3가,,전주천3,16.4,8.1,11.5,0.6,3.1,1.6,1.836,0.020
2022,10,전라북도,전주시완산구,동서학동,,전주천2,12.8,7.8,11.0,1.1,2.4,1.5,1.955,0.000
2022,11,전라북도,전주시완산구,서신동,,전주천5,12.3,8.5,12.6,1.2,3.6,1.3,1.393,0.058
2022,11,전라북도,전주시덕진구,진북동,,전주천4,12.1,8.2,13.1,0.9,3.1,0.8,1.522,0.078
2022,11,전라북도,전주시덕진구,팔복동2가,,전주천6,13.3,8.3,11.6,1.7,3.6,3.3,0.942,0.047
2022,11,전라북도,전주시완산구,다가동3가,,전주천3,11.3,7.9,13.0,0.9,2.6,0.5,1.381,0.020
2022,11,전라북도,전주시완산구,동서학동,,전주천2,12.1,8.3,12.0,0.5,2.3,0.9,1.417,0.004
2022,12,전라북도,전주시완산구,서신동,,전주천5,4.9,8.8,12.9,0.8,2.4,0.9,2.577,0.051
2022,12,전라북도,전주시덕진구,진북동,,전주천4,5.5,8.7,12.4,0.8,2.4,0.8,2.649,0.060
2022,12,전라북도,전주시덕진구,팔복동2가,,전주천6,4.4,8.6,12.6,0.9,3.4,2.8,2.931,0.053
2022,12,전라북도,전주시완산구,다가동3가,,전주천3,5.9,8.8,12.7,0.7,2.5,2.3,2.732,0.023
2022,12,전라북도,전주시완산구,동서학동,,전주천2,6.7,8.9,12.4,0.5,2.0,1.4,2.798,0.026
2023,01,전라북도,전주시완산구,서신동,,전주천5,2.3,8.3,13.3,1.1,3.4,1.7,2.853,0.065
2023,01,전라북도,전주시덕진구,진북동,,전주천4,2.9,8.3,12.8,1.4,3.7,2.7,3.146,0.086
2023,01,전라북도,전주시덕진구,팔복동2가,,전주천6,5.4,8.1,13.0,1.4,4.4,10.9,2.658,0.046
2023,01,전라북도,전주시완산구,다가동3가,,전주천3,2.9,8.4,13.2,1.0,3.0,1.9,2.758,0.028
2023,01,전라북도,전주시완산구,동서학동,,전주천2,2.1,8.1,13.2,0.4,2.1,1.1,2.480,0.007
2023,02,전라북도,전주시완산구,서신동,,전주천5,3.4,8.2,13.0,0.7,2.7,4.4,2.439,0.067
2023,02,전라북도,전주시덕진구,진북동,,전주천4,4.1,8.2,12.3,0.8,2.7,2.1,2.745,0.068
2023,02,전라북도,전주시덕진구,팔복동2가,,전주천6,5.0,8.2,12.1,0.9,3.2,2.7,2.465,0.074
2023,02,전라북도,전주시완산구,다가동3가,,전주천3,3.6,8.2,13.0,1.0,2.7,2.1,2.775,0.042
2023,02,전라북도,전주시완산구,동서학동,,전주천2,4.0,8.3,12.5,0.4,1.4,2.8,2.585,0.007
2023,03,전라북도,전주시완산구,서신동,,전주천5,10.1,8.2,12.8,1.6,4.6,6.0,2.595,0.070
2023,03,전라북도,전주시덕진구,진북동,,전주천4,7.3,8.0,11.7,2.2,4.5,6.9,3.612,0.062
2023,03,전라북도,전주시덕진구,팔복동2가,,전주천6,10.2,8.0,13.0,3.2,6.5,13.8,1.610,0.083
2023,03,전라북도,전주시완산구,다가동3가,,전주천3,7.1,8.0,11.7,2.2,4.6,3.5,3.840,0.050
2023,03,전라북도,전주시완산구,동서학동,,전주천2,5.2,8.5,12.5,0.3,1.9,2.1,3.086,0.014
2023,04,전라북도,전주시완산구,서신동,,전주천5,16.7,8.3,11.0,1.6,3.9,9.7,2.843,0.032
2023,04,전라북도,전주시덕진구,진북동,,전주천4,14.4,8.2,11.5,2.0,3.6,7.9,3.035,0.044
2023,04,전라북도,전주시덕진구,팔복동2가,,전주천6,20.1,7.9,12.6,2.9,6.7,9.4,2.067,0.066
2023,04,전라북도,전주시완산구,다가동3가,,전주천3,14.1,8.1,11.2,1.4,2.2,4.7,3.107,0.019
2023,04,전라북도,전주시완산구,동서학동,,전주천2,12.2,8.0,10.6,0.6,2.0,1.3,3.215,0.007
2023,05,전라북도,전주시완산구,서신동,,전주천5,17.5,8.1,10.5,1.6,4.0,10.7,1.838,0.052
2023,05,전라북도,전주시덕진구,진북동,,전주천4,19.6,8.2,10.1,1.6,3.9,7.7,2.239,0.063
2023,05,전라북도,전주시덕진구,팔복동2가,,전주천6,21.4,8.0,9.2,3.4,5.6,11.0,1.738,0.077
2023,05,전라북도,전주시완산구,다가동3가,,전주천3,17.1,8.2,10.5,0.9,2.9,5.8,2.091,0.025
2023,05,전라북도,전주시완산구,동서학동,,전주천2,15.1,8.1,10.2,0.4,2.0,3.5,2.145,0.015
2023,06,전라북도,전주시완산구,서신동,,전주천5,21.7,7.8,9.5,0.8,2.8,1.9,4.616,0.025
2023,06,전라북도,전주시덕진구,진북동,,전주천4,20.4,7.8,9.4,0.8,2.5,2.0,4.890,0.032
2023,06,전라북도,전주시덕진구,팔복동2가,,전주천6,23.1,7.7,8.3,1.9,4.7,6.0,2.772,0.058
2023,06,전라북도,전주시완산구,다가동3가,,전주천3,19.8,7.6,9.4,0.9,2.3,2.4,4.724,0.010
2023,06,전라북도,전주시완산구,동서학동,,전주천2,18.5,7.8,9.4,0.5,2.0,1.7,4.940,0.004
2023,07,전라북도,전주시완산구,서신동,,전주천5,24.8,7.7,8.3,0.9,3.0,4.9,3.967,0.048
2023,07,전라북도,전주시덕진구,진북동,,전주천4,23.8,7.7,8.4,1.0,2.9,4.4,4.085,0.038
2023,07,전라북도,전주시덕진구,팔복동2가,,전주천6,26.2,7.7,7.9,1.4,4.7,11.9,2.502,0.057
2023,07,전라북도,전주시완산구,다가동3가,,전주천3,23.5,7.8,8.4,0.7,2.4,4.1,4.155,0.025
2023,07,전라북도,전주시완산구,동서학동,,전주천2,22.4,8.1,8.3,0.7,2.5,3.4,4.128,0.022
2023,08,전라북도,전주시완산구,서신동,,전주천5,28.7,8.0,8.6,1.3,3.5,2.7,2.339,0.078
2023,08,전라북도,전주시덕진구,진북동,,전주천4,27.7,7.9,9.6,1.3,3.3,3.3,2.477,0.057
2023,08,전라북도,전주시덕진구,팔복동2가,,전주천6,28.3,7.9,8.2,1.3,4.5,5.0,2.111,0.074
2023,08,전라북도,전주시완산구,다가동3가,,전주천3,27.3,7.7,8.5,1.0,2.8,1.7,2.289,0.042
2023,08,전라북도,전주시완산구,동서학동,,전주천2,24.9,7.9,8.5,0.7,2.5,1.7,1.928,0.015
2023,09,전라북도,전주시완산구,서신동,,전주천5,27.9,7.9,9.0,1.2,2.9,5.6,1.803,0.084
2023,09,전라북도,전주시덕진구,진북동,,전주천4,27.2,7.9,9.8,1.3,2.8,5.2,2.123,0.076
2023,09,전라북도,전주시덕진구,팔복동2가,,전주천6,27.8,7.8,8.2,1.9,5.3,14.1,1.912,0.092
2023,09,전라북도,전주시완산구,다가동3가,,전주천3,26.9,7.9,9.1,1.0,2.8,3.8,2.072,0.052
2023,09,전라북도,전주시완산구,동서학동,,전주천2,24.9,8.0,9.0,0.5,2.0,2.0,1.714,0.034
2023,10,전라북도,전주시완산구,서신동,,전주천5,19.9,7.9,10.2,0.9,2.8,4.1,2.226,0.076
2023,10,전라북도,전주시덕진구,진북동,,전주천4,19.3,8.0,10.5,0.9,2.6,2.3,2.310,0.074
2023,10,전라북도,전주시덕진구,팔복동2가,,전주천6,20.2,7.9,9.8,1.0,3.8,3.4,2.004,0.074
2023,10,전라북도,전주시완산구,다가동3가,,전주천3,19.8,8.0,10.1,0.8,2.4,2.4,2.240,0.040
2023,10,전라북도,전주시완산구,동서학동,,전주천2,18.5,8.0,9.8,0.5,1.9,1.2,3.172,0.022
2023,11,전라북도,전주시완산구,서신동,,전주천5,17.4,7.9,10.2,1.0,3.4,4.6,1.447,0.075
2023,11,전라북도,전주시덕진구,진북동,,전주천4,17.1,7.9,10.4,1.0,3.1,2.6,1.599,0.067
2023,11,전라북도,전주시덕진구,팔복동2가,,전주천6,18.8,7.9,10.2,1.5,4.2,5.4,1.291,0.065
2023,11,전라북도,전주시완산구,다가동3가,,전주천3,16.9,7.9,10.6,0.8,2.6,2.8,1.378,0.024
2023,11,전라북도,전주시완산구,동서학동,,전주천2,16.2,7.8,10.6,0.8,2.1,1.3,1.448,0.011
2023,12,전라북도,전주시완산구,서신동,,전주천5,6.6,8.1,12.3,0.4,2.5,2.3,2.534,0.053
2023,12,전라북도,전주시덕진구,진북동,,전주천4,7.2,8.1,12.3,0.7,2.8,3.6,2.572,0.054
2023,12,전라북도,전주시덕진구,팔복동2가,,전주천6,6.6,8.2,12.2,0.8,3.4,2.7,1.936,0.040
2023,12,전라북도,전주시완산구,다가동3가,,전주천3,7.0,8.1,12.2,0.5,1.9,2.0,2.497,0.027
2023,12,전라북도,전주시완산구,동서학동,,전주천2,7.5,8.0,12.0,0.4,1.6,2.0,2.467,0.015
2013,07,전라북도,정읍시,영파동,,C정읍천,26.2,8.2,9.0,2.5,7.1,20.5,4.182,0.092
2013,07,전라북도,완주군,삼례읍,석전리,C석탑천,24.8,7.7,7.5,2.9,6.1,27.4,2.759,0.056
2013,07,전라북도,익산시,금강동,,C목천포천,27.0,7.2,5.5,6.5,12.2,16.3,5.671,0.431
2013,07,전라북도,익산시,춘포면,오산리,C석암천,25.6,7.3,4.6,7.3,13.9,25.1,34.904,0.686
2013,07,전라북도,군산시,비응도동,,C비응도동수로,26.3,8.5,8.2,8.1,30.8,48.9,3.928,0.384
2013,07,전라북도,군산시,소룡동,,C소룡동수로,27.0,7.7,5.3,6.6,17.0,18.1,3.045,0.223
2013,07,전라북도,전주시덕진구,팔복동4가,,C팔복동수로,26.2,7.8,4.4,5.1,11.8,6.6,5.726,0.731
2013,08,전라북도,정읍시,영파동,,C정읍천,27.2,7.0,7.8,3.1,6.6,13.6,3.950,0.157
2013,08,전라북도,완주군,삼례읍,석전리,C석탑천,28.2,7.6,6.6,3.2,6.3,28.7,3.567,0.221
2013,08,전라북도,익산시,금강동,,C목천포천,29.7,7.1,5.8,3.8,8.3,11.7,7.489,0.051
2013,08,전라북도,익산시,춘포면,오산리,C석암천,28.6,7.3,6.5,3.7,6.6,20.1,2.128,0.038
2013,08,전라북도,군산시,비응도동,,C비응도동수로,31.4,8.6,11.9,5.1,13.4,29.3,2.370,0.222
2013,08,전라북도,군산시,소룡동,,C소룡동수로,31.4,8.5,9.9,5.0,14.6,8.6,2.830,0.172
2013,08,전라북도,전주시덕진구,팔복동4가,,C팔복동수로,29.3,8.3,5.5,2.9,6.2,6.5,1.650,0.129
2013,09,전라북도,정읍시,영파동,,C정읍천,24.5,7.8,8.2,3.5,7.2,9.2,4.825,0.248
2013,09,전라북도,완주군,삼례읍,석전리,C석탑천,23.0,7.9,6.1,1.9,3.7,7.7,2.131,0.065
2013,09,전라북도,익산시,금강동,,C목천포천,26.0,7.6,6.3,3.8,8.1,11.3,7.549,0.150
2013,09,전라북도,익산시,춘포면,오산리,C석암천,23.5,8.1,7.1,4.5,7.4,8.3,11.336,0.231
2013,09,전라북도,군산시,비응도동,,C비응도동수로,26.5,8.7,7.6,11.8,24.3,41.1,3.554,0.833
2013,09,전라북도,군산시,소룡동,,C소룡동수로,27.0,8.7,7.2,6.0,15.6,17.7,1.418,0.228
2013,09,전라북도,전주시덕진구,팔복동4가,,C팔복동수로,25.0,8.7,7.8,6.8,12.8,33.8,2.644,0.183
2013,10,전라북도,정읍시,영파동,,C정읍천,20.5,7.9,9.0,2.8,7.1,6.1,4.224,0.084
2013,10,전라북도,완주군,삼례읍,석전리,C석탑천,19.0,7.3,7.3,2.4,4.6,9.9,1.669,0.095
2013,10,전라북도,익산시,금강동,,C목천포천,24.0,6.7,7.7,2.3,9.9,7.5,8.912,0.117
2013,10,전라북도,익산시,춘포면,오산리,C석암천,19.0,6.4,7.7,4.0,8.8,7.6,14.644,0.533
2013,10,전라북도,군산시,비응도동,,C비응도동수로,21.0,8.3,8.8,9.1,28.5,21.8,2.247,0.157
2013,10,전라북도,군산시,소룡동,,C소룡동수로,22.0,8.1,8.4,5.2,13.6,10.0,2.229,0.201
2013,10,전라북도,전주시덕진구,팔복동4가,,C팔복동수로,20.0,7.0,3.8,15.6,56.8,22.5,2.264,0.126
2013,11,전라북도,정읍시,영파동,,C정읍천,16.0,7.9,10.2,2.7,10.3,5.7,8.403,0.161
2013,11,전라북도,완주군,삼례읍,석전리,C석탑천,11.0,7.5,12.1,2.5,6.0,41.4,3.005,0.113
2013,11,전라북도,익산시,금강동,,C목천포천,17.5,7.2,8.4,2.4,8.3,17.4,6.189,0.275
2013,11,전라북도,익산시,춘포면,오산리,C석암천,12.5,7.4,6.4,7.8,12.1,10.5,9.324,0.256
2013,11,전라북도,군산시,비응도동,,C비응도동수로,12.0,8.0,12.9,7.9,26.4,42.6,6.721,0.745
2013,11,전라북도,군산시,소룡동,,C소룡동수로,12.5,8.4,14.3,15.0,23.6,17.9,3.251,0.128
2013,11,전라북도,전주시덕진구,팔복동4가,,C팔복동수로,12.5,7.5,8.9,8.8,12.2,9.7,4.197,0.417
2013,12,전라북도,정읍시,영파동,,C정읍천,9.0,7.8,11.1,2.0,8.5,5.1,7.050,0.097
2013,12,전라북도,완주군,삼례읍,석전리,C석탑천,7.5,8.2,13.1,3.4,6.3,13.9,1.171,0.157
2013,12,전라북도,익산시,금강동,,C목천포천,14.5,7.7,9.6,2.8,8.0,19.5,9.577,0.214
2013,12,전라북도,익산시,춘포면,오산리,C석암천,10.5,8.0,7.0,5.7,10.4,5.6,14.590,0.688
2013,12,전라북도,군산시,비응도동,,C비응도동수로,9.0,7.6,14.0,26.4,40.3,37.4,4.420,0.328
2013,12,전라북도,군산시,소룡동,,C소룡동수로,6.5,7.9,12.4,2.8,14.1,7.1,15.052,0.365
2013,12,전라북도,전주시덕진구,팔복동4가,,C팔복동수로,8.0,8.3,10.7,4.7,10.5,11.2,4.003,0.234
2014,01,전라북도,정읍시,영파동,,C정읍천,10.0,7.3,11.0,1.7,8.1,6.5,6.686,0.086
2014,01,전라북도,완주군,삼례읍,석전리,C석탑천,4.0,8.0,14.6,2.4,4.0,4.5,3.595,0.042
2014,01,전라북도,익산시,금강동,,C목천포천,10.0,7.3,10.2,3.2,10.0,13.3,8.857,0.137
2014,01,전라북도,익산시,춘포면,오산리,C석암천,5.5,8.0,9.0,6.0,11.2,10.9,14.509,0.437
2014,01,전라북도,군산시,비응도동,,C비응도동수로,4.5,8.7,14.5,8.4,22.0,28.4,5.457,0.262
2014,01,전라북도,군산시,소룡동,,C소룡동수로,6.0,8.9,15.0,6.9,21.2,15.6,15.435,0.344
2014,01,전라북도,전주시덕진구,팔복동4가,,C팔복동수로,5.0,8.2,16.1,6.5,9.0,10.3,2.856,0.124
2014,02,전라북도,정읍시,영파동,,C정읍천,10.5,7.1,11.8,2.8,15.6,8.5,12.618,0.081
2014,02,전라북도,완주군,삼례읍,석전리,C석탑천,6.0,7.9,14.4,1.2,4.7,4.8,3.745,0.046
2014,02,전라북도,익산시,금강동,,C목천포천,13.0,7.3,10.3,2.5,13.9,54.5,18.165,0.107
2014,02,전라북도,익산시,춘포면,오산리,C석암천,7.0,8.1,7.7,6.9,17.8,9.7,11.798,0.149
2014,02,전라북도,군산시,비응도동,,C비응도동수로,7.0,8.7,11.7,14.0,46.2,46.1,4.092,0.241
2014,02,전라북도,군산시,소룡동,,C소룡동수로,4.5,9.1,12.9,11.7,19.2,18.6,5.419,0.277
2014,02,전라북도,전주시덕진구,팔복동4가,,C팔복동수로,7.0,7.9,13.1,12.8,21.7,21.4,4.598,0.313
2014,03,전라북도,정읍시,영파동,,C정읍천,13.0,7.3,11.3,3.8,13.4,8.2,15.101,0.050
2014,03,전라북도,완주군,삼례읍,석전리,C석탑천,9.5,7.7,11.8,2.0,5.5,22.1,3.941,0.070
2014,03,전라북도,익산시,금강동,,C목천포천,14.5,7.3,9.5,2.0,11.6,45.0,19.478,0.080
2014,03,전라북도,익산시,춘포면,오산리,C석암천,10.0,8.3,6.6,7.8,15.1,7.8,17.633,0.282
2014,03,전라북도,군산시,비응도동,,C비응도동수로,13.0,8.8,13.5,25.2,50.5,74.0,2.859,0.080
2014,03,전라북도,군산시,소룡동,,C소룡동수로,11.5,8.9,15.9,15.3,20.8,21.4,3.336,0.063
2014,03,전라북도,전주시덕진구,팔복동4가,,C팔복동수로,13.5,7.2,4.1,46.2,56.0,36.8,7.043,0.526
2014,04,전라북도,정읍시,영파동,,C정읍천,18.0,6.6,10.7,4.2,12.4,8.6,12.619,0.137
2014,04,전라북도,완주군,삼례읍,석전리,C석탑천,16.0,8.0,12.2,3.7,6.1,18.2,3.423,0.103
2014,04,전라북도,익산시,금강동,,C목천포천,18.0,7.5,9.3,7.2,11.3,46.3,12.531,0.183
2014,04,전라북도,익산시,춘포면,오산리,C석암천,13.5,7.9,7.0,3.4,11.8,8.5,17.866,0.306
2014,04,전라북도,군산시,비응도동,,C비응도동수로,17.0,8.6,13.1,26.4,41.7,51.5,4.449,0.409
2014,04,전라북도,군산시,소룡동,,C소룡동수로,15.0,9.1,14.4,49.3,30.9,46.5,10.896,0.648
2014,04,전라북도,전주시덕진구,팔복동4가,,C팔복동수로,15.5,7.2,7.0,6.3,11.0,11.6,4.540,0.183
2014,05,전라북도,정읍시,영파동,,C정읍천,20.5,7.4,10.3,4.3,9.5,12.2,9.242,0.092
2014,05,전라북도,완주군,삼례읍,석전리,C석탑천,18.0,7.6,8.6,2.9,7.5,28.8,1.020,0.078
2014,05,전라북도,익산시,금강동,,C목천포천,20.0,7.1,8.1,2.9,11.0,78.7,11.371,0.269
2014,05,전라북도,익산시,춘포면,오산리,C석암천,18.0,7.4,5.7,6.5,14.2,18.4,10.297,0.153
2014,05,전라북도,군산시,비응도동,,C비응도동수로,19.0,8.1,8.8,8.4,16.3,24.3,0.454,0.123
2014,05,전라북도,군산시,소룡동,,C소룡동수로,19.5,7.9,8.9,5.1,11.3,14.0,0.962,0.116
2014,05,전라북도,전주시덕진구,팔복동4가,,C팔복동수로,18.0,6.9,4.4,10.7,43.5,187.8,3.730,0.320
2014,06,전라북도,정읍시,영파동,,C정읍천,24.5,6.9,8.6,3.9,10.0,11.6,9.011,0.072
2014,06,전라북도,완주군,삼례읍,석전리,C석탑천,24.0,7.4,7.6,5.3,9.8,46.0,3.356,0.305
2014,06,전라북도,익산시,금강동,,C목천포천,25.0,7.0,7.1,5.6,12.0,146.2,7.846,0.150
2014,06,전라북도,익산시,춘포면,오산리,C석암천,26.5,7.2,4.5,7.7,15.3,69.3,5.559,1.507
2014,06,전라북도,군산시,비응도동,,C비응도동수로,25.5,8.1,7.1,11.0,34.0,36.7,2.631,0.251
2014,06,전라북도,군산시,소룡동,,C소룡동수로,24.5,7.8,7.3,9.5,21.6,16.2,4.086,0.120
2014,06,전라북도,전주시덕진구,팔복동4가,,C팔복동수로,28.0,6.8,2.2,36.9,43.3,44.3,8.837,0.848
2014,07,전라북도,정읍시,영파동,,C정읍천,24.5,6.6,6.6,5.4,9.1,14.7,5.792,0.169
2014,07,전라북도,완주군,삼례읍,석전리,C석탑천,25.0,7.1,7.5,6.0,8.1,19.6,1.715,0.097
2014,07,전라북도,익산시,금강동,,C목천포천,26.5,6.9,7.3,6.3,8.8,42.3,8.062,0.106
2014,07,전라북도,익산시,춘포면,오산리,C석암천,25.0,7.1,4.4,7.7,9.9,24.4,30.591,0.231
2014,07,전라북도,군산시,비응도동,,C비응도동수로,26.5,8.1,7.6,12.8,31.2,45.5,5.266,0.817
2014,07,전라북도,군산시,소룡동,,C소룡동수로,25.5,7.9,7.5,5.6,25.4,14.5,3.838,0.281
2014,07,전라북도,전주시덕진구,팔복동4가,,C팔복동수로,24.5,6.7,5.1,7.3,11.0,12.9,3.521,0.324
2014,08,전라북도,정읍시,영파동,,C정읍천,24.5,6.6,7.6,2.3,8.1,14.0,8.339,0.119
2014,08,전라북도,완주군,삼례읍,석전리,C석탑천,24.0,5.5,8.2,4.3,9.1,45.8,2.260,0.093
2014,08,전라북도,익산시,금강동,,C목천포천,25.5,6.5,7.1,4.2,9.7,28.4,8.307,0.116
2014,08,전라북도,익산시,춘포면,오산리,C석암천,23.5,7.1,5.3,4.5,9.4,47.3,6.433,0.031
2014,08,전라북도,군산시,비응도동,,C비응도동수로,25.5,7.2,5.5,69.2,85.6,16.6,5.510,0.392
2014,08,전라북도,군산시,소룡동,,C소룡동수로,25.5,7.5,7.0,4.7,13.8,9.8,4.152,0.215
2014,08,전라북도,전주시덕진구,팔복동4가,,C팔복동수로,24.5,6.4,6.7,5.1,8.7,19.9,3.963,0.152
2014,09,전라북도,정읍시,영파동,,C정읍천,23.5,6.6,8.3,1.9,6.3,8.8,3.219,0.066
2014,09,전라북도,완주군,삼례읍,석전리,C석탑천,21.5,6.8,9.1,2.7,7.2,4.8,1.425,0.077
2014,09,전라북도,익산시,금강동,,C목천포천,25.0,7.0,7.3,3.1,8.6,34.2,5.726,0.134
2014,09,전라북도,익산시,춘포면,오산리,C석암천,21.5,7.0,5.2,7.8,8.6,15.0,33.998,0.209
2014,09,전라북도,군산시,비응도동,,C비응도동수로,23.0,6.9,6.4,4.9,9.6,27.3,0.132,0.158
2014,09,전라북도,군산시,소룡동,,C소룡동수로,22.5,7.1,7.6,4.4,14.3,26.1,1.636,0.344
2014,09,전라북도,전주시덕진구,팔복동4가,,C팔복동수로,22.5,6.6,5.3,9.3,14.0,16.6,5.051,0.649
2014,10,전라북도,정읍시,영파동,,C정읍천,21.5,6.4,9.2,2.2,7.3,7.5,5.733,0.221
2014,10,전라북도,완주군,삼례읍,석전리,C석탑천,19.5,6.8,10.4,2.8,7.3,23.1,2.131,0.075
2014,10,전라북도,익산시,금강동,,C목천포천,19.5,7.2,6.7,8.9,11.3,45.7,5.164,0.341
2014,10,전라북도,익산시,춘포면,오산리,C석암천,21.0,7.0,5.7,7.9,10.0,11.7,14.336,0.230
2014,10,전라북도,군산시,비응도동,,C비응도동수로,20.0,8.3,12.4,6.4,20.6,33.7,3.238,0.471
2014,10,전라북도,군산시,소룡동,,C소룡동수로,20.0,8.5,13.6,5.4,20.1,26.5,9.511,0.644
2014,10,전라북도,전주시덕진구,팔복동4가,,C팔복동수로,21.5,6.5,7.7,12.1,13.2,23.7,3.857,0.612
2014,11,전라북도,정읍시,영파동,,C정읍천,16.0,6.8,10.3,3.6,5.1,10.6,10.306,0.127
2014,11,전라북도,완주군,삼례읍,석전리,C석탑천,10.5,6.7,13.8,1.6,4.2,5.9,2.600,0.108
2014,11,전라북도,익산시,금강동,,C목천포천,15.0,7.1,9.3,8.8,12.5,175.6,8.594,0.295
2014,11,전라북도,익산시,춘포면,오산리,C석암천,13.0,6.9,7.0,3.6,6.5,5.3,19.388,0.122
2014,11,전라북도,군산시,비응도동,,C비응도동수로,11.5,6.9,6.0,13.8,31.6,18.9,2.107,0.197
2014,11,전라북도,군산시,소룡동,,C소룡동수로,11.5,7.3,9.6,5.9,13.8,15.3,8.365,0.273
2014,11,전라북도,전주시덕진구,팔복동4가,,C팔복동수로,13.0,6.0,10.5,8.1,11.9,39.5,3.358,0.358
2014,12,전라북도,정읍시,영파동,,C정읍천,8.0,7.0,13.3,1.8,6.0,4.9,4.938,0.123
2014,12,전라북도,완주군,삼례읍,석전리,C석탑천,3.0,7.3,15.5,2.8,6.6,7.5,2.048,0.141
2014,12,전라북도,익산시,금강동,,C목천포천,3.5,7.5,12.6,8.4,11.0,14.7,6.586,0.357
2014,12,전라북도,익산시,춘포면,오산리,C석암천,6.0,7.3,10.5,10.0,12.2,6.9,33.313,0.265
2014,12,전라북도,군산시,비응도동,,C비응도동수로,4.5,6.9,11.9,14.5,21.1,21.4,0.738,0.203
2014,12,전라북도,군산시,소룡동,,C소룡동수로,4.5,7.0,13.2,3.7,11.3,19.5,5.548,0.223
2014,12,전라북도,전주시덕진구,팔복동4가,,C팔복동수로,5.0,7.0,13.2,4.7,5.1,4.6,2.192,0.213
2015,01,전라북도,정읍시,영파동,,C정읍천,4.5,8.0,14.4,1.8,4.4,9.5,2.073,0.124
2015,01,전라북도,완주군,삼례읍,석전리,C석탑천,5.5,7.7,12.9,4.8,7.1,28.2,2.537,0.227
2015,01,전라북도,익산시,금강동,,C목천포천,6.5,7.8,12.6,6.7,8.9,40.2,2.324,0.267
2015,01,전라북도,익산시,춘포면,오산리,C석암천,7.5,7.9,11.3,7.2,12.9,17.4,3.341,0.289
2015,01,전라북도,군산시,비응도동,,C비응도동수로,5.5,8.0,12.9,49.8,49.1,37.5,1.596,0.281
2015,01,전라북도,군산시,소룡동,,C소룡동수로,4.5,8.1,14.2,4.0,20.0,42.7,4.451,0.392
2015,01,전라북도,전주시덕진구,팔복동4가,,C팔복동수로,8.0,7.8,11.8,7.5,7.4,10.6,3.795,0.223
2015,02,전라북도,정읍시,영파동,,C정읍천,5.5,6.4,12.5,2.5,4.9,5.5,3.178,0.092
2015,02,전라북도,완주군,삼례읍,석전리,C석탑천,4.5,7.9,13.9,2.3,4.4,5.4,2.941,0.059
2015,02,전라북도,익산시,금강동,,C목천포천,5.5,7.9,13.6,5.6,7.6,10.3,5.452,0.147
2015,02,전라북도,익산시,춘포면,오산리,C석암천,7.0,7.8,12.1,7.4,8.0,4.6,17.869,0.273
2015,02,전라북도,군산시,비응도동,,C비응도동수로,7.0,7.8,10.8,28.2,36.9,26.1,2.037,0.395
2015,02,전라북도,군산시,소룡동,,C소룡동수로,5.5,8.4,13.4,2.5,14.7,8.9,6.526,0.294
2015,02,전라북도,전주시덕진구,팔복동4가,,C팔복동수로,6.5,7.5,12.9,5.6,8.2,12.1,2.737,0.191
2015,03,전라북도,정읍시,영파동,,C정읍천,10.0,6.8,11.2,3.8,7.4,8.1,6.707,0.169
2015,03,전라북도,완주군,삼례읍,석전리,C석탑천,9.5,8.0,14.2,2.4,4.3,5.6,3.044,0.041
2015,03,전라북도,익산시,금강동,,C목천포천,10.0,7.7,10.1,7.5,8.6,9.6,5.404,0.207
2015,03,전라북도,익산시,춘포면,오산리,C석암천,11.5,7.6,11.4,5.6,7.7,8.5,6.210,0.234
2015,03,전라북도,군산시,비응도동,,C비응도동수로,8.0,8.1,10.4,19.8,38.6,36.7,4.943,1.344
2015,03,전라북도,군산시,소룡동,,C소룡동수로,8.0,8.5,13.9,5.2,30.1,12.8,9.103,0.460
2015,03,전라북도,전주시덕진구,팔복동4가,,C팔복동수로,9.5,7.4,10.9,6.3,6.8,9.7,1.597,0.074
2015,04,전라북도,정읍시,영파동,,C정읍천,16.9,7.6,10.4,2.5,6.2,8.4,4.175,0.125
2015,04,전라북도,완주군,삼례읍,석전리,C석탑천,15.4,7.9,12.6,4.1,5.9,12.3,3.158,0.109
2015,04,전라북도,익산시,금강동,,C목천포천,15.5,7.7,10.3,5.9,7.0,57.1,2.068,0.169
2015,04,전라북도,익산시,춘포면,오산리,C석암천,16.1,7.5,9.4,12.1,13.4,25.4,8.438,0.474
2015,04,전라북도,군산시,비응도동,,C비응도동수로,16.4,7.7,8.6,14.8,40.3,29.3,4.245,0.545
2015,04,전라북도,군산시,소룡동,,C소룡동수로,15.5,8.2,10.4,6.4,17.1,16.7,7.765,0.413
2015,04,전라북도,전주시덕진구,팔복동4가,,C팔복동수로,15.4,7.2,4.7,11.4,12.4,11.4,3.178,0.337
2015,05,전라북도,정읍시,영파동,,C정읍천,21.8,7.6,9.7,2.2,6.8,10.3,4.134,0.144
2015,05,전라북도,완주군,삼례읍,석전리,C석탑천,19.2,7.6,11.2,1.8,5.1,8.9,1.552,0.094
2015,05,전라북도,익산시,금강동,,C목천포천,21.1,7.2,8.2,6.0,9.3,25.0,15.933,0.116
2015,05,전라북도,익산시,춘포면,오산리,C석암천,19.8,7.4,6.6,5.8,12.7,72.7,3.839,0.281
2015,05,전라북도,군산시,비응도동,,C비응도동수로,22.6,8.7,12.9,16.7,47.2,70.6,10.684,1.162
2015,05,전라북도,군산시,소룡동,,C소룡동수로,19.9,8.1,10.1,5.0,13.8,18.4,1.996,0.211
2015,05,전라북도,전주시덕진구,팔복동4가,,C팔복동수로,20.1,7.0,6.0,9.8,12.5,18.5,2.853,0.307
2015,06,전라북도,정읍시,영파동,,C정읍천,24.1,6.8,8.4,1.9,8.3,8.4,6.093,0.083
2015,06,전라북도,완주군,삼례읍,석전리,C석탑천,22.2,7.6,7.0,6.0,8.1,33.6,3.710,0.166
2015,06,전라북도,익산시,금강동,,C목천포천,24.6,7.2,7.3,4.2,8.6,32.4,7.104,0.111
2015,06,전라북도,익산시,춘포면,오산리,C석암천,22.3,7.3,4.5,9.2,14.0,58.2,6.239,0.310
2015,06,전라북도,군산시,비응도동,,C비응도동수로,25.1,7.8,12.1,10.7,35.2,47.2,3.152,0.365
2015,06,전라북도,군산시,소룡동,,C소룡동수로,23.4,7.6,6.0,5.4,18.6,13.2,1.826,0.179
2015,06,전라북도,전주시덕진구,팔복동4가,,C팔복동수로,23.2,7.3,4.5,6.3,11.5,12.0,3.290,0.256
2015,07,전라북도,정읍시,영파동,,C정읍천,26.5,7.8,9.5,2.7,6.1,9.1,5.024,0.071
2015,07,전라북도,완주군,삼례읍,석전리,C석탑천,25.1,7.4,8.1,1.8,7.6,15.3,2.342,0.075
2015,07,전라북도,익산시,금강동,,C목천포천,27.4,7.1,7.8,1.9,8.1,21.8,7.447,0.096
2015,07,전라북도,익산시,춘포면,오산리,C석암천,25.2,7.2,5.8,5.0,10.0,38.0,6.999,0.206
2015,07,전라북도,군산시,비응도동,,C비응도동수로,27.8,8.5,9.2,6.0,21.8,25.0,3.709,0.991
2015,07,전라북도,군산시,소룡동,,C소룡동수로,26.5,7.7,7.5,4.1,16.9,9.8,2.929,0.202
2015,07,전라북도,전주시덕진구,팔복동4가,,C팔복동수로,25.8,7.2,5.0,3.7,11.9,55.0,2.674,0.191
2015,08,전라북도,정읍시,영파동,,C정읍천,27.4,7.7,6.8,2.1,7.5,5.5,5.717,0.093
2015,08,전라북도,완주군,삼례읍,석전리,C석탑천,26.0,7.6,7.5,1.2,4.2,8.0,2.102,0.083
2015,08,전라북도,익산시,금강동,,C목천포천,28.5,7.3,7.2,2.0,7.0,20.9,4.545,0.106
2015,08,전라북도,익산시,춘포면,오산리,C석암천,26.2,7.3,3.7,3.0,7.0,14.5,3.291,0.185
2015,08,전라북도,군산시,비응도동,,C비응도동수로,29.5,8.3,8.0,8.4,32.5,25.3,6.122,0.570
2015,08,전라북도,군산시,소룡동,,C소룡동수로,27.8,7.9,7.0,5.3,16.0,12.1,3.938,0.493
2015,08,전라북도,전주시덕진구,팔복동4가,,C팔복동수로,28.2,7.6,5.9,9.3,16.0,12.8,6.263,0.833
2015,09,전라북도,정읍시,영파동,,C정읍천,25.6,7.6,8.5,2.2,9.1,5.2,8.067,0.081
2015,09,전라북도,완주군,삼례읍,석전리,C석탑천,22.4,7.5,8.5,1.2,5.7,5.6,0.948,0.076
2015,09,전라북도,익산시,금강동,,C목천포천,26.5,7.3,8.1,1.5,7.9,19.2,3.865,0.090
2015,09,전라북도,익산시,춘포면,오산리,C석암천,22.4,7.4,5.0,2.7,7.6,9.7,5.903,0.216
2015,09,전라북도,군산시,비응도동,,C비응도동수로,25.0,7.8,7.8,6.4,43.2,22.6,1.495,0.464
2015,09,전라북도,군산시,소룡동,,C소룡동수로,24.1,7.7,8.4,2.7,13.2,8.1,0.732,0.137
2015,09,전라북도,전주시덕진구,팔복동4가,,C팔복동수로,23.3,7.5,6.4,7.0,11.5,17.7,6.398,0.662
2015,10,전라북도,정읍시,영파동,,C정읍천,21.4,7.4,7.8,4.9,10.9,11.3,9.770,0.302
2015,10,전라북도,완주군,삼례읍,석전리,C석탑천,18.7,7.8,8.7,2.9,5.9,12.7,1.942,0.133
2015,10,전라북도,익산시,금강동,,C목천포천,23.2,7.3,8.0,2.0,7.9,13.4,6.186,0.143
2015,10,전라북도,익산시,춘포면,오산리,C석암천,19.4,7.5,5.1,6.5,11.4,11.7,3.185,0.207
2015,10,전라북도,군산시,비응도동,,C비응도동수로,20.9,8.3,13.0,6.1,33.8,19.8,2.642,0.419
2015,10,전라북도,군산시,소룡동,,C소룡동수로,18.8,8.4,13.0,7.5,25.2,21.1,3.645,0.228
2015,10,전라북도,전주시덕진구,팔복동4가,,C팔복동수로,19.7,7.7,4.6,9.3,14.2,25.5,3.745,0.229
2015,11,전라북도,정읍시,영파동,,C정읍천,17.2,7.4,7.9,1.4,8.3,4.6,12.688,0.105
2015,11,전라북도,완주군,삼례읍,석전리,C석탑천,13.4,7.5,11.7,1.3,7.4,4.6,2.148,0.038
2015,11,전라북도,익산시,금강동,,C목천포천,16.3,7.3,9.1,1.5,7.6,11.7,9.258,0.085
2015,11,전라북도,익산시,춘포면,오산리,C석암천,16.1,7.3,5.5,4.2,5.9,12.1,10.019,0.206
2015,11,전라북도,군산시,비응도동,,C비응도동수로,14.9,7.9,9.8,5.0,25.8,18.2,1.813,2.200
2015,11,전라북도,군산시,소룡동,,C소룡동수로,14.2,7.9,10.8,3.4,15.6,17.0,16.242,0.277
2015,11,전라북도,전주시덕진구,팔복동4가,,C팔복동수로,15.3,7.3,5.5,5.5,8.0,11.3,1.502,0.113
2015,12,전라북도,정읍시,영파동,,C정읍천,10.2,8.0,11.3,1.3,5.9,3.2,7.237,0.221
2015,12,전라북도,완주군,삼례읍,석전리,C석탑천,8.8,7.7,12.2,1.7,5.1,6.2,3.085,0.100
2015,12,전라북도,익산시,금강동,,C목천포천,13.6,7.2,10.4,1.2,7.0,8.8,7.927,0.079
2015,12,전라북도,익산시,춘포면,오산리,C석암천,10.9,7.4,8.6,3.0,8.4,5.9,5.434,0.180
2015,12,전라북도,군산시,비응도동,,C비응도동수로,9.0,7.6,10.4,26.2,84.5,33.7,2.485,2.480
2015,12,전라북도,군산시,소룡동,,C소룡동수로,9.0,7.7,11.2,1.7,13.5,14.0,6.399,0.257
2015,12,전라북도,전주시덕진구,팔복동4가,,C팔복동수로,11.1,7.4,5.8,12.3,14.3,10.1,3.940,0.415
2016,01,전라북도,정읍시,영파동,,C정읍천,6.8,7.7,11.6,1.8,9.6,4.5,8.693,0.106
2016,01,전라북도,완주군,삼례읍,석전리,C석탑천,6.2,7.9,13.3,3.4,9.0,4.7,3.119,0.014
2016,01,전라북도,익산시,금강동,,C목천포천,11.4,7.3,10.4,5.9,14.1,18.6,12.887,0.715
2016,01,전라북도,익산시,춘포면,오산리,C석암천,8.3,7.6,8.8,4.0,8.0,5.9,12.316,0.156
2016,01,전라북도,군산시,비응도동,,C비응도동수로,3.8,8.4,13.1,6.3,28.3,19.5,4.972,0.619
2016,01,전라북도,군산시,소룡동,,C소룡동수로,3.5,8.8,14.8,6.9,15.3,18.8,5.577,0.252
2016,01,전라북도,전주시덕진구,팔복동4가,,C팔복동수로,6.6,8.1,7.1,7.0,11.5,11.9,3.315,0.159
2016,02,전라북도,정읍시,영파동,,C정읍천,7.1,8.0,13.6,1.0,9.0,9.5,5.081,0.021
2016,02,전라북도,완주군,삼례읍,석전리,C석탑천,6.7,7.7,14.0,1.7,4.5,3.4,2.988,0.003
2016,02,전라북도,익산시,금강동,,C목천포천,9.5,7.2,10.8,4.6,10.2,9.2,12.261,0.031
2016,02,전라북도,익산시,춘포면,오산리,C석암천,8.3,7.5,9.8,4.7,7.5,3.9,9.262,0.088
2016,02,전라북도,군산시,비응도동,,C비응도동수로,4.7,8.2,14.1,9.2,23.9,25.4,4.184,0.179
2016,02,전라북도,군산시,소룡동,,C소룡동수로,4.6,7.9,10.3,5.1,15.1,30.0,4.404,0.061
2016,02,전라북도,전주시덕진구,팔복동4가,,C팔복동수로,7.1,7.9,11.6,3.4,4.6,3.5,3.394,0.060
2016,03,전라북도,정읍시,영파동,,C정읍천,9.3,8.0,12.0,1.1,5.9,7.9,15.995,0.119
2016,03,전라북도,완주군,삼례읍,석전리,C석탑천,12.6,7.9,14.2,1.4,5.3,7.1,6.944,0.032
2016,03,전라북도,익산시,금강동,,C목천포천,15.9,7.1,10.1,3.3,12.0,13.3,21.019,0.198
2016,03,전라북도,익산시,춘포면,오산리,C석암천,17.1,7.5,9.5,3.9,11.1,8.7,13.234,0.628
2016,03,전라북도,군산시,비응도동,,C비응도동수로,6.7,8.7,14.6,7.3,32.7,16.1,10.744,0.678
2016,03,전라북도,군산시,소룡동,,C소룡동수로,4.8,7.7,14.2,2.6,19.8,16.8,12.633,0.338
2016,03,전라북도,전주시덕진구,팔복동4가,,C팔복동수로,11.6,7.9,12.2,2.2,4.8,10.1,7.676,0.037
2016,04,전라북도,정읍시,영파동,,C정읍천,16.2,7.6,9.4,5.0,7.6,7.6,6.105,0.071
2016,04,전라북도,완주군,삼례읍,석전리,C석탑천,18.5,8.0,13.0,5.8,7.2,7.7,3.692,0.000
2016,04,전라북도,익산시,금강동,,C목천포천,19.5,7.1,9.4,7.8,11.3,11.2,13.574,0.075
2016,04,전라북도,익산시,춘포면,오산리,C석암천,18.4,7.6,10.3,8.1,9.5,11.7,12.923,0.531
2016,04,전라북도,군산시,비응도동,,C비응도동수로,14.5,8.5,10.7,19.7,28.5,23.0,4.532,1.519
2016,04,전라북도,군산시,소룡동,,C소룡동수로,14.0,8.9,11.5,12.1,17.3,19.7,4.198,0.237
2016,04,전라북도,전주시덕진구,팔복동4가,,C팔복동수로,17.1,7.7,10.4,5.8,7.6,8.5,6.080,0.044
2016,05,전라북도,정읍시,영파동,,C정읍천,17.7,7.6,9.9,3.7,8.1,14.8,4.241,0.116
2016,05,전라북도,완주군,삼례읍,석전리,C석탑천,20.1,7.9,11.1,2.7,7.0,20.6,1.542,0.022
2016,05,전라북도,익산시,금강동,,C목천포천,21.3,7.1,7.5,4.1,8.9,31.3,7.579,0.000
2016,05,전라북도,익산시,춘포면,오산리,C석암천,20.9,7.3,7.7,14.9,11.4,38.9,21.104,0.206
2016,05,전라북도,군산시,비응도동,,C비응도동수로,16.7,8.1,7.4,6.2,8.7,15.1,0.388,0.101
2016,05,전라북도,군산시,소룡동,,C소룡동수로,16.5,7.6,6.4,5.2,18.4,16.2,3.002,0.166
2016,05,전라북도,전주시덕진구,팔복동4가,,C팔복동수로,20.2,7.5,6.5,4.5,7.1,6.7,1.364,0.148
2016,06,전라북도,정읍시,영파동,,C정읍천,22.0,7.5,6.9,1.9,8.3,5.7,3.258,0.052
2016,06,전라북도,완주군,삼례읍,석전리,C석탑천,22.9,7.5,4.9,4.0,8.7,32.8,4.106,0.124
2016,06,전라북도,익산시,금강동,,C목천포천,24.7,7.2,6.5,1.8,9.4,31.1,5.816,0.068
2016,06,전라북도,익산시,춘포면,오산리,C석암천,23.3,7.0,5.1,5.8,13.8,54.1,7.054,0.292
2016,06,전라북도,군산시,비응도동,,C비응도동수로,23.4,7.8,6.2,7.8,31.8,40.8,3.010,0.263
2016,06,전라북도,군산시,소룡동,,C소룡동수로,23.3,8.3,11.2,5.5,16.0,16.6,2.937,0.159
2016,06,전라북도,전주시덕진구,팔복동4가,,C팔복동수로,22.7,7.9,6.6,3.5,10.0,21.9,4.140,0.433
2016,07,전라북도,정읍시,영파동,,C정읍천,25.3,7.8,7.7,2.4,6.7,17.1,3.157,0.142
2016,07,전라북도,완주군,삼례읍,석전리,C석탑천,25.6,7.5,8.5,1.5,6.6,7.9,1.983,0.064
2016,07,전라북도,익산시,금강동,,C목천포천,27.6,7.0,7.1,1.5,8.1,18.8,7.538,0.062
2016,07,전라북도,익산시,춘포면,오산리,C석암천,26.0,7.1,3.2,4.5,10.4,15.0,7.369,0.350
2016,07,전라북도,군산시,비응도동,,C비응도동수로,25.2,8.3,7.0,10.4,17.7,28.0,2.038,0.290
2016,07,전라북도,군산시,소룡동,,C소룡동수로,25.3,7.9,8.6,8.3,17.2,55.5,4.250,0.274
2016,07,전라북도,전주시덕진구,팔복동4가,,C팔복동수로,26.8,8.0,8.0,5.6,9.0,17.7,2.437,0.159
2016,08,전라북도,정읍시,영파동,,C정읍천,29.0,7.9,5.4,1.7,6.7,4.3,2.728,0.068
2016,08,전라북도,완주군,삼례읍,석전리,C석탑천,28.1,7.8,6.7,1.1,4.9,5.8,2.157,0.061
2016,08,전라북도,익산시,금강동,,C목천포천,29.6,6.9,6.3,1.1,6.6,13.0,5.085,0.060
2016,08,전라북도,익산시,춘포면,오산리,C석암천,26.9,7.2,3.5,7.2,7.5,24.2,8.101,0.126
2016,08,전라북도,군산시,비응도동,,C비응도동수로,31.0,8.0,4.1,5.0,30.3,31.5,2.714,0.510
2016,08,전라북도,군산시,소룡동,,C소룡동수로,29.2,8.6,9.6,5.7,17.4,24.8,3.345,0.137
2016,08,전라북도,전주시덕진구,팔복동4가,,C팔복동수로,28.6,7.5,2.3,11.0,14.6,12.8,10.028,2.870
2016,09,전라북도,정읍시,영파동,,C정읍천,24.4,7.3,7.8,4.9,6.8,6.9,5.875,0.016
2016,09,전라북도,완주군,삼례읍,석전리,C석탑천,22.5,7.9,8.0,0.8,4.5,6.2,1.082,0.014
2016,09,전라북도,익산시,금강동,,C목천포천,25.6,7.0,7.0,1.2,6.8,11.7,4.850,0.000
2016,09,전라북도,익산시,춘포면,오산리,C석암천,22.8,7.4,3.5,6.2,6.8,19.0,3.261,0.098
2016,09,전라북도,군산시,비응도동,,C비응도동수로,26.7,8.3,7.1,8.4,39.5,41.0,2.079,0.281
2016,09,전라북도,군산시,소룡동,,C소룡동수로,25.5,8.3,6.8,3.1,16.3,19.5,0.761,0.047
2016,09,전라북도,전주시덕진구,팔복동4가,,C팔복동수로,23.5,7.8,3.9,5.6,10.7,10.5,5.022,0.502
2016,10,전라북도,정읍시,영파동,,C정읍천,22.0,8.8,7.1,1.0,7.7,4.3,9.883,0.008
2016,10,전라북도,완주군,삼례읍,석전리,C석탑천,19.9,8.1,9.3,1.1,5.9,7.4,2.209,0.045
2016,10,전라북도,익산시,금강동,,C목천포천,23.6,7.4,7.0,1.4,7.3,14.7,7.591,0.000
2016,10,전라북도,익산시,춘포면,오산리,C석암천,20.7,8.0,3.8,1.8,7.8,8.6,6.536,0.150
2016,10,전라북도,군산시,비응도동,,C비응도동수로,20.6,8.0,6.3,4.6,19.5,22.1,3.208,0.395
2016,10,전라북도,군산시,소룡동,,C소룡동수로,20.2,8.5,6.3,5.9,14.5,42.3,2.424,0.143
2016,10,전라북도,전주시덕진구,팔복동4가,,C팔복동수로,21.2,8.1,4.0,2.3,6.2,9.1,2.257,0.070
2016,11,전라북도,정읍시,영파동,,C정읍천,17.4,7.8,9.8,1.6,7.9,3.7,7.077,0.072
2016,11,전라북도,완주군,삼례읍,석전리,C석탑천,11.1,7.9,13.2,0.8,2.6,1.8,3.068,0.439
2016,11,전라북도,익산시,금강동,,C목천포천,18.0,7.1,8.6,1.4,6.7,12.1,6.117,0.045
2016,11,전라북도,익산시,춘포면,오산리,C석암천,13.4,7.4,5.0,3.1,4.8,4.1,3.043,0.455
2016,11,전라북도,군산시,비응도동,,C비응도동수로,11.8,7.6,6.2,11.1,25.8,27.0,1.644,0.302
2016,11,전라북도,군산시,소룡동,,C소룡동수로,10.0,7.7,10.9,5.8,23.6,36.6,4.197,0.345
2016,11,전라북도,전주시덕진구,팔복동4가,,C팔복동수로,12.5,7.9,9.3,2.7,6.3,6.2,1.816,0.374
2016,12,전라북도,정읍시,영파동,,C정읍천,12.6,7.6,10.4,1.3,10.6,3.5,7.146,0.014
2016,12,전라북도,완주군,삼례읍,석전리,C석탑천,8.1,7.9,13.7,1.7,4.2,2.8,3.617,0.000
2016,12,전라북도,익산시,금강동,,C목천포천,14.8,7.2,8.9,1.7,8.5,8.0,8.013,0.000
2016,12,전라북도,익산시,춘포면,오산리,C석암천,11.2,7.6,4.9,4.7,7.7,6.9,8.942,0.127
2016,12,전라북도,군산시,비응도동,,C비응도동수로,8.2,8.1,11.4,6.0,30.9,30.5,2.301,0.289
2016,12,전라북도,군산시,소룡동,,C소룡동수로,8.9,8.2,12.5,4.2,16.6,6.3,16.102,0.313
2016,12,전라북도,전주시덕진구,팔복동4가,,C팔복동수로,9.8,7.6,9.5,4.3,7.6,5.8,2.147,0.005
2017,01,전라북도,정읍시,영파동,,C정읍천,8.8,7.8,11.3,2.5,9.2,3.9,7.737,0.051
2017,01,전라북도,완주군,삼례읍,석전리,C석탑천,5.0,7.9,15.0,1.6,3.8,2.9,3.418,0.015
2017,01,전라북도,익산시,금강동,,C목천포천,11.8,7.3,9.6,2.6,8.2,7.7,10.517,0.016
2017,01,전라북도,익산시,춘포면,오산리,C석암천,7.7,7.6,6.0,3.6,5.7,6.8,9.011,0.158
2017,01,전라북도,군산시,비응도동,,C비응도동수로,5.5,8.5,15.1,30.8,37.0,18.0,3.550,0.492
2017,01,전라북도,군산시,소룡동,,C소룡동수로,4.6,7.8,14.1,2.7,9.7,7.4,3.702,0.167
2017,01,전라북도,전주시덕진구,팔복동4가,,C팔복동수로,8.9,7.2,7.5,1.3,4.7,6.9,2.517,0.058
2017,02,전라북도,정읍시,영파동,,C정읍천,8.1,7.9,11.1,2.0,8.0,4.3,6.204,0.054
2017,02,전라북도,완주군,삼례읍,석전리,C석탑천,4.8,8.1,14.6,1.9,4.1,3.7,3.642,0.050
2017,02,전라북도,익산시,금강동,,C목천포천,10.8,7.4,10.5,3.5,10.3,6.8,14.029,0.049
2017,02,전라북도,익산시,춘포면,오산리,C석암천,6.4,7.8,7.3,4.5,8.3,9.5,10.974,0.233
2017,02,전라북도,군산시,비응도동,,C비응도동수로,5.4,8.7,14.0,34.0,43.2,12.7,7.756,1.569
2017,02,전라북도,군산시,소룡동,,C소룡동수로,7.6,8.7,17.6,2.4,14.9,8.0,1.601,0.086
2017,02,전라북도,전주시덕진구,팔복동4가,,C팔복동수로,5.7,7.4,8.0,4.3,8.1,14.9,2.562,0.208
2017,03,전라북도,정읍시,영파동,,C정읍천,11.4,7.8,10.5,3.0,8.3,6.5,7.758,0.035
2017,03,전라북도,완주군,삼례읍,석전리,C석탑천,7.9,7.8,11.8,3.6,6.3,20.7,1.087,0.295
2017,03,전라북도,익산시,금강동,,C목천포천,12.7,7.1,8.9,5.2,11.1,15.1,10.601,0.061
2017,03,전라북도,익산시,춘포면,오산리,C석암천,9.1,7.3,6.0,3.7,7.8,9.4,3.915,0.022
2017,03,전라북도,군산시,비응도동,,C비응도동수로,11.3,9.1,17.5,16.0,38.3,24.0,5.813,0.020
2017,03,전라북도,군산시,소룡동,,C소룡동수로,9.0,8.6,11.1,4.2,15.6,11.6,6.753,0.050
2017,03,전라북도,전주시덕진구,팔복동4가,,C팔복동수로,10.1,7.7,5.6,3.4,10.5,16.8,3.761,0.306
2017,04,전라북도,정읍시,영파동,,C정읍천,18.0,7.3,9.6,2.5,14.0,4.7,7.591,0.118
2017,04,전라북도,완주군,삼례읍,석전리,C석탑천,13.3,8.0,11.1,2.7,6.7,11.3,2.528,0.115
2017,04,전라북도,익산시,금강동,,C목천포천,16.9,6.9,8.7,3.3,11.9,6.9,11.485,0.109
2017,04,전라북도,익산시,춘포면,오산리,C석암천,12.9,7.4,4.8,6.7,10.2,8.8,6.098,0.419
2017,04,전라북도,군산시,비응도동,,C비응도동수로,16.8,8.5,10.6,8.6,26.4,13.0,2.268,0.492
2017,04,전라북도,군산시,소룡동,,C소룡동수로,15.1,8.1,7.2,6.1,21.8,84.9,5.582,0.603
2017,04,전라북도,전주시덕진구,팔복동4가,,C팔복동수로,13.8,7.9,6.9,5.8,8.8,11.3,2.094,0.182
2017,05,전라북도,정읍시,영파동,,C정읍천,20.0,7.2,8.8,5.6,12.8,8.7,8.704,0.404
2017,05,전라북도,완주군,삼례읍,석전리,C석탑천,19.0,7.9,8.5,3.3,7.5,28.0,4.418,0.520
2017,05,전라북도,익산시,금강동,,C목천포천,20.6,7.2,7.7,2.7,9.1,21.8,9.138,0.257
2017,05,전라북도,익산시,춘포면,오산리,C석암천,19.9,7.3,4.2,7.7,12.4,32.7,8.969,0.353
2017,05,전라북도,군산시,비응도동,,C비응도동수로,21.0,7.9,7.2,8.9,26.0,16.6,6.019,0.325
2017,05,전라북도,군산시,소룡동,,C소룡동수로,20.7,8.2,9.4,5.2,14.3,20.2,4.515,0.351
2017,05,전라북도,전주시덕진구,팔복동4가,,C팔복동수로,21.0,8.0,14.7,9.7,9.7,16.9,5.498,0.426
2017,06,전라북도,정읍시,영파동,,C정읍천,23.2,7.2,8.1,1.1,10.7,3.6,8.684,0.014
2017,06,전라북도,완주군,삼례읍,석전리,C석탑천,19.5,7.6,7.6,2.7,7.2,27.9,2.498,0.084
2017,06,전라북도,익산시,금강동,,C목천포천,22.0,7.1,6.0,1.9,9.1,19.5,6.012,0.048
2017,06,전라북도,익산시,춘포면,오산리,C석암천,20.3,7.2,3.4,4.5,13.5,32.1,4.116,0.175
2017,06,전라북도,군산시,비응도동,,C비응도동수로,22.2,8.6,11.0,8.2,20.3,20.3,2.270,0.735
2017,06,전라북도,군산시,소룡동,,C소룡동수로,22.1,8.5,10.6,11.3,27.7,23.7,5.000,0.132
2017,06,전라북도,전주시덕진구,팔복동4가,,C팔복동수로,20.9,7.3,6.0,4.8,11.1,11.9,2.041,0.185
2017,07,전라북도,정읍시,영파동,,C정읍천,26.5,7.2,4.5,1.8,9.1,3.5,6.219,0.787
2017,07,전라북도,완주군,삼례읍,석전리,C석탑천,25.8,7.8,7.8,1.7,7.9,23.9,1.733,0.711
2017,07,전라북도,익산시,금강동,,C목천포천,27.5,7.1,5.9,2.6,8.7,21.6,6.333,0.809
2017,07,전라북도,익산시,춘포면,오산리,C석암천,27.1,7.4,2.9,2.0,10.1,21.7,3.773,0.965
2017,07,전라북도,군산시,비응도동,,C비응도동수로,28.8,8.6,12.4,9.6,24.3,41.7,2.017,1.236
2017,07,전라북도,군산시,소룡동,,C소룡동수로,27.9,8.0,6.9,5.9,23.4,21.1,1.826,1.023
2017,07,전라북도,전주시덕진구,팔복동4가,,C팔복동수로,27.7,7.5,7.6,4.9,10.9,11.8,2.575,1.095
2017,08,전라북도,정읍시,영파동,,C정읍천,26.6,7.6,6.3,1.4,7.3,2.7,5.637,0.103
2017,08,전라북도,완주군,삼례읍,석전리,C석탑천,27.5,7.7,7.7,1.3,6.2,17.4,3.204,0.124
2017,08,전라북도,익산시,금강동,,C목천포천,29.0,7.2,6.1,1.3,7.4,13.9,6.692,0.115
2017,08,전라북도,익산시,춘포면,오산리,C석암천,28.3,7.5,3.1,2.0,8.5,33.5,9.527,0.164
2017,08,전라북도,군산시,비응도동,,C비응도동수로,27.9,8.0,7.0,2.7,19.6,8.3,2.488,0.121
2017,08,전라북도,군산시,소룡동,,C소룡동수로,27.1,7.9,6.3,3.4,13.2,12.8,3.434,0.158
2017,08,전라북도,전주시덕진구,팔복동4가,,C팔복동수로,28.9,7.8,8.4,3.2,8.2,7.2,2.140,0.148
2017,09,전라북도,정읍시,영파동,,C정읍천,21.3,8.0,7.6,6.4,7.9,4.8,3.184,0.470
2017,09,전라북도,완주군,삼례읍,석전리,C석탑천,19.5,7.7,8.5,0.7,4.4,4.0,1.896,0.116
2017,09,전라북도,익산시,금강동,,C목천포천,23.9,7.2,6.7,1.7,7.3,8.7,5.514,0.082
2017,09,전라북도,익산시,춘포면,오산리,C석암천,21.1,7.2,3.9,9.2,10.0,6.0,3.786,0.251
2017,09,전라북도,군산시,비응도동,,C비응도동수로,22.6,8.4,12.4,9.5,24.1,22.5,1.521,0.696
2017,09,전라북도,군산시,소룡동,,C소룡동수로,22.7,8.5,10.7,7.4,15.6,20.4,0.189,0.071
2017,09,전라북도,전주시덕진구,팔복동4가,,C팔복동수로,21.0,7.7,7.8,12.4,14.0,19.9,1.944,0.237
2017,10,전라북도,정읍시,영파동,,C정읍천,20.3,7.7,8.7,0.9,7.2,1.6,4.800,0.044
2017,10,전라북도,완주군,삼례읍,석전리,C석탑천,15.5,8.1,9.5,2.4,5.5,2.7,1.639,0.260
2017,10,전라북도,익산시,금강동,,C목천포천,20.4,7.3,6.8,1.2,8.3,4.8,6.438,0.255
2017,10,전라북도,익산시,춘포면,오산리,C석암천,17.3,7.6,4.2,3.9,6.7,5.1,5.881,0.008
2017,10,전라북도,군산시,비응도동,,C비응도동수로,16.6,8.4,9.4,5.0,26.6,13.9,3.008,0.097
2017,10,전라북도,군산시,소룡동,,C소룡동수로,18.0,8.2,10.9,6.1,14.5,11.7,1.485,0.885
2017,10,전라북도,전주시덕진구,팔복동4가,,C팔복동수로,16.3,7.7,7.2,1.6,6.2,6.1,1.138,0.016
2017,11,전라북도,정읍시,영파동,,C정읍천,15.1,7.6,9.7,0.9,13.3,1.9,11.404,0.098
2017,11,전라북도,완주군,삼례읍,석전리,C석탑천,9.7,8.0,11.7,0.7,5.2,1.0,3.497,0.045
2017,11,전라북도,익산시,금강동,,C목천포천,17.4,7.4,7.9,2.1,7.5,8.3,9.272,0.063
2017,11,전라북도,익산시,춘포면,오산리,C석암천,13.5,7.5,5.8,4.2,4.0,4.7,7.772,0.165
2017,11,전라북도,군산시,비응도동,,C비응도동수로,9.6,8.0,14.8,4.8,6.4,11.7,5.944,0.645
2017,11,전라북도,군산시,소룡동,,C소룡동수로,8.7,8.1,10.8,2.3,8.1,6.6,2.384,0.200
2017,11,전라북도,전주시덕진구,팔복동4가,,C팔복동수로,11.1,7.6,9.3,3.7,6.8,7.1,0.471,0.127
2017,12,전라북도,정읍시,영파동,,C정읍천,11.2,7.7,10.6,3.0,11.2,4.8,9.566,0.215
2017,12,전라북도,완주군,삼례읍,석전리,C석탑천,3.0,8.3,13.7,1.5,3.6,0.5,6.019,0.156
2017,12,전라북도,익산시,금강동,,C목천포천,10.4,7.6,9.5,5.0,8.8,6.5,11.375,0.211
2017,12,전라북도,익산시,춘포면,오산리,C석암천,7.1,7.8,6.4,15.9,12.6,7.8,23.615,0.805
2017,12,전라북도,군산시,비응도동,,C비응도동수로,8.3,7.7,10.3,8.8,31.4,20.0,7.060,0.812
2017,12,전라북도,군산시,소룡동,,C소룡동수로,6.3,8.4,12.8,4.5,14.1,7.7,7.282,0.389
2017,12,전라북도,전주시덕진구,팔복동4가,,C팔복동수로,5.4,8.1,8.0,4.4,11.3,9.5,2.439,0.376
2018,01,전라북도,정읍시,영파동,,C정읍천,8.7,7.9,11.0,5.8,11.8,5.9,56.280,0.492
2018,01,전라북도,완주군,삼례읍,석전리,C석탑천,2.9,7.8,13.3,2.5,5.8,3.4,25.645,0.339
2018,01,전라북도,익산시,금강동,,C목천포천,9.8,7.5,9.5,6.7,11.4,7.5,71.647,0.500
2018,01,전라북도,익산시,춘포면,오산리,C석암천,8.2,7.3,4.8,12.2,27.1,9.5,51.058,1.960
2018,01,전라북도,군산시,비응도동,,C비응도동수로,5.0,7.9,12.3,15.5,21.1,6.0,42.083,2.448
2018,01,전라북도,군산시,소룡동,,C소룡동수로,4.1,8.0,12.6,4.1,17.3,6.0,32.038,1.729
2018,01,전라북도,전주시덕진구,팔복동4가,,C팔복동수로,4.2,7.8,7.9,10.3,10.6,20.4,7.404,0.413
2018,02,전라북도,정읍시,영파동,,C정읍천,7.0,7.6,11.9,5.7,11.1,5.2,12.145,0.328
2018,02,전라북도,완주군,삼례읍,석전리,C석탑천,2.9,8.1,14.5,2.6,4.7,2.5,7.985,1.202
2018,02,전라북도,익산시,금강동,,C목천포천,8.9,7.6,11.1,8.5,12.9,5.0,21.681,0.552
2018,02,전라북도,익산시,춘포면,오산리,C석암천,6.4,8.4,9.8,7.5,9.9,5.8,47.800,1.908
2018,02,전라북도,군산시,비응도동,,C비응도동수로,3.1,8.2,13.4,9.7,25.1,6.8,9.906,0.735
2018,02,전라북도,군산시,소룡동,,C소룡동수로,4.5,8.1,16.3,7.8,16.9,7.8,10.093,0.601
2018,02,전라북도,전주시덕진구,팔복동4가,,C팔복동수로,5.4,7.9,11.9,12.6,12.0,18.1,8.502,1.620
2018,03,전라북도,정읍시,영파동,,C정읍천,9.6,8.2,10.9,2.6,7.6,5.8,6.563,0.036
2018,03,전라북도,완주군,삼례읍,석전리,C석탑천,8.1,7.7,11.5,4.0,9.9,10.0,5.074,0.093
2018,03,전라북도,익산시,금강동,,C목천포천,12.5,7.2,9.7,3.3,11.4,15.9,13.981,0.050
2018,03,전라북도,익산시,춘포면,오산리,C석암천,9.5,7.6,9.6,4.5,12.5,6.9,9.243,0.248
2018,03,전라북도,군산시,비응도동,,C비응도동수로,9.5,5.4,11.3,3.8,18.9,12.9,5.436,0.698
2018,03,전라북도,군산시,소룡동,,C소룡동수로,8.7,7.5,10.8,3.7,18.4,24.6,19.764,0.176
2018,03,전라북도,전주시덕진구,팔복동4가,,C팔복동수로,10.8,7.6,9.9,6.0,11.7,12.5,2.866,0.097
2018,04,전라북도,정읍시,영파동,,C정읍천,14.7,8.5,9.1,1.1,6.6,4.1,1.547,0.008
2018,04,전라북도,완주군,삼례읍,석전리,C석탑천,16.3,8.1,10.9,2.0,6.3,6.5,3.262,0.101
2018,04,전라북도,익산시,금강동,,C목천포천,18.2,4.5,9.1,4.6,9.1,11.6,3.407,0.023
2018,04,전라북도,익산시,춘포면,오산리,C석암천,18.3,7.8,8.2,3.3,9.3,3.7,9.405,0.254
2018,04,전라북도,군산시,비응도동,,C비응도동수로,17.6,8.1,8.0,5.2,18.0,24.0,0.789,0.204
2018,04,전라북도,군산시,소룡동,,C소룡동수로,14.3,8.3,10.4,4.1,14.4,16.3,1.108,0.070
2018,04,전라북도,전주시덕진구,팔복동4가,,C팔복동수로,16.6,8.3,9.4,4.4,7.9,10.4,2.468,0.167
2018,05,전라북도,정읍시,영파동,,C정읍천,19.9,7.8,7.0,10.2,10.3,7.0,1.114,0.020
2018,05,전라북도,완주군,삼례읍,석전리,C석탑천,19.8,8.0,7.8,3.0,8.7,31.5,3.144,0.192
2018,05,전라북도,익산시,금강동,,C목천포천,21.2,7.2,5.8,14.5,9.6,30.5,1.495,0.027
2018,05,전라북도,익산시,춘포면,오산리,C석암천,21.1,7.6,4.9,6.0,12.5,46.9,3.525,0.253
2018,05,전라북도,군산시,비응도동,,C비응도동수로,19.5,7.9,9.6,5.5,12.0,13.3,0.426,0.068
2018,05,전라북도,군산시,소룡동,,C소룡동수로,18.2,7.4,8.4,5.9,15.6,10.6,0.764,0.049
2018,05,전라북도,전주시덕진구,팔복동4가,,C팔복동수로,21.6,7.9,5.7,4.6,11.3,11.4,1.835,0.102
2018,06,전라북도,정읍시,영파동,,C정읍천,22.4,8.1,6.3,1.2,9.5,2.2,3.019,0.066
2018,06,전라북도,완주군,삼례읍,석전리,C석탑천,21.7,8.1,7.6,3.6,9.3,29.5,3.493,0.103
2018,06,전라북도,익산시,금강동,,C목천포천,23.6,7.3,5.9,3.2,9.5,27.3,5.629,0.118
2018,06,전라북도,익산시,춘포면,오산리,C석암천,22.7,7.4,3.4,3.1,13.9,15.2,4.757,0.172
2018,06,전라북도,군산시,비응도동,,C비응도동수로,23.5,8.4,11.9,16.7,31.9,34.7,3.659,0.562
2018,06,전라북도,군산시,소룡동,,C소룡동수로,23.4,7.8,8.7,2.7,22.3,14.6,3.265,0.354
2018,06,전라북도,전주시덕진구,팔복동4가,,C팔복동수로,23.6,8.3,5.0,4.7,11.8,8.6,3.419,0.267
2018,07,전라북도,정읍시,영파동,,C정읍천,23.8,8.0,6.5,2.2,14.1,8.5,3.447,0.336
2018,07,전라북도,완주군,삼례읍,석전리,C석탑천,27.4,7.5,6.7,1.2,8.6,29.8,2.905,0.105
2018,07,전라북도,익산시,금강동,,C목천포천,29.5,7.7,8.3,2.5,9.5,25.7,5.718,0.051
2018,07,전라북도,익산시,춘포면,오산리,C석암천,27.8,7.2,3.0,3.0,10.0,15.8,3.520,0.199
2018,07,전라북도,군산시,비응도동,,C비응도동수로,25.9,8.2,9.9,6.9,24.2,27.9,1.284,0.152
2018,07,전라북도,군산시,소룡동,,C소룡동수로,26.2,8.3,7.0,2.6,15.4,10.7,1.908,0.240
2018,07,전라북도,전주시덕진구,팔복동4가,,C팔복동수로,27.6,7.6,5.5,7.6,11.3,24.3,2.923,0.164
2018,08,전라북도,정읍시,영파동,,C정읍천,30.4,7.5,6.7,1.4,11.2,1.4,24.298,0.257
2018,08,전라북도,완주군,삼례읍,석전리,C석탑천,28.5,7.6,6.4,0.8,5.6,7.2,8.903,0.218
2018,08,전라북도,익산시,금강동,,C목천포천,29.1,6.9,4.8,1.0,7.5,16.4,21.272,0.392
2018,08,전라북도,익산시,춘포면,오산리,C석암천,28.7,7.2,3.3,4.7,13.4,14.6,39.039,1.258
2018,08,전라북도,군산시,비응도동,,C비응도동수로,30.0,8.1,9.9,7.9,31.6,25.2,38.208,3.558
2018,08,전라북도,군산시,소룡동,,C소룡동수로,28.7,8.4,5.3,2.4,18.7,12.2,15.408,1.542
2018,08,전라북도,전주시덕진구,팔복동4가,,C팔복동수로,30.1,7.9,7.5,10.0,23.1,39.2,10.116,1.581
2018,09,전라북도,정읍시,영파동,,C정읍천,23.6,7.6,7.6,3.0,12.4,39.9,2.824,0.117
2018,09,전라북도,완주군,삼례읍,석전리,C석탑천,21.6,7.4,8.5,1.1,6.1,10.6,2.218,0.073
2018,09,전라북도,익산시,금강동,,C목천포천,24.8,7.1,6.5,1.9,8.5,21.1,4.724,0.055
2018,09,전라북도,익산시,춘포면,오산리,C석암천,24.2,7.2,3.7,4.5,13.8,25.2,5.523,1.000
2018,09,전라북도,군산시,비응도동,,C비응도동수로,24.5,7.8,5.1,12.0,19.1,16.5,1.971,0.259
2018,09,전라북도,군산시,소룡동,,C소룡동수로,23.4,8.2,7.1,4.3,15.5,11.0,2.352,0.170
2018,09,전라북도,전주시덕진구,팔복동4가,,C팔복동수로,23.0,7.6,10.7,6.6,11.9,11.5,2.719,0.059
2018,10,전라북도,정읍시,영파동,,C정읍천,17.0,8.3,8.5,1.4,7.7,4.4,6.107,0.081
2018,10,전라북도,완주군,삼례읍,석전리,C석탑천,14.2,7.8,10.9,1.6,5.7,3.3,3.101,0.019
2018,10,전라북도,익산시,금강동,,C목천포천,19.7,7.1,7.7,1.5,7.9,6.8,9.376,0.055
2018,10,전라북도,익산시,춘포면,오산리,C석암천,16.8,7.3,6.1,2.3,8.4,19.2,3.771,0.201
2018,10,전라북도,군산시,비응도동,,C비응도동수로,16.6,7.8,8.1,5.8,17.6,41.6,2.938,0.404
2018,10,전라북도,군산시,소룡동,,C소룡동수로,15.9,8.4,10.6,3.0,14.6,15.5,1.754,0.190
2018,10,전라북도,전주시덕진구,팔복동4가,,C팔복동수로,15.5,7.8,8.7,2.0,7.6,14.5,1.765,0.075
2018,11,전라북도,정읍시,영파동,,C정읍천,15.8,7.4,10.1,1.7,11.0,2.5,6.945,0.052
2018,11,전라북도,완주군,삼례읍,석전리,C석탑천,9.9,8.1,12.9,1.3,4.6,2.1,3.081,0.040
2018,11,전라북도,익산시,금강동,,C목천포천,16.5,7.3,8.6,1.7,8.3,8.3,8.888,0.040
2018,11,전라북도,익산시,춘포면,오산리,C석암천,14.3,7.6,4.9,4.8,11.0,11.1,2.695,0.180
2018,11,전라북도,군산시,비응도동,,C비응도동수로,13.5,8.2,11.3,4.7,20.9,30.6,2.747,1.935
2018,11,전라북도,군산시,소룡동,,C소룡동수로,10.9,8.4,11.1,2.1,15.3,5.4,2.518,0.173
2018,11,전라북도,전주시덕진구,팔복동4가,,C팔복동수로,12.0,7.7,7.1,4.9,11.6,21.1,1.452,0.110
2018,12,전라북도,정읍시,영파동,,C정읍천,9.4,7.7,10.8,2.0,9.2,4.1,4.779,0.031
2018,12,전라북도,완주군,삼례읍,석전리,C석탑천,8.1,8.0,13.2,2.1,9.1,8.7,3.338,0.075
2018,12,전라북도,익산시,금강동,,C목천포천,14.5,7.4,10.6,1.8,9.0,9.2,6.798,0.050
2018,12,전라북도,익산시,춘포면,오산리,C석암천,13.0,7.7,7.6,3.1,11.9,7.3,4.117,0.176
2018,12,전라북도,군산시,비응도동,,C비응도동수로,6.1,8.2,11.8,4.8,15.5,7.7,2.108,0.386
2018,12,전라북도,군산시,소룡동,,C소룡동수로,4.8,8.0,11.8,3.0,14.9,13.2,12.625,0.207
2018,12,전라북도,전주시덕진구,팔복동4가,,C팔복동수로,10.0,8.0,8.9,4.0,8.2,5.9,2.704,0.051
2019,01,전라북도,정읍시,영파동,,C정읍천,9.8,8.0,11.1,2.2,15.7,8.2,14.545,0.059
2019,01,전라북도,완주군,삼례읍,석전리,C석탑천,2.1,8.5,14.1,1.1,4.6,4.1,4.590,0.024
2019,01,전라북도,익산시,금강동,,C목천포천,11.0,7.4,10.5,2.6,9.3,8.0,11.930,0.034
2019,01,전라북도,익산시,춘포면,오산리,C석암천,10.4,8.0,6.9,3.1,10.6,8.5,4.780,0.109
2019,01,전라북도,군산시,비응도동,,C비응도동수로,4.0,8.4,13.9,1.8,22.0,12.8,5.100,0.339
2019,01,전라북도,군산시,소룡동,,C소룡동수로,2.0,8.8,13.8,1.7,9.8,9.5,4.625,0.274
2019,01,전라북도,전주시덕진구,팔복동4가,,C팔복동수로,4.9,8.2,10.0,37.5,29.4,22.0,5.420,0.259
2019,02,전라북도,정읍시,영파동,,C정읍천,8.5,7.8,10.9,2.0,10.7,10.2,1.885,0.060
2019,02,전라북도,완주군,삼례읍,석전리,C석탑천,6.1,8.2,13.9,2.1,4.7,4.5,4.275,0.040
2019,02,전라북도,익산시,금강동,,C목천포천,11.3,7.7,10.3,2.6,8.7,8.2,16.015,0.045
2019,02,전라북도,익산시,춘포면,오산리,C석암천,10.9,7.9,7.0,2.4,7.3,13.3,4.470,0.140
2019,02,전라북도,군산시,비응도동,,C비응도동수로,6.8,8.5,13.7,3.4,36.1,27.7,3.165,0.235
2019,02,전라북도,군산시,소룡동,,C소룡동수로,4.8,8.8,13.4,2.8,11.6,13.1,4.760,0.395
2019,02,전라북도,전주시덕진구,팔복동4가,,C팔복동수로,7.6,7.9,4.2,8.2,15.5,13.3,6.170,0.385
2019,03,전라북도,정읍시,영파동,,C정읍천,14.0,7.3,9.7,2.9,12.9,10.2,9.000,0.040
2019,03,전라북도,완주군,삼례읍,석전리,C석탑천,9.1,7.8,11.9,4.4,5.7,10.2,3.325,0.040
2019,03,전라북도,익산시,금강동,,C목천포천,12.6,7.3,9.2,3.3,7.9,8.3,10.140,0.035
2019,03,전라북도,익산시,춘포면,오산리,C석암천,12.6,7.6,6.4,4.9,8.7,16.8,4.565,0.320
2019,03,전라북도,군산시,비응도동,,C비응도동수로,9.6,8.2,15.8,2.8,23.2,18.2,4.990,0.345
2019,03,전라북도,군산시,소룡동,,C소룡동수로,9.8,8.5,11.4,5.1,14.8,28.9,3.790,0.330
2019,03,전라북도,전주시덕진구,팔복동4가,,C팔복동수로,10.3,7.7,5.5,9.2,19.4,21.8,8.350,0.455
2019,04,전라북도,정읍시,영파동,,C정읍천,18.0,8.0,9.3,1.9,10.1,5.7,6.220,0.070
2019,04,전라북도,완주군,삼례읍,석전리,C석탑천,16.3,8.2,10.0,3.3,5.4,11.7,3.210,0.025
2019,04,전라북도,익산시,금강동,,C목천포천,18.9,7.3,7.2,4.9,11.1,10.1,13.630,0.155
2019,04,전라북도,익산시,춘포면,오산리,C석암천,18.1,7.9,9.4,3.6,12.4,13.0,4.405,0.175
2019,04,전라북도,군산시,비응도동,,C비응도동수로,16.8,8.5,11.2,6.7,22.4,46.7,7.160,0.340
2019,04,전라북도,군산시,소룡동,,C소룡동수로,14.9,8.6,9.5,8.0,15.6,25.1,3.765,0.320
2019,04,전라북도,전주시덕진구,팔복동4가,,C팔복동수로,16.8,8.2,6.2,7.9,14.9,9.8,2.560,0.105
2019,05,전라북도,정읍시,영파동,,C정읍천,20.0,7.5,8.5,2.9,13.5,10.3,7.480,0.055
2019,05,전라북도,완주군,삼례읍,석전리,C석탑천,20.6,8.0,10.0,3.8,6.8,20.4,1.570,0.040
2019,05,전라북도,익산시,금강동,,C목천포천,21.6,7.4,7.2,2.7,9.5,24.0,7.235,0.060
2019,05,전라북도,익산시,춘포면,오산리,C석암천,23.7,8.3,11.8,3.4,13.5,78.9,2.000,0.360
2019,05,전라북도,군산시,비응도동,,C비응도동수로,21.3,8.9,15.0,3.3,38.6,35.6,2.180,0.345
2019,05,전라북도,군산시,소룡동,,C소룡동수로,19.0,8.3,7.8,5.2,16.3,17.0,1.715,0.190
2019,05,전라북도,전주시덕진구,팔복동4가,,C팔복동수로,21.4,7.8,10.6,7.2,11.2,11.6,2.015,0.420
2019,06,전라북도,정읍시,영파동,,C정읍천,23.7,7.7,6.8,5.5,10.9,5.8,6.820,0.062
2019,06,전라북도,완주군,삼례읍,석전리,C석탑천,23.7,8.0,8.8,2.4,7.7,23.5,2.736,0.048
2019,06,전라북도,익산시,금강동,,C목천포천,24.9,7.5,6.4,3.1,9.2,21.6,6.156,0.032
2019,06,전라북도,익산시,춘포면,오산리,C석암천,28.7,8.1,10.8,4.1,13.8,65.1,2.836,0.104
2019,06,전라북도,군산시,비응도동,,C비응도동수로,24.9,8.4,10.9,5.7,18.7,20.7,2.698,0.362
2019,06,전라북도,군산시,소룡동,,C소룡동수로,23.6,8.1,6.1,6.0,23.2,17.2,3.600,0.136
2019,06,전라북도,전주시덕진구,팔복동4가,,C팔복동수로,26.6,7.8,8.3,6.9,15.8,20.4,2.692,0.276
2019,07,전라북도,정읍시,영파동,,C정읍천,25.5,7.3,5.5,2.1,12.2,4.3,6.726,0.064
2019,07,전라북도,완주군,삼례읍,석전리,C석탑천,22.9,7.9,7.8,2.3,7.6,23.1,2.010,0.044
2019,07,전라북도,익산시,금강동,,C목천포천,24.9,7.2,5.3,2.4,9.2,25.9,4.626,0.066
2019,07,전라북도,익산시,춘포면,오산리,C석암천,25.0,7.4,5.7,8.7,11.4,22.6,2.776,0.132
2019,07,전라북도,군산시,비응도동,,C비응도동수로,26.2,8.5,8.8,10.9,18.0,21.0,3.066,0.338
2019,07,전라북도,군산시,소룡동,,C소룡동수로,25.0,8.0,5.5,3.6,21.6,26.2,3.060,0.188
2019,07,전라북도,전주시덕진구,팔복동4가,,C팔복동수로,25.2,8.2,6.9,10.2,15.9,30.0,2.240,0.228
2019,08,전라북도,정읍시,영파동,,C정읍천,27.2,7.7,6.4,2.5,7.6,7.5,4.460,0.108
2019,08,전라북도,완주군,삼례읍,석전리,C석탑천,26.3,8.2,7.6,1.4,4.7,12.7,1.492,0.034
2019,08,전라북도,익산시,금강동,,C목천포천,28.1,7.3,4.7,1.8,8.2,27.5,5.078,0.048
2019,08,전라북도,익산시,춘포면,오산리,C석암천,27.5,7.6,4.3,3.0,9.4,36.8,2.804,0.122
2019,08,전라북도,군산시,비응도동,,C비응도동수로,29.3,8.9,11.7,7.0,13.7,51.5,2.682,0.430
2019,08,전라북도,군산시,소룡동,,C소룡동수로,28.9,8.6,8.0,4.4,12.4,15.8,1.834,0.192
2019,08,전라북도,전주시덕진구,팔복동4가,,C팔복동수로,28.2,8.2,6.7,7.1,11.3,20.1,1.328,0.102
2019,09,전라북도,정읍시,영파동,,C정읍천,22.9,8.4,8.0,1.7,5.1,11.1,3.692,0.090
2019,09,전라북도,완주군,삼례읍,석전리,C석탑천,23.5,8.1,9.2,1.4,5.2,38.3,2.308,0.092
2019,09,전라북도,익산시,금강동,,C목천포천,25.7,7.5,5.9,2.9,6.4,15.1,7.632,0.080
2019,09,전라북도,익산시,춘포면,오산리,C석암천,25.8,7.6,4.1,2.6,10.9,13.0,4.540,0.176
2019,09,전라북도,군산시,비응도동,,C비응도동수로,24.8,8.2,6.3,3.0,9.2,20.7,2.456,0.290
2019,09,전라북도,군산시,소룡동,,C소룡동수로,23.4,8.2,6.9,2.1,12.3,12.4,3.736,0.246
2019,09,전라북도,전주시덕진구,팔복동4가,,C팔복동수로,24.7,7.9,4.2,3.0,5.9,8.9,2.842,0.372
2019,10,전라북도,정읍시,영파동,,C정읍천,19.8,7.8,8.3,1.2,9.7,9.4,9.300,0.064
2019,10,전라북도,완주군,삼례읍,석전리,C석탑천,17.3,8.4,11.1,1.1,3.9,9.0,4.108,0.036
2019,10,전라북도,익산시,금강동,,C목천포천,21.7,7.6,6.5,3.0,9.1,13.1,10.744,0.082
2019,10,전라북도,익산시,춘포면,오산리,C석암천,19.3,8.1,6.4,1.6,7.6,17.0,4.578,0.128
2019,10,전라북도,군산시,비응도동,,C비응도동수로,18.7,8.3,8.1,3.8,17.0,19.7,5.204,0.382
2019,10,전라북도,군산시,소룡동,,C소룡동수로,16.2,8.5,9.5,2.0,11.6,14.3,4.674,0.338
2019,10,전라북도,전주시덕진구,팔복동4가,,C팔복동수로,19.2,8.4,7.8,1.9,7.1,12.7,1.508,0.152
2019,11,전라북도,정읍시,영파동,,C정읍천,15.6,8.0,8.9,3.7,11.7,10.7,8.704,0.062
2019,11,전라북도,완주군,삼례읍,석전리,C석탑천,11.6,8.2,11.6,1.6,6.2,23.5,3.930,0.008
2019,11,전라북도,익산시,금강동,,C목천포천,17.2,7.4,7.3,8.1,12.4,18.6,9.508,0.238
2019,11,전라북도,익산시,춘포면,오산리,C석암천,14.4,7.9,6.0,4.1,9.8,20.9,3.612,0.140
2019,11,전라북도,군산시,비응도동,,C비응도동수로,15.0,8.2,9.3,12.3,25.7,20.2,4.504,0.770
2019,11,전라북도,군산시,소룡동,,C소룡동수로,13.0,8.4,9.3,4.0,16.9,22.4,3.882,0.240
2019,11,전라북도,전주시덕진구,팔복동4가,,C팔복동수로,14.4,8.2,6.9,3.9,8.0,15.0,1.412,0.048
2019,12,전라북도,정읍시,영파동,,C정읍천,11.5,7.3,9.6,2.1,8.0,25.3,6.638,0.086
2019,12,전라북도,완주군,삼례읍,석전리,C석탑천,9.2,7.8,13.3,1.9,5.7,41.0,2.600,0.104
2019,12,전라북도,익산시,금강동,,C목천포천,14.1,7.0,8.0,6.7,9.7,10.5,9.262,0.044
2019,12,전라북도,익산시,춘포면,오산리,C석암천,13.2,7.4,7.0,4.0,8.7,9.3,5.764,0.140
2019,12,전라북도,군산시,비응도동,,C비응도동수로,10.2,8.4,10.3,5.0,13.1,19.4,2.370,0.308
2019,12,전라북도,군산시,소룡동,,C소룡동수로,7.8,8.5,13.8,2.7,13.8,9.4,5.028,0.232
2019,12,전라북도,전주시덕진구,팔복동4가,,C팔복동수로,11.5,7.2,4.6,4.5,5.9,11.2,3.860,0.188
2020,01,전라북도,정읍시,영파동,,C정읍천,7.7,8.1,11.7,1.5,7.2,4.7,7.584,0.042
2020,01,전라북도,완주군,삼례읍,석전리,C석탑천,5.9,8.0,12.3,2.1,6.2,27.7,4.517,0.069
2020,01,전라북도,익산시,금강동,,C목천포천,11.3,7.4,8.5,7.9,13.1,15.0,9.606,0.044
2020,01,전라북도,익산시,춘포면,오산리,C석암천,9.7,7.8,7.9,4.7,9.2,11.8,5.223,0.125
2020,01,전라북도,군산시,비응도동,,C비응도동수로,9.4,8.8,14.9,5.1,13.0,28.0,3.516,0.400
2020,01,전라북도,군산시,소룡동,,C소룡동수로,4.7,8.6,13.2,1.7,10.4,7.2,4.526,0.307
2020,01,전라북도,전주시덕진구,팔복동4가,,C팔복동수로,8.6,7.8,5.7,2.1,5.1,6.2,2.070,0.075
2020,02,전라북도,정읍시,영파동,,C정읍천,7.3,8.2,12.2,1.5,5.6,8.9,5.506,0.050
2020,02,전라북도,완주군,삼례읍,석전리,C석탑천,4.6,7.8,13.8,1.6,4.4,8.6,4.112,0.022
2020,02,전라북도,익산시,금강동,,C목천포천,11.1,7.3,8.8,10.7,13.4,16.2,13.024,0.396
2020,02,전라북도,익산시,춘포면,오산리,C석암천,10.3,7.5,8.0,2.7,7.6,12.2,5.932,0.179
2020,02,전라북도,군산시,비응도동,,C비응도동수로,7.1,8.5,14.3,5.3,19.1,14.9,3.829,0.235
2020,02,전라북도,군산시,소룡동,,C소룡동수로,4.2,8.5,13.3,3.1,13.7,11.6,5.239,0.384
2020,02,전라북도,전주시덕진구,팔복동4가,,C팔복동수로,7.1,7.4,4.3,5.2,6.5,10.2,2.474,0.034
2020,03,전라북도,정읍시,영파동,,C정읍천,12.2,7.5,11.9,1.4,5.2,16.5,5.180,0.062
2020,03,전라북도,완주군,삼례읍,석전리,C석탑천,8.0,7.8,11.5,2.2,4.1,17.6,4.443,0.041
2020,03,전라북도,익산시,금강동,,C목천포천,13.9,7.2,8.2,7.7,11.6,15.2,11.070,0.078
2020,03,전라북도,익산시,춘포면,오산리,C석암천,11.4,7.4,6.1,5.7,8.4,10.7,7.410,0.395
2020,03,전라북도,군산시,비응도동,,C비응도동수로,10.6,8.9,15.0,9.0,29.1,40.9,2.964,0.517
2020,03,전라북도,군산시,소룡동,,C소룡동수로,8.8,8.5,11.6,2.6,15.8,8.6,9.892,0.327
2020,03,전라북도,전주시덕진구,팔복동4가,,C팔복동수로,10.1,7.5,4.0,2.2,4.6,10.5,1.682,0.099
2020,04,전라북도,정읍시,영파동,,C정읍천,14.3,8.0,9.1,1.8,7.7,11.0,6.941,0.047
2020,04,전라북도,완주군,삼례읍,석전리,C석탑천,15.6,8.1,12.1,1.5,4.9,13.3,3.534,0.031
2020,04,전라북도,익산시,금강동,,C목천포천,17.7,7.6,9.2,4.2,8.1,11.0,9.407,0.083
2020,04,전라북도,익산시,춘포면,오산리,C석암천,18.4,8.2,13.7,5.0,9.3,7.7,3.317,0.376
2020,04,전라북도,군산시,비응도동,,C비응도동수로,14.1,8.1,6.7,62.7,45.7,47.3,16.512,1.954
2020,04,전라북도,군산시,소룡동,,C소룡동수로,11.5,8.9,10.4,5.6,13.0,14.5,5.208,0.299
2020,04,전라북도,전주시덕진구,팔복동4가,,C팔복동수로,15.9,7.8,9.8,5.4,6.8,16.7,2.040,0.053
2020,05,전라북도,정읍시,영파동,,C정읍천,20.6,7.3,8.6,2.1,8.4,12.4,8.843,0.041
2020,05,전라북도,완주군,삼례읍,석전리,C석탑천,16.8,7.8,8.0,3.4,5.5,50.9,2.263,0.023
2020,05,전라북도,익산시,금강동,,C목천포천,19.1,7.3,6.6,4.5,7.7,28.1,7.184,0.066
2020,05,전라북도,익산시,춘포면,오산리,C석암천,19.2,7.5,4.2,4.5,10.1,43.6,4.890,0.299
2020,05,전라북도,군산시,비응도동,,C비응도동수로,23.0,8.6,11.5,11.2,19.9,39.3,3.064,0.694
2020,05,전라북도,군산시,소룡동,,C소룡동수로,23.2,8.6,11.0,3.5,13.8,31.0,2.268,0.124
2020,05,전라북도,전주시덕진구,팔복동4가,,C팔복동수로,20.1,7.6,5.2,7.0,7.7,18.4,2.320,0.087
2020,06,전라북도,정읍시,영파동,,C정읍천,24.6,7.8,8.0,1.6,9.1,10.5,6.026,0.054
2020,06,전라북도,완주군,삼례읍,석전리,C석탑천,22.8,7.8,7.9,3.2,8.4,74.8,3.820,0.075
2020,06,전라북도,익산시,금강동,,C목천포천,23.8,7.4,5.2,3.8,9.3,52.1,6.728,0.054
2020,06,전라북도,익산시,춘포면,오산리,C석암천,23.4,7.4,5.0,4.0,16.4,203.9,6.775,0.198
2020,06,전라북도,군산시,비응도동,,C비응도동수로,24.7,8.8,12.1,5.4,17.2,27.2,4.044,0.524
2020,06,전라북도,군산시,소룡동,,C소룡동수로,23.7,8.4,5.3,4.5,17.1,14.0,4.682,0.118
2020,06,전라북도,전주시덕진구,팔복동4가,,C팔복동수로,25.0,7.5,3.9,3.9,14.1,18.5,2.495,0.162
2020,07,전라북도,정읍시,영파동,,C정읍천,23.6,7.5,7.0,2.5,6.1,33.2,4.079,0.041
2020,07,전라북도,완주군,삼례읍,석전리,C석탑천,23.5,7.7,8.2,0.8,3.3,26.6,2.814,0.040
2020,07,전라북도,익산시,금강동,,C목천포천,25.0,7.3,5.1,2.0,6.5,21.0,7.926,0.090
2020,07,전라북도,익산시,춘포면,오산리,C석암천,25.2,7.2,3.2,4.0,15.4,30.2,5.189,0.675
2020,07,전라북도,군산시,비응도동,,C비응도동수로,25.7,8.4,9.0,4.3,8.0,7.9,4.314,0.234
2020,07,전라북도,군산시,소룡동,,C소룡동수로,25.7,8.1,8.2,4.1,9.7,26.8,2.546,0.136
2020,07,전라북도,전주시덕진구,팔복동4가,,C팔복동수로,24.0,7.4,3.9,1.8,3.9,14.2,2.550,0.084
2020,08,전라북도,정읍시,영파동,,C정읍천,27.0,7.5,7.9,1.9,4.4,10.8,2.845,0.042
2020,08,전라북도,완주군,삼례읍,석전리,C석탑천,27.9,8.0,8.5,0.8,3.4,29.1,3.579,0.032
2020,08,전라북도,익산시,금강동,,C목천포천,28.3,7.5,6.0,1.5,5.8,26.0,6.328,0.056
2020,08,전라북도,익산시,춘포면,오산리,C석암천,30.2,7.3,5.0,3.9,20.0,56.1,3.790,0.394
2020,08,전라북도,군산시,비응도동,,C비응도동수로,29.5,8.5,10.1,3.3,7.9,18.3,2.540,0.174
2020,08,전라북도,군산시,소룡동,,C소룡동수로,29.7,8.0,8.0,3.9,7.8,12.3,3.312,0.134
2020,08,전라북도,전주시덕진구,팔복동4가,,C팔복동수로,30.5,7.4,5.2,13.6,32.7,24.2,3.036,0.114
2020,09,전라북도,정읍시,영파동,,C정읍천,24.0,7.9,7.7,1.0,5.9,13.8,4.149,0.120
2020,09,전라북도,완주군,삼례읍,석전리,C석탑천,25.3,7.7,8.1,1.1,3.8,57.3,3.728,0.069
2020,09,전라북도,익산시,금강동,,C목천포천,27.2,7.4,5.4,1.5,8.5,14.5,5.852,0.086
2020,09,전라북도,익산시,춘포면,오산리,C석암천,28.3,7.1,4.6,7.3,29.1,18.3,4.334,0.348
2020,09,전라북도,군산시,비응도동,,C비응도동수로,25.5,8.3,7.6,2.6,7.6,7.9,3.202,0.258
2020,09,전라북도,군산시,소룡동,,C소룡동수로,23.9,7.8,5.6,3.7,8.9,11.0,1.586,0.130
2020,09,전라북도,전주시덕진구,팔복동4가,,C팔복동수로,26.8,7.4,3.7,10.2,10.9,10.0,3.186,0.317
2020,10,전라북도,정읍시,영파동,,C정읍천,21.3,7.8,9.1,2.1,9.5,6.8,7.037,0.071
2020,10,전라북도,완주군,삼례읍,석전리,C석탑천,16.9,8.4,12.7,2.1,3.9,5.5,4.606,0.050
2020,10,전라북도,익산시,금강동,,C목천포천,22.0,7.6,6.3,2.7,10.9,14.1,7.430,0.188
2020,10,전라북도,익산시,춘포면,오산리,C석암천,20.5,7.3,4.4,4.9,26.9,15.0,8.525,0.621
2020,10,전라북도,군산시,비응도동,,C비응도동수로,19.2,8.5,11.0,3.0,16.5,11.4,4.474,0.402
2020,10,전라북도,군산시,소룡동,,C소룡동수로,19.2,8.4,10.5,3.0,16.1,8.5,3.978,0.376
2020,10,전라북도,전주시덕진구,팔복동4가,,C팔복동수로,19.5,7.9,8.7,4.7,15.5,19.2,2.014,0.346
2020,11,전라북도,정읍시,영파동,,C정읍천,14.5,7.9,9.5,1.0,10.9,7.9,9.862,0.034
2020,11,전라북도,완주군,삼례읍,석전리,C석탑천,11.6,8.4,13.5,0.4,4.1,9.9,4.702,0.042
2020,11,전라북도,익산시,금강동,,C목천포천,17.4,7.7,8.0,3.1,10.9,15.7,7.065,0.112
2020,11,전라북도,익산시,춘포면,오산리,C석암천,16.4,7.4,5.8,3.0,23.2,14.5,4.279,0.705
2020,11,전라북도,군산시,비응도동,,C비응도동수로,10.6,7.5,6.7,7.5,23.7,7.6,6.800,0.536
2020,11,전라북도,군산시,소룡동,,C소룡동수로,9.6,8.0,10.5,4.7,15.6,7.8,4.292,0.400
2020,11,전라북도,전주시덕진구,팔복동4가,,C팔복동수로,16.6,7.1,6.8,12.8,36.7,21.3,6.070,0.408
2020,12,전라북도,정읍시,영파동,,C정읍천,9.5,7.3,10.7,1.2,9.7,10.9,6.986,0.043
2020,12,전라북도,완주군,삼례읍,석전리,C석탑천,5.2,8.3,15.1,1.1,3.7,9.0,4.674,0.045
2020,12,전라북도,익산시,금강동,,C목천포천,13.1,7.5,9.1,3.1,11.7,11.1,6.865,0.070
2020,12,전라북도,익산시,춘포면,오산리,C석암천,11.5,7.6,8.6,4.3,26.0,10.0,5.126,0.975
2020,12,전라북도,군산시,비응도동,,C비응도동수로,7.2,7.8,10.5,1.8,33.0,11.1,3.438,0.280
2020,12,전라북도,군산시,소룡동,,C소룡동수로,3.3,8.8,13.9,4.9,13.6,10.4,3.008,0.250
2020,12,전라북도,전주시덕진구,팔복동4가,,C팔복동수로,8.9,7.7,7.7,5.7,29.3,14.0,5.197,0.317
2021,01,전라북도,정읍시,영파동,,C정읍천,6.9,7.6,12.0,2.3,8.6,6.4,10.202,0.048
2021,01,전라북도,완주군,삼례읍,석전리,C석탑천,3.4,7.9,14.4,4.4,6.4,7.9,5.662,0.027
2021,01,전라북도,익산시,금강동,,C목천포천,10.1,7.1,9.9,10.7,11.0,12.2,11.772,0.114
2021,01,전라북도,익산시,춘포면,오산리,C석암천,9.4,7.6,8.9,4.6,9.9,5.6,9.453,0.169
2021,01,전라북도,군산시,비응도동,,C비응도동수로,3.2,7.6,12.6,22.5,34.6,13.0,4.471,0.276
2021,01,전라북도,군산시,소룡동,,C소룡동수로,2.6,8.3,13.3,2.2,13.8,6.4,4.982,0.331
2021,01,전라북도,전주시덕진구,팔복동4가,,C팔복동수로,5.1,7.6,13.3,6.2,19.3,9.6,5.780,0.315
2021,02,전라북도,정읍시,영파동,,C정읍천,9.4,7.4,10.9,1.7,10.2,12.2,7.141,0.050
2021,02,전라북도,완주군,삼례읍,석전리,C석탑천,5.3,8.3,14.2,2.1,4.8,14.3,4.556,0.033
2021,02,전라북도,익산시,금강동,,C목천포천,11.3,7.4,10.2,6.0,11.6,12.9,10.758,0.051
2021,02,전라북도,익산시,춘포면,오산리,C석암천,10.4,7.8,9.1,3.5,7.8,7.2,6.064,0.133
2021,02,전라북도,군산시,비응도동,,C비응도동수로,4.4,9.3,16.4,42.8,51.7,53.7,4.546,0.534
2021,02,전라북도,군산시,소룡동,,C소룡동수로,4.1,8.7,12.3,3.7,12.0,8.8,4.517,0.261
2021,02,전라북도,전주시덕진구,팔복동4가,,C팔복동수로,10.3,7.9,9.4,12.4,26.2,16.3,7.323,0.702
2021,03,전라북도,정읍시,영파동,,C정읍천,12.5,7.1,10.5,2.2,8.1,14.7,5.473,0.034
2021,03,전라북도,완주군,삼례읍,석전리,C석탑천,9.1,7.8,11.5,1.8,4.4,20.9,4.804,0.022
2021,03,전라북도,익산시,금강동,,C목천포천,13.5,7.0,8.2,5.3,11.3,16.4,12.282,0.050
2021,03,전라북도,익산시,춘포면,오산리,C석암천,11.9,7.3,7.4,3.7,9.1,7.7,6.456,0.153
2021,03,전라북도,군산시,비응도동,,C비응도동수로,12.1,8.3,10.3,4.9,16.0,17.3,4.778,0.299
2021,03,전라북도,군산시,소룡동,,C소룡동수로,10.0,8.3,12.0,2.1,13.5,8.5,14.490,0.174
2021,03,전라북도,전주시덕진구,팔복동4가,,C팔복동수로,9.6,7.0,3.6,1.9,8.1,7.2,2.232,0.207
2021,04,전라북도,정읍시,영파동,,C정읍천,17.8,7.4,9.3,2.6,9.6,10.2,6.689,0.068
2021,04,전라북도,완주군,삼례읍,석전리,C석탑천,15.6,8.3,12.2,1.5,4.5,13.9,3.449,0.020
2021,04,전라북도,익산시,금강동,,C목천포천,18.6,7.2,8.2,5.1,12.1,15.0,7.996,0.046
2021,04,전라북도,익산시,춘포면,오산리,C석암천,17.9,7.5,7.3,3.0,7.7,12.1,4.465,0.112
2021,04,전라북도,군산시,비응도동,,C비응도동수로,14.7,7.9,8.9,3.0,11.8,7.6,5.998,0.138
2021,04,전라북도,군산시,소룡동,,C소룡동수로,13.9,8.7,13.7,12.3,18.1,21.5,3.527,0.263
2021,04,전라북도,전주시덕진구,팔복동4가,,C팔복동수로,14.0,8.2,9.2,6.1,6.5,14.9,1.697,0.037
2021,05,전라북도,정읍시,영파동,,C정읍천,20.4,7.4,8.8,3.3,10.4,10.1,8.525,0.067
2021,05,전라북도,완주군,삼례읍,석전리,C석탑천,16.0,7.7,9.6,2.4,4.9,22.2,2.268,0.041
2021,05,전라북도,익산시,금강동,,C목천포천,18.6,7.1,7.6,8.5,9.4,32.9,10.410,0.045
2021,05,전라북도,익산시,춘포면,오산리,C석암천,15.7,7.2,5.3,4.4,7.8,16.9,3.751,0.174
2021,05,전라북도,군산시,비응도동,,C비응도동수로,18.3,8.4,9.0,15.9,15.5,18.1,2.668,0.415
2021,05,전라북도,군산시,소룡동,,C소룡동수로,16.8,8.2,9.4,7.6,13.4,22.5,2.869,0.122
2021,05,전라북도,전주시덕진구,팔복동4가,,C팔복동수로,17.3,7.8,5.8,5.9,8.9,28.1,1.966,0.149
2021,06,전라북도,정읍시,영파동,,C정읍천,23.4,7.6,7.5,4.5,9.2,17.2,4.701,0.077
2021,06,전라북도,완주군,삼례읍,석전리,C석탑천,21.2,7.8,8.1,6.8,7.0,48.2,3.753,0.120
2021,06,전라북도,익산시,금강동,,C목천포천,22.6,7.0,5.4,10.2,10.0,52.3,7.830,0.089
2021,06,전라북도,익산시,춘포면,오산리,C석암천,22.1,7.3,4.5,9.6,13.5,118.5,4.507,0.231
2021,06,전라북도,군산시,비응도동,,C비응도동수로,24.3,8.3,10.3,9.1,13.4,12.8,3.316,0.246
2021,06,전라북도,군산시,소룡동,,C소룡동수로,24.2,8.0,7.8,8.7,16.0,24.6,3.818,0.091
2021,06,전라북도,전주시덕진구,팔복동4가,,C팔복동수로,22.4,7.4,4.1,50.0,24.8,42.5,2.547,0.242
2021,07,전라북도,정읍시,영파동,,C정읍천,25.7,7.8,7.2,4.3,8.6,13.7,4.739,0.049
2021,07,전라북도,완주군,삼례읍,석전리,C석탑천,24.3,7.8,7.5,4.0,6.4,18.2,2.660,0.062
2021,07,전라북도,익산시,금강동,,C목천포천,25.4,7.2,5.2,4.2,7.8,28.5,7.493,0.040
2021,07,전라북도,익산시,춘포면,오산리,C석암천,25.7,7.6,4.2,4.9,9.9,76.5,3.013,0.100
2021,07,전라북도,군산시,비응도동,,C비응도동수로,25.6,7.9,5.4,4.9,8.8,9.0,1.815,0.080
2021,07,전라북도,군산시,소룡동,,C소룡동수로,26.2,7.8,5.8,4.7,15.8,11.5,3.519,0.115
2021,07,전라북도,전주시덕진구,팔복동4가,,C팔복동수로,25.6,8.0,3.4,6.9,14.3,12.4,0.579,0.164
2021,08,전라북도,정읍시,영파동,,C정읍천,26.1,8.2,7.4,2.3,8.6,33.3,2.212,0.136
2021,08,전라북도,완주군,삼례읍,석전리,C석탑천,25.1,7.9,8.1,2.1,6.2,52.1,1.812,0.127
2021,08,전라북도,익산시,금강동,,C목천포천,26.4,7.2,5.6,3.2,7.6,29.7,5.090,0.067
2021,08,전라북도,익산시,춘포면,오산리,C석암천,26.2,7.4,4.6,3.7,10.0,53.3,2.085,0.165
2021,08,전라북도,군산시,비응도동,,C비응도동수로,28.8,7.7,6.6,6.4,15.9,14.2,3.580,0.296
2021,08,전라북도,군산시,소룡동,,C소룡동수로,26.5,8.1,6.3,2.9,13.3,192.3,2.599,0.125
2021,08,전라북도,전주시덕진구,팔복동4가,,C팔복동수로,27.0,8.4,6.5,8.0,11.4,25.9,1.191,0.090
2021,09,전라북도,정읍시,영파동,,C정읍천,24.0,7.7,7.7,1.6,7.9,53.3,2.557,0.123
2021,09,전라북도,완주군,삼례읍,석전리,C석탑천,23.1,7.9,8.2,1.0,5.2,21.3,2.393,0.134
2021,09,전라북도,익산시,금강동,,C목천포천,25.7,7.0,5.3,2.0,8.0,12.2,5.444,0.074
2021,09,전라북도,익산시,춘포면,오산리,C석암천,24.7,7.5,4.1,1.9,7.8,39.4,2.908,0.135
2021,09,전라북도,군산시,비응도동,,C비응도동수로,24.1,8.0,7.3,5.3,17.7,17.7,1.275,0.106
2021,09,전라북도,군산시,소룡동,,C소룡동수로,22.7,8.1,6.8,2.1,10.8,12.0,1.830,0.142
2021,09,전라북도,전주시덕진구,팔복동4가,,C팔복동수로,24.5,7.7,4.4,10.4,14.6,61.2,3.327,0.246
2021,10,전라북도,정읍시,영파동,,C정읍천,19.4,7.9,8.4,1.9,7.2,6.5,5.531,0.053
2021,10,전라북도,완주군,삼례읍,석전리,C석탑천,18.7,8.0,10.4,1.1,3.9,3.4,3.430,0.041
2021,10,전라북도,익산시,금강동,,C목천포천,23.1,7.2,5.2,4.1,9.5,8.7,7.462,0.038
2021,10,전라북도,익산시,춘포면,오산리,C석암천,20.8,7.7,4.4,8.6,18.2,8.1,3.642,0.080
2021,10,전라북도,군산시,비응도동,,C비응도동수로,21.3,8.0,12.1,9.2,15.9,21.1,2.537,0.262
2021,10,전라북도,군산시,소룡동,,C소룡동수로,17.8,8.1,8.8,3.8,11.4,9.4,2.795,0.206
2021,10,전라북도,전주시덕진구,팔복동4가,,C팔복동수로,21.2,7.9,7.5,6.8,9.5,41.1,1.474,0.329
2021,11,전라북도,정읍시,영파동,,C정읍천,14.7,8.2,9.5,1.5,8.6,4.7,8.069,0.065
2021,11,전라북도,완주군,삼례읍,석전리,C석탑천,12.3,7.8,10.5,2.1,5.5,5.9,3.831,0.021
2021,11,전라북도,익산시,금강동,,C목천포천,17.7,7.2,6.3,3.3,8.8,10.9,8.416,0.035
2021,11,전라북도,익산시,춘포면,오산리,C석암천,14.3,7.6,5.9,4.8,14.1,11.6,2.713,0.125
2021,11,전라북도,군산시,비응도동,,C비응도동수로,15.6,7.7,9.4,10.6,18.2,26.0,3.438,0.341
2021,11,전라북도,군산시,소룡동,,C소룡동수로,12.3,7.9,9.3,4.3,14.5,12.0,2.849,0.148
2021,11,전라북도,전주시덕진구,팔복동4가,,C팔복동수로,14.0,7.3,8.2,2.8,6.8,4.3,1.471,0.186
2021,12,전라북도,정읍시,영파동,,C정읍천,9.9,7.5,11.1,1.5,6.1,2.5,4.562,0.062
2021,12,전라북도,완주군,삼례읍,석전리,C석탑천,8.3,8.2,12.2,0.9,3.7,1.6,4.454,0.035
2021,12,전라북도,익산시,금강동,,C목천포천,14.2,7.4,7.8,2.7,9.0,11.0,6.924,0.051
2021,12,전라북도,익산시,춘포면,오산리,C석암천,12.2,7.7,5.7,2.5,7.3,6.7,5.131,0.150
2021,12,전라북도,군산시,비응도동,,C비응도동수로,10.2,8.3,11.4,3.5,19.2,15.0,6.816,0.611
2021,12,전라북도,군산시,소룡동,,C소룡동수로,6.0,8.5,12.2,2.9,11.3,3.3,5.729,0.198
2021,12,전라북도,전주시덕진구,팔복동4가,,C팔복동수로,15.0,8.0,7.3,16.9,11.3,22.6,0.938,0.251
2022,01,전라북도,정읍시,영파동,,C정읍천,7.1,7.4,11.8,2.7,8.2,5.2,7.390,0.060
2022,01,전라북도,완주군,삼례읍,석전리,C석탑천,1.8,8.1,14.0,1.5,3.7,1.9,5.308,0.052
2022,01,전라북도,익산시,금강동,,C목천포천,10.0,7.4,9.5,5.5,17.9,7.4,16.680,0.047
2022,01,전라북도,익산시,춘포면,오산리,C석암천,6.1,7.7,7.2,3.3,7.0,4.8,5.817,0.135
2022,01,전라북도,군산시,비응도동,,C비응도동수로,5.8,8.5,15.1,10.6,19.5,22.0,6.535,0.629
2022,01,전라북도,군산시,소룡동,,C소룡동수로,3.1,8.4,13.4,2.4,14.7,6.4,6.245,0.350
2022,01,전라북도,전주시덕진구,팔복동4가,,C팔복동수로,9.7,7.2,7.6,6.5,9.0,9.3,4.323,0.773
2022,02,전라북도,정읍시,영파동,,C정읍천,8.9,7.7,11.4,2.8,10.7,8.0,9.783,0.044
2022,02,전라북도,완주군,삼례읍,석전리,C석탑천,3.4,8.1,13.8,1.7,4.4,2.6,5.153,0.052
2022,02,전라북도,익산시,금강동,,C목천포천,10.2,7.2,9.0,5.3,10.4,15.2,16.856,0.042
2022,02,전라북도,익산시,춘포면,오산리,C석암천,6.0,7.6,6.6,3.1,6.3,6.6,6.387,0.168
2022,02,전라북도,군산시,비응도동,,C비응도동수로,4.5,8.2,12.9,12.4,23.7,16.3,8.660,0.506
2022,02,전라북도,군산시,소룡동,,C소룡동수로,4.2,8.5,12.9,3.5,12.2,6.4,5.491,0.372
2022,02,전라북도,전주시덕진구,팔복동4가,,C팔복동수로,8.2,7.6,6.9,18.8,17.2,10.2,4.352,0.770
2022,03,전라북도,정읍시,영파동,,C정읍천,12.4,7.6,9.8,5.6,15.3,12.1,13.902,0.077
2022,03,전라북도,완주군,삼례읍,석전리,C석탑천,10.5,8.2,10.7,1.8,6.1,5.1,3.817,0.030
2022,03,전라북도,익산시,금강동,,C목천포천,14.5,7.2,7.4,7.3,13.6,14.6,15.462,0.047
2022,03,전라북도,익산시,춘포면,오산리,C석암천,11.6,7.7,4.2,3.9,8.4,6.2,4.547,0.194
2022,03,전라북도,군산시,비응도동,,C비응도동수로,9.7,8.2,8.0,12.9,21.1,16.9,7.335,0.724
2022,03,전라북도,군산시,소룡동,,C소룡동수로,10.2,8.3,10.3,8.0,16.4,11.3,5.620,0.347
2022,03,전라북도,전주시덕진구,팔복동4가,,C팔복동수로,,,,,,,,
2022,04,전라북도,정읍시,영파동,,C정읍천,16.8,7.6,9.6,2.8,11.2,10.2,6.889,0.043
2022,04,전라북도,완주군,삼례읍,석전리,C석탑천,14.2,8.4,11.6,1.7,5.4,6.8,3.493,0.016
2022,04,전라북도,익산시,금강동,,C목천포천,17.8,7.3,7.4,7.8,11.0,15.2,16.066,0.056
2022,04,전라북도,익산시,춘포면,오산리,C석암천,14.1,7.7,6.2,6.3,8.7,15.8,5.140,0.076
2022,04,전라북도,군산시,비응도동,,C비응도동수로,18.2,8.6,12.3,6.3,16.0,27.0,5.446,0.441
2022,04,전라북도,군산시,소룡동,,C소룡동수로,15.1,9.0,11.9,7.6,15.9,16.1,9.197,0.263
2022,04,전라북도,전주시덕진구,팔복동4가,,C팔복동수로,,,,,,,,
2022,05,전라북도,정읍시,영파동,,C정읍천,19.5,7.4,8.8,3.3,12.5,13.0,8.062,0.048
2022,05,전라북도,완주군,삼례읍,석전리,C석탑천,20.9,8.4,10.5,2.0,6.1,12.5,1.919,0.035
2022,05,전라북도,익산시,금강동,,C목천포천,21.6,7.3,7.1,5.5,10.0,30.9,15.048,0.049
2022,05,전라북도,익산시,춘포면,오산리,C석암천,20.7,7.3,4.7,2.9,10.3,92.7,3.979,0.127
2022,05,전라북도,군산시,비응도동,,C비응도동수로,19.3,8.4,8.5,6.1,15.2,31.8,3.405,0.416
2022,05,전라북도,군산시,소룡동,,C소룡동수로,21.8,8.9,12.2,5.5,13.4,12.4,1.931,0.120
2022,05,전라북도,전주시덕진구,팔복동4가,,C팔복동수로,24.9,8.2,8.2,29.7,40.3,110.5,3.971,0.448
2022,06,전라북도,정읍시,영파동,,C정읍천,24.5,7.8,8.1,2.8,11.8,17.0,3.864,0.128
2022,06,전라북도,완주군,삼례읍,석전리,C석탑천,22.2,8.3,8.2,2.7,9.3,39.9,3.367,0.187
2022,06,전라북도,익산시,금강동,,C목천포천,23.4,7.6,5.5,5.6,9.7,33.6,6.129,0.113
2022,06,전라북도,익산시,춘포면,오산리,C석암천,22.9,7.8,4.1,3.7,11.0,29.3,3.793,0.139
2022,06,전라북도,군산시,비응도동,,C비응도동수로,27.2,8.8,13.6,14.2,20.9,49.7,1.474,0.473
2022,06,전라북도,군산시,소룡동,,C소룡동수로,25.2,7.9,5.8,6.8,22.4,58.7,3.486,0.098
2022,06,전라북도,전주시덕진구,팔복동4가,,C팔복동수로,25.5,8.8,5.4,7.2,14.9,34.1,1.989,0.195
2022,07,전라북도,정읍시,영파동,,C정읍천,27.3,8.2,7.5,2.7,10.0,10.5,3.755,0.115
2022,07,전라북도,완주군,삼례읍,석전리,C석탑천,25.5,7.4,7.3,2.1,8.9,16.9,1.832,0.113
2022,07,전라북도,익산시,금강동,,C목천포천,26.3,6.8,4.3,3.1,8.5,16.5,6.308,0.077
2022,07,전라북도,익산시,춘포면,오산리,C석암천,25.7,7.1,4.0,2.3,10.1,27.3,4.028,0.110
2022,07,전라북도,군산시,비응도동,,C비응도동수로,28.8,8.5,9.6,5.5,15.2,21.4,3.263,0.877
2022,07,전라북도,군산시,소룡동,,C소룡동수로,27.1,8.1,5.3,4.4,20.3,16.2,2.432,0.157
2022,07,전라북도,전주시덕진구,팔복동4가,,C팔복동수로,26.7,8.2,9.2,2.5,8.6,10.7,3.078,0.319
2022,08,전라북도,정읍시,영파동,,C정읍천,27.3,7.1,7.4,2.5,10.2,5.8,4.469,0.070
2022,08,전라북도,완주군,삼례읍,석전리,C석탑천,25.4,7.6,7.3,1.9,5.4,12.7,2.213,0.081
2022,08,전라북도,익산시,금강동,,C목천포천,27.0,7.1,4.6,3.7,7.0,28.6,4.718,0.077
2022,08,전라북도,익산시,춘포면,오산리,C석암천,26.7,7.2,3.7,2.7,8.7,45.8,3.501,0.120
2022,08,전라북도,군산시,비응도동,,C비응도동수로,28.1,8.1,6.2,2.3,9.0,11.5,1.963,0.236
2022,08,전라북도,군산시,소룡동,,C소룡동수로,27.8,7.9,6.2,2.5,11.6,27.3,2.454,0.192
2022,08,전라북도,전주시덕진구,팔복동4가,,C팔복동수로,27.2,7.7,5.7,3.2,9.2,55.9,3.818,0.523
2022,09,전라북도,정읍시,영파동,,C정읍천,23.8,7.5,8.7,2.0,7.8,10.3,4.241,0.112
2022,09,전라북도,완주군,삼례읍,석전리,C석탑천,21.5,7.8,8.3,1.6,5.6,16.9,2.871,0.184
2022,09,전라북도,익산시,금강동,,C목천포천,24.2,7.0,5.6,2.5,7.8,18.1,4.145,0.086
2022,09,전라북도,익산시,춘포면,오산리,C석암천,21.9,7.3,5.3,3.1,9.6,36.1,2.842,0.204
2022,09,전라북도,군산시,비응도동,,C비응도동수로,26.3,8.2,9.4,6.8,10.5,24.6,2.925,0.241
2022,09,전라북도,군산시,소룡동,,C소룡동수로,26.2,7.7,6.7,2.1,9.6,10.6,1.840,0.110
2022,09,전라북도,전주시덕진구,팔복동4가,,C팔복동수로,22.9,8.0,8.3,2.4,7.2,12.0,3.734,0.149
2022,10,전라북도,정읍시,영파동,,C정읍천,20.6,7.7,8.1,4.3,11.0,3.9,5.002,0.038
2022,10,전라북도,완주군,삼례읍,석전리,C석탑천,17.7,7.8,10.2,1.4,5.6,6.3,2.816,0.083
2022,10,전라북도,익산시,금강동,,C목천포천,21.7,7.2,5.1,2.2,7.1,10.2,6.153,0.051
2022,10,전라북도,익산시,춘포면,오산리,C석암천,19.8,7.5,5.1,2.5,8.4,15.9,4.527,0.156
2022,10,전라북도,군산시,비응도동,,C비응도동수로,19.2,7.9,7.1,3.4,10.3,15.9,1.767,0.124
2022,10,전라북도,군산시,소룡동,,C소룡동수로,17.5,8.1,7.5,3.7,13.5,18.3,2.470,0.217
2022,10,전라북도,전주시덕진구,팔복동4가,,C팔복동수로,19.7,8.3,10.1,5.0,9.7,21.7,5.488,0.558
2022,11,전라북도,정읍시,영파동,,C정읍천,17.6,7.7,10.5,2.1,9.7,5.1,5.210,0.061
2022,11,전라북도,완주군,삼례읍,석전리,C석탑천,11.5,7.8,10.7,1.0,4.3,2.6,4.525,0.058
2022,11,전라북도,익산시,금강동,,C목천포천,18.0,6.8,5.7,4.4,9.7,11.6,9.557,0.032
2022,11,전라북도,익산시,춘포면,오산리,C석암천,14.2,7.1,4.7,2.9,8.5,5.0,6.427,0.148
2022,11,전라북도,군산시,비응도동,,C비응도동수로,15.8,8.4,10.2,6.2,20.7,22.6,3.704,0.348
2022,11,전라북도,군산시,소룡동,,C소룡동수로,11.1,8.2,8.9,2.5,11.0,17.0,2.235,0.125
2022,11,전라북도,전주시덕진구,팔복동4가,,C팔복동수로,13.0,8.1,8.9,2.5,8.0,18.1,2.848,0.583
2022,12,전라북도,정읍시,영파동,,C정읍천,12.0,7.9,10.2,3.2,13.5,7.1,12.150,0.019
2022,12,전라북도,완주군,삼례읍,석전리,C석탑천,2.6,8.0,13.2,1.8,3.9,2.5,4.882,0.053
2022,12,전라북도,익산시,금강동,,C목천포천,11.9,7.1,8.3,4.4,10.1,8.0,11.252,0.155
2022,12,전라북도,익산시,춘포면,오산리,C석암천,5.1,7.4,7.0,5.6,13.3,7.0,6.894,0.421
2022,12,전라북도,군산시,비응도동,,C비응도동수로,6.2,8.7,13.4,11.0,18.2,14.8,3.507,0.087
2022,12,전라북도,군산시,소룡동,,C소룡동수로,2.3,8.7,13.0,2.6,10.1,7.2,4.711,0.398
2022,12,전라북도,전주시덕진구,팔복동4가,,C팔복동수로,6.0,8.0,9.6,3.4,8.2,12.6,3.356,0.579
2023,01,전라북도,정읍시,영파동,,C정읍천,7.5,7.6,11.2,2.1,8.2,5.7,11.076,0.046
2023,01,전라북도,완주군,삼례읍,석전리,C석탑천,2.1,7.9,13.6,1.5,3.6,3.0,4.842,0.034
2023,01,전라북도,익산시,금강동,,C목천포천,10.0,7.3,9.9,3.6,9.1,7.4,12.798,0.057
2023,01,전라북도,익산시,춘포면,오산리,C석암천,5.3,7.6,8.1,3.9,7.6,18.0,10.029,0.235
2023,01,전라북도,군산시,비응도동,,C비응도동수로,5.3,8.7,12.2,10.4,19.9,13.7,3.141,0.471
2023,01,전라북도,군산시,소룡동,,C소룡동수로,0.6,8.2,13.5,2.6,11.5,7.6,7.136,0.137
2023,01,전라북도,전주시덕진구,팔복동4가,,C팔복동수로,5.4,7.7,9.7,3.7,8.8,22.9,4.230,0.583
2023,02,전라북도,정읍시,영파동,,C정읍천,10.9,7.3,11.3,3.2,11.6,7.8,9.433,0.065
2023,02,전라북도,완주군,삼례읍,석전리,C석탑천,4.5,8.0,13.1,2.5,4.2,3.1,4.845,0.048
2023,02,전라북도,익산시,금강동,,C목천포천,10.6,7.1,9.3,4.3,10.9,7.5,14.046,0.067
2023,02,전라북도,익산시,춘포면,오산리,C석암천,7.1,7.3,8.4,2.8,6.9,9.3,7.838,0.233
2023,02,전라북도,군산시,비응도동,,C비응도동수로,6.6,8.4,16.5,11.7,16.2,23.5,5.763,0.455
2023,02,전라북도,군산시,소룡동,,C소룡동수로,3.8,8.6,13.2,3.4,10.3,4.8,3.217,0.147
2023,02,전라북도,전주시덕진구,팔복동4가,,C팔복동수로,7.2,7.7,9.3,3.9,7.9,16.8,5.156,0.622
2023,03,전라북도,정읍시,영파동,,C정읍천,14.5,7.2,10.6,5.8,14.7,14.4,9.534,0.086
2023,03,전라북도,완주군,삼례읍,석전리,C석탑천,12.7,8.3,12.1,2.3,5.9,12.1,4.283,0.058
2023,03,전라북도,익산시,금강동,,C목천포천,16.0,7.2,8.4,4.4,10.8,12.1,17.364,0.081
2023,03,전라북도,익산시,춘포면,오산리,C석암천,15.6,7.5,9.2,5.7,12.8,5.3,6.415,0.464
2023,03,전라북도,군산시,비응도동,,C비응도동수로,12.3,8.8,13.3,17.2,25.8,33.4,5.092,0.533
2023,03,전라북도,군산시,소룡동,,C소룡동수로,13.4,9.0,18.4,13.8,18.9,19.0,5.407,0.418
2023,03,전라북도,전주시덕진구,팔복동4가,,C팔복동수로,14.9,8.1,10.5,10.3,13.8,17.5,4.267,0.622
2023,04,전라북도,정읍시,영파동,,C정읍천,18.5,7.3,9.4,5.1,12.5,12.2,4.518,0.076
2023,04,전라북도,완주군,삼례읍,석전리,C석탑천,15.6,7.6,10.2,2.7,8.7,23.1,2.524,0.052
2023,04,전라북도,익산시,금강동,,C목천포천,18.4,7.1,7.9,5.7,17.4,12.9,11.007,0.038
2023,04,전라북도,익산시,춘포면,오산리,C석암천,17.5,7.1,6.0,4.1,10.5,22.7,5.173,0.119
2023,04,전라북도,군산시,비응도동,,C비응도동수로,17.0,8.3,10.4,9.2,14.6,18.0,2.490,0.184
2023,04,전라북도,군산시,소룡동,,C소룡동수로,15.4,8.1,7.8,3.8,10.0,11.9,2.257,0.154
2023,04,전라북도,전주시덕진구,팔복동4가,,C팔복동수로,17.8,8.3,10.7,3.9,7.7,6.1,2.493,0.330
2023,05,전라북도,정읍시,영파동,,C정읍천,18.5,7.4,8.5,1.9,7.8,9.3,3.302,0.071
2023,05,전라북도,완주군,삼례읍,석전리,C석탑천,17.1,7.6,9.3,2.0,5.6,13.2,3.577,0.052
2023,05,전라북도,익산시,금강동,,C목천포천,19.8,7.1,7.1,3.0,9.6,29.8,6.420,0.058
2023,05,전라북도,익산시,춘포면,오산리,C석암천,18.9,7.2,6.9,4.1,14.8,86.2,4.891,0.262
2023,05,전라북도,군산시,비응도동,,C비응도동수로,23.4,8.7,15.2,9.5,18.5,24.8,3.570,0.194
2023,05,전라북도,군산시,소룡동,,C소룡동수로,21.8,8.1,9.5,3.0,14.7,12.8,3.291,0.130
2023,05,전라북도,전주시덕진구,팔복동4가,,C팔복동수로,18.5,8.3,10.4,2.8,8.1,20.1,2.681,0.259
2023,06,전라북도,정읍시,영파동,,C정읍천,23.2,7.4,7.1,3.3,8.7,10.0,8.518,0.035
2023,06,전라북도,완주군,삼례읍,석전리,C석탑천,23.4,7.5,7.6,3.8,7.0,14.0,3.537,0.052
2023,06,전라북도,익산시,금강동,,C목천포천,23.7,7.0,5.6,4.4,9.6,28.4,7.395,0.019
2023,06,전라북도,익산시,춘포면,오산리,C석암천,24.4,7.4,7.2,4.2,10.1,40.7,5.320,0.108
2023,06,전라북도,군산시,비응도동,,C비응도동수로,26.0,8.5,8.3,4.3,12.9,14.4,5.259,0.276
2023,06,전라북도,군산시,소룡동,,C소룡동수로,26.4,8.2,8.0,5.1,19.7,21.0,2.500,0.094
2023,06,전라북도,전주시덕진구,팔복동4가,,C팔복동수로,24.5,8.9,12.7,3.8,7.3,7.3,6.534,0.228
2023,07,전라북도,정읍시,영파동,,C정읍천,23.5,7.5,7.9,1.8,11.1,97.0,2.872,0.331
2023,07,전라북도,완주군,삼례읍,석전리,C석탑천,27.5,7.6,7.5,2.3,10.4,54.4,2.629,0.318
2023,07,전라북도,익산시,금강동,,C목천포천,27.4,7.1,5.6,2.2,9.9,49.8,4.192,0.177
2023,07,전라북도,익산시,춘포면,오산리,C석암천,28.5,7.4,6.8,3.1,11.0,62.3,2.914,0.286
2023,07,전라북도,군산시,비응도동,,C비응도동수로,25.2,7.9,5.8,2.1,7.6,26.5,1.208,0.110
2023,07,전라북도,군산시,소룡동,,C소룡동수로,24.6,7.2,5.1,2.3,12.2,45.3,2.156,0.276
2023,07,전라북도,전주시덕진구,팔복동4가,,C팔복동수로,27.4,7.7,8.2,2.4,6.6,13.6,2.874,0.217
2023,08,전라북도,정읍시,영파동,,C정읍천,28.9,7.5,8.9,2.5,7.3,7.9,4.060,0.054
2023,08,전라북도,완주군,삼례읍,석전리,C석탑천,27.7,7.7,8.2,1.7,4.5,9.0,3.664,0.060
2023,08,전라북도,익산시,금강동,,C목천포천,29.0,7.1,6.1,2.1,7.7,33.5,5.087,0.109
2023,08,전라북도,익산시,춘포면,오산리,C석암천,30.9,7.4,6.3,4.6,6.6,5.9,6.290,0.092
2023,08,전라북도,군산시,비응도동,,C비응도동수로,30.7,8.6,8.1,6.8,17.6,20.5,2.541,0.338
2023,08,전라북도,군산시,소룡동,,C소룡동수로,30.8,8.0,6.5,4.5,17.7,11.2,6.564,0.318
2023,08,전라북도,전주시덕진구,팔복동4가,,C팔복동수로,30.2,9.0,13.6,1.9,5.8,4.6,2.825,0.328
2023,09,전라북도,정읍시,영파동,,C정읍천,25.0,7.4,7.8,4.3,7.1,8.2,6.760,0.061
2023,09,전라북도,완주군,삼례읍,석전리,C석탑천,24.4,7.6,8.0,3.8,6.1,15.5,3.244,0.044
2023,09,전라북도,익산시,금강동,,C목천포천,26.1,7.1,6.1,4.1,8.3,32.9,5.517,0.025
2023,09,전라북도,익산시,춘포면,오산리,C석암천,25.6,7.4,6.6,5.7,7.6,19.8,3.263,0.444
2023,09,전라북도,군산시,비응도동,,C비응도동수로,25.5,8.6,10.2,6.9,11.1,12.3,2.933,0.430
2023,09,전라북도,군산시,소룡동,,C소룡동수로,24.6,8.0,6.8,4.3,9.4,6.3,1.212,0.088
2023,09,전라북도,전주시덕진구,팔복동4가,,C팔복동수로,25.8,8.1,9.1,3.5,5.1,0.9,2.027,0.169
2023,10,전라북도,정읍시,영파동,,C정읍천,20.7,7.7,9.0,2.3,8.2,5.9,6.240,0.024
2023,10,전라북도,완주군,삼례읍,석전리,C석탑천,17.3,8.2,11.4,0.7,3.4,2.2,4.605,0.023
2023,10,전라북도,익산시,금강동,,C목천포천,21.8,7.1,7.7,1.4,7.5,18.6,7.802,0.014
2023,10,전라북도,익산시,춘포면,오산리,C석암천,20.3,7.5,7.4,0.8,6.1,12.3,5.348,0.184
2023,10,전라북도,군산시,비응도동,,C비응도동수로,18.0,8.6,12.0,4.5,10.8,18.8,2.086,0.177
2023,10,전라북도,군산시,소룡동,,C소룡동수로,17.9,8.5,11.0,5.3,11.7,8.4,6.250,0.253
2023,10,전라북도,전주시덕진구,팔복동4가,,C팔복동수로,20.0,8.7,13.5,2.2,7.7,2.1,1.339,0.198
2023,11,전라북도,정읍시,영파동,,C정읍천,12.9,7.7,10.3,5.6,14.7,11.2,1.547,0.006
2023,11,전라북도,완주군,삼례읍,석전리,C석탑천,11.2,7.9,10.7,2.0,5.2,5.6,3.345,0.035
2023,11,전라북도,익산시,금강동,,C목천포천,16.9,7.3,8.5,3.7,8.6,21.0,2.607,0.135
2023,11,전라북도,익산시,춘포면,오산리,C석암천,13.2,7.4,7.6,3.3,9.4,6.5,6.627,0.043
2023,11,전라북도,군산시,비응도동,,C비응도동수로,14.0,8.1,10.9,5.6,9.9,12.4,1.348,0.011
2023,11,전라북도,군산시,소룡동,,C소룡동수로,11.0,8.0,9.6,3.4,11.0,22.4,4.117,0.082
2023,11,전라북도,전주시덕진구,팔복동4가,,C팔복동수로,13.9,7.6,8.3,1.6,5.1,1.9,3.596,0.161
2023,12,전라북도,정읍시,영파동,,C정읍천,8.6,8.0,11.3,2.9,6.8,4.5,7.219,0.028
2023,12,전라북도,완주군,삼례읍,석전리,C석탑천,4.9,7.8,12.5,2.1,3.3,2.9,4.780,0.023
2023,12,전라북도,익산시,금강동,,C목천포천,11.7,7.3,10.1,3.0,7.9,14.0,9.023,0.034
2023,12,전라북도,익산시,춘포면,오산리,C석암천,8.5,7.5,9.1,3.2,6.0,6.5,13.218,0.070
2023,12,전라북도,군산시,비응도동,,C비응도동수로,9.3,8.1,12.9,6.7,10.0,14.5,3.949,0.189
2023,12,전라북도,군산시,소룡동,,C소룡동수로,4.2,8.6,12.7,2.0,8.2,5.9,3.180,0.184
2023,12,전라북도,전주시덕진구,팔복동4가,,C팔복동수로,8.4,7.9,11.1,1.8,4.2,3.0,3.661,0.325
